Name,ShopIconFileName,ShopIconExportName,ShopIconAnimScale,ShopIconClipped,UnlockLevel,RepUnlockLevel,ShopOrder,FileName,ExportName,ExportNameMirror,TileWidth,TileHeight,Price,DiamondPrice,DiscountPercentage,Vouchers,VoucherCount,PriceIncrease,DoPriceIncreaseEveryNObject,ShopDescriptionTID,TID,BuySound,AttractsButterflies,BirdsLand,SpawnsBirds,SpawnsFrogs,TapSound,CanBuy,SpinWheelPrize,BuyExp,Theme,TagSpecial,TagNature,TagDeco,TagSanctuary,TagStatue,HideFromLevelUpScreen,SanctuaryAnimal,PerceivedValue,UseCase,Passable,WaterDeco,WaterMovement
String,String,String,int,boolean,int,int,int,String,String,String,int,int,int,int,int,String,int,int,int,String,String,String,Boolean,Boolean,Boolean,Boolean,String,Boolean,Boolean,int,String,Boolean,Boolean,Boolean,Boolean,Boolean,Boolean,String,int,String,Boolean,Boolean,Boolean
Flowerpot,,,,,8,0,,sc/decos01_generic.sc,flowerpot_1,,1,1,24,,,,,5,1,TID_FLOWERPOT_1_DESCRIPTION,TID_FLOWERPOT_1,Buy,TRUE,,,,TapDecorationGeneric,TRUE,,3,,,TRUE,,,,,,,,,,
Flowerbed_1,,,,,9,0,,sc/decos01_generic.sc,flowerbed_1x1_1,,1,1,49,,,,,10,1,TID_FLOWERBED_1_DESCRIPTION,TID_FLOWERBED_1,Buy,TRUE,,,,TapDecorationGeneric,TRUE,,5,,,TRUE,,,,,,,,,,
Flowerbed_2,,,,,14,0,,sc/decos01_generic.sc,flowerbed_1x1_2,,1,1,69,,,,,10,1,TID_FLOWERBED_2_DESCRIPTION,TID_FLOWERBED_2,Buy,TRUE,,,,TapDecorationGeneric,TRUE,,7,,,TRUE,,,,,,,,,,
Barrel_1,,,,,8,0,,sc/decos01_generic.sc,barrel_1,,1,1,99,,,,,50,1,TID_BARREL_1_DESCRIPTION,TID_BARREL_1,Buy,,,,,TapDecorationGeneric,TRUE,,10,,,,TRUE,,,,,,,,,
Barrel_2,,,,,17,0,,sc/decos01_generic.sc,barrel_2,,1,1,200,,,,,100,1,TID_BARREL_2_DESCRIPTION,TID_BARREL_2,Buy,,,,,TapDecorationGeneric,TRUE,,15,,,,TRUE,,,,,,,,,
Birdhouse_1,,,,,13,0,,sc/decos01_generic.sc,birdhouse_1,,1,1,349,,,,,150,1,TID_BIRDHOUSE_1_DESCRIPTION,TID_BIRDHOUSE_1,Buy,,TRUE,TRUE,,TapDecorationGeneric,TRUE,,25,,,,TRUE,,,,,,,,,
Gazebo_1,,,,,19,0,,sc/decos01_generic.sc,gazebo_1,,2,2,2500,,,,,500,1,TID_GAZEBO_1_DESCRIPTION,TID_GAZEBO_1,Buy,,,,,TapDecorationGeneric,TRUE,,50,,,,TRUE,,,,,,,,,
Lantern,,,,,12,0,,sc/decos01_generic.sc,lantern,,1,1,175,,,,,50,1,TID_LANTERN_DESCRIPTION,TID_LANTERN,Buy,,,,,TapDecorationGeneric,TRUE,,12,,,,TRUE,,,,,,,,,
Haycart,,,,,15,0,,sc/decos01_generic.sc,haycart,,1,1,300,,,,,100,1,TID_HAYCART_DESCRIPTION,TID_HAYCART,Buy,,,,,TapDecorationGeneric,TRUE,,20,,,,TRUE,,,,,,,,,
Haybale_1,,,,,9,0,,sc/decos01_generic.sc,haybale_1,,1,1,250,,,,,75,1,TID_HAYBALE_1_DESCRIPTION,TID_HAYBALE_1,Buy,,,,,TapDecorationGeneric,TRUE,,18,,,,TRUE,,,,,,,,,
Wheebarrow,,,,,12,0,,sc/decos01_generic.sc,wheelbarrow,,1,1,,16,,,,,,TID_WHEELBARROW_DESCRIPTION,TID_WHEELBARROW,Buy,TRUE,,,,TapDecorationGeneric,TRUE,,48,,,,TRUE,,,,,,,,,
Birdhouse_2,,,,,9,0,,sc/decos01_generic.sc,birdhouse_2,,1,1,,5,,,,,,TID_BIRDHOUSE_2_DESCRIPTION,TID_BIRDHOUSE_2,Buy,,TRUE,TRUE,,TapDecorationGeneric,TRUE,,15,,,,TRUE,,,,,,,,,
Gazebo_2,,,,,19,0,,sc/decos01_generic.sc,gazebo_2,,2,2,,30,,,,,,TID_GAZEBO_2_DESCRIPTION,TID_GAZEBO_2,Buy,,,,,TapDecorationGeneric,TRUE,,90,,,,TRUE,,,,,,,,,
Haybale_2,,,,,18,0,,sc/decos01_generic.sc,haybale_2,,2,1,,8,,,,,,TID_HAYBALE_2_DESCRIPTION,TID_HAYBALE_2,Buy,,,,,TapDecorationGeneric,TRUE,,24,,,,TRUE,,,,,,,,,
Flowerpot_2,,,,,16,0,,sc/decos01_generic.sc,flowerpot_2,,1,1,39,,,,,5,1,TID_YELLOWFLOWERS_DESCRIPTION,TID_YELLOWFLOWERS,Buy,TRUE,,,,TapDecorationGeneric,TRUE,,4,,,TRUE,,,TRUE,,,,,,,
Bench_1,,,,,20,0,,sc/decos01_generic.sc,bench_01,,2,1,350,,,,,50,1,TID_WOODENBENCH_DESCRIPTION,TID_WOODENBENCH,Buy,,,,,TapDecorationGeneric,TRUE,,25,,,,TRUE,,,,,,,,,
Bench_2,,,,,23,0,,sc/decos01_generic.sc,bench_02,,2,1,,20,,,,,,TID_WHITEBENCH_DESCRIPTION,TID_WHITEBENCH,Buy,,,,,TapDecorationGeneric,TRUE,,60,,,,TRUE,,,,,,,,,
Pond_1,,,,,22,0,,sc/decos01_generic.sc,pond_01,,2,2,2500,,,,,500,1,TID_SMALLPOND_DESCRIPTION,TID_SMALLPOND,Buy,,,,TRUE,TapDecorationWater,TRUE,,50,,,TRUE,,,,,,,,,,
Pond_2,,,,,22,0,,sc/decos01_generic.sc,pond_02,,3,3,,,,Voucher1,3,,,TID_LARGEPOND_DESCRIPTION,TID_LARGEPOND,Buy,,,,TRUE,TapDecorationWater,TRUE,,100,,,TRUE,,,,,,,,,,
Waterwell,,,,,27,0,,sc/decos01_generic.sc,well,,1,1,,,,Voucher1,2,,,TID_WATERWELL_DESCRIPTION,TID_WATERWELL,Buy,,,,,TapDecorationGeneric,TRUE,,100,,,,TRUE,,,,,,,,,
,,,,,,,,,,,,,,,,Voucher2,1,,,,,,,,,,,,,,,,,,,,,,,,,,
Outhouse,,,,,28,0,,sc/decos01_generic.sc,outhouse,,1,1,400,,,,,50,1,TID_OUTHOUSE_DESCRIPTION,TID_OUTHOUSE,Buy,,,,,TapDecorationGeneric,TRUE,,30,,,,TRUE,,,,,,,,,
Swingset,,,110,,33,0,,sc/decos01_generic.sc,swing_01,,2,1,,,,Voucher4,2,,,TID_SWINGSET_DESCRIPTION,TID_SWINGSET,Buy,,,,,TapDecorationGeneric,TRUE,,150,,,,,,TRUE,,,,,,,
Bonfire,,,,,31,0,,sc/decos01_generic.sc,bonfire,,1,1,1000,,,,,75,1,TID_BONFIRE_DESCRIPTION,TID_BONFIRE,Buy,,,,,TapDecorationGeneric,TRUE,,40,,,,TRUE,,,,,,,,,
Fountain,,,,,36,0,,sc/decos01_generic.sc,fountain,,1,1,,,,Voucher2,2,,,TID_FOUNTAIN_DESCRIPTION,TID_FOUNTAIN,Buy,,,,,TapDecorationWater,TRUE,,150,,,,,,TRUE,,,,,,,
,,,,,,,,,,,,,,,,Voucher3,1,,,,,,,,,,,,,,,,,,,,,,,,,,
Woodpile,,,,,14,0,,sc/decos01_generic.sc,woodpile,,1,1,19,,,,,5,1,TID_WOODPILE_DESCRIPTION,TID_WOODPILE,Buy,,,,,TapDecorationGeneric,TRUE,,2,,,,TRUE,,,,,,,,,
Flowerlog,,,,,13,0,,sc/decos01_generic.sc,flowerlog,,1,1,99,,,,,5,1,TID_FLOWERLOG_DESCRIPTION,TID_FLOWERLOG,Buy,TRUE,,,,TapDecorationGeneric,TRUE,,10,,,TRUE,,,,,,,,,,
HolidayTree,,,,,1,0,,sc/decos02_seasonal.sc,holiday_tree,,1,1,,30,,,,,,TID_HOLIDAYTREE_DESCRIPTION,TID_HOLIDAYTREE,Buy,,TRUE,,,TapDecorationXmas,TRUE,,50,Christmas,,,,,TRUE,,,,Seasonal,,,
Gifts,,,,,1,0,,sc/decos02_seasonal.sc,gifts,,1,1,2500,,,,,500,1,TID_GIFTS_DESCRIPTION,TID_GIFTS,Buy,,,,,TapDecorationXmas,TRUE,,18,Christmas,,,,,TRUE,,,,Seasonal,,,
ToySoldier,,,,,1,0,,sc/decos02_seasonal.sc,toy_soldier,,1,1,,2,,,,,,TID_TOYSOLDIER_DESCRIPTION,TID_TOYSOLDIER,Buy,,,,,TapDecorationXmas,TRUE,,25,Christmas,,,,,TRUE,,,,Seasonal,,,
CandyPole,,,,,1,0,,sc/decos02_seasonal.sc,candy_pole,,1,1,1000,,,,,200,1,TID_CANDYPOLE_DESCRIPTION,TID_CANDYPOLE,Buy,,,,,TapDecorationXmas,TRUE,,9,Christmas,,,,,TRUE,,,,Seasonal,,,
HolidayFlower,,,,,1,0,,sc/decos02_seasonal.sc,holiday_flowers,,1,1,300,,,,,100,1,TID_HOLIDAYFLOWER_DESCRIPTION,TID_HOLIDAYFLOWER,Buy,,,,,TapDecorationXmas,TRUE,,15,Christmas,,TRUE,,,TRUE,,,,Seasonal,,,
Snowman,,,,,1,0,,sc/decos02_seasonal.sc,snowman,,1,1,,25,,,,,,TID_SNOWMAN_DESCRIPTION,TID_SNOWMAN,Buy,,,,,TapDecorationXmas,TRUE,,30,Christmas,,,,,TRUE,,,,Seasonal,,,
FrozenPond_1,,,,,1,0,,sc/decos02_seasonal.sc,frozen_pond_01,,2,2,,10,,,,,,TID_FROZENPOND_1_DESCRIPTION,TID_FROZENPOND_1,Buy,,,,,TapDecorationXmas,TRUE,,45,Christmas,,TRUE,,,,,,,Seasonal,,,
FrozenPond_2,,,,,1,0,,sc/decos02_seasonal.sc,frozen_pond_02,,3,3,,14,,,,,,TID_FROZENPOND_2_DESCRIPTION,TID_FROZENPOND_2,Buy,,,,,TapDecorationXmas,TRUE,,50,Christmas,,TRUE,,,,,,,Seasonal,,,
,,,,,,,,,,,,,,,,,,,,,,,,,,,,,,,,,,,,,,,,,,,
ClassicTopiary,,,,,17,0,,sc/decos01_generic.sc,classic_topiary,,1,1,,5,,,,,,TID_REGULAR_TOPIARY_DESCRIPTION,TID_REGULAR_TOPIARY,Buy,,,,,TapDecorationGeneric,TRUE,,90,,,TRUE,,,TRUE,,,,,,,
ConeTopiary,,,,,17,0,,sc/decos01_generic.sc,cone_topiary,,1,1,,8,,,,,,TID_CONE_TOPIARY_DESCRIPTION,TID_CONE_TOPIARY,Buy,,,,,TapDecorationGeneric,TRUE,,95,,,TRUE,,,TRUE,,,,,,,
Bridge,,,,,28,0,,sc/decos01_generic.sc,bridge,,3,4,,,,Voucher1,45,,,TID_BRIDGE_DESCRIPTION,TID_BRIDGE,Buy,,,,,TapDecorationWater,TRUE,,100,,,,,,TRUE,,,,,,,
BirdBath,,,90,,31,0,,sc/decos01_generic.sc,bird_bath,,1,1,,,,Voucher1,1,,,TID_BIRD_BATH_DESCRIPTION,TID_BIRD_BATH,Buy,,TRUE,TRUE,,TapDecorationWater,TRUE,,100,,,,TRUE,,,,,,,,,
,,,,,,,,,,,,,,,,Voucher4,1,,,,,,,,,,,,,,,,,,,,,,,,,,
Pool,,,,,30,0,,sc/decos01_generic.sc,swimming_pool,,2,3,,,,Voucher2,2,,,TID_POOL_DESCRIPTION,TID_POOL,Buy,,,,,TapDecorationWater,TRUE,,150,,,,,,TRUE,,,,,,,
,,,,,,,,,,,,,,,,Voucher4,2,,,,,,,,,,,,,,,,,,,,,,,,,,
PicnicTable,,,,,38,0,,sc/decos01_generic.sc,picnic_table,,2,2,3500,,,,,50,1,TID_PICNIC_TABLE_DESCRIPTION,TID_PICNIC_TABLE,Buy,,,,,TapDecorationGeneric,TRUE,,50,,,,,,TRUE,,,,,,,
,,,,,,,,,,,,,,,,,,,,,,,,,,,,,,,,,,,,,,,,,,,
LadyBug,,,,,1,0,,sc/decos01_generic.sc,ladybug,,1,1,250,,,,,25,1,TID_FLOWER_LADYBUG_DESCRIPTION,TID_FLOWER_LADYBUG,Buy,,,,,TapDecorationGeneric,TRUE,,25,,,,,,TRUE,,,,,,,
Butterfly,,,,,1,0,,sc/decos01_generic.sc,butterfly,,1,1,300,,,,,30,1,TID_FLOWER_BUTTERFLY_DESCRIPTION,TID_FLOWER_BUTTERFLY,Buy,,,,,TapDecorationGeneric,TRUE,,25,,,,,,TRUE,,,,,,,
Caterpillar,,,,,1,0,,sc/decos01_generic.sc,caterpillar,,1,1,200,,,,,20,1,TID_CATERPILLAR_DESCRIPTION,TID_CATERPILLAR,Buy,,,,,TapDecorationGeneric,TRUE,,25,,,,,,TRUE,,,,,,,
GnomeFemale,,,,,1,0,,sc/decos01_generic.sc,gnome_female,,1,1,350,,,,,35,1,TID_GNOME_FEMALE_DESCRIPTION,TID_GNOME_FEMALE,Buy,,,,,TapDecorationGeneric,TRUE,,25,,,,,,TRUE,,,,,,,
GnomeMale,,,,,1,0,,sc/decos01_generic.sc,gnome_male,,1,1,350,,,,,35,1,TID_GNOME_MALE_DESCRIPTION,TID_GNOME_MALE,Buy,,,,,TapDecorationGeneric,TRUE,,25,,,,,,TRUE,,,,,,,
HeartTopiary,,,,,1,0,,sc/decos01_generic.sc,heart_topiary,,1,1,500,,,,,50,1,TID_HEART_TOPIARY_DESCRIPTION,TID_HEART_TOPIARY,Buy,,,,,TapDecorationGeneric,TRUE,,25,,,TRUE,,,TRUE,,,,,,,
CraneTopiary,,,,,1,0,,sc/decos01_generic.sc,crane_topiary,,1,1,500,,,,,50,1,TID_CRANE_TOPIARY_DESCRIPTION,TID_CRANE_TOPIARY,Buy,,,,,TapDecorationGeneric,TRUE,,25,,,TRUE,,,TRUE,,,,,,,
Exotic Topiary,,,,,1,0,,sc/decos01_generic.sc,exotic_topiary,,1,1,500,,,,,50,1,TID_FANCY_TOPIARY_DESCRIPTION,TID_FANCY_TOPIARY,Buy,,,,,TapDecorationGeneric,TRUE,,25,,,TRUE,,,TRUE,,,,,,,
BikeBasket,,,,,1,0,,sc/decos01_generic.sc,bike_basket,,1,2,250,,,,,25,1,TID_BIKE_BASKET_DESCRIPTION,TID_BIKE_BASKET,Buy,,,,,TapDecorationGeneric,TRUE,,25,,,,,,TRUE,,,,,,,
MaleBike,,,,,1,0,,sc/decos01_generic.sc,bike_boy,,1,2,250,,,,,25,1,TID_MALE_BIKE_DESCRIPTION,TID_MALE_BIKE,Buy,,,,,TapDecorationGeneric,TRUE,,25,,,,,,TRUE,,,,,,,
LayeredTopiary,,,,,1,0,,sc/decos01_generic.sc,layered_topiary,,2,2,700,,,,,70,1,TID_LAYERED_TOPIARY_DESCRIPTION,TID_LAYERED_TOPIARY,Buy,,,,,TapDecorationGeneric,TRUE,,25,,,TRUE,,,TRUE,,,,,,,
,,,,,,,,,,,,,,,,,,,,,,,,,,,,,,,,,,,,,,,,,,,
Waterfall,,,,,21,0,,sc/decos01_generic.sc,waterfall,,3,3,,,,Voucher4,15,,,TID_WATERFALL_DESCRIPTION,TID_WATERFALL,Buy,,,,,TapDecorationWater,TRUE,,350,,,TRUE,,,,,,,,,,
,,,,,,,,,,,,,,,,,,,,,,,,,,,,,,,,,,,,,,,,,,,
FrogKing,,,,,1,0,,sc/decos01_generic.sc,frog_king,,1,1,,,,,,,,TID_FROGKING_DESCRIPTION,TID_FROGKING,Buy,,,,,TapDecorationGeneric,,,,,,,,,TRUE,,,,,,,
Tortoise,,,,,1,0,,sc/decos01_generic.sc,tortoise,,1,1,,,,,,,,TID_TORTOISE_DESCRIPTION,TID_TORTOISE,Buy,,,,,TapDecorationGeneric,,,,,,,,,TRUE,,,,,,,
GardenBoyStatue,,,,,1,0,,sc/decos01_generic.sc,garden_boy_statue,,2,2,,,,,,,,TID_GARDENBOYSTATUE_DESCRIPTION,TID_GARDENBOYSTATUE,Buy,,,,,TapDecorationWater,,,,,,,,,TRUE,,,,,,,
Snail,,,85,,1,0,,sc/decos01_generic.sc,snail,,1,1,,,,,,,,TID_SNAIL_DESCRIPTION,TID_SNAIL,Buy,,,,,TapDecorationGeneric,,,,,,,,,TRUE,,,,,,,
Windmill,,,110,,1,0,,sc/decos01_generic.sc,windmill,,1,1,,,,,,,,TID_WINDMILL_DESCRIPTION,TID_WINDMILL,Buy,,,,,TapDecorationGeneric,,,,,,,TRUE,,,,,,,,,
OldBike,,,,,1,0,,sc/decos01_generic.sc,old_bike,,2,1,,,,,,,,TID_OLD_BIKE_DESCRIPTION,TID_OLD_BIKE,Buy,,,,,TapDecorationGeneric,,,,,,,,,TRUE,,,,,,,
TractorGift,,,,,1,0,,sc/decos01_generic.sc,tractor,,3,2,,,,,,,,TID_TRACTOR_DESCRIPTION,TID_TRACTOR,Buy,,,,,TapDecorationGeneric,,,,,,,TRUE,,,,,,,,,
,,,,,,,,,,,,,,,,,,,,,,,,,,,,,,,,,,,,,,,,,,,
PineTree_Big,,,,,28,0,,sc/decos01_generic.sc,deco_fir_big_01,,1,1,,,,Voucher3,2,,,TID_PINETREE_BIG_DESCRIPTION,TID_PINETREE_BIG,Buy,,TRUE,,,BigPineTap,TRUE,,100,,,TRUE,,,,,,,,,,
PineTree_Med,,,,,28,0,,sc/decos01_generic.sc,deco_fir_medium_01,,1,1,,,,Voucher1,5,,,TID_PINETREE_MED_DESCRIPTION,TID_PINETREE_MED,Buy,,TRUE,,,BigPineTap,TRUE,,100,,,TRUE,,,,,,,,,,
PineTree_Small,,,,,25,0,,sc/decos01_generic.sc,deco_fir_small_01,,1,1,6000,,,,,1000,1,TID_PINETREE_SMALL_DESCRIPTION,TID_PINETREE_SMALL,Buy,,TRUE,,,BigPineTap,TRUE,,75,,,TRUE,,,,,,,,,,
LeafyTree_Big1,,,,,28,0,,sc/decos01_generic.sc,deco_leafy_big_01,,1,1,,,,Voucher1,5,,,TID_LEAFYTREE_BIG1_DESCRIPTION,TID_LEAFYTREE_BIG1,Buy,,TRUE,,,BigPineTap,TRUE,,100,,,TRUE,,,,,,,,,,
LeafyTree_Big2,,,,,28,0,,sc/decos01_generic.sc,deco_leafy_big_02,,1,1,,,,Voucher2,3,,,TID_LEAFYTREE_BIG2_DESCRIPTION,TID_LEAFYTREE_BIG2,Buy,,TRUE,,,BigPineTap,TRUE,,100,,,TRUE,,,,,,,,,,
LeafyTree_Small,,,,,25,0,,sc/decos01_generic.sc,deco_leafy_small_01,,1,1,6000,,,,,1000,1,TID_LEAFYTREE_SMALL_DESCRIPTION,TID_LEAFYTREE_SMALL,Buy,,TRUE,,,BigPineTap,TRUE,,75,,,TRUE,,,,,,,,,,
,,,,,,,,,,,,,,,,,,,,,,,,,,,,,,,,,,,,,,,,,,,
Tractor,,,,,45,0,,sc/decos01_generic.sc,tractor,,3,2,1500000,,,,,250000,1,TID_TRACTOR_DESCRIPTION,TID_TRACTOR,Buy,,,,,TapDecorationGeneric,TRUE,,1000,,,,TRUE,,,,,,,,,
,,,,,,,,,,,,,,,,,,,,,,,,,,,,,,,,,,,,,,,,,,,
PicnicMat,,,,,1,0,,sc/decos01_generic.sc,picnic,,1,1,,7,,,,,,TID_DECO_GENERIC_DESCRIPTION,TID_DECO_PICNICMAT,Buy,,,,,TapDecorationGeneric,TRUE,,25,,,,,,TRUE,,,,,,,
PoolWithSlide,,,,,1,0,,sc/decos01_generic.sc,pool_with_slide,,1,1,6000,,,,,1000,1,TID_DECO_GENERIC_DESCRIPTION,TID_DECO_POOLWITHSLIDE,Buy,,,,,TapDecorationWater,TRUE,,25,,,,,,TRUE,,,,,,,
StatueET,,,,,43,0,,sc/decos01_generic.sc,et_statue,,1,1,1000000,,,,,250000,1,TID_DECO_STATUE_ET_DESCRIPTION,TID_DECO_STATUE_ET,Buy,,,,,TapDecorationGeneric,TRUE,,250,,,,,,TRUE,,,,,,,
StatueSinging,,,,,46,0,,sc/decos01_generic.sc,singing_statue,,1,1,1250000,,,,,250000,1,TID_DECO_STATUE_SINGING_DESCRIPTION,TID_DECO_STATUE_SINGING,Buy,,,,,TapDecorationGeneric,TRUE,,250,,,,,,TRUE,,,,,,,
StatueAlice,,,,,49,0,,sc/decos01_generic.sc,alice_statue,,1,1,1500000,,,,,250000,1,TID_DECO_STATUE_ALICE_DESCRIPTION,TID_DECO_STATUE_ALICE,Buy,,,,,TapDecorationGeneric,TRUE,,250,,,,,,TRUE,,,,,,,
StatueRocky,,,,,52,0,,sc/decos01_generic.sc,rocky_statue,,1,1,1750000,,,,,250000,1,TID_DECO_STATUE_ROCKY_DESCRIPTION,TID_DECO_STATUE_ROCKY,Buy,,,,,TapDecorationGeneric,TRUE,,250,,,,,,TRUE,,,,,,,
,,,,,,,,,,,,,,,,,,,,,,,,,,,,,,,,,,,,,,,,,,,
PearlOfTheSea,,,,,1,0,,sc/decos01_generic.sc,pearl_of_the_sea,,1,1,,999,,,,,,TID_PEARLOFTHESEA_DESCRIPTION,TID_PEARLOFTHESEA,Buy,,,,,TapDecorationGeneric,,,,,TRUE,TRUE,,,,,,,,,,
,,,,,,,,,,,,,,,,,,,,,,,,,,,,,,,,,,,,,,,,,,,
HalloweenTombstone,,,,,1,0,,sc/decos02_seasonal.sc,halloween_tombstone_diamond,,1,1,,10,,,,,,TID_DECO_HALLOWEEN_TOMBSTONE_DESC,TID_DECO_HALLOWEEN_TOMBSTONE,Buy,,,,,TapDecorationGeneric,TRUE,,25,Halloween,,,,,TRUE,,,,Seasonal,,,
HalloweenPumpkintotem,,,,,1,0,,sc/decos02_seasonal.sc,halloween_pumpkin_totem,,1,1,5000,,,,,1000,1,TID_DECO_HALLOWEEN_PUMPKINTOTEM_DESC,TID_DECO_HALLOWEEN_PUMPKINTOTEM,Buy,,,,,TapDecorationGeneric,TRUE,,25,Halloween,,,,,TRUE,,,,Seasonal,,,
HalloweenCoffin,,,,,1,0,,sc/decos02_seasonal.sc,halloween_coffin,,2,2,,999,,,,,,TID_DECO_HALLOWEEN_COFFIN_DESC,TID_DECO_HALLOWEEN_COFFIN,Buy,,,,,TapDecorationGeneric,,,25,Halloween,,,,,TRUE,,,,Shop,,,
HalloweenDeadTree,,,,,1,0,,sc/decos02_seasonal.sc,halloween_dead_tree,,1,1,,40,,,,,,TID_DECO_HALLOWEEN_DEAD_TREE_DESC,TID_DECO_HALLOWEEN_DEAD_TREE,Buy,,,,,TapDecorationGeneric,TRUE,,25,Halloween,,,,,TRUE,,,,Seasonal,,,
HalloweenPumpkinLantern,,,,,1,0,,sc/decos02_seasonal.sc,halloween_pumpkin,,1,1,2000,,,,,500,1,TID_DECO_HALLOWEEN_PUMPKIN_DESC,TID_DECO_HALLOWEEN_PUMPKIN,Buy,,,,,TapDecorationGeneric,TRUE,,25,Halloween,,,,,TRUE,,,,Seasonal,,,
HalloweenCauldron,,,,,1,0,,sc/decos02_seasonal.sc,halloween_cauldron,,1,1,,15,,,,,,TID_DECO_HALLOWEEN_CAULDRON_DESC,TID_DECO_HALLOWEEN_CAULDRON,Buy,,,,,TapDecorationGeneric,TRUE,,25,Halloween,,,,,TRUE,,,,Seasonal,,,
,,,,,,,,,,,,,,,,,,,,,,,,,,,,,,,,,,,,,,,,,,,
ChristmasSnowglobe,,,,,1,0,,sc/decos02_seasonal.sc,snowglobe,,2,2,,110,,,,,,TID_DECO_CHRISTMAS_BELL_DESC,TID_DECO_CHRISTMAS_SNOWGLOBE,Buy,,,,,TapDecorationXmas,TRUE,,25,Christmas,,,,,TRUE,,,11000,Seasonal,,,
ChristmasLantern,,,110,,1,0,,sc/decos02_seasonal.sc,snowball_lantern,,1,1,,5,,,,,,TID_DECO_CHRISTMAS_BELL_DESC,TID_DECO_CHRISTMAS_LANTERN,Buy,,,,,TapDecorationXmas,TRUE,,25,Christmas,,,,,TRUE,,,,Seasonal,,,
ChristmasSledge,,,130,,1,0,,sc/decos02_seasonal.sc,sledge,,1,1,,90,,,,,,TID_DECO_CHRISTMAS_SNOWGLOBE_DESC,TID_DECO_CHRISTMAS_SLEDGE,Buy,,,,,TapDecorationXmas,TRUE,,25,Christmas,,,,,TRUE,,,,Seasonal,,,
NewYearTelescope,,,,,1,0,,sc/decos02_seasonal.sc,telescope,,1,1,,90,,,,,,TID_DECO_NEWYEAR_BALLOON_DESC,TID_DECO_NEWYEAR_TELESCOPE,Buy,,,,,TapDecorationGeneric,TRUE,,25,NewYear,,,,,TRUE,,,,Seasonal,,,
NewYearBalloonPig,,,,,1,0,,sc/decos01_generic.sc,balloon_pig,,1,1,,12,,,,,,TID_DECO_NEWYEAR_BALLOON_DESC,TID_DECO_NEWYEAR_BALLOON,Buy,,,,,TapDecorationGeneric,TRUE,,25,NewYear,,,,,TRUE,,,,Seasonal,,,
ChristmasCarousel,,,,,1,0,,sc/decos02_seasonal.sc,carousel,,2,2,,120,,,,,,TID_DECO_CHRISTMAS_BELL_DESC,TID_DECO_CHRISTMAS_CAROUSEL,Buy,,,,,TapDecorationXmas,TRUE,,25,Christmas,,,,,TRUE,,,12000,Seasonal,,,
ValentinesCupidStatue,,,,,1,0,,sc/decos02_seasonal.sc,valentines_day_cupid_statue,,1,1,,90,,,,,,TID_DECO_GENERIC_DESCRIPTION,TID_DECO_VALENTINES_CUPID,Buy,,,,,TapDecorationGeneric,TRUE,,25,,,,,,TRUE,,,,,,,
BalloonCow,,,,,1,0,,sc/decos01_generic.sc,balloon_cow,,1,1,,12,,,,,,TID_DECO_NEWYEAR_BALLOON_DESC,TID_DECO_BALLOON_COW,Buy,,,,,TapDecorationGeneric,TRUE,,25,NewYear,,,,,TRUE,,,,Seasonal,,,
BalloonChicken,,,,,1,0,,sc/decos01_generic.sc,balloon_chicken,,1,1,,12,,,,,,TID_DECO_NEWYEAR_BALLOON_DESC,TID_DECO_BALLOON_CHICKEN,Buy,,,,,TapDecorationGeneric,TRUE,,25,NewYear,,,,,TRUE,,,,Seasonal,,,
RoseArch,,,,,53,0,,sc/decos01_generic.sc,rose_arch,,2,1,,,,Voucher1,13,,,TID_DECO_GENERIC_DESCRIPTION,TID_DECO_ROSEARCH,Buy,,,,,TapDecorationGeneric,TRUE,,25,,,TRUE,,,TRUE,,,,,,,
,,,,,,,,,,,,,,,,Voucher4,2,,,,,,,,,,,,,,,,,,,,,,,,,,
EasterBasket,,,,,1,0,,sc/decos02_seasonal.sc,easter_basket,,1,1,,45,,,,,,TID_DECO_EASTER_DESCRIPTION,TID_DECO_EASTERBASKET,Buy,,,,,TapDecorationGeneric,TRUE,,25,Easter,,,,,TRUE,,,,Seasonal,,,
StreetLight,,,,,0,4,,sc/decos01_generic.sc,streetlight,,1,1,1000,,,,,100,1,TID_DECO_STREETLIGHT_DESC,TID_DECO_STREETLIGHT,Buy,,,,,TapDecorationGeneric,TRUE,,25,,,,,,TRUE,,,,,,,
LeafyPlant,,,,,0,6,,sc/decos01_generic.sc,leafy_plant,,1,1,,,,Voucher1,3,,,TID_DECO_LEAFYPLANT_DESC,TID_DECO_LEAFYPLANT,Buy,TRUE,,,,TapDecorationGeneric,TRUE,,25,,,TRUE,,,,,,,,,,
,,,,,,,,,,,,,,,,Voucher3,1,,,,,,,,,,,,,,,,,,,,,,,,,,
Hydrant,,,,,0,7,,sc/decos01_generic.sc,hydrant,,1,1,,7,,,,,,TID_DECO_HYDRANT_DESC,TID_DECO_HYDRANT,Buy,,,,,TapDecorationGeneric,TRUE,,25,,,,,,TRUE,,,,,,,
MushroomHouse,,,,,1,0,,sc/decos01_generic.sc,gnome_mushroom_house,,1,1,,25,,,,,,TID_DECO_GENERIC_DESCRIPTION,TID_DECO_MUSHROOM_HOUSE,Buy,,,,,TapDecorationGeneric,TRUE,,25,,,,,,TRUE,,,,,,,
Beachchair1,,,,,0,13,,sc/decos01_generic.sc,beach_chair_01,,1,1,2000,,,,,200,,TID_DECO_BEACHCHAIR1_DESC,TID_DECO_BEACHCHAIR1,Buy,,,,,TapDecorationGeneric,TRUE,,25,,,,,,TRUE,,,,,,,
Beachchair2,,,,,0,14,,sc/decos01_generic.sc,beach_chair_02,,1,1,2000,,,,,200,,TID_DECO_BEACHCHAIR2_DESC,TID_DECO_BEACHCHAIR2,Buy,,,,,TapDecorationGeneric,TRUE,,25,,,,,,TRUE,,,,,,,
Sandcastle,,,,,0,15,,sc/decos01_generic.sc,sandcastle,,1,1,,,,Voucher4,1,,,TID_DECO_SANDCASTLE_DESC,TID_DECO_SANDCASTLE,Buy,,,,,TapDecorationGeneric,TRUE,,25,,,,,,TRUE,,,,,,,
HalloweenGargoyle,,,,,1,0,,sc/decos02_seasonal.sc,halloween_gargoyle,,1,1,,90,,,,,,TID_DECO_HAUNTED_BIRDHOUSE_DESC,TID_DECO_GARGOYLE,Buy,,,,,TapDecorationGeneric,TRUE,,25,Halloween,,,,,TRUE,,,,Seasonal,,,
HalloweenBirdhouse,,,,,1,0,,sc/decos02_seasonal.sc,halloween_birdhouse,,1,1,,20,,,,,,TID_DECO_HAUNTED_BIRDHOUSE_DESC,TID_DECO_HAUNTED_BIRDHOUSE,Buy,,TRUE,TRUE,,TapDecorationGeneric,TRUE,,25,Halloween,,,TRUE,,,,,,Seasonal,,,
ChristmasBell,,,,,1,0,,sc/decos02_seasonal.sc,christmas_bell,,2,1,,90,,,,,,TID_DECO_CHRISTMAS_BELL_DESC,TID_DECO_CHRISTMAS_BELL,Buy,,,,,TapDecorationXmas,TRUE,,25,Christmas,,,,,TRUE,,,,Seasonal,,,
Snowgirl,,,,,1,0,,sc/decos02_seasonal.sc,snowgirl,,1,1,,25,,,,,,TID_DECO_CHRISTMAS_SNOWWOMAN_DESC,TID_DECO_CHRISTMAS_SNOWWOMAN,Buy,,,,,TapDecorationXmas,TRUE,,25,Christmas,,,,,TRUE,,,,Seasonal,,,
Gramophone,,,,,1,0,,sc/decos02_seasonal.sc,gramophone,,1,1,,90,,,,,,TID_DECO_GENERIC_DESCRIPTION,TID_DECO_NEWYEAR_GRAMOPHONE,Buy,,,,,TapDecorationGeneric,TRUE,,25,NewYear,,,,,TRUE,,,,Seasonal,,,
GoldenWell,,,,,29,0,,sc/decos01_generic.sc,well_02,,1,1,,59,,,,,,TID_GOLDENWELL_DESCRIPTION,TID_GOLDENWELL,Buy,,,,,TapDecorationGeneric,TRUE,,25,,,,TRUE,,,,,5900,,,,
GoldenOuthouse,,,,,30,0,,sc/decos01_generic.sc,outhouse_02,,1,1,,49,,,,,,TID_GOLDENOUTHOUSE_DESCRIPTION,TID_GOLDENOUTHOUSE,Buy,,,,,TapDecorationGeneric,TRUE,,25,,,,TRUE,,,,,,,,,
GoldenSwingset,,,110,,35,0,,sc/decos01_generic.sc,swing_02,,2,1,,69,,,,,,TID_GOLDENSWINGSET_DESCRIPTION,TID_GOLDENSWINGSET,Buy,,,,,TapDecorationGeneric,TRUE,,25,,,,,,TRUE,,,6900,,,,
EasterTree,,,,,1,0,,sc/decos02_seasonal.sc,easter_tree,,1,1,,45,,,,,,TID_DECO_EASTER_DESCRIPTION,TID_EASTERTREE,Buy,,,,,TapDecorationGeneric,TRUE,,25,Easter,,,,,TRUE,,,,Seasonal,,,
MushroomLog,,,,,26,0,,sc/decos01_generic.sc,mushroom_log,,1,1,5500,,,,,550,,TID_MUSHROOMLOG_DESCRIPTION,TID_MUSHROOMLOG,Buy,,,,,TapDecorationGeneric,TRUE,,25,,,TRUE,,,,,,,,,,
MossyRock,,,,,24,0,,sc/decos01_generic.sc,mossy_rock,,1,1,3500,,,,,350,,TID_MOSSYROCK_DESCRIPTION,TID_MOSSYROCK,Buy,,,,,TapDecorationGeneric,TRUE,,25,,,TRUE,,,,,,,,,,
MonumentalRock,,,,,0,10,,sc/decos01_generic.sc,monumental_rock,,2,2,,,,Voucher3,4,,,TID_MONUMENTALROCK_DESCRIPTION,TID_MONUMENTALROCK,Buy,,,,,TapDecorationGeneric,TRUE,,25,,,TRUE,,,,,,,,,,
,,,,,,,,,,,,,,,,Voucher4,4,,,,,,,,,,,,,,,,,,,,,,,,,,
FlowerWagon,,,,,32,0,,sc/decos01_generic.sc,flowerwagon,,1,2,,35,,,,,,TID_DECO_GENERIC_DESCRIPTION,TID_FLOWER_WAGON,Buy,TRUE,,,,TapDecorationGeneric,TRUE,,25,,,TRUE,,,TRUE,,,,,,,
TulipShoes,,,,,0,8,,sc/decos01_generic.sc,tulipshoes,,1,1,,20,,,,,,TID_MONUMENTALROCK_DESCRIPTION,TID_TULIP_SHOES,Buy,,,,,TapDecorationGeneric,TRUE,,25,,,TRUE,,,TRUE,,,,,,,
WhiteCarriage,,,,,44,0,,sc/decos01_generic.sc,white_carriage,,2,2,,130,,,,,,TID_DECO_GENERIC_DESCRIPTION,TID_WHITE_CARRIAGE,Buy,,,,,TapDecorationGeneric,TRUE,,25,,,,TRUE,,,,,13000,,,,
HangingFlowers,,,,,0,9,,sc/decos01_generic.sc,hanging_flower,,1,1,,,,Voucher2,3,,,TID_MONUMENTALROCK_DESCRIPTION,TID_HANGING_FLOWERS,Buy,,,,,TapDecorationGeneric,TRUE,,25,,,TRUE,,,TRUE,,,,,,,
,,,,,,,,,,,,,,,,Voucher3,4,,,,,,,,,,,,,,,,,,,,,,,,,,
BirthdayCake,,,,,1,0,,sc/decos02_seasonal.sc,birthday_cake,,2,2,,90,,,,,,TID_DECO_GENERIC_DESCRIPTION,TID_HAYDAY_BIRTHDAYCAKE,Buy,,,,,TapDecorationGeneric,TRUE,,25,,,,,,TRUE,TRUE,,,,,,
GoldenTree,,,,,100,0,,sc/decos03_features.sc,lvl100_deco,lvl100_deco_mirrored,2,2,,,,,,,,TID_GOLDENTREE_DESCRIPTION,TID_GOLDENTREE,,,,,,TapDecorationGeneric,,,,,TRUE,TRUE,,,,,,,,,,
PinkVespa,,,120,,20,0,,sc/decos01_generic.sc,pink_vespa,,1,2,,35,,,,,,TID_DECO_GENERIC_DESCRIPTION,TID_PINKSCOOTER,Buy,,,,,TapDecorationGeneric,TRUE,,25,,TRUE,,,,TRUE,,,,,,,
GrassFenceS,,,,,20,0,,sc/decos03_features.sc,derby_deco_grassfence_small,,2,1,,999,,,,,,TID_DERBY_DECO_DESCRIPTION,TID_GRASSFENCES,,,,,,TapDecorationGeneric,,,,,TRUE,,TRUE,,,TRUE,,,Derby,,,
GrassFenceL,,,,,23,0,,sc/decos03_features.sc,derby_deco_grassfence_big,,2,1,,999,,,,,,TID_DERBY_DECO_DESCRIPTION,TID_GRASSFENCEL,,,,,,TapDecorationGeneric,,,,,TRUE,,TRUE,,,TRUE,,,Derby,,,
CrossFence,,,,,30,0,,sc/decos03_features.sc,derby_deco_grassfence_x,,2,1,,999,,,,,,TID_DERBY_DECO_DESCRIPTION,TID_CROSSFENCE,,,,,,TapDecorationGeneric,,,,,TRUE,,TRUE,,,TRUE,,,Derby,,,
WhiteFence,,,,,32,0,,sc/decos03_features.sc,derby_deco_whitefence,,2,1,,999,,,,,,TID_DERBY_DECO_DESCRIPTION,TID_WHITEFENCE,,,,,,TapDecorationGeneric,,,,,TRUE,,TRUE,,,TRUE,,,Derby,,,
HayFence,,,,,17,0,,sc/decos03_features.sc,derby_deco_haybalefence,,2,1,,999,,,,,,TID_DERBY_DECO_DESCRIPTION,TID_HAYFENCE,,,,,,TapDecorationGeneric,,,,,TRUE,,TRUE,,,TRUE,,,Derby,,,
RockingHorse,,,,,18,0,,sc/decos01_generic.sc,rocking_horse,,1,1,,999,,,,,,TID_DERBY_DECO_DESCRIPTION,TID_ROCKINGHORSE,,,,,,TapDecorationGeneric,,,,,TRUE,,,,TRUE,TRUE,,,FP,,,
LaundryTub,,,,,16,0,,sc/decos01_generic.sc,washing_board,,1,1,2000,,,,,200,1,TID_DECO_GENERIC_DESCRIPTION,TID_WASHINGBUCKET,Buy,,,,,TapDecorationGeneric,TRUE,,25,,,,TRUE,,,,,,,,,
HorseTopiary,,,,,27,0,,sc/decos03_features.sc,derby_horse_topiary,,2,2,,999,,,,,,TID_DERBY_DECO_DESCRIPTION,TID_HORSETOPIARY,,,,,,TapDecorationGeneric,,,,,TRUE,,,,TRUE,TRUE,,,Derby,,,
FlowerTire,,,,,23,0,,sc/decos01_generic.sc,flowertire,,1,1,4000,,,,,400,1,TID_DECO_GENERIC_DESCRIPTION,TID_TRACTORTIREROSES,Buy,TRUE,,,,TapDecorationGeneric,TRUE,,25,,,TRUE,,,TRUE,,,,,,,
OpenGrave,,,,,1,0,,sc/decos02_seasonal.sc,open_grave,,2,2,,90,,,,,,TID_DECO_HAUNTED_BIRDHOUSE_DESC,TID_OPENGRAVE,Buy,,,,,TapDecorationGeneric,TRUE,,25,Halloween,,,,,TRUE,,,,Seasonal,,,
SpookyPumpkin,,,,,1,0,,sc/decos02_seasonal.sc,pumpkinhouse,,1,1,,25,,,,,,TID_DECO_HAUNTED_BIRDHOUSE_DESC,TID_SPOOKYPUMPKIN,Buy,,,,,TapDecorationGeneric,TRUE,,25,Halloween,,,,,TRUE,,,,Seasonal,,,
SpookyPlant,,,,,1,0,,sc/decos02_seasonal.sc,flesh_eating_plant,,1,1,,50,,,,,,TID_DECO_HAUNTED_BIRDHOUSE_DESC,TID_SPOOKYPLANT,Buy,,,,,TapDecorationGeneric,TRUE,,25,Halloween,,,,,TRUE,,,,Seasonal,,,
DerbyTrophy1,,,,,1,0,,sc/decos03_features.sc,derby_league_trophy_deco_01,,1,1,,999,,,,,,TID_DERBYTROPHY_DESC,TID_DERBYTROPHY1,,,,,,TapDecorationGeneric,,,,,TRUE,,TRUE,,,,,,Derby,,,
DerbyTrophy2,,,,,1,0,,sc/decos03_features.sc,derby_league_trophy_deco_02,,1,1,,999,,,,,,TID_DERBYTROPHY_DESC,TID_DERBYTROPHY2,,,,,,TapDecorationGeneric,,,,,TRUE,,TRUE,,,,,,Derby,,,
DerbyTrophy3,,,,,1,0,,sc/decos03_features.sc,derby_league_trophy_deco_03,,1,1,,999,,,,,,TID_DERBYTROPHY_DESC,TID_DERBYTROPHY3,,,,,,TapDecorationGeneric,,,,,TRUE,,TRUE,,,,,,Derby,,,
Tuba,,,,,1,0,,sc/decos01_generic.sc,instrument_tuba,,1,1,,25,,,,,,TID_DECO_GENERIC_DESCRIPTION,TID_DECO_TUBA,Buy,,,,,TapDecorationGeneric,TRUE,,25,,,,,,TRUE,TRUE,,,,,,
Guitar,,,,,1,0,,sc/decos01_generic.sc,instrument_guitar,,1,1,,25,,,,,,TID_DECO_GENERIC_DESCRIPTION,TID_DECO_GUITAR,Buy,,,,,TapDecorationGeneric,TRUE,,25,,,,,,TRUE,TRUE,,,,,,
Cello,,,,,1,0,,sc/decos01_generic.sc,instrument_cello,,1,1,,25,,,,,,TID_DECO_GENERIC_DESCRIPTION,TID_DECO_CELLO,Buy,,,,,TapDecorationGeneric,TRUE,,25,,,,,,TRUE,TRUE,,,,,,
Saxophone,,,,,1,0,,sc/decos01_generic.sc,instrument_sax,,1,1,,25,,,,,,TID_DECO_GENERIC_DESCRIPTION,TID_DECO_SAX,Buy,,,,,TapDecorationGeneric,TRUE,,25,,,,,,TRUE,TRUE,,,,,,
Harp,,,,,1,0,,sc/decos01_generic.sc,instrument_harp,,1,1,,25,,,,,,TID_DECO_GENERIC_DESCRIPTION,TID_DECO_HARP,Buy,,,,,TapDecorationGeneric,TRUE,,25,,,,,,TRUE,TRUE,,,,,,
Accordion,,,,,1,0,,sc/decos01_generic.sc,instrument_akkordeon,,1,1,,25,,,,,,TID_DECO_GENERIC_DESCRIPTION,TID_DECO_ACCORDION,Buy,,,,,TapDecorationGeneric,TRUE,,25,,,,,,TRUE,TRUE,,,,,,
Reindeer1,,,,,1,0,,sc/decos02_seasonal.sc,reindeer01,,1,1,,50,,,,,,TID_DECO_CHRISTMAS_BELL_DESC,TID_CHRISTMAS_DECO_REINDEER1,Buy,,,,,TapDecorationXmas,TRUE,,25,Christmas,,,,,TRUE,,,,Seasonal,,,
Reindeer2,,,,,1,0,,sc/decos02_seasonal.sc,reindeer02,,1,1,,50,,,,,,TID_DECO_CHRISTMAS_BELL_DESC,TID_CHRISTMAS_DECO_REINDEER2,Buy,,,,,TapDecorationXmas,TRUE,,25,Christmas,,,,,TRUE,,,,Seasonal,,,
ShinyReindeer,,,,,1,0,,sc/decos02_seasonal.sc,reindeer03,,1,1,,70,,,,,,TID_DECO_CHRISTMAS_BELL_DESC,TID_CHRISTMAS_DECO_REINDEER3,Buy,,,,,TapDecorationXmas,TRUE,,25,Christmas,,,,,TRUE,,,7000,Seasonal,,,
Sleigh,,,,,1,0,,sc/decos02_seasonal.sc,sleigh01,,2,2,,90,,,,,,TID_DECO_CHRISTMAS_BELL_DESC,TID_CHRISTMAS_DECO_SLEIGH,Buy,,,,,TapDecorationXmas,TRUE,,25,Christmas,,,,,TRUE,,,,Seasonal,,,
Typewriter,,,,,1,0,,sc/decos02_seasonal.sc,typewriter,,1,1,,90,,,,,,TID_DECO_NEWYEAR_BALLOON_DESC,TID_NEWYEARS_DECO_TYPEWRITER,Buy,,,,,TapDecorationGeneric,TRUE,,25,NewYear,,,,,TRUE,,,9000,Seasonal,,,
ValentinesBalloons,,,,,1,0,,sc/decos02_seasonal.sc,valentines_day_wagon,,1,1,,90,,,,,,TID_DECO_VALENTINES_CUPID_DESCRIPTION,TID_BALLOONHEARTS,Buy,,,,,TapDecorationGeneric,TRUE,,25,,,,,,TRUE,,,,,,,
GardenTorch,,,,,1,0,,sc/decos01_generic.sc,bamboo_torch,,1,1,,8,,,,,,TID_DECO_GENERIC_DESCRIPTION,TID_GARDENTORCH,Buy,,,,,TapDecorationGeneric,TRUE,,25,,,,,,TRUE,,,,,,,
LushFern,,,,,1,0,,sc/decos01_generic.sc,fern,,1,1,,10,,,,,,TID_DECO_GENERIC_DESCRIPTION,TID_LUSHFERN,Buy,,,,,TapDecorationGeneric,TRUE,,25,,,TRUE,,,,,,,,,,
BlueHydrangeas,,,,,1,0,,sc/decos01_generic.sc,hydrangea2,,1,1,,10,,,,,,TID_DECO_GENERIC_DESCRIPTION,TID_HYDRANGEAS,Buy,TRUE,,,,TapDecorationGeneric,TRUE,,25,,,TRUE,,,,,,,,,,
ColorfulHydrangeas,,,,,1,0,,sc/decos01_generic.sc,hydrangea1,,1,1,,10,,,,,,TID_DECO_GENERIC_DESCRIPTION,TID_COLORFULHYDRANGEAS,Buy,TRUE,,,,TapDecorationGeneric,TRUE,,25,,,TRUE,,,,,,,,,,
FrogKingShop,,,,,15,0,,sc/decos01_generic.sc,frog_king,,1,1,1500,,,,,150,1,TID_FROGKING_DESCRIPTION,TID_FROGKING,Buy,,,,,TapDecorationGeneric,TRUE,,25,,,,,,TRUE,,,,,,,
TortoiseShop,,,,,13,0,,sc/decos01_generic.sc,tortoise,,1,1,,20,,,,,,TID_TORTOISE_DESCRIPTION,TID_TORTOISE,Buy,,,,,TapDecorationGeneric,TRUE,,25,,,,,,TRUE,,,,,,,
GardenBoyStatueShop,,,,,21,0,,sc/decos01_generic.sc,garden_boy_statue,,2,2,,45,,,,,,TID_GARDENBOYSTATUE_DESCRIPTION,TID_GARDENBOYSTATUE,Buy,,,,,TapDecorationWater,TRUE,,25,,,,,,TRUE,,,,,,,
SnailShop,,,,,21,0,,sc/decos01_generic.sc,snail,,1,1,1500,,,,,150,1,TID_SNAIL_DESCRIPTION,TID_SNAIL,Buy,,,,,TapDecorationGeneric,TRUE,,25,,,,,,TRUE,,,,,,,
WindmillShop,,,,,24,0,,sc/decos01_generic.sc,windmill,,1,1,,35,,,,,,TID_WINDMILL_DESCRIPTION,TID_WINDMILL,Buy,,,,,TapDecorationGeneric,TRUE,,25,,,,TRUE,,,,,,,,,
OldBikeShop,,,,,26,0,,sc/decos01_generic.sc,old_bike,,2,1,,35,,,,,,TID_OLD_BIKE_DESCRIPTION,TID_OLD_BIKE,Buy,,,,,TapDecorationGeneric,TRUE,,25,,,,,,TRUE,,,,,,,
,,,,,,,,,,,,,,,,,,,,,,,,,,,,,,,,,,,,,,,,,,,
PineTree_SmallGift,,,,,1,0,,sc/decos01_generic.sc,deco_fir_small_01,,1,1,,,,,,,,TID_PINETREE_SMALL_DESCRIPTION,TID_PINETREE_SMALL,Buy,,TRUE,,,BigPineTap,,,,,,TRUE,,,,,,,,,,
LeafyTree_SmallGift,,,,,1,0,,sc/decos01_generic.sc,deco_leafy_small_01,,1,1,,,,,,,,TID_LEAFYTREE_SMALL_DESCRIPTION,TID_LEAFYTREE_SMALL,Buy,,TRUE,,,BigPineTap,,,,,,TRUE,,,,,,,,,,
,,,,,,,,,,,,,,,,,,,,,,,,,,,,,,,,,,,,,,,,,,,
HorseShoeStatue,,,,,1,0,,sc/decos03_features.sc,horse_shoe_statue,,1,1,,999,,,,,,TID_DERBY_DECO_DESCRIPTION,TID_HORSESHOESTATUE,,,,,,TapDecorationGeneric,,,,,TRUE,,TRUE,,,,,,Derby,,,
,,,,,,,,,,,,,,,,,,,,,,,,,,,,,,,,,,,,,,,,,,,
StoneLantern,,,,,0,3,,sc/decos01_generic.sc,japanese_lantern,,1,1,,,,Voucher1,15,,,TID_DECO_GENERICTOWN_DESCRIPTION,TID_DECO_STONELANTERN,Buy,,,,,TapDecorationGeneric,TRUE,,25,,,,,,TRUE,,,,,,,
,,,,,,,,,,,,,,,,Voucher3,2,,,,,,,,,,,,,,,,,,,,,,,,,,
ChickNest,,,,,1,0,,sc/decos02_seasonal.sc,easter_chicknest,,1,1,,35,,,,,,TID_DECO_EASTER_DESCRIPTION,TID_DECO_CHICKNEST,Buy,,,,,TapDecorationGeneric,TRUE,,25,Easter,,,,,TRUE,TRUE,,,Seasonal,,,
ChocoBunny,,,,,1,0,,sc/decos02_seasonal.sc,easter_bunny_egg,,1,1,,90,,,,,,TID_DECO_EASTERUNIQUE_DESCRIPTION,TID_DECO_CHOCOBUNNY,Buy,,,,,TapDecorationGeneric,TRUE,,25,Easter,,,,,TRUE,TRUE,,,Seasonal,,,
Narcissus,,,,,1,0,,sc/decos02_seasonal.sc,easter_narcissuses,,1,1,1500,,,,,150,1,TID_DECO_GENERICFARM_DESCRIPTION,TID_DECO_EASTERFLOWERS,Buy,TRUE,,,,TapDecorationGeneric,TRUE,,25,,,TRUE,,,,TRUE,,,,,,
BonsaiTree,,,,,22,0,,sc/decos01_generic.sc,bonsai_tree,,1,1,,25,,,,,,TID_DECO_GENERICFARM_DESCRIPTION,TID_DECO_BONSAITREE,Buy,,,,,TapDecorationGeneric,TRUE,,25,,,TRUE,,,TRUE,,,,,,,
BigGate,,,,,0,5,,sc/decos01_generic.sc,big_gate,,1,2,10000,,,,,1000,1,TID_DECO_GENERICTOWN_DESCRIPTION,TID_DECO_BIGGATE,Buy,,,,,TapDecorationGeneric,TRUE,,25,,,,,,TRUE,,,,,,,
LuckyCat,,,,,27,0,,sc/decos01_generic.sc,lucky_cat,,1,1,,35,,,,,,TID_DECO_GENERICFARM_DESCRIPTION,TID_DECO_LUCKYCAT,Buy,,,,,TapDecorationGeneric,TRUE,,25,,,,,,TRUE,,,,,,,
BambooFountain,,,,,0,3,,sc/decos01_generic.sc,tsukubai,,2,1,,25,,,,,,TID_DECO_GENERICTOWN_DESCRIPTION,TID_DECO_BAMBOOFOUNTAIN,Buy,,,,,TapDecorationGeneric,TRUE,,25,,,,,,TRUE,,,,,,,
PandaStatue,,,,,1,0,-1,sc/decos01_generic.sc,panda,,1,1,,90,,,,,,TID_DECO_GENERICFARM_DESCRIPTION,TID_DECO_PANDASTATUE,Buy,,,,,TapDecorationGeneric,TRUE,,25,,,,,,TRUE,TRUE,,,,,,
ChocoFountain,,,,,1,0,,sc/decos02_seasonal.sc,chocolate_fountain,,2,2,,999,,,,,,TID_DECO_BIRTHDAY_DESC,TID_DECO_CHOCOFOUNTAIN,Buy,,,,,TapDecorationGeneric,,,,,TRUE,,,,TRUE,TRUE,,,Special,,,
Balloons,,,,,1,0,,sc/decos02_seasonal.sc,3balloons,,1,1,,,,Voucher2,10,,,TID_DECO_BIRTHDAY_DESC,TID_DECO_BALLOONS,Buy,,,,,TapDecorationGeneric,,,25,,,,,,TRUE,TRUE,,5000,,,,
BouncyCastle,,,,,1,0,,sc/decos02_seasonal.sc,bouncy_castle,,1,1,,90,,,,,,TID_DECO_BIRTHDAY_DESC,TID_DECO_BOUNCYCASTLE,Buy,,,,,TapDecorationGeneric,,,25,,,,,,TRUE,TRUE,,13000,,,,
Pinata,,,,,1,0,,sc/decos02_seasonal.sc,pinata2,,1,1,,90,,,,,,TID_DECO_GENERICFARM_DESCRIPTION,TID_DECO_PINATA,Buy,,,,,TapDecorationGeneric,,,25,,,,,,TRUE,TRUE,,9000,,,,
TrumpetTree,,,,,1,0,,sc/decos01_generic.sc,deco_trumpet_tree,,1,1,,999,,,,,,TID_DECO_GENERICFARM_DESCRIPTION,TID_DECO_TRUMPETTREE,Buy,,,,,TapDecorationGeneric,,,,,,TRUE,,,,TRUE,,10000,,,,
WisteriaTree,,,,,1,0,,sc/decos01_generic.sc,deco_wisteria_tree,,1,1,,999,,,,,,TID_DECO_GENERICFARM_DESCRIPTION,TID_DECO_WISTERIATREE,Buy,,,,,TapDecorationGeneric,,,,,,TRUE,,,,TRUE,,10000,Expansion,,,
PoincianaTree,,,,,1,0,,sc/decos01_generic.sc,deco_poinciana_tree,,1,1,,999,,,,,,TID_DECO_GENERICFARM_DESCRIPTION,TID_DECO_POINCIANATREE,Buy,,,,,TapDecorationGeneric,,,,,,TRUE,,,,TRUE,,10000,,,,
ElephantStatue,,,,,1,0,,sc/decos01_generic.sc,elephant,,1,1,,999,,,,,,TID_DECO_GENERICFARM_DESCRIPTION,TID_DECO_ELEPHANTSTATUE,Buy,,,,,TapDecorationGeneric,,,,,,,,,TRUE,,,9000,,,,
GorillaStatue,,,,,1,0,,sc/decos01_generic.sc,gorilla,,1,1,,999,,,,,,TID_DECO_GENERICFARM_DESCRIPTION,TID_DECO_GORILLASTATUE,Buy,,,,,TapDecorationGeneric,,,,,,,,,TRUE,,,9000,,,,
RhinoStatue,,,,,1,0,,sc/decos01_generic.sc,rhino,,1,1,,999,,,,,,TID_DECO_GENERICFARM_DESCRIPTION,TID_DECO_RHINOSTATUE,Buy,,,,,TapDecorationGeneric,,,,,,,,,TRUE,,,9000,,,,
AnimalsStatue,,,,,1,0,,sc/decos01_generic.sc,hardcore_statue,,1,1,,999,,,,,,TID_DECO_2YEARS_DESCRIPTION,TID_DECO_2YEARS,Buy,,,,,TapDecorationGeneric,,,,,TRUE,,,,TRUE,,,,Special,,,
BronzePlaque,,,,,1,0,,sc/decos03_features.sc,derby_deco_bronzeplacard,,1,1,,999,,,,,,TID_DERBY_DECO_DESCRIPTION,TID_DECO_DERBY_PLAQUE1,Buy,,,,,TapDecorationGeneric,,,,,TRUE,,,,TRUE,,,,Derby,,,
SilverPlaque,,,,,1,0,,sc/decos03_features.sc,derby_deco_silverplacard,,1,1,,999,,,,,,TID_DERBY_DECO_DESCRIPTION,TID_DECO_DERBY_PLAQUE2,Buy,,,,,TapDecorationGeneric,,,,,TRUE,,,,TRUE,,,,Derby,,,
GoldPlaque,,,,,1,0,,sc/decos03_features.sc,derby_deco_goldplacard,,1,1,,999,,,,,,TID_DERBY_DECO_DESCRIPTION,TID_DECO_DERBY_PLAQUE3,Buy,,,,,TapDecorationGeneric,,,,,TRUE,,,,TRUE,,,,Derby,,,
PinkBanner,,,,,1,0,,sc/decos03_features.sc,derby_deco_pinkbanner,,1,1,,999,,,,,,TID_DERBY_DECO_DESCRIPTION,TID_DECO_DERBY_BANNER1,Buy,,,,,TapDecorationGeneric,,,,,TRUE,,TRUE,,,,,,Derby,,,
CheckeredBanner,,,,,1,0,,sc/decos03_features.sc,derby_deco_checkeredbanner,,1,1,,999,,,,,,TID_DERBY_DECO_DESCRIPTION,TID_DECO_DERBY_BANNER2,Buy,,,,,TapDecorationGeneric,,,,,TRUE,,TRUE,,,,,,Derby,,,
PurpleBanner,,,,,1,0,,sc/decos03_features.sc,derby_deco_purplebanner,,1,1,,999,,,,,,TID_DERBY_DECO_DESCRIPTION,TID_DECO_DERBY_BANNER3,Buy,,,,,TapDecorationGeneric,,,,,TRUE,,TRUE,,,,,,Derby,,,
DerbySaddles,,,,,1,0,,sc/decos03_features.sc,derby_deco_saddles,,1,1,,999,,,,,,TID_DERBY_DECO_DESCRIPTION,TID_DECO_DERBY_SADDLES,Buy,,,,,TapDecorationGeneric,,,,,TRUE,,TRUE,,,,,,Derby,,,
DerbyTrough,,,,,1,0,,sc/decos03_features.sc,derby_deco_trough,,1,1,,999,,,,,,TID_DERBY_DECO_DESCRIPTION,TID_DECO_DERBY_TROUGH,Buy,,,,,TapDecorationGeneric,,,,,TRUE,,TRUE,,,,,,Derby,,,
HeroStatue,,,,,1,0,-1,sc/decos01_generic.sc,red_statue_main,,1,1,,90,,,,,,TID_DECO_GENERICFARM_DESCRIPTION,TID_DECO_HEROWICKER,Buy,,,,,TapDecorationGeneric,TRUE,,25,,,,,,TRUE,,,,,,,
Gingerbread Man,,,,,1,0,1,sc/decos02_seasonal.sc,gingerbread_man,,1,1,,10,,,,,,TID_DECO_CHRISTMAS_BELL_DESC,TID_GINGERBREADMAN,Buy,,,,,TapDecorationXmas,TRUE,,25,Christmas,,,,,TRUE,,,,Seasonal,,,
Gingerbread Lady,,,,,1,0,1,sc/decos02_seasonal.sc,gingerbread_lady,,1,1,,10,,,,,,TID_DECO_CHRISTMAS_BELL_DESC,TID_GINGERBREADWOMAN,Buy,,,,,TapDecorationXmas,TRUE,,25,Christmas,,,,,TRUE,,,,Seasonal,,,
Gingerbread House,,,,,1,0,1,sc/decos02_seasonal.sc,gingerbread_house,,2,2,,90,,,,,,TID_DECO_CHRISTMAS_BELL_DESC,TID_GINGERBREADHOUSE,Buy,,,,,TapDecorationXmas,TRUE,,25,Christmas,TRUE,,,,TRUE,,,,Seasonal,,,
Winter Arch,,,,,20,0,1,sc/decos02_seasonal.sc,winter_arch,,1,2,,,,Voucher2,15,,,TID_DECO_CHRISTMAS_BELL_DESC,TID_WINTERARCH,Buy,,,,,TapDecorationXmas,TRUE,,25,Christmas,,,,,TRUE,,,,Seasonal,,,
,,,,,,,,,,,,,,,,Voucher4,2,,,,,,,,,,,,,,,,,,,,,,,,,,
Winter Lantern,,,,,1,0,1,sc/decos02_seasonal.sc,winter_lantern,,1,1,2500,,,,,250,1,TID_DECO_CHRISTMAS_BELL_DESC,TID_WINTERLANTERN,Buy,,,,,TapDecorationXmas,TRUE,,25,Christmas,,,,,TRUE,,,,Seasonal,,,
Candycane Bench,,,,,20,0,1,sc/decos02_seasonal.sc,candycane_bench,,1,2,,,,Voucher1,30,,,TID_DECO_CHRISTMAS_BELL_DESC,TID_CANDYBENCH,Buy,,,,,TapDecorationXmas,TRUE,,25,Christmas,,,,,TRUE,,,,Seasonal,,,
,,,,,,,,,,,,,,,,Voucher3,2,,,,,,,,,,,,,,,,,,,,,,,,,,
Fireworks,,,,,1,0,2,sc/decos02_seasonal.sc,deco_yellow_firework,,1,1,,999,,,,,,TID_DECO_NEWYEAR_GRAMOPHONE_DESC,TID_FIREWORKSBARREL,,,,,,,,,,NewYear,TRUE,,,,TRUE,,,,Seasonal,,,
CNYRooster,,,,,1,0,-1,sc/decos02_seasonal.sc,rooster_statue,rooster_statue_mirrored,2,2,,999,,,,,,TID_CNY_DECO_DESC,TID_CNY_ROOSTER,,,,,,,,,,ChineseNewYear,TRUE,,,,TRUE,,,,Seasonal,,,
CNYGate,,,,,1,0,-1,sc/decos02_seasonal.sc,moongate,,1,2,,999,,,,,,TID_CNY_DECO_DESC,TID_CNY_GATE,,,,,,,,,,ChineseNewYear,TRUE,,,,TRUE,,,,Seasonal,,,
Flower_Bucket_yellow,,,,,20,0,,sc/decos01_generic.sc,flower_bucket_yellow,,1,1,,,,Voucher1,10,,,TID_DECO_GENERICFARM_DESCRIPTION,TID_DECO_FLOWER_BUCKET2,Buy,,,,,TapDecorationGeneric,TRUE,,25,,,TRUE,,,,,,,,,,
,,,,,,,,,,,,,,,,Voucher4,2,,,,,,,,,,,,,,,,,,,,,,,,,,
Flower_Bucket_blue,,,,,20,0,,sc/decos01_generic.sc,flower_bucket_blue,,1,1,,,,Voucher2,8,,,TID_DECO_GENERICFARM_DESCRIPTION,TID_DECO_FLOWER_BUCKET1,Buy,,,,,TapDecorationGeneric,TRUE,,25,,,TRUE,,,,,,,,,,
,,,,,,,,,,,,,,,,Voucher3,4,,,,,,,,,,,,,,,,,,,,,,,,,,
Balloon_Bench,,,,,1,0,,sc/decos02_seasonal.sc,balloon_bench,,2,1,,999,,,,,,TID_DECO_DESC_UNIQUE,TID_DECO_BALLOON_BENCH,Buy,,,,,TapDecorationGeneric,,,,,TRUE,,,,TRUE,,,,Expansion,,,
Barrel_Table,,,,,1,0,,sc/decos01_generic.sc,barrel_table,,1,1,,999,,,,,,TID_DECO_DESC_UNIQUE,TID_DECO_BARREL_TABLE,Buy,,,,,TapDecorationGeneric,,,,,TRUE,,,,TRUE,,,,Expansion,,,
Wooden_Placard,,,,,1,0,,sc/decos02_seasonal.sc,wooden_placard,,2,1,,999,,,,,,TID_DECO_DESC_UNIQUE,TID_DECO_WOODEN_SIGN,Buy,,,,,TapDecorationGeneric,,,,,TRUE,,,,TRUE,,,,Expansion,,,
White_Chair,,,,,1,0,,sc/decos02_seasonal.sc,white_chair,,1,1,5000,,,,,500,1,TID_DECO_GENERICFARM_DESCRIPTION,TID_DECO_WHITE_CHAIR,Buy,,,,,TapDecorationGeneric,TRUE,,25,,TRUE,,,,TRUE,,,,,,,
Banquette,,,,,1,0,,sc/decos02_seasonal.sc,banquette,,3,1,,999,,,,,,TID_DECO_DESC_UNIQUE,TID_DECO_PARTY_BANQUET,Buy,,,,,TapDecorationGeneric,,,,,TRUE,,,,TRUE,,,,Expansion,,,
Swing_Tree,,,,,1,0,,sc/decos01_generic.sc,oak_tree,,2,1,,999,,,,,,TID_DECO_DESC_UNIQUE,TID_DECO_SWING_TREE,Buy,,,,,TapDecorationGeneric,,,,,TRUE,TRUE,,,,,,,Expansion,,,
Purple_lights_tree,,,,,1,0,,sc/decos01_generic.sc,deco_purple_tree_lights,,1,1,,999,,,,,,TID_DECO_DESC_UNIQUE,TID_DECO_SPARKLING_TREE,Buy,,,,,TapDecorationGeneric,,,,,,TRUE,,,,,,,Expansion,,,
Green_lights_tree,,,,,1,0,,sc/decos01_generic.sc,deco_festive_tree_lights,,1,1,,999,,,,,,TID_DECO_DESC_UNIQUE,TID_DECO_FESTIVE_TREE,Buy,,,,,TapDecorationGeneric,,,,,,TRUE,,,,,,,Expansion,,,
Easter_flowers,,,,,1,0,,sc/decos02_seasonal.sc,bunny_flowerpot,,1,1,,45,,,,,,TID_DECO_EASTER_DESCRIPTION,TID_DECO_EASTER_FLOWERS,Buy,,,,,TapDecorationGeneric,TRUE,,25,Easter,TRUE,,,,,,,,Seasonal,,,
Purple_tree,,,,,23,0,,sc/decos01_generic.sc,deco_leafy_big_02_purple,,1,1,,,,Voucher2,25,,,TID_DECO_GENERICFARM_DESCRIPTION,TID_DECO_PURPLE_TREE,Buy,,,,,TapDecorationGeneric,TRUE,,25,,,TRUE,,,,,,,,,,
Vibrant_tree,,,,,23,0,,sc/decos01_generic.sc,deco_leafy_big_02_vibrant,,1,1,,,,Voucher1,10,,,TID_DECO_GENERICFARM_DESCRIPTION,TID_DECO_VIBRANT_TREE,Buy,,,,,TapDecorationGeneric,TRUE,,25,,,TRUE,,,,,,,,,,
,,,,,,,,,,,,,,,,Voucher3,10,,,,,,,,,,,,,,,,,,,,,,,,,,
Red_tree,,,,,23,0,,sc/decos01_generic.sc,deco_leafy_big_02_autumnred,,1,1,,,,Voucher4,10,,,TID_DECO_GENERICFARM_DESCRIPTION,TID_DECO_RED_TREE,Buy,,,,,TapDecorationGeneric,TRUE,,25,,,TRUE,,,,,,,,,,
Orange_tree,,,,,23,0,,sc/decos01_generic.sc,deco_leafy_big_03_autumn,,1,1,,,,Voucher2,5,,,TID_DECO_GENERICFARM_DESCRIPTION,TID_DECO_ORANGE_TREE,Buy,,,,,TapDecorationGeneric,TRUE,,25,,,TRUE,,,,,,,,,,
,,,,,,,,,,,,,,,,Voucher3,10,,,,,,,,,,,,,,,,,,,,,,,,,,
Yellow_tree,,,,,23,0,,sc/decos01_generic.sc,deco_leafy_big_04_autumn,,1,1,,,,Voucher3,5,,,TID_DECO_GENERICFARM_DESCRIPTION,TID_DECO_YELLOW_TREE,Buy,,,,,TapDecorationGeneric,TRUE,,25,,,TRUE,,,,,,,,,,
,,,,,,,,,,,,,,,,Voucher4,5,,,,,,,,,,,,,,,,,,,,,,,,,,
,,,,,,,,,,,,,,,,,,,,,,,,,,,,,,,,,,,,,,,,,,,
BlueCake,,,,,1,0,,sc/decos02_seasonal.sc,cake_blue,,1,1,,999,,,,,,TID_HAYDAY_BIRTHDAYCAKE_DESCRIPTION,TID_DECO_BLUECAKE,,,,,,TapDecorationGeneric,,,,,TRUE,,,,TRUE,,,,Special,,,
Baobab_tree,,,,,0,3,1,sc/decos03_features.sc,baobab_tree,,1,1,,,,Voucher3,1,,,TID_SANCTUARYDECO_DESC,TID_DECO_BAOBABTREE,Buy,,,,,TapDecorationGeneric,TRUE,,25,,,TRUE,,TRUE,,,Elephant1,,,,,
,,,,,,,,,,,,,,,,Voucher1,5,,,,,,,,,,,,,,,,,,,,,,,,,,
Termite_mound,,,,,0,3,1,sc/decos03_features.sc,termite_mound,,2,1,4500,,,,,500,1,TID_SANCTUARYDECO_DESC,TID_DECO_TERMITEMOUND,Buy,,,,,TapDecorationGeneric,TRUE,,25,,,TRUE,,TRUE,,,Elephant1,,,,,
Elephant_grass,,,,,0,3,1,sc/decos03_features.sc,elephant_grass,,1,1,4500,,,,,500,1,TID_SANCTUARYDECO_DESC,TID_DECO_ELEPHANTGRASS,Buy,,,,,TapDecorationGeneric,TRUE,,25,,,TRUE,,TRUE,,,Elephant2,,,,,
Muddy_log,,,,,0,3,1,sc/decos03_features.sc,dead_log,,2,1,,,,Voucher1,5,,,TID_SANCTUARYDECO_DESC,TID_DECO_MUDDYLOG,Buy,,,,,TapDecorationGeneric,TRUE,,25,,,TRUE,,TRUE,,,Elephant2,,,,,
,,,,,,,,,,,,,,,,Voucher3,1,,,,,,,,,,,,,,,,,,,,,,,,,,
Lala_palm,,,,,0,3,1,sc/decos03_features.sc,lala_palm,,1,1,,,,Voucher2,3,,,TID_SANCTUARYDECO_DESC,TID_DECO_LALAPALM,Buy,,,,,TapDecorationGeneric,TRUE,,25,,,TRUE,,TRUE,,,Giraffe1,,,,,
,,,,,,,,,,,,,,,,Voucher1,5,,,,,,,,,,,,,,,,,,,,,,,,,,
Rock_formation,,,,,0,3,1,sc/decos03_features.sc,rock_formation,,1,1,4500,,,,,500,1,TID_SANCTUARYDECO_DESC,TID_DECO_ROCKFORMATION,Buy,,,,,TapDecorationGeneric,TRUE,,25,,,TRUE,,TRUE,,,Giraffe1,,,,,
Acacia_tree,,,,,0,3,1,sc/decos03_features.sc,acacia_tree,,1,1,,,,Voucher3,1,,,TID_SANCTUARYDECO_DESC,TID_DECO_ACACIATREE,Buy,,,,,TapDecorationGeneric,TRUE,,25,,,TRUE,,TRUE,,,Giraffe2,,,,,
,,,,,,,,,,,,,,,,Voucher2,3,,,,,,,,,,,,,,,,,,,,,,,,,,
Ice_plant,,,,,0,3,1,sc/decos03_features.sc,ice_plant_purple,,1,1,4500,,,,,500,1,TID_SANCTUARYDECO_DESC,TID_DECO_ICEPLANT,Buy,,,,,TapDecorationGeneric,TRUE,,25,,,TRUE,,TRUE,,,Giraffe2,,,,,
Rock_pond,,,,,0,3,1,sc/decos03_features.sc,rocky_pond,,3,3,,,,Voucher2,3,,,TID_SANCTUARYDECO_DESC,TID_DECO_ROCKPOND,Buy,,,,,TapDecorationGeneric,TRUE,,25,,,TRUE,,TRUE,,,Hippo1,,,,,
,,,,,,,,,,,,,,,,Voucher3,1,,,,,,,,,,,,,,,,,,,,,,,,,,
Savannah_bush,,,,,0,3,1,sc/decos03_features.sc,savanna_bush,,1,1,4500,,,,,500,1,TID_SANCTUARYDECO_DESC,TID_DECO_SAVANNAHBUSH,Buy,,,,,TapDecorationGeneric,TRUE,,25,,,TRUE,,TRUE,,,Hippo1,,,,,
Palm_tree,,,,,0,3,1,sc/decos03_features.sc,palm_tree,,1,1,,,,Voucher1,5,,,TID_SANCTUARYDECO_DESC,TID_DECO_PALMTREE,Buy,,,,,TapDecorationGeneric,TRUE,,25,,,TRUE,,TRUE,,,Hippo2,,,,,
,,,,,,,,,,,,,,,,Voucher2,3,,,,,,,,,,,,,,,,,,,,,,,,,,
Aloe_plant,,,,,0,3,1,sc/decos03_features.sc,aloe_plant,,1,1,4500,,,,,500,1,TID_SANCTUARYDECO_DESC,TID_DECO_ALOEPLANT,Buy,,,,,TapDecorationGeneric,TRUE,,25,,,TRUE,,TRUE,,,Hippo2,,,,,
HugStatue,,,,,1,0,-1,sc/decos02_seasonal.sc,hug_statue,,1,1,,999,,,,,,TID_DECO_HUGSTATUE_DESC,TID_DECO_HUGSTATUE,,,,,,TapDecorationGeneric,,,,,TRUE,,,,TRUE,,,,Special,,,
MrPlant,,,,,1,0,,sc/decos02_seasonal.sc,spooky_male_plant,,1,1,,50,,,,,,TID_DECO_HAUNTED_BIRDHOUSE_DESC,TID_DECO_MRPLANT,Buy,,,,,TapDecorationGeneric,TRUE,,25,Halloween,,TRUE,,,,,,,Seasonal,,,
GnomeHouse1,,,,,1,0,,sc/decos02_seasonal.sc,gnome_tree_house01,,1,1,,999,,,,,,TID_DECO_GENERICFARM_DESCRIPTION,TID_DECO_GNOMEHOUSE,,,,,,TapDecorationGeneric,,,,Halloween,,,,,TRUE,,,,Seasonal,,,
CallaLily,,,90,,20,0,,sc/decos01_generic.sc,calla_lily,,1,1,,,,Voucher3,4,,,TID_DECO_HAUNTED_BIRDHOUSE_DESC,TID_DECO_CALLALILY,Buy,,,,,TapDecorationGeneric,TRUE,,25,Halloween,,TRUE,,,,,,,Seasonal,,,
,,,,,,,,,,,,,,,,Voucher4,2,,,,,,,,,,,,,,,,,,,,,,,,,,
Red_CallaLily,,,,,1,0,,sc/decos01_generic.sc,calla_lily_planter,,1,2,,5,,,,,,TID_DECO_HAUNTED_BIRDHOUSE_DESC,TID_DECO_REDLILY,Buy,,,,,TapDecorationGeneric,TRUE,,25,Halloween,,TRUE,,,,,,,Seasonal,,,
HalloweenLantern,,,,,1,0,,sc/decos02_seasonal.sc,halloween_lantern,,1,1,2500,,,,,500,1,TID_DECO_HAUNTED_BIRDHOUSE_DESC,TID_DECO_HALLOWEENLANTERN,Buy,,,,,TapDecorationGeneric,TRUE,,25,Halloween,,,,,TRUE,,,,Seasonal,,,
HalloweenGate,,,,,1,0,,sc/decos02_seasonal.sc,halloween_gate,,3,1,,30,,,,,,TID_DECO_HAUNTED_BIRDHOUSE_DESC,TID_DECO_HALLOWEENGATE,Buy,,,,,TapDecorationGeneric,TRUE,,25,Halloween,,,,,TRUE,,,,Seasonal,,,
Mausoleum,,,,,1,0,,sc/decos02_seasonal.sc,halloween_mausoleum,,2,2,,999,,,,,,TID_DECO_HAUNTED_BIRDHOUSE_DESC,TID_DECO_MAUSOLEUM,,,,,,TapDecorationGeneric,,,,Halloween,TRUE,,,,TRUE,,,,Seasonal,,,
GnomeWitch,,,,,1,0,,sc/decos02_seasonal.sc,gnome_witch01,,1,1,,999,,,,,,TID_DECO_HAUNTED_BIRDHOUSE_DESC,TID_DECO_GNOMEWITCH,,,,,,TapDecorationGeneric,,,,Halloween,,,,,TRUE,,,,FP,,,
CampKettle,,,,,1,0,,sc/decos01_generic.sc,bonfire_cooking,,1,2,,999,,,,,,TID_FALL_DECO_DESC,TID_DECO_KETTLE,,,,,,TapDecorationGeneric,,,,,,,,,TRUE,,,10000,,,,
CampTent,,,,,1,0,,sc/decos01_generic.sc,chicken_tent,,2,2,,999,,,,,,TID_FALL_DECO_DESC,TID_DECO_CANVASTENT,,,,,,TapDecorationGeneric,,,,,,,,,TRUE,,,13000,,,,
CNYLittleTiger,,,,,1,0,,sc/decos02_seasonal.sc,cny_littletiger,,1,1,,999,,,,,,TID_FALL_DECO_DESC,TID_DECO_LITTLETIGER,,,,,,TapDecorationGeneric,,,,ChineseNewYear,,,,,TRUE,,,,Seasonal,,,
CNYGDogStatue,,,,,1,0,,sc/decos02_seasonal.sc,cny_dogstatue,cny_dogstatue_mirrored,2,2,,999,,,,,,TID_FALL_DECO_DESC,TID_DECO_DOGSTATUE,,,,,,TapDecorationGeneric,,,,ChineseNewYear,,,,,TRUE,,,,FP,,,
NYEClock,,,,,1,0,,sc/decos02_seasonal.sc,newyear_grandfather_clock,,1,1,,999,,,,,,TID_DECO_NEWYEAR_BALLOON_DESC,TID_DECO_CLOCK,,,,,,TapDecorationGeneric,,,,NewYear,TRUE,,,,TRUE,,,9000,Seasonal,,,
EasterGate,,,,,1,0,,sc/decos02_seasonal.sc,easter_archway,,2,1,,999,,,,,,TID_DECO_EASTER_DESCRIPTION,TID_DECO_EASTERGATE,,,,,,TapDecorationGeneric,,,,Easter,TRUE,,,,TRUE,,,,Seasonal,,,
EasterBigEgg,,,90,,1,0,,sc/decos02_seasonal.sc,easter_bigegg,,1,1,,30,,,,,,TID_DECO_EASTER_DESCRIPTION,TID_DECO_EASTEREGG,Buy,,,,,TapDecorationGeneric,TRUE,,25,Easter,,,,,TRUE,,,,Seasonal,,,
EasterGrass,,,,,1,0,,sc/decos02_seasonal.sc,easter_egggrass,,1,1,,999,,,,,,TID_DECO_EASTER_DESCRIPTION,TID_DECO_EASTERHIDDENEGGS,,,,,,TapDecorationGeneric,,,,Easter,,,,,TRUE,,,,Events,,,
EasterPond,,,,,1,0,,sc/decos02_seasonal.sc,deco_easter_daffodilpond,,2,2,5000,,,,,750,1,TID_DECO_EASTER_DESCRIPTION,TID_DECO_EASTERPOND,Buy,,,,TRUE,TapDecorationGeneric,TRUE,,25,Easter,,TRUE,,,,,,,Seasonal,,,
EasterGnome,,,,,1,0,,sc/decos02_seasonal.sc,deco_easter_gnomepond,,2,2,,999,,,,,,TID_DECO_EASTER_DESCRIPTION,TID_DECO_EASTERGNOME,,,,,,TapDecorationGeneric,,,,,,,,,TRUE,,,,FP,,,
EasterEggTree,,,,,1,0,,sc/decos02_seasonal.sc,egg_tree,,1,1,,999,,,,,,TID_DECO_EASTER_DESCRIPTION,TID_DECO_EASTEREGGTREE,,,,,,TapDecorationGeneric,,,,Easter,,TRUE,,,,,,,Seasonal,,,
FishingAnchor,,,,,1,0,,sc/decos01_generic.sc,deco_fishing_anchor,,2,2,,999,,,,,,TID_PEARLOFTHESEA_DESCRIPTION,TID_DECO_ANCHOR,,,,,,TapDecorationGeneric,,,,,,,,,TRUE,,,,,,,
FishingShipWheel,,,,,1,0,,sc/decos01_generic.sc,deco_fishing_shipswheel,,2,2,,999,,,,,,TID_PEARLOFTHESEA_DESCRIPTION,TID_DECO_WHEEL,,,,,,TapDecorationGeneric,,,,,,,,,TRUE,,,,,,,
FishingCannon,,,,,1,0,,sc/decos01_generic.sc,deco_fishing_cannon,,2,2,,999,,,,,,TID_PEARLOFTHESEA_DESCRIPTION,TID_DECO_CANNON,,,,,,TapDecorationGeneric,,,,,,,,,TRUE,,,,,,,
ValentinesGate,,,,,1,0,,sc/decos02_seasonal.sc,valentines_heartgate,,2,1,,999,,,,,,TID_DECO_VALENTINES_CUPID_DESCRIPTION,TID_DECO_VALENTINESGATE,,,,,,TapDecorationGeneric,,,,Valentines,TRUE,TRUE,,,,,,9000,Seasonal,,,
XmasSwing,,,,,1,0,,sc/decos02_seasonal.sc,xmas_swing,,2,1,,999,,,,,,TID_DECO_CHRISTMAS_BELL_DESC,TID_DECO_XMASSWING,,,,,,TapDecorationXmas,,,,Christmas,TRUE,,,,TRUE,,,13000,Seasonal,,,
XmasIgloo,,,,,1,0,,sc/decos02_seasonal.sc,igloo,,2,2,,999,,,,,,TID_DECO_CHRISTMAS_BELL_DESC,TID_DECO_IGLOO,,,,,,TapDecorationXmas,,,,Christmas,,,,,TRUE,,,13000,Seasonal,,,
XmasSnowman,,,,,1,0,,sc/decos02_seasonal.sc,winterdeco_snowroyalty,,1,1,,999,,,,,,TID_DECO_CHRISTMAS_BELL_DESC,TID_DECO_SNOWKING,,,,,,TapDecorationXmas,,,,Christmas,,,,,TRUE,,,10000,Seasonal,,,
XmasPine,,,,,1,0,,sc/decos02_seasonal.sc,xmas_tree_sharp,,1,1,5000,,,,,750,1,TID_DECO_CHRISTMAS_BELL_DESC,TID_DECO_WINTERTREE,,,,,,TapDecorationXmas,TRUE,,,Christmas,,TRUE,,,,,,,Seasonal,,,
ElephantEar,,,,,1,0,,sc/decos03_features.sc,elephant_ear,,1,1,,,,Voucher1,5,,,TID_SANCTUARYDECO_DESC,TID_DECO_ELEPHANTEARS,Buy,,,,,TapDecorationGeneric,TRUE,,25,,,TRUE,,TRUE,,,ElephantCalf1,,,,,
,,,,,,,,,,,,,,,,Voucher3,1,,,,,,,,,,,,,,,,,,,,,,,,,,
BloomingCactus,,,,,1,0,,sc/decos03_features.sc,blooming_cactus,,1,1,4500,,,,,500,1,TID_SANCTUARYDECO_DESC,TID_DECO_BLOOMINGCACTUS,Buy,,,,,TapDecorationGeneric,TRUE,,25,,,TRUE,,TRUE,,,ElephantCalf1,,,,,
SagoPalm,,,,,1,0,,sc/decos03_features.sc,sago_palm,,1,1,,,,Voucher2,3,,,TID_SANCTUARYDECO_DESC,TID_DECO_SAGOPALM,Buy,,,,,TapDecorationGeneric,TRUE,,25,,,TRUE,,TRUE,,,ElephantCalf2,,,,,
,,,,,,,,,,,,,,,,Voucher1,5,,,,,,,,,,,,,,,,,,,,,,,,,,
OrangeIcePlant,,,,,1,0,,sc/decos03_features.sc,ice_plant_orange,,1,1,4500,,,,,500,1,TID_SANCTUARYDECO_DESC,TID_DECO_ICEPLANTORANGE,Buy,,,,,TapDecorationGeneric,TRUE,,25,,,TRUE,,TRUE,,,ElephantCalf2,,,,,
PricklyPear,,,,,1,0,,sc/decos03_features.sc,prickly_pear,,1,1,,,,Voucher2,3,,,TID_SANCTUARYDECO_DESC,TID_DECO_PRICKLYPEAR,Buy,,,,,TapDecorationGeneric,TRUE,,25,,,TRUE,,TRUE,,,GiraffeCalf1,,,,,
,,,,,,,,,,,,,,,,Voucher3,1,,,,,,,,,,,,,,,,,,,,,,,,,,
SmallTermiteMound,,,,,1,0,,sc/decos03_features.sc,termite_mound_small,,1,1,4500,,,,,500,1,TID_SANCTUARYDECO_DESC,TID_DECO_TERMITES,Buy,,,,,TapDecorationGeneric,TRUE,,25,,,TRUE,,TRUE,,,GiraffeCalf1,,,,,
SaguaroCactus,,,,,1,0,,sc/decos03_features.sc,saguaro_cactus,,2,1,,,,Voucher1,5,,,TID_SANCTUARYDECO_DESC,TID_DECO_SAGUARO,Buy,,,,,TapDecorationGeneric,TRUE,,25,,,TRUE,,TRUE,,,GiraffeCalf2,,,,,
,,,,,,,,,,,,,,,,Voucher2,3,,,,,,,,,,,,,,,,,,,,,,,,,,
CreosoteBush,,,,,1,0,,sc/decos03_features.sc,creosote_bush,,1,1,4500,,,,,500,1,TID_SANCTUARYDECO_DESC,TID_DECO_CREOSOTE,Buy,,,,,TapDecorationGeneric,TRUE,,25,,,TRUE,,TRUE,,,GiraffeCalf2,,,,,
DragonBloodTree,,,,,1,0,,sc/decos03_features.sc,dragon_blood_tree,,1,1,,,,Voucher3,1,,,TID_SANCTUARYDECO_DESC,TID_DECO_DRAGONBLOODTREE,Buy,,,,,TapDecorationGeneric,TRUE,,25,,,TRUE,,TRUE,,,HippoCalf1,,,,,
,,,,,,,,,,,,,,,,Voucher2,3,,,,,,,,,,,,,,,,,,,,,,,,,,
WhiteIcePlant,,,,,1,0,,sc/decos03_features.sc,ice_plant_white,,1,1,4500,,,,,500,1,TID_SANCTUARYDECO_DESC,TID_DECO_ICEPLANTWHITE,Buy,,,,,TapDecorationGeneric,TRUE,,25,,,TRUE,,TRUE,,,HippoCalf1,,,,,
SmallAcaciaTree,,,,,1,0,,sc/decos03_features.sc,acacia_tree_small,,1,1,,,,Voucher3,1,,,TID_SANCTUARYDECO_DESC,TID_DECO_SMALLACACIA,Buy,,,,,TapDecorationGeneric,TRUE,,25,,,TRUE,,TRUE,,,HippoCalf2,,,,,
,,,,,,,,,,,,,,,,Voucher1,5,,,,,,,,,,,,,,,,,,,,,,,,,,
BarrelCactus,,,,,1,0,,sc/decos03_features.sc,barrel_cactus,,1,1,4500,,,,,500,1,TID_SANCTUARYDECO_DESC,TID_DECO_BARRELCACTUS,Buy,,,,,TapDecorationGeneric,TRUE,,25,,,TRUE,,TRUE,,,HippoCalf2,,,,,
Cat_Tree,,,,,1,0,,sc/decos01_generic.sc,cat_climbingtree,,1,1,,999,,,,,,TID_DECO_GENERICFARM_DESCRIPTION,TID_DECO_CATTREE,,,,,,TapDecorationGeneric,,,,,,,,,TRUE,,,,,,,
Dog bed,,,,,1,0,,sc/decos01_generic.sc,dog_bed,,1,1,,999,,,,,,TID_DECO_GENERICFARM_DESCRIPTION,TID_DECO_DOGBED,,,,,,TapDecorationGeneric,,,,,,,,,TRUE,,,,,,,
Dog pool,,,,,1,0,,sc/decos01_generic.sc,dog_pool,,2,2,,999,,,,,,TID_DECO_GENERICFARM_DESCRIPTION,TID_DECO_DOGPOOL,,,,,,TapDecorationGeneric,,,,,,,,,TRUE,,,,,,,
Rabbit pole,,,,,1,0,,sc/decos01_generic.sc,rabbitpole,,1,2,,999,,,,,,TID_DECO_GENERICFARM_DESCRIPTION,TID_DECO_RABBITPOLE,,,,,,TapDecorationGeneric,,,,,,,,,TRUE,,,,,,,
Elephant slide,,,,,1,0,,sc/decos01_generic.sc,elephantslide,,1,2,,999,,,,,,TID_DECO_GENERICFARM_DESCRIPTION,TID_DECO_ELEPHANTSLIDE,,,,,,TapDecorationGeneric,,,,,,,,,TRUE,,,,,,,
Sheep springer,,,,,1,0,,sc/decos01_generic.sc,sheep_rocking,,1,1,,999,,,,,,TID_DECO_GENERICFARM_DESCRIPTION,TID_DECO_SHEEPTOY,,,,,,TapDecorationGeneric,,,,,,,,,TRUE,,,,,,,
Pig seesaw,,,,,1,0,,sc/decos01_generic.sc,pigseesaw,,2,1,,999,,,,,,TID_DECO_GENERICFARM_DESCRIPTION,TID_DECO_PIGTOY,,,,,,TapDecorationGeneric,,,,,,,,,TRUE,,,,,,,
Car springer,,,,,1,0,,sc/decos01_generic.sc,tractor_rocking,,1,1,,999,,,,,,TID_DECO_GENERICFARM_DESCRIPTION,TID_DECO_CARTOY,,,,,,TapDecorationGeneric,,,,,,,,,TRUE,,,,,,,
Agility tire,,,,,1,0,,sc/decos01_generic.sc,tireramp,,1,2,,999,,,,,,TID_DECO_GENERICFARM_DESCRIPTION,TID_DECO_AGILITYTIRE,,,,,,TapDecorationGeneric,,,,,,,,,TRUE,,,,FP,,,
Rocking unicorn,,,,,1,0,,sc/decos01_generic.sc,unicorn_rocking,,1,1,,999,,,,,,TID_DECO_GENERICFARM_DESCRIPTION,TID_DECO_ROCKINGUNICORN,,,,,,TapDecorationGeneric,,,,,,,,,TRUE,,,,,,,
Roundabout,,,,,1,0,,sc/decos01_generic.sc,merrygoround,,2,2,,999,,,,,,TID_HAYDAY_BIRTHDAYCAKE_DESCRIPTION,TID_DECO_ROUNDABOUT,,,,,,TapDecorationGeneric,,,,,TRUE,,,,TRUE,,,13000,Special,,,
,,,,,,,,,,,,,,,,,,,,,,,,,,,,,,,,,,,,,,,,,,,
StumpAxe,,,,,1,0,,sc/decos01_generic.sc,stumpaxe,,1,1,,999,,,,,,TID_DECO_GENERICFARM_DESCRIPTION,TID_DECO_AXESTUMP,,,,,,TapDecorationGeneric,,,,,,TRUE,,,TRUE,,,,,,,
CatStatue,,,,,1,0,,sc/decos02_seasonal.sc,catstatue,,1,1,,999,,,,,,TID_DECO_GENERICFARM_DESCRIPTION,TID_DECO_WITCHCAT,,,,,,TapDecorationGeneric,,,,,,,,,TRUE,,,,,,,
CropsCrate,,,,,1,0,,sc/decos02_seasonal.sc,cropscrate,,1,1,,999,,,,,,TID_DECO_GENERICFARM_DESCRIPTION,TID_DECO_PRODUCECRATES,,,,,,TapDecorationGeneric,,,,,,,TRUE,,,,,,,,,
RakeLeafs,,,,,1,0,,sc/decos02_seasonal.sc,rakeleafs,,1,1,,999,,,,,,TID_DECO_GENERICFARM_DESCRIPTION,TID_DECO_RAKE,,,,,,TapDecorationGeneric,,,,,,,TRUE,,,,,,,,,
LeafPile,,,,,1,0,,sc/decos02_seasonal.sc,leafpile,,1,1,,999,,,,,,TID_DECO_GENERICFARM_DESCRIPTION,TID_DECO_LEAFPILE,,,,,,TapDecorationGeneric,,,,,,TRUE,,,,,,,,,,
BeachSign,,,,,1,0,,sc/decos01_generic.sc,beachsign,,1,1,,999,,,,,,TID_DECO_GENERICFARM_DESCRIPTION,TID_DECO_BEACHSIGN,,,,,,TapDecorationGeneric,,,,,,,,,,,,,FP,,,
CoolerBox,,,,,1,0,,sc/decos01_generic.sc,coolerbox,,1,1,,999,,,,,,TID_DECO_GENERICFARM_DESCRIPTION,TID_DECO_COOLER,,,,,,TapDecorationGeneric,,,,,,,,,,,,,,,,
FishFloater,,,,,1,0,,sc/decos01_generic.sc,fish_floater,,1,1,,999,,,,,,TID_DECO_GENERICFARM_DESCRIPTION,TID_DECO_FISHFLOATIE,,,,,,TapDecorationGeneric,,,,,,,,,,,,,,,,
PlasticWindmill,,,,,1,0,,sc/decos01_generic.sc,plasticwindmiill_blue,,1,1,,999,,,,,,TID_DECO_GENERICFARM_DESCRIPTION,TID_DECO_PINWHEEL,,,,,,TapDecorationGeneric,,,,,,,,,,,,,FP,,,
BirthdayLetterY,,,,,1,0,,sc/decos02_seasonal.sc,birthdayletter_y,,1,1,,999,,,,,,TID_HAYDAY_BIRTHDAYCAKE_DESCRIPTION,TID_DECO_DECOY,,,,,,TapDecorationGeneric,,,,,TRUE,,,,TRUE,,,,Special,,,
BirthdayLetterH,,,,,1,0,,sc/decos02_seasonal.sc,birthdayletter_h,,1,1,,999,,,,,,TID_HAYDAY_BIRTHDAYCAKE_DESCRIPTION,TID_DECO_DECOH,,,,,,TapDecorationGeneric,,,,,TRUE,,,,TRUE,,,,Special,,,
BirthdayLetterD,,,,,1,0,,sc/decos02_seasonal.sc,birthdayletter_d,birthdayletter_d_mirrored,1,1,,999,,,,,,TID_HAYDAY_BIRTHDAYCAKE_DESCRIPTION,TID_DECO_DECOD,,,,,,TapDecorationGeneric,,,,,TRUE,,,,TRUE,,,,Special,,,
BirthdayLetterA,,,,,1,0,,sc/decos02_seasonal.sc,birthdayletter_a,,1,1,,999,,,,,,TID_HAYDAY_BIRTHDAYCAKE_DESCRIPTION,TID_DECO_DECOA,,,,,,TapDecorationGeneric,,,,,TRUE,,,,TRUE,,,,Special,,,
,,,,,,,,,,,,,,,,,,,,,,,,,,,,,,,,,,,,,,,,,,,
GnomeElf,,,,,1,0,,sc/decos02_seasonal.sc,gnome_elf,,1,1,,999,,,,,,TID_DERBY_DECO_DESCRIPTION,TID_DECO_GNOMEELF,,,,,,TapDecorationGeneric,,,,,TRUE,,,,TRUE,,,,Derby,,,
GnomeFirefighter,,,,,1,0,,sc/decos01_generic.sc,gnome_firefighter,,1,1,,999,,,,,,TID_DERBY_DECO_DESCRIPTION,TID_DECO_GNOMEFIREFIGHTER,,,,,,TapDecorationGeneric,,,,,TRUE,,,,TRUE,,,,Derby,,,
GnomeFisherman,,,,,1,0,,sc/decos01_generic.sc,gnome_fisherman,,1,1,,999,,,,,,TID_DERBY_DECO_DESCRIPTION,TID_DECO_GNOMEANGLER,,,,,,TapDecorationGeneric,,,,,TRUE,,,,TRUE,,,,Derby,,,
GnomeFlowergirl,,,,,1,0,,sc/decos01_generic.sc,gnome_flowergirl,,1,1,,999,,,,,,TID_DECO_GENERICFARM_DESCRIPTION,TID_DECO_GNOMEFLOWER,,,,,,TapDecorationGeneric,,,,,TRUE,,,,TRUE,,,,Shop,,,
GnomeMusician,,,,,1,0,,sc/decos01_generic.sc,gnome_musician,,1,1,,999,,,,,,TID_DERBY_DECO_DESCRIPTION,TID_DECO_GNOMEMUSICIAN,,,,,,TapDecorationGeneric,,,,,TRUE,,,,TRUE,,,,Derby,,,
GnomePainter,,,,,1,0,,sc/decos01_generic.sc,gnome_painter,,1,1,,999,,,,,,TID_DECO_GENERICFARM_DESCRIPTION,TID_DECO_GNOMEPAINTER,,,,,,TapDecorationGeneric,,,,,TRUE,,,,TRUE,,,,FP,,,
GnomePolice,,,,,1,0,,sc/decos01_generic.sc,gnome_police,,1,1,,999,,,,,,TID_DERBY_DECO_DESCRIPTION,TID_DECO_GNOMEPOLICE,,,,,,TapDecorationGeneric,,,,,TRUE,,,,TRUE,,,,Derby,,,
GnomeSkier,,,,,1,0,,sc/decos02_seasonal.sc,gnome_skier,,1,1,,999,,,,,,TID_DERBY_DECO_DESCRIPTION,TID_DECO_GNOMESKI,,,,,,TapDecorationGeneric,,,,,TRUE,,,,TRUE,,,,Derby,,,
,,,,,,,,,,,,,,,,,,,,,,,,,,,,,,,,,,,,,,,,,,,
Slope,,,,,1,0,,sc/decos02_seasonal.sc,slope,,2,2,,999,,,,,,TID_DECO_GENERICFARM_DESCRIPTION,TID_DECO_SLOPE,,,,,,TapDecorationGeneric,,,,,TRUE,,,,TRUE,,,,,,,
Icy fishingpond,,,,,1,0,,sc/decos02_seasonal.sc,icefishing_pond,,2,2,,999,,,,,,TID_DECO_GENERICFARM_DESCRIPTION,TID_DECO_ICYFISHPOND,,,,,,TapDecorationGeneric,,,,,TRUE,,,,TRUE,,,,,,,
Gingerbread train,,,,,1,0,,sc/decos02_seasonal.sc,gingerbread_train,,1,2,,999,,,,,,TID_DECO_GENERICFARM_DESCRIPTION,TID_DECO_GINGERTRAIN,,,,,,TapDecorationGeneric,,,,,TRUE,,,,TRUE,,,,FP,,,
Sheep ice sculpture,,,,,1,0,,sc/decos02_seasonal.sc,sheep_icesculpture,,1,1,,999,,,,,,TID_DECO_GENERICFARM_DESCRIPTION,TID_DECO_ICESHEEP,,,,,,TapDecorationGeneric,,,,,TRUE,,,,TRUE,,,,FP,,,
,,,,,,,,,,,,,,,,,,,,,,,,,,,,,,,,,,,,,,,,,,,
Beach toyset,,,,,1,0,,sc/decos01_generic.sc,beach_toyset,,1,1,,999,,,,,,TID_DECO_GENERICFARM_DESCRIPTION,TID_DECO_BEACHTOYS,,,,,,TapDecorationGeneric,,,,,TRUE,,,,TRUE,,,,FP,,,
Scuba gear,,,,,1,0,,sc/decos01_generic.sc,scuba_gear,,1,1,,999,,,,,,TID_DECO_GENERICFARM_DESCRIPTION,TID_DECO_SCUBAGEAR,,,,,,TapDecorationGeneric,,,,,TRUE,,,,TRUE,,,,Expansion,,,
Basketball hoop,,,,,1,0,,sc/decos01_generic.sc,basketball_hoop,,1,1,,999,,,,,,TID_DECO_GENERICFARM_DESCRIPTION,TID_DECO_BASKETBALLHOOP,,,,,,TapDecorationGeneric,,,,,TRUE,,,,TRUE,,,,Expansion,,,
Football goal,,,,,1,0,,sc/decos01_generic.sc,football_goal,,1,2,,999,,,,,,TID_DECO_GENERICFARM_DESCRIPTION,TID_DECO_GOALPOST,,,,,,TapDecorationGeneric,,,,,TRUE,,,,TRUE,,,,Expansion,,,
Potted Acer Palmatum,,,,,1,0,,sc/decos01_generic.sc,potted_acer_palmatum,,1,1,,999,,,,,,TID_DECO_GENERICFARM_DESCRIPTION,TID_DECO_MAPLEBONSAI,,,,,,TapDecorationGeneric,,,,,TRUE,,,,TRUE,,,,Expansion,,,
Potted Bonsai,,,,,1,0,,sc/decos01_generic.sc,potted_bonsai,,1,1,,999,,,,,,TID_DECO_GENERICFARM_DESCRIPTION,TID_DECO_PINEBONSAI,,,,,,TapDecorationGeneric,,,,,TRUE,,,,TRUE,,,,Expansion,,,
Potted Greek plant,,,,,1,0,,sc/decos01_generic.sc,potted_greek_plant,,1,1,,999,,,,,,TID_DECO_GENERICFARM_DESCRIPTION,TID_DECO_COLUMNPOT,,,,,,TapDecorationGeneric,,,,,TRUE,,,,TRUE,,,,Expansion,,,
Potted African plant,,,,,1,0,,sc/decos01_generic.sc,potted_african_plant,,1,1,,999,,,,,,TID_DECO_GENERICFARM_DESCRIPTION,TID_DECO_LARGEPOT,,,,,,TapDecorationGeneric,,,,,TRUE,,,,TRUE,,,,Expansion,,,
Potted Mexican plant,,,,,1,0,,sc/decos01_generic.sc,potted_mexican_plant,,1,1,,999,,,,,,TID_DECO_GENERICFARM_DESCRIPTION,TID_DECO_RUSTICPOT,,,,,,TapDecorationGeneric,,,,,TRUE,,,,TRUE,,,,Expansion,,,
,,,,,,,,,,,,,,,,,,,,,,,,,,,,,,,,,,,,,,,,,,,
CNY Drum,,,,,1,0,,sc/decos02_seasonal.sc,CNY_drum,,1,1,,999,,,,,,TID_DECO_GENERICFARM_DESCRIPTION,TID_DECO_BIGDRUM,,,,,,TapDecorationGeneric,,,,,TRUE,,,,TRUE,,,,Shop,,,
CNY Gong,,,,,1,0,,sc/decos02_seasonal.sc,CNY_gong,,2,2,,999,,,,,,TID_DECO_GENERICFARM_DESCRIPTION,TID_DECO_GONG,,,,,,TapDecorationGeneric,,,,,TRUE,,,,TRUE,,,,Shop,,,
CNY Pig statue,,,,,1,0,,sc/decos02_seasonal.sc,CNY_pigstatue,,2,2,,999,,,,,,TID_DECO_GENERICFARM_DESCRIPTION,TID_DECO_PIGSTATUE,,,,,,TapDecorationGeneric,,,,,TRUE,,,,TRUE,,,,Shop,,,
Fireworks cart,,,,,1,0,,sc/decos02_seasonal.sc,fireworks_cart,,2,2,,999,,,,,,TID_DECO_GENERICFARM_DESCRIPTION,TID_DECO_FIREWORKSCART,,,,,,TapDecorationGeneric,,,,,TRUE,,,,TRUE,,,,,,,
Starballoon arch,,,,,1,0,,sc/decos02_seasonal.sc,starballoon_arch,,2,1,,999,,,,,,TID_DECO_GENERICFARM_DESCRIPTION,TID_DECO_STARRYARCH,,,,,,TapDecorationGeneric,,,,,TRUE,,,,TRUE,,,,Shop,,,
Piano,,,,,1,0,,sc/decos02_seasonal.sc,piano,,2,2,,999,,,,,,TID_DECO_GENERICFARM_DESCRIPTION,TID_DECO_PIANO,,,,,,TapDecorationGeneric,,,,,TRUE,,,,TRUE,,,,Shop,,,
Valentines Bridge,,,,,1,0,,sc/decos02_seasonal.sc,valentines_bridge,,2,2,,999,,,,,,TID_DECO_GENERICFARM_DESCRIPTION,TID_DECO_LOVELYBRIDGE,,,,,,TapDecorationGeneric,,,,Valentines,TRUE,,,,TRUE,,,,Shop,,,
Valentines Wheelbench,,,,,1,0,,sc/decos02_seasonal.sc,valentines_wheelbench,,2,1,,999,,,,,,TID_DECO_GENERICFARM_DESCRIPTION,TID_DECO_LOVELYBENCH,,,,,,TapDecorationGeneric,,,,Valentines,TRUE,,,,TRUE,,,,FP,,,
,,,,,,,,,,,,,,,,,,,,,,,,,,,,,,,,,,,,,,,,,,,
Lollipop Cake,,,,,1,0,,sc/decos02_seasonal.sc,lollipop_cake,,2,2,,999,,,,,,TID_HAYDAY_BIRTHDAYCAKE_DESCRIPTION,TID_DECO_LOLLYCAKE,,,,,,TapDecorationGeneric,,,,,TRUE,,,,TRUE,,,,Special,,,
Veggie Cake,,,,,1,0,,sc/decos02_seasonal.sc,veggie_cake,,2,2,,999,,,,,,TID_HAYDAY_BIRTHDAYCAKE_DESCRIPTION,TID_DECO_VEGGIECAKE,,,,,,TapDecorationGeneric,,,,,TRUE,,,,TRUE,,,,Special,,,
Bird Cake,,,,,1,0,,sc/decos02_seasonal.sc,peacock_cake,,2,2,,999,,,,,,TID_HAYDAY_BIRTHDAYCAKE_DESCRIPTION,TID_DECO_BIRDCAKE,,,,,,TapDecorationGeneric,,,,,TRUE,,,,TRUE,,,,Events,,,
SC ID statue,,,,,1,0,,sc/decos03_features.sc,SCID_statue,,1,1,,999,,,,,,TID_DECO_PIGRIDER_DESCRIPTION,TID_DECO_PIGRIDER,,,,,,TapDecorationGeneric,,,,,TRUE,,,,TRUE,,,,Events,,,
LVL 50 Reward,,,,,1,0,,sc/decos03_features.sc,statue_greg,,1,1,,999,,,,,,TID_DECO_LEVEL50_DESCRIPTION,TID_DECO_LEVEL50,,,,,,TapDecorationGeneric,,,,,TRUE,,,,TRUE,,,,Special,,,
LVL 150 Reward,,,,,1,0,,sc/decos03_features.sc,fountain_duck,,2,2,,999,,,,,,TID_DECO_LEVEL150_DESCRIPTION,TID_DECO_LEVEL150,,,,,,TapDecorationGeneric,,,,,TRUE,,,,TRUE,,,,Special,,,
LVL 200 Reward,,,,,1,0,,sc/decos03_features.sc,painting_pig,,2,1,,999,,,,,,TID_DECO_LEVEL200_DESCRIPTION,TID_DECO_LEVEL200,,,,,,TapDecorationGeneric,,,,,TRUE,,,,TRUE,,,,Special,,,
LVL 250 Reward,,,,,1,0,,sc/decos03_features.sc,puppet_theater,,2,2,,999,,,,,,TID_DECO_LEVEL250_DESCRIPTION,TID_DECO_LEVEL250,,,,,,TapDecorationGeneric,,,,,TRUE,,,,TRUE,,,,Special,,,
LVL 300 Reward,,,,,1,0,,sc/decos03_features.sc,statue_farm,,2,2,,999,,,,,,TID_DECO_LEVEL300_DESCRIPTION,TID_DECO_LEVEL300,,,,,,TapDecorationGeneric,,,,,TRUE,,,,TRUE,,,,Special,,,
Ramadan Table,,,,,1,0,,sc/decos02_seasonal.sc,ramadan_table,,2,2,,999,,,,,,TID_DECO_RAMADAN_DESCRIPTION,TID_DECO_RAMTABLE,,,,,,TapDecorationGeneric,,,,,,,,,TRUE,,,,Events,,,
Ramadan Tent,,,,,1,0,,sc/decos02_seasonal.sc,ramadan_tent,,2,2,,999,,,,,,TID_DECO_RAMADAN_DESCRIPTION,TID_DECO_RAMTENT,,,,,,TapDecorationGeneric,,,,,,,,,TRUE,,,,Shop,,,
Ramadan Fountain,,,,,1,0,,sc/decos02_seasonal.sc,ramadan_fountain,,1,1,,999,,,,,,TID_DECO_RAMADAN_DESCRIPTION,TID_DECO_RAMFOUNTAIN,,,,,,TapDecorationGeneric,,,,,,,,,TRUE,,,,Shop,,,
,,,,,,,,,,,,,,,,,,,,,,,,,,,,,,,,,,,,,,,,,,,
Boardgame trophy Car,,,,,1,0,,sc/decos07_valley.sc,boardgame_trophy_car,,2,2,,999,,,,,,TID_DECO_BOARDGAME_DESCRIPTION,TID_DECO_BOARDGAME_CAR,,,,,,TapDecorationGeneric,,,,,TRUE,,,,TRUE,,,,Valley,,,
Boardgame trophy Balloon,,,,,1,0,,sc/decos07_valley.sc,boardgame_trophy_balloon,,2,2,,999,,,,,,TID_DECO_BOARDGAME_DESCRIPTION,TID_DECO_BOARDGAME_BALLOON,,,,,,TapDecorationGeneric,,,,,TRUE,,,,TRUE,,,,Valley,,,
Boardgame trophy Boat,,,,,1,0,,sc/decos07_valley.sc,boardgame_trophy_boat,,2,2,,999,,,,,,TID_DECO_BOARDGAME_DESCRIPTION,TID_DECO_BOARDGAME_BOAT,,,,,,TapDecorationGeneric,,,,,TRUE,,,,TRUE,,,,Valley,,,
Boardgame trophy Plane,,,,,1,0,,sc/decos07_valley.sc,boardgame_trophy_plane,,2,2,,999,,,,,,TID_DECO_BOARDGAME_DESCRIPTION,TID_DECO_BOARDGAME_PLANE,,,,,,TapDecorationGeneric,,,,,TRUE,,,,TRUE,,,,Valley,,,
Boardgame trophy Train,,,,,1,0,,sc/decos07_valley.sc,boardgame_trophy_train,,2,2,,999,,,,,,TID_DECO_BOARDGAME_DESCRIPTION,TID_DECO_BOARDGAME_TRAIN,,,,,,TapDecorationGeneric,,,,,TRUE,,,,TRUE,,,,Valley,,,
Boardgame trophy Vespa,,,,,1,0,,sc/decos07_valley.sc,boardgame_trophy_vespa,,2,2,,999,,,,,,TID_DECO_BOARDGAME_DESCRIPTION,TID_DECO_BOARDGAME_VESPA,,,,,,TapDecorationGeneric,,,,,TRUE,,,,TRUE,,,,Valley,,,
,,,,,,,,,,,,,,,,,,,,,,,,,,,,,,,,,,,,,,,,,,,
Sun Dial,,,,,1,0,,sc/decos01_generic.sc,sundial,,1,1,,999,,,,,,TID_DERBY_DECO_DESCRIPTION,TID_DECO_DECO_SUNDIAL,,,,,,TapDecorationGeneric,,,,,,,TRUE,,TRUE,,,,Derby,,,
Horseshoe Game,,,,,1,0,,sc/decos03_features.sc,horseshoe_game,,1,1,,999,,,,,,TID_DERBY_DECO_DESCRIPTION,TID_DECO_DERBY_HORSESHOE,,,,,,TapDecorationGeneric,,,,,,,TRUE,,TRUE,,,,Derby,,,
Haybale Guitar,,,,,1,0,,sc/decos01_generic.sc,haybale_guitar,,1,2,,999,,,,,,TID_DERBY_DECO_DESCRIPTION,TID_DECO_DERBY_GUITAR,,,,,,TapDecorationGeneric,,,,,,,TRUE,,TRUE,,,,Derby,,,
Wooden Post,,,,,1,0,,sc/decos03_features.sc,wooden_post,,2,1,,999,,,,,,TID_DERBY_DECO_DESCRIPTION,TID_DECO_DERBY_POST,,,,,,TapDecorationGeneric,,,,,,,TRUE,,TRUE,,,,Derby,,,
Haybale Round,,,,,1,0,,sc/decos01_generic.sc,haybale_round,,2,1,,999,,,,,,TID_DERBY_DECO_DESCRIPTION,TID_DECO_DERBY_HAYBALE,,,,,,TapDecorationGeneric,,,,,,,TRUE,,TRUE,,,,Derby,,,
Wagon,,,,,1,0,,sc/decos03_features.sc,wagon,,2,2,,125,,,15,,,TID_DERBY_DECO_DESCRIPTION,TID_DECO_WAGON,Buy,,,,,TapDecorationGeneric,TRUE,,,,,,TRUE,,TRUE,,,,Derby,,,
Horseshoe Gate,,,,,1,0,,sc/decos03_features.sc,horse_shoe_gate,,1,2,,999,,,,,,TID_DERBY_DECO_DESCRIPTION,TID_DECO_HORSESHOEGATE,,,,,,TapDecorationGeneric,,,,,,,TRUE,,TRUE,,,,Derby,,,
Water Pump,,,,,1,0,,sc/decos01_generic.sc,water_pump,,1,1,,999,,,,,,TID_DERBY_DECO_DESCRIPTION,TID_DECO_WATERPUMP,,,,,,TapDecorationGeneric,,,,,,,TRUE,,TRUE,,,,Derby,,,
Scuba Helmet,,,,,1,0,,sc/decos01_generic.sc,scuba,,1,2,,999,,,,,,TID_DERBY_DECO_DESCRIPTION,TID_DECO_SCUBAHELMET,,,,,,TapDecorationGeneric,,,,,,,TRUE,,TRUE,,,,Derby,,,
Flower Boots,,,,,1,0,,sc/decos01_generic.sc,flower_boots,,1,1,,999,,,,,,TID_DERBY_DECO_DESCRIPTION,TID_DECO_FLOWERBOOTS,,,,,,TapDecorationGeneric,,,,,,,TRUE,,TRUE,,,,Derby,,,
,,,,,,,,,,,,,,,,,,,,,,,,,,,,,,,,,,,,,,,,,,,
Flower Box,,,,,1,0,,sc/decos01_generic.sc,flower_box,,1,1,,999,,,,,,TID_DERBY_DECO_DESCRIPTION,TID_DECO_FLOWERBOX,,TRUE,,,,TapDecorationGeneric,,,,,,,TRUE,,TRUE,,,,Derby,,,
Potting Table,,,,,1,0,,sc/decos01_generic.sc,potting_table,,1,1,,999,,,,,,TID_DECO_GENERICFARM_DESCRIPTION,TID_DECO_POTTINGTABLE,,,,,,TapDecorationGeneric,,,,,,,TRUE,,TRUE,,,,Derby,,,
Potting Ladder,,,,,1,0,,sc/decos01_generic.sc,potting_ladder,,1,1,,999,,,,,,TID_DECO_GENERICFARM_DESCRIPTION,TID_DECO_POTTINGLADDER,,,,,,TapDecorationGeneric,,,,,,,TRUE,,TRUE,,,,Derby,,,
Seeding,,,110,,1,0,,sc/decos01_generic.sc,seeding,,1,2,,999,,,,,,TID_DECO_GENERICFARM_DESCRIPTION,TID_DECO_SEEDING,,,,,,TapDecorationGeneric,,,,,,,TRUE,,TRUE,,,,Derby,,,
Axe Rock,,,,,1,0,,sc/decos01_generic.sc,axe_and_rock,,1,1,,999,,,,,,TID_DERBY_DECO_DESCRIPTION,TID_DECO_AXEROCK,,,,,,TapDecorationGeneric,,,,,,,TRUE,,TRUE,,,,Derby,,,
Trolley,,,,,1,0,,sc/decos01_generic.sc,mine_trolley,,1,1,,999,,,,,,TID_DERBY_DECO_DESCRIPTION,TID_DECO_TROLLEY,,TRUE,,,,TapDecorationGeneric,,,,,,,TRUE,,TRUE,,,,Derby,,,
Miners Lunch,,,,,1,0,,sc/decos01_generic.sc,miners_lunch,,1,2,,999,,,,,,TID_DERBY_DECO_DESCRIPTION,TID_DECO_MINERLUNCH,,,,,,TapDecorationGeneric,,,,,,,TRUE,,TRUE,,,,Derby,,,
,,,,,,,,,,,,,,,,,,,,,,,,,,,,,,,,,,,,,,,,,,,
RainbowFlag,,,,,1,0,,sc/decos01_generic.sc,rainbow_flag,,1,2,,999,,,,,,TID_DECO_GENERICFARM_DESCRIPTION,TID_DECO_RAINBOWFLAG,,,,,,TapDecorationGeneric,,,,,,,TRUE,,TRUE,,,,,,,
,,,,,,,,,,,,,,,,,,,,,,,,,,,,,,,,,,,,,,,,,,,
KangaroPawGrassPink,,,,,1,0,,sc/decos03_features.sc,kangaroo_paw_grass_pink,,1,1,4500,,,,,500,1,TID_SANCTUARYDECO_DESC,TID_DECO_PAWGRASS,Buy,,,,,TapDecorationGeneric,TRUE,,25,,,TRUE,,TRUE,,,Zebra1,,,,,
RedAcacia,,,,,1,0,,sc/decos03_features.sc,red_acacia,,1,1,,,,Voucher2,3,,,TID_SANCTUARYDECO_DESC,TID_DECO_REDACACIA,Buy,,,,,TapDecorationGeneric,TRUE,,25,,,TRUE,,TRUE,,,Zebra1,,,,,
,,,,,,,,,,,,,,,,Voucher1,5,,,,,,,,,,,,,,,,,,,,,,,,,,
RomanGate,,,,,1,0,,sc/decos01_generic.sc,roman_gate,,3,1,,999,,,,,,TID_DERBY_DECO_DESCRIPTION,TID_DECO_FANCYARCH,,,,,,TapDecorationGeneric,,,,,,,TRUE,,TRUE,,,,Derby,,,
Roman fountain,,,,,1,0,,sc/decos01_generic.sc,roman_fountain,,2,1,,999,,,,,,TID_DERBY_DECO_DESCRIPTION,TID_DECO_FANCYFOUNTAIN,,,,,,TapDecorationGeneric,,,,,,,TRUE,,TRUE,,,,Derby,,,
Old tractor,,,,,1,0,,sc/decos01_generic.sc,rusty_tractor,,3,2,,999,,,,,,TID_DERBY_DECO_DESCRIPTION,TID_DECO_BLUETRACTOR,,,,,,TapDecorationGeneric,,,,,,,TRUE,,TRUE,,,,Derby,,,
Bath tub,,,,,1,0,,sc/decos01_generic.sc,bath_tub,,1,2,,999,,,,,,TID_DERBY_DECO_DESCRIPTION,TID_DECO_FLOWERBATHTUB,,,,,,TapDecorationGeneric,,,,,,,TRUE,,TRUE,,,,Derby,,,
Camera obscura,,,,,1,0,,sc/decos01_generic.sc,camera,,1,1,,999,,,,,,TID_DERBY_DECO_DESCRIPTION,TID_DECO_CAMERAOBSCURA,,,,,,TapDecorationGeneric,,,,,,,TRUE,,TRUE,,,,Derby,,,
Phone booth,,,,,1,0,,sc/decos01_generic.sc,phone_booth,,1,1,,999,,,,,,TID_DERBY_DECO_DESCRIPTION,TID_DECO_PHONEBOOTH,,,,,,TapDecorationGeneric,,,,,,,TRUE,,TRUE,,,,Derby,,,
Pumpkin scarecrow,,,,,1,0,,sc/decos02_seasonal.sc,scarecrow,,1,1,,999,,,,,,TID_DECO_HAUNTED_BIRDHOUSE_DESC,TID_DECO_SPOOKYSCARECROW,,,,,,TapDecorationGeneric,,,,Halloween,TRUE,,,,TRUE,,,,Seasonal,,,
RedOatsGrass,,,,,1,0,,sc/decos03_features.sc,red_oats_grass,,1,1,,,,Voucher1,5,,,TID_SANCTUARYDECO_DESC,TID_DECO_REDOATSGRASS,Buy,,,,,TapDecorationGeneric,TRUE,,25,,,TRUE,,TRUE,,,Zebra2,,,,,
,,,,,,,,,,,,,,,,Voucher3,1,,,,,,,,,,,,,,,,,,,,,,,,,,
StarGrass,,,,,1,0,,sc/decos03_features.sc,star_grass,,1,1,4500,,,,,500,1,TID_SANCTUARYDECO_DESC,TID_DECO_STARGRASS,Buy,,,,,TapDecorationGeneric,TRUE,,25,,,TRUE,,TRUE,,,Zebra2,,,,,
HalloweenGrave,,,,,1,0,,sc/decos02_seasonal.sc,pumpkin_grave,,1,2,,999,,,,,,TID_DECO_HAUNTED_BIRDHOUSE_DESC,TID_DECO_HALLOWEENGRAVE,,,,,,TapDecorationGeneric,,,,Halloween,TRUE,,,,TRUE,,,,Seasonal,,,
,,,,,,,,,,,,,,,,,,,,,,,,,,,,,,,,,,,,,,,,,,,
Winter Table,,,,,1,0,,sc/decos02_seasonal.sc,winter_table,,1,2,,999,,,,,,TID_DECO_CHRISTMAS_BELL_DESC,TID_DECO_WINTERTABLE,,,,,,TapDecorationGeneric,,,,Christmas,,,,,TRUE,,,,Seasonal,,,
Music Box,,,,,1,0,,sc/decos02_seasonal.sc,music_box,,1,1,,999,,,,,,TID_DECO_CHRISTMAS_BELL_DESC,TID_DECO_MUSICBOX,,,,,,TapDecorationGeneric,,,,Christmas,,,,,TRUE,,,,Seasonal,,,
Fireplace,,,115,,1,0,,sc/decos02_seasonal.sc,fireplace,,2,2,,999,,,,,,TID_DECO_CHRISTMAS_BELL_DESC,TID_DECO_FIREPLACE,,,,,,TapDecorationGeneric,,,,Christmas,,,,,TRUE,,,,Seasonal,,,
,,,,,,,,,,,,,,,,,,,,,,,,,,,,,,,,,,,,,,,,,,,
Wintersock,,,,,1,0,,sc/decos02_seasonal.sc,wintersock,,1,1,,999,,,,,,TID_DECO_CHRISTMAS_BELL_DESC,TID_DECO_WINTERBOOT,,,,,,TapDecorationGeneric,,,,Christmas,TRUE,,,,TRUE,,,,FP,,,
Frozen Fountain,,,,,1,0,,sc/decos02_seasonal.sc,frozen_fountain,,2,2,,999,,,,,,TID_DECO_CHRISTMAS_BELL_DESC,TID_DECO_FROZENFOUNTAIN,,,,,,TapDecorationGeneric,,,,Christmas,TRUE,,,,TRUE,,,,Seasonal,,,
Organ Grinder,,,,,1,0,,sc/decos02_seasonal.sc,organ_grinder,,2,1,,999,,,,,,TID_DECO_NEWYEAR_BALLOON_DESC,TID_DECO_BARRELORGAN,,,,,,TapDecorationGeneric,,,,NewYear,TRUE,,,,TRUE,,,,FPE,,,
,,,,,,,,,,,,,,,,,,,,,,,,,,,,,,,,,,,,,,,,,,,
China Jadetalisman,,,,,1,0,,sc/decos02_seasonal.sc,china_jadetalisman,,1,1,,999,,,,,,TID_DECO_GENERICFARM_DESCRIPTION,TID_DECO_JADETALISMAN,,,,,,TapDecorationGeneric,,,,ChineseNewYear,,,,,TRUE,,,,Shop,,,
China Pavilion,,,,,1,0,,sc/decos02_seasonal.sc,china_pavilion,,2,2,,999,,,,,,TID_DECO_GENERICFARM_DESCRIPTION,TID_DECO_BAMBOOPAVILION,,,,,,TapDecorationGeneric,,,,ChineseNewYear,,,,,TRUE,,,,FP,,,
China Jadebench,,,,,1,0,,sc/decos02_seasonal.sc,china_jadebench,,2,1,,999,,,,,,TID_DECO_GENERICFARM_DESCRIPTION,TID_DECO_JADEBENCH,,,,,,TapDecorationGeneric,,,,ChineseNewYear,,,,,TRUE,,,,FPE,,,
China JadeLion,,,,,1,0,,sc/decos02_seasonal.sc,china_jade_lion,,1,1,,999,,,,,,TID_DECO_GENERICFARM_DESCRIPTION,TID_DECO_JADELION,,,,,,TapDecorationGeneric,,,,ChineseNewYear,,,,,TRUE,,,,Shop,,,
China Incenseburner,,,,,1,0,,sc/decos02_seasonal.sc,china_incense_burner,,1,1,,999,,,,,,TID_DECO_GENERICFARM_DESCRIPTION,TID_DECO_INCENSEBURNER,,,,,,TapDecorationGeneric,,,,ChineseNewYear,TRUE,,,,TRUE,,,,Events,,,
China Flowerpot,,,,,1,0,,sc/decos02_seasonal.sc,china_flower_pot,,1,1,,999,,,,,,TID_DECO_GENERICFARM_DESCRIPTION,TID_DECO_GOLDVASE,,,,,,TapDecorationGeneric,,,,ChineseNewYear,,,,,TRUE,,,,FP,,,
China Fishfountain,,,,,1,0,,sc/decos02_seasonal.sc,china_fish_fountain,,2,1,,999,,,,,,TID_DECO_GENERICFARM_DESCRIPTION,TID_DECO_FISHFOUNTAIN,,,,,,TapDecorationGeneric,,,,ChineseNewYear,,,,,TRUE,,,,,,,
China DragonBell,,,,,1,0,,sc/decos02_seasonal.sc,china_dragonBell,,2,2,,999,,,,,,TID_DECO_GENERICFARM_DESCRIPTION,TID_DECO_JADEDRAGON,,,,,,TapDecorationGeneric,,,,ChineseNewYear,,,,,TRUE,,,,FP,,,
China Cart,,,,,1,0,,sc/decos02_seasonal.sc,china_cart,,2,1,,999,,,,,,TID_DECO_GENERICFARM_DESCRIPTION,TID_DECO_JADECART,,,,,,TapDecorationGeneric,,,,ChineseNewYear,,,,,TRUE,,,,Shop,,,
China Bamboo,,,,,1,0,,sc/decos02_seasonal.sc,china_bamboo,,1,1,,999,,,,,,TID_DECO_GENERICFARM_DESCRIPTION,TID_DECO_BAMBOOPATCH,,,,,,TapDecorationGeneric,,,,ChineseNewYear,TRUE,TRUE,,,,,,,FP,,,
,,,,,,,,,,,,,,,,,,,,,,,,,,,,,,,,,,,,,,,,,,,
Valley trophy Surfer,,,,,1,0,,sc/decos07_valley.sc,boardgame_trophy_surfer,,1,1,,999,,,,,,TID_DECO_BOARDGAME_DESCRIPTION,TID_DECO_SURFERPIG,,,,,,TapDecorationGeneric,,,,,TRUE,,,,TRUE,,,,Valley,,,
Valley trophy Skier,,,,,1,0,,sc/decos07_valley.sc,boardgame_trophy_skier,,1,1,,999,,,,,,TID_DECO_BOARDGAME_DESCRIPTION,TID_DECO_SKIERSHEEP,,,,,,TapDecorationGeneric,,,,,TRUE,,,,TRUE,,,,Valley,,,
Valley trophy Skater,,,,,1,0,,sc/decos07_valley.sc,boardgame_trophy_skater,,1,1,,999,,,,,,TID_DECO_BOARDGAME_DESCRIPTION,TID_DECO_SKATERSHEEP,,,,,,TapDecorationGeneric,,,,,TRUE,,,,TRUE,,,,Valley,,,
Valley trophy Scuba,,,,,1,0,,sc/decos07_valley.sc,boardgame_trophy_scuba,,1,1,,999,,,,,,TID_DECO_BOARDGAME_DESCRIPTION,TID_DECO_SCUBACHICKEN,,,,,,TapDecorationGeneric,,,,,TRUE,,,,TRUE,,,,Valley,,,
Valley trophy Roller,,,,,1,0,,sc/decos07_valley.sc,boardgame_trophy_roller,,1,1,,999,,,,,,TID_DECO_BOARDGAME_DESCRIPTION,TID_DECO_ROLLERGOAT,,,,,,TapDecorationGeneric,,,,,TRUE,,,,TRUE,,,,Valley,,,
Valley trophy Hiking,,,,,1,0,,sc/decos07_valley.sc,boardgame_trophy_hiking,,1,1,,999,,,,,,TID_DECO_BOARDGAME_DESCRIPTION,TID_DECO_HIKERPIG,,,,,,TapDecorationGeneric,,,,,TRUE,,,,TRUE,,,,Valley,,,
Valley trophy Explorer,,,,,1,0,,sc/decos07_valley.sc,boardgame_trophy_explorer,,1,1,,999,,,,,,TID_DECO_BOARDGAME_DESCRIPTION,TID_DECO_EXPLORERCHICKEN,,,,,,TapDecorationGeneric,,,,,TRUE,,,,TRUE,,,,Valley,,,
Valley trophy Diver,,,,,1,0,,sc/decos07_valley.sc,boardgame_trophy_diver,,1,1,,999,,,,,,TID_DECO_BOARDGAME_DESCRIPTION,TID_DECO_DIVERCHICKEN,,,,,,TapDecorationGeneric,,,,,TRUE,,,,TRUE,,,,Valley,,,
Valley trophy Captain,,,,,1,0,,sc/decos07_valley.sc,boardgame_trophy_captain,,1,1,,999,,,,,,TID_DECO_BOARDGAME_DESCRIPTION,TID_DECO_CAPTAINCOW,,,,,,TapDecorationGeneric,,,,,TRUE,,,,TRUE,,,,Valley,,,
,,,,,,,,,,,,,,,,,,,,,,,,,,,,,,,,,,,,,,,,,,,
Valentine's Roseplanter,,,,,1,0,,sc/decos02_seasonal.sc,valentines_roseplanter,,2,1,,999,,,,,,TID_DECO_GENERICFARM_DESCRIPTION,TID_DECO_ROSE_FOUNTAIN,,,,,,TapDecorationGeneric,,,,Valentines,TRUE,,,,TRUE,,,,Events,,,
Valentine's Gardenbench,,,,,1,0,,sc/decos02_seasonal.sc,valentines_bench,,2,1,,999,,,,,,TID_DECO_GENERICFARM_DESCRIPTION,TID_DECO_HEART_BENCH,,,,,,TapDecorationGeneric,,,,Valentines,TRUE,,,,TRUE,,,,FP,,,
Valentine's Flamingos,,,,,1,0,,sc/decos02_seasonal.sc,valentines_flamingos,,2,2,,999,,,,,,TID_DECO_GENERICFARM_DESCRIPTION,TID_DECO_LOVING_FLAMINGOS,,,,,,TapDecorationGeneric,,,,Valentines,TRUE,,,,TRUE,,,,FP,,,
,,,,,,,,,,,,,,,,,,,,,,,,,,,,,,,,,,,,,,,,,,,
Garden boat,,,,,1,0,,sc/decos02_seasonal.sc,garden_boat,,1,2,,999,,,,,,TID_DECO_GENERICFARM_DESCRIPTION,TID_DECO_GARDEN_BOAT,,,,,,TapDecorationGeneric,,,,,TRUE,,,,TRUE,,,,FP,,,
Garden tent,,,,,1,0,,sc/decos02_seasonal.sc,garden_tent,,2,2,,999,,,,,,TID_DECO_GENERICFARM_DESCRIPTION,TID_DECO_GARDEN_TENT,,,,,,TapDecorationGeneric,,,,,TRUE,,,,TRUE,,,,FP,,,
Garden lantern,,,,,1,0,,sc/decos02_seasonal.sc,garden_lantern,,1,1,,999,,,,,,TID_DECO_GENERICFARM_DESCRIPTION,TID_DECO_GARDEN_LANTERN,,,,,,TapDecorationGeneric,,,,,TRUE,,,,TRUE,,,,FP,,,
,,,,,,,,,,,,,,,,,,,,,,,,,,,,,,,,,,,,,,,,,,,
10th Anniversary,,,,,1,0,,sc/decos01_generic.sc,anniversary_statue,,2,2,,999,,,,,,TID_DECO_SC10THBIRTHDAY_DESC,TID_DECO_SC10THBIRTHDAY,,,,,,TapDecorationGeneric,,,,,TRUE,,,,TRUE,,,,Special,,,
,,,,,,,,,,,,,,,,,,,,,,,,,,,,,,,,,,,,,,,,,,,
Bunny Topiary,,,,,1,0,,sc/decos02_seasonal.sc,bunny_topiary,,1,1,,999,,,,,,TID_DECO_EASTER_DESCRIPTION,TID_DECO_EASTERTOPIARY,,,,,,TapDecorationGeneric,,,,,TRUE,,,,TRUE,,,,FP,,,
Bunny Gnome,,,,,1,0,,sc/decos02_seasonal.sc,bunny_gnome,,2,1,,999,,,,,,TID_DECO_EASTER_DESCRIPTION,TID_DECO_BUNNYGNOME,,,,,,TapDecorationGeneric,,,,,TRUE,,,,TRUE,,,,FP,,,
Easter Surprise,,,,,1,0,,sc/decos02_seasonal.sc,easter_surprise,,2,2,,999,,,,,,TID_DECO_EASTER_DESCRIPTION,TID_DECO_EASTERSURPRISE,,,,,,TapDecorationGeneric,,,,,TRUE,,,,TRUE,,,,Events,,,
Bunny Trampoline,,,130,,1,0,,sc/decos02_seasonal.sc,bunny_trampoline,,2,2,,999,,,,,,TID_DECO_EASTER_DESCRIPTION,TID_DECO_HOPPINGBUNNY,,,,,,TapDecorationGeneric,,,,,TRUE,,,,TRUE,,,,FPE,,,
,,,,,,,,,,,,,,,,,,,,,,,,,,,,,,,,,,,,,,,,,,,
BalloonSheep,,,,,1,0,,sc/decos02_seasonal.sc,balloon_sheep,,1,1,,999,,,,,,TID_DECO_GENERICFARM_DESCRIPTION,TID_DECO_SHEEPBALLOON,,,,,,TapDecorationGeneric,,,,,TRUE,,,,TRUE,,,,FP,,,
Birthday Bench,,,,,1,0,,sc/decos02_seasonal.sc,birthday_bench,,2,1,,999,,,,,,TID_DECO_GENERICFARM_DESCRIPTION,TID_DECO_BIRTHDAYBENCH,,,,,,TapDecorationGeneric,,,,,TRUE,,,,TRUE,,,,Events,,,
Birthday Gift Tent,,,,,1,0,,sc/decos02_seasonal.sc,birthday_gift_tent,,2,2,,999,,,,,,TID_DECO_GENERICFARM_DESCRIPTION,TID_DECO_BIRTHDAYTENT,,,,,,TapDecorationGeneric,,,,,TRUE,,,,TRUE,,,,,,,
Butterflyballoon Flowerbed,,,,,1,0,,sc/decos02_seasonal.sc,butterflyballoon_flowerbed,,2,1,,999,,,,,,TID_DECO_GENERICFARM_DESCRIPTION,TID_DECO_BUTTERFLYBALLOONS,,,,,,TapDecorationGeneric,,,,,TRUE,,,,TRUE,,,,FP,,,
,,,,,,,,,,,,,,,,,,,,,,,,,,,,,,,,,,,,,,,,,,,
PopPromo,,,,,1,0,,sc/decos03_features.sc,pop_deco,,1,1,,999,,,,,,TID_DECO_POP_PROMO,TID_DECO_POP_PROMO_DESCRIPTION,,,,,,TapDecorationGeneric,,,,,TRUE,,,,TRUE,,,,Special,,,
,,,,,,,,,,,,,,,,,,,,,,,,,,,,,,,,,,,,,,,,,,,
Shipwreck Boat,,,,,1,0,,sc/decos02_seasonal.sc,shipwreck_boat,,2,2,,999,,,,,,TID_DECO_GENERICFARM_DESCRIPTION,TID_DECO_SHIPWRECK,,,,,,TapDecorationGeneric,,,,,TRUE,,,,TRUE,,,,FP,,,
Wavy Bush,,,,,1,0,,sc/decos02_seasonal.sc,wavy_bush,,1,2,,999,,,,,,TID_DECO_GENERICFARM_DESCRIPTION,TID_DECO_WAVY_BUSH,,,,,,TapDecorationGeneric,,,,,TRUE,,,,TRUE,,,,FP,,,
Hammock,,,,,1,0,,sc/decos01_generic.sc,hammock,,1,2,,999,,,,,,TID_DECO_GENERICFARM_DESCRIPTION,TID_DECO_HAMMOCK,,,,,,TapDecorationGeneric,,,,,TRUE,,,,TRUE,,,,FP,,,
Fish Fence,,,,,1,0,,sc/decos02_seasonal.sc,fish_fence,,1,2,,999,,,,,,TID_DECO_GENERICFARM_DESCRIPTION,TID_DECO_FISH_FENCE,,,,,,TapDecorationGeneric,,,,,TRUE,,,,TRUE,,,,FP,,,
Pine Cone Basket,,,,,1,0,,sc/decos02_seasonal.sc,pine_cone_basket,,1,1,,999,,,,,,TID_DECO_GENERICFARM_DESCRIPTION,TID_DECO_PINECONES,,,,,,TapDecorationGeneric,,,,,TRUE,,,,TRUE,,,,FP,,,
,,,,,,,,,,,,,,,,,,,,,,,,,,,,,,,,,,,,,,,,,,,
Sanctuary Fountain,,,,,1,0,,sc/decos03_features.sc,sanctuary_fountain,,2,2,4500,,,,,500,1,TID_SANCTUARYDECO_DESC,TID_DECO_WATERING_HOLE,Buy,,,,,TapDecorationGeneric,TRUE,,25,,,TRUE,,TRUE,,,ZebraCalf1,,,,,
Grass Patch,,,,,1,0,,sc/decos03_features.sc,grass_patch,,1,1,,,,Voucher1,5,,,TID_SANCTUARYDECO_DESC,TID_DECO_SAVANNAH_GRASS,Buy,,,,,TapDecorationGeneric,TRUE,,25,,,TRUE,,TRUE,,,ZebraCalf1,,,,,
,,,,,,,,,,,,,,,,Voucher3,1,,,,,,,,,,,,,,,,,,,,,,,,,,
Joshua Tree,,,,,1,0,,sc/decos03_features.sc,joshua_tree,,1,1,4500,,,,,500,1,TID_SANCTUARYDECO_DESC,TID_DECO_JOSHUA_TREE,Buy,,,,,TapDecorationGeneric,TRUE,,25,,,TRUE,,TRUE,,,ZebraCalf2,,,,,
Pineapple Lilies,,,,,1,0,,sc/decos03_features.sc,pineapple_lilies,,1,1,,,,Voucher2,3,,,TID_SANCTUARYDECO_DESC,TID_DECO_PINEAPPLE_LILY,Buy,,,,,TapDecorationGeneric,TRUE,,25,,,TRUE,,TRUE,,,ZebraCalf2,,,,,
,,,,,,,,,,,,,,,,Voucher1,5,,,,,,,,,,,,,,,,,,,,,,,,,,
,,,,,,,,,,,,,,,,,,,,,,,,,,,,,,,,,,,,,,,,,,,
Pumpkin Carving Table,,,,,1,0,,sc/decos02_seasonal.sc,pumpkin_carving_table,,2,2,,999,,,,,,TID_DECO_GENERICFARM_DESCRIPTION,TID_DECO_FALLTABLE,,,,,,TapDecorationGeneric,,,,,TRUE,,,,TRUE,,,,FP,,,
Autumn Rocking Chair,,,,,1,0,,sc/decos02_seasonal.sc,autumn_rockingchair,,1,2,,999,,,,,,TID_DECO_GENERICFARM_DESCRIPTION,TID_DECO_ROCKINGCHAIR,,,,,,TapDecorationGeneric,,,,,TRUE,,,,TRUE,,,,FP,,,
,,,,,,,,,,,,,,,,,,,,,,,,,,,,,,,,,,,,,,,,,,,
,,,,,,,,,,,,,,,,,,,,,,,,,,,,,,,,,,,,,,,,,,,
Altar,,,,,1,0,,sc/decos02_seasonal.sc,halloween_altar,,2,2,,999,,,,,,TID_DECO_HAUNTED_BIRDHOUSE_DESC,TID_DECO_HALLOWEENALTAR,,,,,,TapDecorationGeneric,,,,Halloween,TRUE,,,,TRUE,,,,FP,,,
Broomsticks,,,,,1,0,,sc/decos02_seasonal.sc,halloween_broomsticks,,2,1,,999,,,,,,TID_DECO_HAUNTED_BIRDHOUSE_DESC,TID_DECO_BROOMSTICKS,,,,,,TapDecorationGeneric,,,,Halloween,TRUE,,,,TRUE,,,,Shop,,,
Cauldron,,,,,1,0,,sc/decos02_seasonal.sc,halloween_cauldron_event,,1,1,,999,,,,,,TID_DECO_HAUNTED_BIRDHOUSE_DESC,TID_DECO_BUBBLINGCAULDRON,,,,,,TapDecorationGeneric,,,,Halloween,TRUE,,,,TRUE,,,,FP,,,
,,,,,,,,,,,,,,,,,,,,,,,,,,,,,,,,,,,,,,,,,,,
Valley trophy Liberty,,,,,1,0,,sc/decos07_valley.sc,valley_usa_liberty,,1,1,,999,,,,,,TID_DECO_BOARDGAME_DESCRIPTION,TID_DECO_USALIBERTY,,,,,,TapDecorationGeneric,,,,,TRUE,,,,TRUE,,,,Valley,,,
Valley trophy Thai Elephant,,,,,1,0,,sc/decos07_valley.sc,valley_thai_elephant,,1,1,,999,,,,,,TID_DECO_BOARDGAME_DESCRIPTION,TID_DECO_GOLDELEPHANT,,,,,,TapDecorationGeneric,,,,,TRUE,,,,TRUE,,,,Valley,,,
Valley trophy Pretzel Cow,,,,,1,0,,sc/decos07_valley.sc,valley_germany_cow,,1,1,,999,,,,,,TID_DECO_BOARDGAME_DESCRIPTION,TID_DECO_PRETZELCOW,,,,,,TapDecorationGeneric,,,,,TRUE,,,,TRUE,,,,Valley,,,
,,,,,,,,,,,,,,,,,,,,,,,,,,,,,,,,,,,,,,,,,,,
Tall Aloe Ferox,,,,,1,0,,sc/decos03_features.sc,tall_aloe_ferox,,1,1,4500,,,,,500,1,TID_SANCTUARYDECO_DESC,TID_DECO_TALL_ALOE_FEROX,Buy,,,,,TapDecorationGeneric,TRUE,,25,,,TRUE,,TRUE,,,Gorilla1,,,,,
Saint Paulia,,,,,1,0,,sc/decos03_features.sc,saintpaulia,,1,1,,,,Voucher1,5,,,TID_SANCTUARYDECO_DESC,TID_DECO_SAINTPAULIA,Buy,,,,,TapDecorationGeneric,TRUE,,25,,,TRUE,,TRUE,,,Gorilla1,,,,,
,,,,,,,,,,,,,,,,Voucher3,1,,,,,,,,,,,,,,,,,,,,,,,,,,
African Lily,,,,,1,0,,sc/decos03_features.sc,african_lily,,1,1,4500,,,,,500,1,TID_SANCTUARYDECO_DESC,TID_DECO_AFRICAN_LILY,Buy,,,,,TapDecorationGeneric,TRUE,,25,,,TRUE,,TRUE,,,Gorilla2,,,,,
Pincushion Shrubs,,,,,1,0,,sc/decos03_features.sc,pincushion_shrubs,,1,1,,,,Voucher2,3,,,TID_SANCTUARYDECO_DESC,TID_DECO_PINCUSHION_SHRUBS,Buy,,,,,TapDecorationGeneric,TRUE,,25,,,TRUE,,TRUE,,,Gorilla2,,,,,
,,,,,,,,,,,,,,,,Voucher1,5,,,,,,,,,,,,,,,,,,,,,,,,,,
Snow Bunny,,,,,1,0,,sc/decos02_seasonal.sc,snowbunny,,1,1,,999,,,,,,TID_DECO_CHRISTMAS_BELL_DESC,TID_DECO_SNOWBUNNY,,,,,,TapDecorationGeneric,,,,Christmas,TRUE,,,,TRUE,,,,Events,,,
WonderTree,,,,,1,0,,sc/decos03_features.sc,wonder_tree,,2,2,,999,,,,,,TID_DECO_KARIBATREE_DESC,TID_DECO_KARIBATREE,,,,,,TapDecorationGeneric,,,,,TRUE,TRUE,,,,,,,Special,,,
Santas Clothes,,,,,1,0,,sc/decos02_seasonal.sc,santas_clothes,,1,2,,999,,,,,,TID_DECO_CHRISTMAS_BELL_DESC,TID_DECO_JOLLYCLOTHES,,,,,,TapDecorationGeneric,,,,Christmas,TRUE,,,,TRUE,,,,FP,,,
Santas Greeting Point,,,,,1,0,,sc/decos02_seasonal.sc,santas_greeting_point,,2,2,,999,,,,,,TID_DECO_CHRISTMAS_BELL_DESC,TID_DECO_JOLLYCORNER,,,,,,TapDecorationGeneric,,,,Christmas,TRUE,,,,TRUE,,,,FP,,,
Winter ornaments,,,,,1,0,,sc/decos02_seasonal.sc,winter_ornaments,,1,1,,999,,,,,,TID_DECO_CHRISTMAS_BELL_DESC,TID_DECO_WINTERORNAMENTS,,,,,,TapDecorationGeneric,,,,Christmas,TRUE,,,,TRUE,,,,Shop,,,
Star Table,,,,,1,0,,sc/decos02_seasonal.sc,startable,,1,2,,999,,,,,,TID_DECO_CHRISTMAS_BELL_DESC,TID_DECO_STARTABLE,,,,,,TapDecorationGeneric,,,,Christmas,TRUE,,,,TRUE,,,,Events,,,
Fireworks Podium,,,115,,1,0,,sc/decos02_seasonal.sc,fireworks_podium,,2,2,,999,,,,,,TID_DECO_CHRISTMAS_BELL_DESC,TID_DECO_STARFOUNTAIN,,,,,,TapDecorationGeneric,,,,Christmas,TRUE,,,,TRUE,,,,Shop,,,
Star Bench and Lamp,,,,,1,0,,sc/decos02_seasonal.sc,starbench_with_lantern,,1,2,,999,,,,,,TID_DECO_CHRISTMAS_BELL_DESC,TID_DECO_STARBENCH,,,,,,TapDecorationGeneric,,,,Christmas,TRUE,,,,TRUE,,,,Shop,,,
,,,,,,,,,,,,,,,,,,,,,,,,,,,,,,,,,,,,,,,,,,,
Valentine's Rose tree,,,,,1,0,,sc/decos02_seasonal.sc,valentines_rose_tree,,1,1,,999,,,,,,TID_DECO_GENERICFARM_DESCRIPTION,TID_DECO_ROSE_TREE,,,,,,TapDecorationGeneric,,,,Valentines,TRUE,,,,TRUE,,,,FP,,,
Flower Carriage,,,,,1,0,,sc/decos02_seasonal.sc,flower_carriage,,2,2,,999,,,,,,TID_DECO_GENERICFARM_DESCRIPTION,TID_DECO_PIGSIGN,,,,,,TapDecorationGeneric,,,,,TRUE,,,,TRUE,,,,FPE,,,
Haybale Chicken,,,110,,1,0,,sc/decos02_seasonal.sc,haybale_chicken,,2,2,,999,,,,,,TID_DECO_GENERICFARM_DESCRIPTION,TID_DECO_HAYSTACK,,,,,,TapDecorationGeneric,,,,,TRUE,,,,TRUE,,,,FP,,,
Haybale Bench,,,,,1,0,,sc/decos02_seasonal.sc,haybale_bench,,1,2,,999,,,,,,TID_DECO_GENERICFARM_DESCRIPTION,TID_DECO_HAYBENCH,,,,,,TapDecorationGeneric,,,,,TRUE,,,,TRUE,,,,FP,,,
,,,,,,,,,,,,,,,,,,,,,,,,,,,,,,,,,,,,,,,,,,,
Valley trophy Moose sheep,,,,,1,0,,sc/decos07_valley.sc,valley_canada_happysheep,,1,1,,999,,,,,,TID_DECO_BOARDGAME_DESCRIPTION,TID_DECO_MOOSESHEEP,,,,,,TapDecorationGeneric,,,,,TRUE,,,,TRUE,,,,Valley,,,
Valley trophy Pig tower,,,,,1,0,,sc/decos07_valley.sc,valley_italy_tower,,1,1,,999,,,,,,TID_DECO_BOARDGAME_DESCRIPTION,TID_DECO_PIGTOWER,,,,,,TapDecorationGeneric,,,,,TRUE,,,,TRUE,,,,Valley,,,
Valley trophy Performer goat,,,,,1,0,,sc/decos07_valley.sc,valley_japan_performer,,1,1,,999,,,,,,TID_DECO_BOARDGAME_DESCRIPTION,TID_DECO_PERFORMERGOAT,,,,,,TapDecorationGeneric,,,,,TRUE,,,,TRUE,,,,Valley,,,
Valley trophy Desert dog,,,,,1,0,,sc/decos07_valley.sc,valley_egypt_dog,,2,1,,999,,,,,,TID_DECO_BOARDGAME_DESCRIPTION,TID_DECO_DESERTDOG,,,,,,TapDecorationGeneric,,,,,TRUE,,,,TRUE,,,,Valley,,,
,,,,,,,,,,,,,,,,,,,,,,,,,,,,,,,,,,,,,,,,,,,
Bee Flowers,,,90,,1,0,,sc/decos02_seasonal.sc,bee_flowers,,1,1,,999,,,,,,TID_DECO_GENERICFARM_DESCRIPTION,TID_DECO_BEEFLOWER,,TRUE,,,,TapDecorationGeneric,,,,,TRUE,TRUE,,,,,,,FP,,,
Bee Lights,,,,,1,0,,sc/decos02_seasonal.sc,bee_lights_archway,,2,1,,999,,,,,,TID_DECO_GENERICFARM_DESCRIPTION,TID_DECO_BEELIGHTS,,,,,,TapDecorationGeneric,,,,,TRUE,,,,TRUE,,,,Shop,,,
Chick Pool,,,130,,1,0,,sc/decos02_seasonal.sc,chick_pool,,2,2,,999,,,,,,TID_DECO_GENERICFARM_DESCRIPTION,TID_DECO_CHICKPOOL,,,,,,TapDecorationGeneric,,,,,TRUE,,,,TRUE,,,,FP,,,
,,,,,,,,,,,,,,,,,,,,,,,,,,,,,,,,,,,,,,,,,,,
Crescent Lantern,,,,,1,0,,sc/decos02_seasonal.sc,crescent_lantern,,1,1,,999,,,,,,TID_DECO_RAMADAN_DESCRIPTION,TID_DECO_CRESCENT_LANTERN,,,,,,TapDecorationGeneric,,,,,TRUE,,,,TRUE,,,,Shop,,,
Crescent Arch,,,,,1,0,,sc/decos02_seasonal.sc,crescent_arch,,2,1,,999,,,,,,TID_DECO_RAMADAN_DESCRIPTION,TID_DECO_CRESCENT_ARCH,,,,,,TapDecorationGeneric,,,,,TRUE,,,,TRUE,,,,Shop,,,
Crescent Fountain,,,120,,1,0,,sc/decos02_seasonal.sc,crescent_fountain,,2,2,,999,,,,,,TID_DECO_RAMADAN_DESCRIPTION,TID_DECO_CRESCENT_FOUNTAIN,,,,,,TapDecorationGeneric,,,,,TRUE,,,,TRUE,,,,Shop,,,
,,,,,,,,,,,,,,,,,,,,,,,,,,,,,,,,,,,,,,,,,,,
Downy Birch,,,,,1,0,,sc/decos03_features.sc,downy_birch,,1,1,4500,,,,,500,1,TID_SANCTUARYDECO_DESC,TID_DECO_DOWNY_BIRCH,Buy,,,,,TapDecorationGeneric,TRUE,,25,,,TRUE,,TRUE,,,Reindeer2,,,,,
Lichen,,,,,1,0,,sc/decos03_features.sc,lichen,,1,1,,,,Voucher1,5,,,TID_SANCTUARYDECO_DESC,TID_DECO_LICHEN,Buy,,,,,TapDecorationGeneric,TRUE,,25,,,TRUE,,TRUE,,,Reindeer1,,,,,
,,,,,,,,,,,,,,,,Voucher3,1,,,,,,,,,,,,,,,,,,,,,,,,,,
,,,,,,,,,,,,,,,,,,,,,,,,,,,,,,,,,,,,,,,,,,,
Badminton Tree,,,,,1,0,,sc/decos03_features.sc,badmintontree,,1,1,4500,,,,,500,1,TID_SANCTUARYDECO_DESC,TID_DECO_BADMINTONTREE,Buy,,,,,TapDecorationGeneric,TRUE,,25,,,TRUE,,TRUE,,,GorillaCalf1,,,,,
Snake Plant,,,,,1,0,,sc/decos03_features.sc,snakeplant,,1,1,,,,Voucher2,3,,,TID_SANCTUARYDECO_DESC,TID_DECO_SNAKEPLANT,Buy,,,,,TapDecorationGeneric,TRUE,,25,,,TRUE,,TRUE,,,GorillaCalf2,,,,,
,,,,,,,,,,,,,,,,Voucher1,5,,,,,,,,,,,,,,,,,,,,,,,,,,
,,,,,,,,,,,,,,,,,,,,,,,,,,,,,,,,,,,,,,,,,,,
Painted Rocks,,,,,1,0,,sc/decos03_features.sc,painted_rocks,,1,1,,999,,,,,,TID_DERBY_DECO_DESCRIPTION,TID_DECO_PAINTEDROCKS,,,,,,TapDecorationGeneric,,,,,TRUE,,TRUE,,,TRUE,,,Derby,,,
Derby Scarecrow,,,,,1,0,,sc/decos03_features.sc,derby_scarecrow,,1,1,,999,,,,,,TID_DERBY_DECO_DESCRIPTION,TID_DECO_JOCKEYSCARECROW,,,,,,TapDecorationGeneric,,,,,TRUE,,TRUE,,TRUE,TRUE,,,Derby,,,
Barrel Horse,,,,,1,0,,sc/decos03_features.sc,barrel_horse,,2,1,,999,,,,,,TID_DERBY_DECO_DESCRIPTION,TID_DECO_BARRELHORSE,,,,,,TapDecorationGeneric,,,,,TRUE,,TRUE,,TRUE,TRUE,,,Derby,,,
Derby Pavilion,,,,,1,0,,sc/decos03_features.sc,derby_pavilion,,2,2,,999,,,,,,TID_DERBY_DECO_DESCRIPTION,TID_DECO_BLUEPAVILION,,,,,,TapDecorationGeneric,,,,,TRUE,,TRUE,,,TRUE,,,Derby,,,
,,,,,,,,,,,,,,,,,,,,,,,,,,,,,,,,,,,,,,,,,,,
Rustic Planter,,,,,1,0,,sc/decos02_seasonal.sc,rustic_planter,,2,1,,999,,,,,,TID_DECO_GENERICFARM_DESCRIPTION,TID_DECO_RUSTICPLANTER,,,,,,TapDecorationGeneric,,,,,TRUE,,TRUE,,,TRUE,,,FP,,,
Rustic Birdhouse,,,,,1,0,,sc/decos02_seasonal.sc,rustic_birdhouse,,2,2,,999,,,,,,TID_DECO_GENERICFARM_DESCRIPTION,TID_DECO_RUSTICBIRDHOUSE,,,,,,TapDecorationGeneric,,,,,TRUE,,TRUE,,,TRUE,,,FP,,,
Rustic Hose,,,85,,1,0,,sc/decos02_seasonal.sc,rustic_hose,,1,1,,999,,,,,,TID_DECO_GENERICFARM_DESCRIPTION,TID_DECO_RUSTICHOSE,,,,,,TapDecorationGeneric,,,,,TRUE,,TRUE,,,TRUE,,,FP,,,
,,,,,,,,,,,,,,,,,,,,,,,,,,,,,,,,,,,,,,,,,,,
Beach Hut,,,,,1,0,,sc/decos01_generic.sc,beach_hut,,1,2,,999,,,,,,TID_DECO_GENERICFARM_DESCRIPTION,TID_DECO_BEACHHUT,,,,,,TapDecorationGeneric,,,,,TRUE,,TRUE,,,TRUE,,,FPE,,,
,,,,,,,,,,,,,,,,,,,,,,,,,,,,,,,,,,,,,,,,,,,
Rainbow Cake,,,,,1,0,,sc/decos02_seasonal.sc,rainbow_cake,,1,1,,999,,,,,,TID_DECO_GENERICFARM_DESCRIPTION,TID_DECO_DISCOCAKE,,,,,,TapDecorationGeneric,,,,,TRUE,,,,TRUE,,,,FPE,,,
,,,,,,,,,,,,,,,,,,,,,,,,,,,,,,,,,,,,,,,,,,,
Hot Air Balloon,,,,,1,0,,sc/decos01_generic.sc,hot_air_balloon,,2,2,,999,,,,,,TID_DECO_GENERICFARM_DESCRIPTION,TID_DECO_HOTAIRBALLOON,,,,,,TapDecorationGeneric,,,,,TRUE,,,,TRUE,,,,FP,,,
T-Ford,,,,,1,0,,sc/decos01_generic.sc,t_ford,,1,2,,249,,,,,,TID_DECO_GENERICFARM_DESCRIPTION,TID_DECO_CLASSICCAR,Buy,,,,,TapDecorationGeneric,TRUE,,250,,TRUE,,,,TRUE,,,,Shop,,,
Kite Stand,,,,,1,0,,sc/decos01_generic.sc,kitestand,,2,2,,999,,,,,,TID_DECO_GENERICFARM_DESCRIPTION,TID_DECO_KITESTAND,,,,,,TapDecorationGeneric,,,,,TRUE,,,,TRUE,,,,FP,,,
,,,,,,,,,,,,,,,,,,,,,,,,,,,,,,,,,,,,,,,,,,,
Chick Balloon,,,,,1,0,,sc/decos01_generic.sc,balloon_chick,,1,1,,999,,,,,,TID_DECO_GENERICFARM_DESCRIPTION,TID_DECO_CHICKBALLOON,,,,,,TapDecorationGeneric,,,,,TRUE,,,,TRUE,,,,FP,,,
,,,,,,,,,,,,,,,,,,,,,,,,,,,,,,,,,,,,,,,,,,,
Party Bubbles,,,,,1,0,,sc/decos02_seasonal.sc,party_bubbles,,2,1,,999,,,,,,TID_DECO_DESC_UNIQUE,TID_DECO_PARTY_BUBBLES,,,,,,TapDecorationGeneric,,,,,TRUE,,,,TRUE,,,,Special,,,
Party Stage,,,,,1,0,,sc/decos02_seasonal.sc,party_stage,,2,2,,999,,,,,,TID_DECO_DESC_UNIQUE,TID_DECO_PARTY_STAGE,,,,,,TapDecorationGeneric,,,,,TRUE,,,,TRUE,,,,Special,,,
,,,,,,,,,,,,,,,,,,,,,,,,,,,,,,,,,,,,,,,,,,,
Valley trophy Brazil Statue,,,,,1,0,,sc/decos07_valley.sc,valley_brazilstatue,,2,2,,999,,,,,,TID_DECO_GENERICFARM_DESCRIPTION,TID_DECO_BRAZILSTATUE,,,,,,TapDecorationGeneric,,,,,TRUE,,,,TRUE,,,,Valley,,,
Valley trophy France Tower,,,,,1,0,,sc/decos07_valley.sc,valley_francetower,,2,2,,999,,,,,,TID_DECO_BOARDGAME_DESCRIPTION,TID_DECO_FRANCETOWER,,,,,,TapDecorationGeneric,,,,,TRUE,,,,TRUE,,,,Valley,,,
Valley trophy UK Crown,,,,,1,0,,sc/decos07_valley.sc,valley_ukcrown,,1,1,,999,,,,,,TID_DECO_BOARDGAME_DESCRIPTION,TID_DECO_UKCROWN,,,,,,TapDecorationGeneric,,,,,TRUE,,,,TRUE,,,,Valley,,,
,,,,,,,,,,,,,,,,,,,,,,,,,,,,,,,,,,,,,,,,,,,
Alpine Flower,,,,,1,0,,sc/decos03_features.sc,alpine_flower,,1,1,4500,,,,,500,1,TID_SANCTUARYDECO_DESC,TID_DECO_ALPINEFLOWERS,Buy,,,,,TapDecorationGeneric,TRUE,,25,,,TRUE,,TRUE,,,ReindeerCalf1,,,,,
Alpine River,,,,,1,0,,sc/decos03_features.sc,alpine_river,,1,2,,,,Voucher1,5,,,TID_SANCTUARYDECO_DESC,TID_DECO_ALPINEPOND,Buy,,,,,TapDecorationGeneric,TRUE,,25,,,TRUE,,TRUE,,,ReindeerCalf2,,,,,
,,,,,,,,,,,,,,,,Voucher3,1,,,,,,,,,,,,,,,,,,,,,,,,,,
Sunflower Tower,,,,,1,0,,sc/decos03_features.sc,sunflower_tower,,1,1,,999,,,,,,TID_DECO_GENERICFARM_DESCRIPTION,TID_DECO_WATERTOWER,,,,,,TapDecorationGeneric,,,,,TRUE,,,,TRUE,,,,Expansion,,,
Luggage Cart,,,,,1,0,,sc/decos03_features.sc,luggage_cart,,1,2,,999,,,,,,TID_DECO_GENERICFARM_DESCRIPTION,TID_DECO_LUGGAGECART,,,,,,TapDecorationGeneric,,,,,TRUE,,,,TRUE,,,,Expansion,,,
Checkers Game,,,,,1,0,,sc/decos03_features.sc,checkers_game,,2,2,,999,,,,,,TID_DECO_GENERICFARM_DESCRIPTION,TID_DECO_COZYBLANKET,,,,,,TapDecorationGeneric,,,,,TRUE,,,,TRUE,,,,Expansion,,,
Spanish Flowers,,,,,1,0,,sc/decos03_features.sc,spanish_flowers,,2,2,,999,,,,,,TID_DECO_GENERICFARM_DESCRIPTION,TID_DECO_COLORFULFLOWERS,,TRUE,,,,TapDecorationGeneric,,,,,TRUE,,,,TRUE,,,,Expansion,,,
Butterfly Statue,,,,,1,0,,sc/decos03_features.sc,butterfly_statue,,2,2,,999,,,,,,TID_DECO_GENERICFARM_DESCRIPTION,TID_DECO_BUTTERFLYPOND,,TRUE,,,,TapDecorationGeneric,,,,,TRUE,,,,TRUE,,,,Expansion,,,
,,,,,,,,,,,,,,,,,,,,,,,,,,,,,,,,,,,,,,,,,,,
Accessory Testing,,,,,1,0,,sc/decos06_farmpass.sc,fp_accessorytesting,,2,2,,999,,,,,,TID_DECO_GENERICFARM_DESCRIPTION,TID_DECO_FITTINGROOM,,,,,,TapDecorationGeneric,,,,,TRUE,,,,TRUE,,,,FPE,,,
Potted Cactai,,,,,1,0,,sc/decos06_farmpass.sc,fp_pottedcacti,,1,1,,999,,,,,,TID_DECO_GENERICFARM_DESCRIPTION,TID_DECO_POTTEDSUCCULENTS,,,,,,TapDecorationGeneric,,,,,TRUE,,,,TRUE,,,,FPE,,,
Treehouse,,,,,1,0,,sc/decos06_farmpass.sc,fp_treehouse,,2,2,,999,,,,,,TID_DECO_GENERICFARM_DESCRIPTION,TID_DECO_TREEHOUSE,,,,,,TapDecorationGeneric,,,,,TRUE,,,,TRUE,,,,FPE,,,
Pumpkin Chicks,,,110,,1,0,,sc/decos06_farmpass.sc,fp_pumpkinchicks,,2,2,,999,,,,,,TID_DECO_GENERICFARM_DESCRIPTION,TID_DECO_PUMPKINCHICKS,,,,,,TapDecorationGeneric,,,,,TRUE,,,,TRUE,,,,FPE,,,
Carved Chick,,,,,1,0,,sc/decos06_farmpass.sc,fp_carvedchick,,2,1,,999,,,,,,TID_DECO_GENERICFARM_DESCRIPTION,TID_DECO_CARVEDCHICK,,,,,,TapDecorationGeneric,,,,,TRUE,,,,TRUE,,,,FPE,,,
Footprint Present,,,110,,1,0,,sc/decos06_farmpass.sc,fp_footprintpresent,,2,2,,999,,,,,,TID_DECO_GENERICFARM_DESCRIPTION,TID_DECO_CANDYPOOL,,,,,,TapDecorationGeneric,,,,,TRUE,,,,TRUE,,,,FPE,,,
,,,,,,,,,,,,,,,,,,,,,,,,,,,,,,,,,,,,,,,,,,,
Sand Toys,,,,,1,0,,sc/decos02_seasonal.sc,sand_toys,,1,1,,999,,,,,,TID_DECO_GENERICFARM_DESCRIPTION,TID_DECO_SANDTOYS,,,,,,TapDecorationGeneric,,,,Summer,TRUE,,,,TRUE,,,,Seasonal,,,
Sand Bed,,,120,,1,0,,sc/decos02_seasonal.sc,sand_bed,,2,1,,999,,,,,,TID_DECO_GENERICFARM_DESCRIPTION,TID_DECO_SANDBED,,,,,,TapDecorationGeneric,,,,Summer,TRUE,,,,TRUE,,,,Seasonal,,,
Sand Swing,,,,,1,0,,sc/decos02_seasonal.sc,sand_swing,,2,2,,999,,,,,,TID_DECO_GENERICFARM_DESCRIPTION,TID_DECO_SANDSWING,,,,,,TapDecorationGeneric,,,,Summer,TRUE,,,,TRUE,,,,FP,,,
Beach Board,,,,,1,0,,sc/decos02_seasonal.sc,beach_board,,2,1,,999,,,,,,TID_DECO_GENERICFARM_DESCRIPTION,TID_DECO_BEACHBOARD,,,,,,TapDecorationGeneric,,,,Summer,TRUE,,,,TRUE,,,,Seasonal,,,
Beach Kites,,,130,,1,0,,sc/decos02_seasonal.sc,beach_kites,,2,2,,999,,,,,,TID_DECO_GENERICFARM_DESCRIPTION,TID_DECO_BEACHKITES,,,,,,TapDecorationGeneric,,,,Summer,TRUE,,,,TRUE,,,,Seasonal,,,
,,,,,,,,,,,,,,,,,,,,,,,,,,,,,,,,,,,,,,,,,,,
Fall Fountain,,,,,1,0,,sc/decos02_seasonal.sc,fall_fountain,,2,2,,999,,,,,,TID_FALL_DECO_DESC,TID_DECO_FALL_FOUNTAIN,,,,,,TapDecorationGeneric,,,,,TRUE,,,,TRUE,,,,FP,,,
Fall Weathervane,,,,,1,0,,sc/decos02_seasonal.sc,fall_weather_vane,,1,2,,999,,,,,,TID_FALL_DECO_DESC,TID_DECO_FALL_WEATHERVANE,,,,,,TapDecorationGeneric,,,,,TRUE,,,,TRUE,,,,Shop,,,
,,,,,,,,,,,,,,,,,,,,,,,,,,,,,,,,,,,,,,,,,,,
Autumn Vase,,,,,1,0,,sc/decos02_seasonal.sc,autumn_vase,,1,1,,999,,,,,,TID_FALL_DECO_DESC,TID_DECO_AUTUMNVASE,,,,,,TapDecorationGeneric,,,,,TRUE,,,,TRUE,,,,Shop,,,
Autumn Lanterns,,,,,1,0,,sc/decos02_seasonal.sc,autumn_lanterns,,2,1,,999,,,,,,TID_FALL_DECO_DESC,TID_DECO_AUTUMNLANTERNS,,,,,,TapDecorationGeneric,,,,,TRUE,,,,TRUE,,,,Shop,,,
Autumn Wheelbarrow,,,110,,1,0,,sc/decos02_seasonal.sc,autumn_wheelbarrow,,2,2,,999,,,,,,TID_FALL_DECO_DESC,TID_DECO_AUTUMNWHEELBARROW,,,,,,TapDecorationGeneric,,,,,TRUE,,,,TRUE,,,,Shop,,,
,,,,,,,,,,,,,,,,,,,,,,,,,,,,,,,,,,,,,,,,,,,
Fall Pumpkinman,,,,,1,0,,sc/decos02_seasonal.sc,pumpkin_scarecrow,,1,1,,999,,,,,,TID_DECO_HAUNTED_BIRDHOUSE_DESC,TID_DECO_PUMPKINSCARECROW,,,,,,TapDecorationGeneric,,,,Halloween,TRUE,,,,TRUE,,,,Events,,,
Sugarskull Tomb,,,110,,1,0,,sc/decos02_seasonal.sc,sugarskull_tomb,,2,1,,999,,,,,,TID_DECO_HAUNTED_BIRDHOUSE_DESC,TID_DECO_SUGARSKULLTOMB,,,,,,TapDecorationGeneric,,,,Halloween,TRUE,,,,TRUE,,,,FP,,,
Sugarskull Altar,,,,,1,0,,sc/decos02_seasonal.sc,sugarskull_altar,,2,2,,999,,,,,,TID_DECO_HAUNTED_BIRDHOUSE_DESC,TID_DECO_SUGARSKULLALTAR,,,,,,TapDecorationGeneric,,,,Halloween,TRUE,,,,TRUE,,,,Shop,,,
,,,,,,,,,,,,,,,,,,,,,,,,,,,,,,,,,,,,,,,,,,,
Olympic Gnome,,,,,1,0,,sc/decos03_features.sc,olympic_gnome,,1,1,,999,,,,,,TID_DERBY_DECO_DESCRIPTION,TID_DECO_OLYMPIC_GNOME,,,,,,TapDecorationGeneric,,,,,TRUE,,,,TRUE,,,,Derby,,,
Olympic Obstacle,,,,,1,0,,sc/decos03_features.sc,olympic_obstacle,,2,1,,999,,,,,,TID_DERBY_DECO_DESCRIPTION,TID_DECO_OLYMPIC_OBSTACLE,,,,,,TapDecorationGeneric,,,,,TRUE,,,,TRUE,,,,Derby,,,
Olympic Flame,,,,,1,0,,sc/decos03_features.sc,olympic_flame,,2,2,,999,,,,,,TID_DERBY_DECO_DESCRIPTION,TID_DECO_OLYMPIC_FLAME,,,,,,TapDecorationGeneric,,,,,TRUE,,,,TRUE,,,,Expansion,,,
Olympic Podium,,,,,1,0,,sc/decos03_features.sc,olympic_podium,,2,2,,999,,,,,,TID_DERBY_DECO_DESCRIPTION,TID_DECO_OLYMPIC_PODIUM,,,,,,TapDecorationGeneric,,,,,TRUE,,,,TRUE,,,,Derby,,,
,,,,,,,,,,,,,,,,,,,,,,,,,,,,,,,,,,,,,,,,,,,
Arctic Lupine,,,,,1,0,,sc/decos03_features.sc,arctic_lupine,,1,1,4500,,,,,500,1,TID_SANCTUARYDECO_DESC,TID_DECO_ARCTIC_LUPINE,Buy,,,,,TapDecorationGeneric,TRUE,,25,,,TRUE,,TRUE,,,ArcticFox1,,,,,
Arctic Poppy,,,,,1,0,,sc/decos03_features.sc,arctic_poppy,,2,1,,,,Voucher1,5,,,TID_SANCTUARYDECO_DESC,TID_DECO_ARCTIC_POPPY,Buy,,,,,TapDecorationGeneric,TRUE,,25,,,TRUE,,TRUE,,,ArcticFox2,,,,,
,,,,,,,,,,,,,,,,Voucher3,1,,,,,,,,,,,,,,,,,,,,,,,,,,
Empty Well,,,,,1,0,,sc/decos03_features.sc,empty_well,,1,1,,999,,,,,,TID_DECO_GENERICFARM_DESCRIPTION,TID_DECO_EMPTY_WELL,,,,,,TapDecorationGeneric,,,,,TRUE,,,,TRUE,,,,,,,
Train Stop,,,110,,1,0,,sc/decos03_features.sc,train_stop,,2,1,,999,,,,,,TID_DECO_GENERICFARM_DESCRIPTION,TID_DECO_TRAIN_STOP,,,,,,TapDecorationGeneric,,,,,TRUE,,,,TRUE,,,,,,,
Woodcutting Station,,,,,1,0,,sc/decos03_features.sc,woodcutting_station,,2,2,,999,,,,,,TID_DECO_GENERICFARM_DESCRIPTION,TID_DECO_WOODCUTTING_STATION,,,,,,TapDecorationGeneric,,,,,TRUE,,,,TRUE,,,,,,,
,,,,,,,,,,,,,,,,,,,,,,,,,,,,,,,,,,,,,,,,,,,
Valley trophy Australia,,,,,1,0,,sc/decos07_valley.sc,valley_australiapainting,,2,1,,999,,,,,,TID_DECO_BOARDGAME_DESCRIPTION,TID_DECO_AUSTRALIA_PAINTINGS,,,,,,TapDecorationGeneric,,,,,TRUE,,,,TRUE,,,,Valley,,,
Valley trophy Russia,,,110,,1,0,,sc/decos07_valley.sc,valley_russiastatue,,2,2,,999,,,,,,TID_DECO_BOARDGAME_DESCRIPTION,TID_DECO_RUSSIAN_STATUE,,,,,,TapDecorationGeneric,,,,,TRUE,,,,TRUE,,,,Valley,,,
,,,,,,,,,,,,,,,,,,,,,,,,,,,,,,,,,,,,,,,,,,,
Winter Shovelstand,,,90,,1,0,,sc/decos02_seasonal.sc,winter_shovelstand,,2,1,,999,,,,,,TID_WINTER_DECO_DESC,TID_DECO_SHOVELSTAND,,,,,,TapDecorationGeneric,,,,,TRUE,,,,TRUE,,,,,,,
Snow Chicken,,,85,,1,0,,sc/decos02_seasonal.sc,snow_chicken,,1,1,,999,,,,,,TID_WINTER_DECO_DESC,TID_DECO_SNOWCHICKEN,,,,,,TapDecorationGeneric,,,,,TRUE,,,,TRUE,,,,Shop,,,
Ski Jumper,,,,,1,0,,sc/decos02_seasonal.sc,ski_jumper,,1,2,,999,,,,,,TID_WINTER_DECO_DESC,TID_DECO_SKIJUMPER,,,,,,TapDecorationGeneric,,,,,TRUE,,,,TRUE,,,,Shop,,,
Hockey Pond,,,,,1,0,,sc/decos02_seasonal.sc,hockey_pond,,2,2,,999,,,,,,TID_WINTER_DECO_DESC,TID_DECO_HOCKEYPOND,,,,,,TapDecorationGeneric,,,,,TRUE,,,,TRUE,,,,Shop,,,
Cow topiary,,,,,1,0,,sc/decos02_seasonal.sc,topiary_cow,,2,1,,999,,,,,,TID_WINTER_DECO_DESC,TID_DECO_COWTOPIARY,,,,,,TapDecorationGeneric,,,,Christmas,TRUE,,,,TRUE,,,,FP,,,
Snowcastle,,,,,1,0,,sc/decos02_seasonal.sc,snow_castle,,2,2,,999,,,,,,TID_WINTER_DECO_DESC,TID_DECO_SNOWCASTLE,,,,,,TapDecorationGeneric,,,,Christmas,TRUE,,,,TRUE,,,,Shop,,,
Winter Socks,,,,,1,0,,sc/decos02_seasonal.sc,winter_socks,,1,1,,999,,,,,,TID_WINTER_DECO_DESC,TID_DECO_STOCKINGSTAND,,,,,,TapDecorationGeneric,,,,Christmas,TRUE,,,,TRUE,,,,FP,,,
Winter Gazebo,,,,,1,0,,sc/decos02_seasonal.sc,winter_gazebo,,2,2,,999,,,,,,TID_WINTER_DECO_DESC,TID_DECO_WINTERGAZEBO,,,,,,TapDecorationGeneric,,,,Christmas,TRUE,,,,TRUE,,,,FP,,,
Winter Wrappingstation,,,,,1,0,,sc/decos02_seasonal.sc,winter_wrappingstation,,2,2,,999,,,,,,TID_WINTER_DECO_DESC,TID_DECO_GIFTSTATION,,,,,,TapDecorationGeneric,,,,Christmas,TRUE,,,,TRUE,,,,Events,,,
Snowcannon,,,90,,1,0,,sc/decos02_seasonal.sc,snowcannon,,1,2,,999,,,,,,TID_WINTER_DECO_DESC,TID_DECO_SNOWCANNON,,,,,,TapDecorationGeneric,,,,Christmas,TRUE,,,,TRUE,,,,FP,,,
,,,,,,,,,,,,,,,,,,,,,,,,,,,,,,,,,,,,,,,,,,,
Welwitschia,,,,,1,0,,sc/decos03_features.sc,welwitschia,,1,2,4500,,,,,500,1,TID_SANCTUARYDECO_DESC,TID_DECO_WELWITSCHIA,Buy,,,,,TapDecorationGeneric,TRUE,,25,,,TRUE,,TRUE,,,Cheetah1,,,,,
Sun Lichen,,,,,1,0,,sc/decos03_features.sc,sun_lichen,,2,2,,,,Voucher1,5,,,TID_SANCTUARYDECO_DESC,TID_DECO_SUN_LICHEN,Buy,,,,,TapDecorationGeneric,TRUE,,25,,,TRUE,,TRUE,,,Cheetah2,,,,,
,,,,,,,,,,,,,,,,Voucher3,1,,,,,,,,,,,,,,,,,,,,,,,,,,
,,,,,,,,,,,,,,,,,,,,,,,,,,,,,,,,,,,,,,,,,,,
Movie Props,,,,,1,0,,sc/decos02_seasonal.sc,movie_props,,1,1,,999,,,,,,TID_DECO_GENERICFARM_DESCRIPTION,TID_DECO_MOVIEPROPS,,,,,,TapDecorationGeneric,,,,NewYear,TRUE,,,,TRUE,,,,Shop,,,
Movie Night,,,,,1,0,,sc/decos02_seasonal.sc,movie_night,,1,2,,999,,,,,,TID_DECO_GENERICFARM_DESCRIPTION,TID_DECO_MOVIENIGHT,,,,,,TapDecorationGeneric,,,,NewYear,TRUE,,,,TRUE,,,,Shop,,,
Movie Theaterbench,,,,,1,0,,sc/decos02_seasonal.sc,movie_seat,,2,2,,999,,,,,,TID_DECO_GENERICFARM_DESCRIPTION,TID_DECO_MOVIEBENCH,,,,,,TapDecorationGeneric,,,,NewYear,TRUE,,,,TRUE,,,,Shop,,,
Movie Stars,,,,,1,0,,sc/decos02_seasonal.sc,movie_stars,,1,2,,999,,,,,,TID_DECO_GENERICFARM_DESCRIPTION,TID_DECO_MOVIESTARS,,,,,,TapDecorationGeneric,,,,NewYear,TRUE,,,,TRUE,,,,Events,,,
,,,,,,,,,,,,,,,,,,,,,,,,,,,,,,,,,,,,,,,,,,,
Valley China,,,,,1,0,,sc/decos07_valley.sc,valley_china,,1,2,,999,,,,,,TID_DECO_BOARDGAME_DESCRIPTION,TID_DECO_CHINA_WALL,,,,,,TapDecorationGeneric,,,,,TRUE,,,,TRUE,,,,Valley,,,
Valley Greece,,,,,1,0,,sc/decos07_valley.sc,valley_greece,,1,2,,999,,,,,,TID_DECO_BOARDGAME_DESCRIPTION,TID_DECO_GREECE_PILLARS,,,,,,TapDecorationGeneric,,,,,TRUE,,,,TRUE,,,,Valley,,,
Valley Ireland,,,,,1,0,,sc/decos07_valley.sc,valley_ireland,,1,1,,999,,,,,,TID_DECO_BOARDGAME_DESCRIPTION,TID_DECO_IRELAND_SHEEP,,,,,,TapDecorationGeneric,,,,,TRUE,,,,TRUE,,,,Valley,,,
Valley Netherland,,,,,1,0,,sc/decos07_valley.sc,valley_netherlands,,1,1,,999,,,,,,TID_DECO_BOARDGAME_DESCRIPTION,TID_DECO_NETHERLANDS_WINDMILL,,,,,,TapDecorationGeneric,,,,,TRUE,,,,TRUE,,,,Valley,,,
Valley Norway,,,,,1,0,,sc/decos07_valley.sc,valley_norway,,1,1,,999,,,,,,TID_DECO_BOARDGAME_DESCRIPTION,TID_DECO_NORWAY_FISH,,,,,,TapDecorationGeneric,,,,,TRUE,,,,TRUE,,,,Valley,,,
Valley Sweden,,,,,1,0,,sc/decos07_valley.sc,valley_sweden,,1,2,,999,,,,,,TID_DECO_BOARDGAME_DESCRIPTION,TID_DECO_SWEDEN_HORSE,,,,,,TapDecorationGeneric,,,,,TRUE,,,,TRUE,,,,Valley,,,
,,,,,,,,,,,,,,,,,,,,,,,,,,,,,,,,,,,,,,,,,,,
CNY Envelopes,,,,,1,0,,sc/decos02_seasonal.sc,envelope_tree,,1,1,,999,,,,,,TID_CNY_DECO_DESC,TID_DECO_CNY_ENVELOPE,,,,,,TapDecorationGeneric,,,,ChineseNewYear,TRUE,,,,TRUE,,,,Shop,,,
CNY Dragon,,,,,1,0,,sc/decos02_seasonal.sc,dragon_lantern,,1,2,,999,,,,,,TID_CNY_DECO_DESC,TID_DECO_CNY_DRAGON,,,,,,TapDecorationGeneric,,,,ChineseNewYear,TRUE,,,,TRUE,,,,Shop,,,
CNY Fans,,,,,1,0,,sc/decos02_seasonal.sc,chinese_fans,,2,2,,999,,,,,,TID_CNY_DECO_DESC,TID_DECO_CNY_FANS,,,,,,TapDecorationGeneric,,,,ChineseNewYear,TRUE,,,,TRUE,,,,Shop,,,
CNY Teaparty,,,,,1,0,,sc/decos02_seasonal.sc,teatable,,1,2,,999,,,,,,TID_CNY_DECO_DESC,TID_DECO_CNY_TEAPARTY,,,,,,TapDecorationGeneric,,,,ChineseNewYear,TRUE,,,,TRUE,,,,Events,,,
,,,,,,,,,,,,,,,,,,,,,,,,,,,,,,,,,,,,,,,,,,,
Candlelight Dinner,,,,,1,0,,sc/decos02_seasonal.sc,candlelight_dinner,,2,1,,999,,,,,,TID_DECO_GENERICFARM_DESCRIPTION,TID_DECO_CANDLELIGHT_DINNER,,,,,,TapDecorationGeneric,,,,,TRUE,,,,TRUE,,,,Shop,,,
Heart Pond,,,110,,1,0,,sc/decos02_seasonal.sc,heart_pond,,2,2,,999,,,,,,TID_DECO_GENERICFARM_DESCRIPTION,TID_DECO_HEART_POND,,,,,,TapDecorationGeneric,,,,,TRUE,,,,TRUE,,,,Shop,,,
,,,,,,,,,,,,,,,,,,,,,,,,,,,,,,,,,,,,,,,,,,,
Hanami Bench,,,,,1,0,,sc/decos02_seasonal.sc,hanami_bench,,1,2,,999,,,,,,TID_DECO_GENERICFARM_DESCRIPTION,TID_DECO_HANAMI_BENCH,,,,,,TapDecorationGeneric,,,,,TRUE,,,,TRUE,,,,FP,,,
Hanami Park,,,,,1,0,,sc/decos02_seasonal.sc,hanami_park,,2,2,,999,,,,,,TID_DECO_GENERICFARM_DESCRIPTION,TID_DECO_HANAMI_PARK,,,,,,TapDecorationGeneric,,,,,TRUE,,,,TRUE,,,,FP,,,
,,,,,,,,,,,,,,,,,,,,,,,,,,,,,,,,,,,,,,,,,,,
Moon lamp,,,90,,1,0,,sc/decos02_seasonal.sc,moon_lamp,,1,1,,999,,,,,,TID_DECO_GENERICFARM_DESCRIPTION,TID_DECO_MOON_LAMP,,,,,,TapDecorationGeneric,,,,,TRUE,,,,TRUE,,,,Shop,,,
Moon bench,,,,,1,0,,sc/decos02_seasonal.sc,moon_bench,,1,2,,999,,,,,,TID_DECO_GENERICFARM_DESCRIPTION,TID_DECO_MOON_BENCH,,,,,,TapDecorationGeneric,,,,,TRUE,,,,TRUE,,,,Shop,,,
Moon gazebo,,,,,1,0,,sc/decos02_seasonal.sc,moon_gazebo,,2,2,,999,,,,,,TID_DECO_GENERICFARM_DESCRIPTION,TID_DECO_MOON_GAZEBO,,,,,,TapDecorationGeneric,,,,,TRUE,,,,TRUE,,,,Shop,,,
Moon lanterns,,,110,,1,0,,sc/decos02_seasonal.sc,moon_lanterns,,2,1,,999,,,,,,TID_DECO_GENERICFARM_DESCRIPTION,TID_DECO_MOON_LANTERNS,,,,,,TapDecorationGeneric,,,,,TRUE,,,,TRUE,,,,Events,,,
,,,,,,,,,,,,,,,,,,,,,,,,,,,,,,,,,,,,,,,,,,,
Easter egglamp,,,,,1,0,,sc/decos02_seasonal.sc,easter_egglamp,,1,1,,999,,,,,,TID_DECO_EASTER_DESCRIPTION,TID_DECO_EASTER_EGGLAMP,,,,,,TapDecorationGeneric,,,,Easter,TRUE,,,,TRUE,,,,Shop,,,
Easter cutout,,,,,1,0,,sc/decos02_seasonal.sc,easter_cutout,,2,1,,999,,,,,,TID_DECO_EASTER_DESCRIPTION,TID_DECO_EASTER_CUTOUT,,,,,,TapDecorationGeneric,,,,Easter,TRUE,,,,TRUE,,,,Shop,,,
Easter fountain,,,,,1,0,,sc/decos02_seasonal.sc,easter_eggfountain,,2,2,,999,,,,,,TID_DECO_EASTER_DESCRIPTION,TID_DECO_EASTER_FOUNTAIN,,,,,,TapDecorationGeneric,,,,Easter,TRUE,,,,TRUE,,,,Shop,,,
Easter eggpainting,,,,,1,0,,sc/decos02_seasonal.sc,easter_eggpainting,,2,2,,999,,,,,,TID_DECO_EASTER_DESCRIPTION,TID_DECO_EASTER_EGGPAINTING,,,,,,TapDecorationGeneric,,,,Easter,TRUE,,,,TRUE,,,,Events,,,
,,,,,,,,,,,,,,,,,,,,,,,,,,,,,,,,,,,,,,,,,,,
Miners Bench,,,,,1,0,,sc/decos03_features.sc,miners_bench,,2,1,,999,,,,,,TID_DECO_GENERICFARM_DESCRIPTION,TID_DECO_MINERS_BENCH,,,,,,TapDecorationGeneric,,TRUE,,,TRUE,,,,TRUE,,,,,,,
,,,,,,,,,,,,,,,,,,,,,,,,,,,,,,,,,,,,,,,,,,,
Snow Chicks,,,,,1,0,,sc/decos06_farmpass.sc,fp_snowchicks,,1,1,,999,,,,,,TID_DECO_GENERICFARM_DESCRIPTION,TID_DECO_SNOWCHICKS,,,,,,TapDecorationGeneric,,,,,TRUE,,,,TRUE,,,,FPE,,,
Love Birds,,,110,,1,0,,sc/decos06_farmpass.sc,fp_lovebirds,,2,2,,999,,,,,,TID_DECO_GENERICFARM_DESCRIPTION,TID_DECO_LOVEBIRDS,,,,,,TapDecorationGeneric,,,,,TRUE,,,,TRUE,,,,FPE,,,
Book Worms,,,,,1,0,,sc/decos06_farmpass.sc,fp_bookworms,,1,1,,999,,,,,,TID_DECO_GENERICFARM_DESCRIPTION,TID_DECO_BOOKWORMS,,,,,,TapDecorationGeneric,,,,,TRUE,,,,TRUE,,,,FPE,,,
Chickleg Topiary,,,120,,1,0,,sc/decos06_farmpass.sc,fp_chickfeet_topiary,,2,2,,999,,,,,,TID_DECO_GENERICFARM_DESCRIPTION,TID_DECO_CHICKLEG_TOPIARY,,,,,,TapDecorationGeneric,,,,,TRUE,,,,TRUE,,,,FPE,,,
Paperboat Puddle,,,,,1,0,,sc/decos06_farmpass.sc,fp_paperboatpuddle,,2,1,,999,,,,,,TID_DECO_GENERICFARM_DESCRIPTION,TID_DECO_PAPERBOAT_PUDDLE,,,,,,TapDecorationGeneric,,,,,TRUE,,,,TRUE,,,,FPE,,,
Midsummer Festival,,,,,1,0,,sc/decos06_farmpass.sc,fp_midsummerfestival,,2,2,,999,,,,,,TID_DECO_GENERICFARM_DESCRIPTION,TID_DECO_MIDSUMMER_FESTIVAL,,,,,,TapDecorationGeneric,,,,,TRUE,,,,TRUE,,,,FPE,,,
,,,,,,,,,,,,,,,,,,,,,,,,,,,,,,,,,,,,,,,,,,,
Flower Bulbs,,,,,1,0,,sc/decos02_seasonal.sc,flower_bulbs,,1,1,,999,,,,,,TID_DECO_GENERICFARM_DESCRIPTION,TID_DECO_FLOWER_BULBS,,,,,,TapDecorationGeneric,,,,,TRUE,,,,TRUE,,,,Shop,,,
Archery,,,,,1,0,,sc/decos02_seasonal.sc,archery,,2,1,,999,,,,,,TID_DECO_GENERICFARM_DESCRIPTION,TID_DECO_ARCHERY,,,,,,TapDecorationGeneric,,,,,TRUE,,,,TRUE,,,,FPE,,,
Carrot Heist,,,110,,1,0,,sc/decos02_seasonal.sc,carrot_heist,,2,2,,999,,,,,,TID_DECO_GENERICFARM_DESCRIPTION,TID_DECO_CARROT_HEIST,,,,,,TapDecorationGeneric,,,,,TRUE,,,,TRUE,,,,FP,,,
,,,,,,,,,,,,,,,,,,,,,,,,,,,,,,,,,,,,,,,,,,,
Arctic Firtree,,,110,,1,0,,sc/decos03_features.sc,arctic_firtreelog,,2,2,4500,,,,,500,1,TID_SANCTUARYDECO_DESC,TID_DECO_ARCTIC_FIR,Buy,,,,,TapDecorationGeneric,TRUE,,25,,,TRUE,,TRUE,,,ArcticFoxCub1,,,,,
Arctic Juniper,,,,,1,0,,sc/decos03_features.sc,arctic_juniper,,2,1,,,,Voucher1,5,,,TID_SANCTUARYDECO_DESC,TID_DECO_ARCTIC_JUNIPER,Buy,,,,,TapDecorationGeneric,TRUE,,25,,,TRUE,,TRUE,,,ArcticFoxCub2,,,,,
,,,,,,,,,,,,,,,,Voucher3,1,,,,,,,,,,,,,,,,,,,,,,,,,,
,,,,,,,,,,,,,,,,,,,,,,,,,,,TapDecorationGeneric,,,,,TRUE,,,,TRUE,,,,,,,
Succulents,,,90,,1,0,,sc/decos03_features.sc,succulents,,1,1,4500,,,,,500,1,TID_SANCTUARYDECO_DESC,TID_DECO_SUCCULENTS,Buy,,,,,TapDecorationGeneric,TRUE,,25,,,TRUE,,TRUE,,,CheetahCub2,,,,,
Clivia Miniata,,,,,1,0,,sc/decos03_features.sc,clivia_miniata,,1,1,,,,Voucher1,5,,,TID_SANCTUARYDECO_DESC,TID_DECO_CLIVIA,Buy,,,,,TapDecorationGeneric,TRUE,,25,,,TRUE,,TRUE,,,CheetahCub1,,,,,
,,,,,,,,,,,,,,,,Voucher3,1,,,,,,,,,,,,,,,,,,,,,,,,,,
,,,,,,,,,,,,,,,,,,,,,,,,,,,,,,,,,,,,,,,,,,,
Valley Belgium,,,,,1,0,,sc/decos07_valley.sc,valley_belgium,,1,1,,999,,,,,,TID_DECO_BOARDGAME_DESCRIPTION,TID_DECO_BELGIUM_SQUIRREL,,,,,,TapDecorationGeneric,,,,,TRUE,,,,TRUE,,,,Valley,,,
Valley Chile,,,,,1,0,,sc/decos07_valley.sc,valley_chile,,1,1,,999,,,,,,TID_DECO_BOARDGAME_DESCRIPTION,TID_DECO_CHILE_STATUE,,,,,,TapDecorationGeneric,,,,,TRUE,,,,TRUE,,,,Valley,,,
Valley Mexico,,,130,,1,0,,sc/decos07_valley.sc,valley_mexico,,2,2,,999,,,,,,TID_DECO_BOARDGAME_DESCRIPTION,TID_DECO_MEXICO_PYRAMID,,,,,,TapDecorationGeneric,,,,,TRUE,,,,TRUE,,,,Valley,,,
Valley Spain,,,,,1,0,,sc/decos07_valley.sc,valley_spain,,1,1,,999,,,,,,TID_DECO_BOARDGAME_DESCRIPTION,TID_DECO_SPAIN_CHICKEN,,,,,,TapDecorationGeneric,,,,,TRUE,,,,TRUE,,,,Valley,,,
Valley Denmark,,,,,1,0,,sc/decos07_valley.sc,valley_denmark,,2,2,,999,,,,,,TID_DECO_BOARDGAME_DESCRIPTION,TID_DECO_DENMARK_STATUE,,,,,,TapDecorationGeneric,,,,,TRUE,,,,TRUE,,,,Valley,,,
Valley Saudi,,,,TRUE,1,0,,sc/decos07_valley.sc,valley_saudi,,2,1,,999,,,,,,TID_DECO_BOARDGAME_DESCRIPTION,TID_DECO_SAUDIARABIA_EXCAVATION,,,,,,TapDecorationGeneric,,,,,TRUE,,,,TRUE,,,,Valley,,,
,,,,,,,,,,,,,,,,,,,,,,,,,,,,,,,,,,,,,,,,,,,
Hay Horseshoe,,,,,1,0,,sc/decos03_features.sc,hay_horseshoe,,1,1,,999,,,,,,TID_DERBY_DECO_DESCRIPTION,TID_DECO_DERBY_HAY_HORSESHOE,,,,,,TapDecorationGeneric,,,,,TRUE,,,,TRUE,,,,Derby,,,
Ball Basket,,,,,1,0,,sc/decos03_features.sc,ball_basket,,1,1,,999,,,,,,TID_DERBY_DECO_DESCRIPTION,TID_DECO_DERBY_BALL_BASKET,,,,,,TapDecorationGeneric,,,,,TRUE,,,,TRUE,,,,Derby,,,
Snail Racetrack,,,,,1,0,,sc/decos03_features.sc,snailrace_track,,2,1,,999,,,,,,TID_DERBY_DECO_DESCRIPTION,TID_DECO_DERBY_SNAIL_RACETRACK,,,,,,TapDecorationGeneric,,,,,TRUE,,,,TRUE,,,,Derby,,,
Hobbyhorse Track,,,,,1,0,,sc/decos03_features.sc,hobbyhorse_track,,2,1,,999,,,,,,TID_DERBY_DECO_DESCRIPTION,TID_DECO_DERBY_HOBBYHORSE_TRACK,,,,,,TapDecorationGeneric,,,,,TRUE,,,,TRUE,,,,Derby,,,
Mechanical Horse,,,,,1,0,,sc/decos03_features.sc,mechanical_horse,,2,2,,999,,,,,,TID_DERBY_DECO_DESCRIPTION,TID_DECO_DERBY_MECHANICAL_HORSE,,,,,,TapDecorationGeneric,,,,,TRUE,,,,TRUE,,,,Expansion,,,
Horsehead Statue,,,,,1,0,,sc/decos03_features.sc,horsehead_statue,,2,2,,999,,,,,,TID_DERBY_DECO_DESCRIPTION,TID_DECO_DERBY_HORSEHEAD_STATUE,,,,,,TapDecorationGeneric,,,,,TRUE,,,,TRUE,,,,Derby,,,
,,,,,,,,,,,,,,,,,,,,,,,,,,,,,,,,,,,,,,,,,,,
Fishermans Lifering,,,,,1,0,,sc/decos02_seasonal.sc,fishermans_lifering,,1,1,,999,,,,,,TID_DECO_GENERICFARM_DESCRIPTION,TID_DECO_FISHERMANS_LIFERING,,,,,,TapDecorationGeneric,,,,,TRUE,,,,TRUE,,,,Shop,,,
Fishermans Boat,,,130,,1,0,,sc/decos02_seasonal.sc,fishermans_boat,,2,1,,999,,,,,,TID_DECO_GENERICFARM_DESCRIPTION,TID_DECO_FISHERMANS_BOAT,,,,,,TapDecorationGeneric,,,,,TRUE,,,,TRUE,,,,Shop,,,
Fishermans Nets,,,130,,1,0,,sc/decos02_seasonal.sc,fishermans_nets,,2,2,,999,,,,,,TID_DECO_GENERICFARM_DESCRIPTION,TID_DECO_FISHERMANS_NETS,,,,,,TapDecorationGeneric,,,,,TRUE,,,,TRUE,,,,Shop,,,
,,,,,,,,,,,,,,,,,,,,,,,,,,,,,,,,,,,,,,,,,,,
10thBirthday Game Strenght,,,,,1,0,,sc/decos02_seasonal.sc,game_strengthtesting,,1,1,,999,,,,,,TID_HAYDAY_BIRTHDAYCAKE_DESCRIPTION,TID_DECO_10THBIRTHDAY_GAME_STRENGHT,,,,,,TapDecorationGeneric,,,,,TRUE,,,,TRUE,,,,Special,,,
10thBirthday Game Ball,,,,,1,0,,sc/decos02_seasonal.sc,game_ballthrowing,,2,1,,999,,,,,,TID_HAYDAY_BIRTHDAYCAKE_DESCRIPTION,TID_DECO_10THBIRTHDAY_GAME_BALL,,,,,,TapDecorationGeneric,,,,,TRUE,,,,TRUE,,,,Special,,,
10thBirthday Game Pool,,,,,1,0,,sc/decos02_seasonal.sc,game_sinkchicken,,2,2,,999,,,,,,TID_HAYDAY_BIRTHDAYCAKE_DESCRIPTION,TID_DECO_10THBIRTHDAY_GAME_POOL,,,,,,TapDecorationGeneric,,,,,TRUE,,,,TRUE,,,,Special,,,
10thBirthday Topiary,,,,,1,0,,sc/decos02_seasonal.sc,10th_birthday_topiary,,1,1,,999,,,,,,TID_HAYDAY_BIRTHDAYCAKE_DESCRIPTION,TID_DECO_10THBIRTHDAY_TOPIARY,,,,,,TapDecorationGeneric,,,,,TRUE,,,,TRUE,,,,Special,,,
10thBirthday Ferris,,,,,1,0,,sc/decos02_seasonal.sc,10th_birthday_ferriswheel,,3,1,,999,,,,,,TID_HAYDAY_BIRTHDAYCAKE_DESCRIPTION,TID_DECO_10THBIRTHDAY_FERRIS,,,,,,TapDecorationGeneric,,,,,TRUE,,,,TRUE,,,,Special,,,
10thBirthday Cake,,,,,1,0,,sc/decos02_seasonal.sc,10th_birthday_cake,,2,2,,999,,,,,,TID_HAYDAY_BIRTHDAYCAKE_DESCRIPTION,TID_DECO_10THBIRTHDAY_CAKE,,,,,,TapDecorationGeneric,,,,,TRUE,,,,TRUE,,,,Special,,,
,,,,,,,,,,,,,,,,,,,,,,,,,,,,,,,,,,,,,,,,,,,
Beach Tiki,,,,,1,0,,sc/decos02_seasonal.sc,beach_tiki,,1,1,,999,,,,,,TID_DECO_GENERICFARM_DESCRIPTION,TID_DECO_BEACH_TIKI,,,,,,TapDecorationGeneric,,,,,TRUE,,,,TRUE,,,,Shop,,,
Beach Towels,,,140,,1,0,,sc/decos02_seasonal.sc,beach_towels,,2,1,,999,,,,,,TID_DECO_GENERICFARM_DESCRIPTION,TID_DECO_BEACH_TOWELS,,,,,,TapDecorationGeneric,,,,,TRUE,,,,TRUE,,,,Shop,,,
Beach Hammock,,,125,,1,0,,sc/decos02_seasonal.sc,beach_hammock,,2,2,,999,,,,,,TID_DECO_GENERICFARM_DESCRIPTION,TID_DECO_BEACH_HAMMOCK,,,,,,TapDecorationGeneric,,,,,TRUE,,,,TRUE,,,,Shop,,,
,,,,,,,,,,,,,,,,,,,,,,,,,,,,,,,,,,,,,,,,,,,
Sun bed,,,,,1,0,,sc/decos06_farmpass.sc,fp_sunbed,,2,1,,999,,,,,,TID_DECO_GENERICFARM_DESCRIPTION,TID_DECO_SUNBED,,,,,,TapDecorationGeneric,,,,,TRUE,,,,TRUE,,,,FPE,,,
Wooden fisherchick,,,,,1,0,,sc/decos06_farmpass.sc,fp_fisherchick,,1,1,,999,,,,,,TID_DECO_GENERICFARM_DESCRIPTION,TID_DECO_FISHERCHICK,,,,,,TapDecorationGeneric,,,,,TRUE,,,,TRUE,,,,FPE,,,
Autumn harvester,,,110,,1,0,,sc/decos06_farmpass.sc,fp_autumnharvester,,2,2,,999,,,,,,TID_DECO_GENERICFARM_DESCRIPTION,TID_DECO_HARVESTER,,,,,,TapDecorationGeneric,,,,,TRUE,,,,TRUE,,,,FPE,,,
Rainy day,,,,,1,0,,sc/decos06_farmpass.sc,fp_rainyday,,2,1,,999,,,,,,TID_DECO_GENERICFARM_DESCRIPTION,TID_DECO_RAINYDAY,,,,,,TapDecorationGeneric,,,,,TRUE,,,,TRUE,,,,FPE,,,
Chickfoot trophy,,,,,1,0,,sc/decos06_farmpass.sc,fp_chickfeettrophy,,2,1,,999,,,,,,TID_DECO_GENERICFARM_DESCRIPTION,TID_DECO_CHICKFOOTTROPHY,,,,,,TapDecorationGeneric,,,,,TRUE,,,,TRUE,,,,FPE,,,
Ice chick,,,,,1,0,,sc/decos06_farmpass.sc,fp_icechick,,1,1,,999,,,,,,TID_DECO_GENERICFARM_DESCRIPTION,TID_DECO_ICECHICK,,,,,,TapDecorationGeneric,,,,,TRUE,,,,TRUE,,,,FPE,,,
,,,,,,,,,,,,,,,,,,,,,,,,,,,,,,,,,,,,,,,,,,,
Labrador Tea,,,120,,1,0,,sc/decos03_features.sc,labrador_tea,,2,1,4500,,,,,500,1,TID_SANCTUARYDECO_DESC,TID_DECO_LABRADORTEA,Buy,,,,,TapDecorationGeneric,TRUE,,25,,,TRUE,,TRUE,,,Walrus1,,,,,
Icy Bath,,,,,1,0,,sc/decos03_features.sc,icy_bath,,2,2,,,,Voucher1,5,,,TID_SANCTUARYDECO_DESC,TID_DECO_ICYBATH,Buy,,,,,TapDecorationGeneric,TRUE,,25,,,TRUE,,TRUE,,,Walrus2,,,,,
,,,,,,,,,,,,,,,,Voucher3,1,,,,,,,,,,,,,,,,,,,,,,,,,,
,,,,,,,,,,,,,,,,,,,,,,,,,,,,,,,,,,,,,,,,,,,
Seagull's nest,,,,,1,0,,sc/decos02_seasonal.sc,seagull_nest,,2,1,,999,,,,,,TID_DECO_GENERICFARM_DESCRIPTION,TID_DECO_SEAGULLS_NEST,,,,,,TapDecorationGeneric,,,,,TRUE,,,,TRUE,,,,Shop,,,
Lighthouse,,,110,,1,0,,sc/decos02_seasonal.sc,lighthouse,,2,2,,999,,,,,,TID_DECO_GENERICFARM_DESCRIPTION,TID_DECO_LIGHTHOUSE,,,,,,TapDecorationGeneric,,,,,TRUE,,,,TRUE,,,,Expansion,,,
Teaching art,,,,,1,0,,sc/decos02_seasonal.sc,teaching_art,,1,1,,999,,,,,,TID_DECO_GENERICFARM_DESCRIPTION,TID_DECO_TEACHING_ART,,,,,,TapDecorationGeneric,,,,,TRUE,,,,TRUE,,,,Shop,,,
Eating homework,,,,,1,0,,sc/decos02_seasonal.sc,eating_homework,,2,1,,999,,,,,,TID_DECO_GENERICFARM_DESCRIPTION,TID_DECO_EATING_HOMEWORK,,,,,,TapDecorationGeneric,,,,,TRUE,,,,TRUE,,,,Shop,,,
Arranging testpapers,,,110,,1,0,,sc/decos02_seasonal.sc,arranging_testpapers,,2,2,,999,,,,,,TID_DECO_GENERICFARM_DESCRIPTION,TID_DECO_ARRANGING_PAPERS,,,,,,TapDecorationGeneric,,,,,TRUE,,,,TRUE,,,,Shop,,,
Sandy sheep,,,,,1,0,,sc/decos02_seasonal.sc,sandy_sheep,,1,1,,999,,,,,,TID_DECO_GENERICFARM_DESCRIPTION,TID_DECO_SANDY_SHEEP,,,,,,TapDecorationGeneric,,,,,TRUE,,,,TRUE,,,,Events,,,
Acorn lamp,,,,,1,0,,sc/decos02_seasonal.sc,acorn_lamp,,1,1,,999,,,,,,TID_DECO_GENERICFARM_DESCRIPTION,TID_DECO_ACORN_LAMP,,,,,,TapDecorationGeneric,,,,,TRUE,,,,TRUE,,,,Shop,,,
Fox statue,,,,,1,0,,sc/decos02_seasonal.sc,fox_statue,,2,1,,999,,,,,,TID_DECO_GENERICFARM_DESCRIPTION,TID_DECO_FOX_STATUE,,,,,,TapDecorationGeneric,,,,,TRUE,,,,TRUE,,,,Shop,,,
Sleeping fox,,,,,1,0,,sc/decos02_seasonal.sc,sleeping_fox,,2,2,,999,,,,,,TID_DECO_GENERICFARM_DESCRIPTION,TID_DECO_SLEEPING_FOX,,,,,,TapDecorationGeneric,,,,,TRUE,,,,TRUE,,,,Shop,,,
,,,,,,,,,,,,,,,,,,,,,,,,,,,,,,,,,,,,,,,,,,,
Autumn gnomes,,,110,,1,0,,sc/decos03_features.sc,autumn_gnomes,,2,2,,999,,,,,,TID_DECO_GENERICFARM_DESCRIPTION,TID_DECO_AUTUMN_GNOMES,,,,,,TapDecorationGeneric,,,,,TRUE,,,,TRUE,,,,,,,
Carved pumpkin,,,,,1,0,,sc/decos02_seasonal.sc,carved_pumpkin,,1,1,,999,,,,,,TID_DECO_GENERICFARM_DESCRIPTION,TID_DECO_CARVED_PUMPKIN,,,,,,TapDecorationGeneric,,,,Halloween,TRUE,,,,TRUE,,,,,,,
Ravens,,,,,1,0,,sc/decos02_seasonal.sc,ravens,,1,2,,999,,,,,,TID_DECO_GENERICFARM_DESCRIPTION,TID_DECO_RAVENS,,,,,,TapDecorationGeneric,,,,Halloween,TRUE,,,,TRUE,,,,,,,
Mummy pig,,,,,1,0,,sc/decos02_seasonal.sc,mummy_pig,,1,2,,999,,,,,,TID_DECO_GENERICFARM_DESCRIPTION,TID_DECO_MUMMY_PIG,,,,,,TapDecorationGeneric,,,,Halloween,TRUE,,,,TRUE,,,,,,,
Trick tree,,,,,1,0,,sc/decos02_seasonal.sc,trick_tree,,2,2,,999,,,,,,TID_DECO_GENERICFARM_DESCRIPTION,TID_DECO_TRICK_TREE,,,,,,TapDecorationGeneric,,,,Halloween,TRUE,,,,TRUE,,,,,,,
,,,,,,,,,,,,,,,,,,,,,,,,,,,,,,,,,,,,,,,,,,,
Bird feeder,,,,,1,0,,sc/decos02_seasonal.sc,bird_feeder,,1,1,,999,,,,,,TID_DECO_GENERICFARM_DESCRIPTION,TID_DECO_BIRD_FEEDER,,,,,,TapDecorationGeneric,,,,,TRUE,,,,TRUE,,,,,,,
Bird tree,,,,,1,0,,sc/decos02_seasonal.sc,bird_tree,,2,1,,999,,,,,,TID_DECO_GENERICFARM_DESCRIPTION,TID_DECO_BIRD_TREE,,,,,,TapDecorationGeneric,,,,,TRUE,,,,TRUE,,,,,,,
Bird forest,,,,,1,0,,sc/decos02_seasonal.sc,bird_forest,,2,2,,999,,,,,,TID_DECO_GENERICFARM_DESCRIPTION,TID_DECO_BIRD_FOREST,,,,,,TapDecorationGeneric,,,,,TRUE,,,,TRUE,,,,,,,
,,,,,,,,,,,,,,,,,,,,,,,,,,,,,,,,,,,,,,,,,,,
Blue wisteria,,,,,1,0,,sc/decos01_generic.sc,deco_wisteria_tree_blue,,1,1,,999,,,,,,TID_DECO_GENERICFARM_DESCRIPTION,TID_DECO_WISTERIA_BLUE,,,,,,TapDecorationGeneric,,,,,TRUE,,,,TRUE,,,,Expansion,,,
Pink wisteria,,,,,1,0,,sc/decos01_generic.sc,deco_wisteria_tree_pink,,1,1,,999,,,,,,TID_DECO_GENERICFARM_DESCRIPTION,TID_DECO_WISTERIA_PINK,,,,,,TapDecorationGeneric,,,,,TRUE,,,,TRUE,,,,,,,
,,,,,,,,,,,,,,,,,,,,,,,,,,,,,,,,,,,,,,,,,,,
Apple Bobbing,,,,,1,0,,sc/decos03_features.sc,apple_bobbing,,2,2,,999,,,,,,TID_DECO_GENERICFARM_DESCRIPTION,TID_DECO_APPLE_BOBBING,,,,,,TapDecorationGeneric,,,,,TRUE,,,,TRUE,,,,Shop,,,
Carved Turkey,,,,,1,0,,sc/decos03_features.sc,carved_turkeystatue,,2,2,,999,,,,,,TID_DECO_GENERICFARM_DESCRIPTION,TID_DECO_CARVED_TURKEY,,,,,,TapDecorationGeneric,,,,,TRUE,,,,TRUE,,,,Shop,,,
Horn of Plenty,,,,,1,0,,sc/decos03_features.sc,hornof_plenty,,2,2,,999,,,,,,TID_DECO_GENERICFARM_DESCRIPTION,TID_DECO_HORNOF_PLENTY,,,,,,TapDecorationGeneric,,,,,TRUE,,,,TRUE,,,,Shop,,,
Biggest Crop,,,110,,1,0,,sc/decos03_features.sc,biggest_crop,,2,1,,999,,,,,,TID_DECO_GENERICFARM_DESCRIPTION,TID_DECO_BIGGEST_CROP,,,,,,TapDecorationGeneric,,,,,TRUE,,,,TRUE,,,,Shop,,,
Stalk Lantern,,,,,1,0,,sc/decos03_features.sc,stalk_lantern,,1,1,,999,,,,,,TID_DECO_GENERICFARM_DESCRIPTION,TID_DECO_STALK_LANTERN,,,,,,TapDecorationGeneric,,,,,TRUE,,,,TRUE,,,,Shop,,,
Pumpkin Arch,,,,,1,0,,sc/decos03_features.sc,pumpkin_arch,,1,2,,999,,,,,,TID_DECO_GENERICFARM_DESCRIPTION,TID_DECO_PUMPKIN_ARCH,,,,,,TapDecorationGeneric,,,,,TRUE,,,,TRUE,,,,Events,,,
,,,,,,,,,,,,,,,,,,,,,,,,,,,,,,,,,,,,,,,,,,,
Snowman Greg,,,120,,1,0,,sc/decos03_features.sc,greg_snowman,,1,2,,999,,,,,,TID_DECO_GENERICFARM_DESCRIPTION,TID_DECO_SNOWMAN_GREG,,,,,,TapDecorationGeneric,,,,,TRUE,,,,TRUE,,,,,,,
Snowangel Chicken,,,140,,1,0,,sc/decos03_features.sc,snowangel_chicken,,2,2,,999,,,,,,TID_DECO_GENERICFARM_DESCRIPTION,TID_DECO_SNOWANGEL_CHICKEN,,,,,,TapDecorationGeneric,,,,,TRUE,,,,TRUE,,,,,,,
,,,,,,,,,,,,,,,,,,,,,,,,,,,,,,,,,,,,,,,,,,,
Ice poppies,,,110,,1,0,,sc/decos03_features.sc,ice_poppies,,1,1,4500,,,,,500,1,TID_SANCTUARYDECO_DESC,TID_DECO_ICEPOPPIES,Buy,,,,,TapDecorationGeneric,TRUE,,25,,,TRUE,,TRUE,,,WalrusBaby1,,,,,
Snowy trunk,,,120,,1,0,,sc/decos03_features.sc,snowy_trunk,,2,1,,,,Voucher1,5,,,TID_SANCTUARYDECO_DESC,TID_DECO_SNOWYTRUNK,Buy,,,,,TapDecorationGeneric,TRUE,,25,,,TRUE,,TRUE,,,WalrusBaby2,,,,,
,,,,,,,,,,,,,,,,Voucher3,1,,,,,,,,,,,,,,,,,,,,,,,,,,
,,,,,,,,,,,,,,,,,,,,,,,,,,,,,,,,,,,,,,,,,,,
Icy snowflake,,,90,,1,0,,sc/decos02_seasonal.sc,icy_snowflake,,1,1,,999,,,,,,TID_DECO_GENERICFARM_DESCRIPTION,TID_DECO_ICY_SNOWFLAKE,,,,,,TapDecorationGeneric,,,,Christmas,TRUE,,,,TRUE,,,,FP,,,
Drummer boys,,,,,1,0,,sc/decos02_seasonal.sc,drummer_boys,,2,1,,999,,,,,,TID_DECO_GENERICFARM_DESCRIPTION,TID_DECO_DRUMMERBOYS,,,,,,TapDecorationGeneric,,,,Christmas,TRUE,,,,TRUE,,,,,,,
Santa's workbench,,,,,1,0,,sc/decos02_seasonal.sc,santas_workbench,,2,2,,999,,,,,,TID_DECO_GENERICFARM_DESCRIPTION,TID_DECO_WORKBENCH,,,,,,TapDecorationGeneric,,,,Christmas,TRUE,,,,TRUE,,,,,,,
Gift tree,,,,,1,0,,sc/decos02_seasonal.sc,gift_tree,,2,2,,999,,,,,,TID_DECO_GENERICFARM_DESCRIPTION,TID_DECO_GIFT_TREE,,,,,,TapDecorationGeneric,,,,Christmas,TRUE,,,,TRUE,,,,,,,
,,,,,,,,,,,,,,,,,,,,,,,,,,,,,,,,,,,,,,,,,,,
Party balloons,,,,,1,0,,sc/decos02_seasonal.sc,party_balloons,,1,1,,999,,,,,,TID_DECO_GENERICFARM_DESCRIPTION,TID_DECO_PARTYBALLOONS,,,,,,TapDecorationGeneric,,,,NewYear,TRUE,,,,TRUE,,,,,,,
Party music,,,,,1,0,,sc/decos02_seasonal.sc,party_music,,2,1,,999,,,,,,TID_DECO_GENERICFARM_DESCRIPTION,TID_DECO_PARTYMUSIC,,,,,,TapDecorationGeneric,,,,NewYear,TRUE,,,,TRUE,,,,,,,
Party statue,,,,,1,0,,sc/decos02_seasonal.sc,party_statue,,2,2,,999,,,,,,TID_DECO_GENERICFARM_DESCRIPTION,TID_DECO_PARTYSTATUE,,,,,,TapDecorationGeneric,,,,NewYear,TRUE,,,,TRUE,,,,,,,
Party pot,,,,,1,0,,sc/decos02_seasonal.sc,party_pot,,1,1,,999,,,,,,TID_DECO_GENERICFARM_DESCRIPTION,TID_DECO_PARTYPOT,,,,,,TapDecorationGeneric,,,,NewYear,TRUE,,,,TRUE,,,,,,,
,,,,,,,,,,,,,,,,,,,,,,,,,,,,,,,,,,,,,,,,,,,
Lunar swing,,,,,1,0,,sc/decos06_farmpass.sc,fp_lunarswing,,2,1,,999,,,,,,TID_DECO_GENERICFARM_DESCRIPTION,TID_DECO_LUNAR_SWING,,,,,,TapDecorationGeneric,,,,,TRUE,,,,TRUE,,,,FPE,,,
Lovely trampoline,,,110,,1,0,,sc/decos06_farmpass.sc,fp_lovelytrampoline,,2,2,,999,,,,,,TID_DECO_GENERICFARM_DESCRIPTION,TID_DECO_LOVELY_TRAMPOLINE,,,,,,TapDecorationGeneric,,,,,TRUE,,,,TRUE,,,,FPE,,,
Cherry blossom,,,,,1,0,,sc/decos06_farmpass.sc,fp_cherryblossom,,1,1,,999,,,,,,TID_DECO_GENERICFARM_DESCRIPTION,TID_DECO_CHERRY_BLOSSOM,,,,,,TapDecorationGeneric,,,,,TRUE,,,,TRUE,,,,FPE,,,
Chick surprise,,,90,,1,0,,sc/decos06_farmpass.sc,fp_chicksurprise,,1,1,,999,,,,,,TID_DECO_GENERICFARM_DESCRIPTION,TID_DECO_CHICK_SURPRISE,,,,,,TapDecorationGeneric,,,,,TRUE,,,,TRUE,,,,FPE,,,
Pilot training,,,,,1,0,,sc/decos06_farmpass.sc,fp_pilottraining,,2,2,,999,,,,,,TID_DECO_GENERICFARM_DESCRIPTION,TID_DECO_PILOT_TRAINING,,,,,,TapDecorationGeneric,,,,,TRUE,,,,TRUE,,,,FPE,,,
Butterfly oasis,,,,,1,0,,sc/decos06_farmpass.sc,fp_butterflyhabitat,,2,1,,999,,,,,,TID_DECO_GENERICFARM_DESCRIPTION,TID_DECO_BUTTERFLY_OASIS,,,,,,TapDecorationGeneric,,,,,TRUE,,,,TRUE,,,,FPE,,,
Seed spitting,,,,,1,0,,sc/decos06_farmpass.sc,fp_seedspitting,,2,1,,999,,,,,,TID_DECO_GENERICFARM_DESCRIPTION,TID_DECO_SEED_SPITTING,,,,,,TapDecorationGeneric,,,,,TRUE,,,,TRUE,,,,FPE,,,
Tourist attraction,,,,,1,0,,sc/decos06_farmpass.sc,fp_touristattraction,,2,1,,999,,,,,,TID_DECO_GENERICFARM_DESCRIPTION,TID_DECO_TOURIST_ATTRACTION,,,,,,TapDecorationGeneric,,,,,TRUE,,,,TRUE,,,,FPE,,,
Knitter chicks,,,,,1,0,,sc/decos06_farmpass.sc,fp_knitterchick,,1,1,,999,,,,,,TID_DECO_GENERICFARM_DESCRIPTION,TID_DECO_KNITTER_CHICKS,,,,,,TapDecorationGeneric,,,,,TRUE,,,,TRUE,,,,FPE,,,
Halloween costume,,,,,1,0,,sc/decos06_farmpass.sc,fp_halloweencostumes,,2,1,,999,,,,,,TID_DECO_GENERICFARM_DESCRIPTION,TID_DECO_HALLOWEEN_COSTUME,,,,,,TapDecorationGeneric,,,,,TRUE,,,,TRUE,,,,FPE,,,
Snow deer,,,,,1,0,,sc/decos06_farmpass.sc,fp_snowdeer,,2,1,,999,,,,,,TID_DECO_GENERICFARM_DESCRIPTION,TID_DECO_SNOW_DEER,,,,,,TapDecorationGeneric,,,,,TRUE,,,,TRUE,,,,FPE,,,
Wrapping papers,,,,,1,0,,sc/decos06_farmpass.sc,fp_wrappingpapers,,2,2,,999,,,,,,TID_DECO_GENERICFARM_DESCRIPTION,TID_DECO_WRAPPING_PAPERS,,,,,,TapDecorationGeneric,,,,,TRUE,,,,TRUE,,,,FPE,,,
,,,,,,,,,,,,,,,,,,,,,,,,,,,,,,,,,,,,,,,,,,,
Bunny scroll,,,,,1,0,,sc/decos02_seasonal.sc,bunnyscroll,,1,1,,999,,,,,,TID_DECO_GENERICFARM_DESCRIPTION,TID_DECO_BUNNY_SCROLL,,,,,,TapDecorationGeneric,,,,ChineseNewYear,TRUE,,,,TRUE,,,,,,,
Bunny guardians,,,,,1,0,,sc/decos02_seasonal.sc,bunnyguardians,,2,1,,999,,,,,,TID_DECO_GENERICFARM_DESCRIPTION,TID_DECO_BUNNY_GUARDIANS,,,,,,TapDecorationGeneric,,,,ChineseNewYear,TRUE,,,,TRUE,,,,,,,
Sky lantern pond,,,120,,1,0,,sc/decos02_seasonal.sc,bunnylantern,,2,2,,999,,,,,,TID_DECO_GENERICFARM_DESCRIPTION,TID_DECO_SKY_LANTERN,,,,,,TapDecorationGeneric,,,,ChineseNewYear,TRUE,,,,TRUE,,,,,,,
,,,,,,,,,,,,,,,,,,,,,,,,,,,,,,,,,,,,,,,,,,,
Easter planter,,,,,1,0,,sc/decos02_seasonal.sc,easter_planter,,2,1,,999,,,,,,TID_DECO_GENERICFARM_DESCRIPTION,TID_DECO_EASTER_PLANTER,,,,,,TapDecorationGeneric,,,,Easter,TRUE,,,,TRUE,,,,,,,
Easter arch,,,,,1,0,,sc/decos02_seasonal.sc,easter_arch,,2,1,,999,,,,,,TID_DECO_GENERICFARM_DESCRIPTION,TID_DECO_EASTER_ARCH,,,,,,TapDecorationGeneric,,,,Easter,TRUE,,,,TRUE,,,,,,,
Easter balloon,,,,,1,0,,sc/decos02_seasonal.sc,easter_bunnyballoon,,2,2,,999,,,,,,TID_DECO_GENERICFARM_DESCRIPTION,TID_DECO_EASTER_BALLOON,,,,,,TapDecorationGeneric,,,,Easter,TRUE,,,,TRUE,,,,,,,
,,,,,,,,,,,,,,,,,,,,,,,,,,,,,,,,,,,,,,,,,,,
Valley Peru,,,,,1,0,,sc/decos07_valley.sc,valley_peru,,1,1,,999,,,,,,TID_DECO_BOARDGAME_DESCRIPTION,TID_DECO_PERUSTATUE,,,,,,TapDecorationGeneric,,,,,TRUE,,,,TRUE,,,,Valley,,,
Valley Portugal,,,,,1,0,,sc/decos07_valley.sc,valley_portugal,,1,1,,999,,,,,,TID_DECO_BOARDGAME_DESCRIPTION,TID_DECO_PORTUGALSTATUE,,,,,,TapDecorationGeneric,,,,,TRUE,,,,TRUE,,,,Valley,,,
Valley Thailand,,,,,1,0,,sc/decos07_valley.sc,valley_thailand,,1,1,,999,,,,,,TID_DECO_BOARDGAME_DESCRIPTION,TID_DECO_THAILANDSTATUE,,,,,,TapDecorationGeneric,,,,,TRUE,,,,TRUE,,,,Valley,,,
Valley Alaska,,,,,1,0,,sc/decos07_valley.sc,valley_alaska,,2,1,,999,,,,,,TID_DECO_BOARDGAME_DESCRIPTION,TID_DECO_ALASKASTATUE,,,,,,TapDecorationGeneric,,,,,TRUE,,,,TRUE,,,,Valley,,,
Valley Iceland,,,,,1,0,,sc/decos07_valley.sc,valley_iceland,,2,2,,999,,,,,,TID_DECO_BOARDGAME_DESCRIPTION,TID_DECO_ICELANDSTATUE,,,,,,TapDecorationGeneric,,,,,TRUE,,,,TRUE,,,,Valley,,,
Valley Marocco,,,,,1,0,,sc/decos07_valley.sc,valley_morocco,,2,2,,999,,,,,,TID_DECO_BOARDGAME_DESCRIPTION,TID_DECO_MAROCCOSTATUE,,,,,,TapDecorationGeneric,,,,,TRUE,,,,TRUE,,,,Valley,,,
Valley Switzerland,,,,,1,0,,sc/decos07_valley.sc,valley_switzerland,,2,1,,999,,,,,,TID_DECO_BOARDGAME_DESCRIPTION,TID_DECO_SWITZERLANDSTATUE,,,,,,TapDecorationGeneric,,,,,TRUE,,,,TRUE,,,,Valley,,,
Valley Indonesia,,,,,1,0,,sc/decos07_valley.sc,valley_indonesia,,2,2,,999,,,,,,TID_DECO_BOARDGAME_DESCRIPTION,TID_DECO_INDONESIASTATUE,,,,,,TapDecorationGeneric,,,,,TRUE,,,,TRUE,,,,Valley,,,
Valley Ukraine,,,,,1,0,,sc/decos07_valley.sc,valley_ukraine,,1,1,,999,,,,,,TID_DECO_BOARDGAME_DESCRIPTION,TID_DECO_UKRAINESTATUE,,,,,,TapDecorationGeneric,,,,,TRUE,,,,TRUE,,,,Valley,,,
Valley Turkey,,,,,1,0,,sc/decos07_valley.sc,valley_turkey,,1,2,,999,,,,,,TID_DECO_BOARDGAME_DESCRIPTION,TID_DECO_TURKEYSTATUE,,,,,,TapDecorationGeneric,,,,,TRUE,,,,TRUE,,,,Valley,,,
Valley Romania,,,,TRUE,1,0,,sc/decos07_valley.sc,valley_romania,,1,1,,999,,,,,,TID_DECO_BOARDGAME_DESCRIPTION,TID_DECO_ROMANIASTATUE,,,,,,TapDecorationGeneric,,,,,TRUE,,,,TRUE,,,,Valley,,,
Valley Finland,,,,,1,0,,sc/decos07_valley.sc,valley_finland,,1,1,,999,,,,,,TID_DECO_BOARDGAME_DESCRIPTION,TID_DECO_FINLANDSTATUE,,,,,,TapDecorationGeneric,,,,,TRUE,,,,TRUE,,,,Valley,,,
,,,,,,,,,,,,,,,,,,,,,,,,,,,,,,,,,,,,,,,,,,,
Venetian gnome,,,,,1,0,,sc/decos02_seasonal.sc,venetian_gnome,,1,1,,999,,,,,,TID_DECO_GENERICFARM_DESCRIPTION,TID_DECO_VENETIAN_GNOME,,,,,,TapDecorationGeneric,,,,Valentines,TRUE,,,,TRUE,,,,Seasonal,,,
Venetian bridge,,,110,,1,0,,sc/decos02_seasonal.sc,venetian_bridge,,1,2,,999,,,,,,TID_DECO_GENERICFARM_DESCRIPTION,TID_DECO_VENETIAN_BRIDGE,,,,,,TapDecorationGeneric,,,,Valentines,TRUE,,,,TRUE,,,,Seasonal,,,
Venetian ride,,,120,,1,0,,sc/decos02_seasonal.sc,venetian_ride,,2,2,,999,,,,,,TID_DECO_GENERICFARM_DESCRIPTION,TID_DECO_VENETIAN_RIDE,,,,,,TapDecorationGeneric,,,,Valentines,TRUE,,,,TRUE,,,,Seasonal,,,
,,,,,,,,,,,,,,,,,,,,,,,,,,,,,,,,,,,,,,,,,,,
Bulrush,,,,,1,0,,sc/decos02_seasonal.sc,bulrush,,1,1,,999,,,,,,TID_DECO_GENERICFARM_DESCRIPTION,TID_DECO_BULRUSH,,,,,,TapDecorationGeneric,,,,,TRUE,,,,TRUE,,,,,,,
Lawn mover,,,,,1,0,,sc/decos02_seasonal.sc,lawn_mover,,1,2,,999,,,,,,TID_DECO_GENERICFARM_DESCRIPTION,TID_DECO_LAWN_MOVER,,,,,,TapDecorationGeneric,,,,,TRUE,,,,TRUE,,,,,,,
Poppy field,,,,,1,0,,sc/decos02_seasonal.sc,poppy_field,,2,2,,999,,,,,,TID_DECO_GENERICFARM_DESCRIPTION,TID_DECO_POPPY_FIELD,,,,,,TapDecorationGeneric,,,,,TRUE,,,,TRUE,,,,,,,
,,,,,,,,,,,,,,,,,,,,,,,,,,,,,,,,,,,,,,,,,,,
Crescent tent,,,110,,1,0,,sc/decos02_seasonal.sc,crescent_tent,,2,1,,999,,,,,,TID_DECO_GENERICFARM_DESCRIPTION,TID_DECO_CRESCENT_TENT,,,,,,TapDecorationGeneric,,,,Ramadan,TRUE,,,,TRUE,,,,Seasonal,,,
Crescent swing,,,110,,1,0,,sc/decos02_seasonal.sc,crescent_swing,,2,2,,999,,,,,,TID_DECO_GENERICFARM_DESCRIPTION,TID_DECO_CRESCENT_SWING,,,,,,TapDecorationGeneric,,,,Ramadan,TRUE,,,,TRUE,,,,Seasonal,,,
,,,,,,,,,,,,,,,,,,,,,,,,,,,,,,,,,,,,,,,,,,,
Figureskater gnome,,,,,1,0,,sc/decos03_features.sc,figureskater_gnome,,1,1,,999,,,,,,TID_DECO_GENERICFARM_DESCRIPTION,TID_DECO_FIGURESKATER_GNOME,,,,,,TapDecorationGeneric,,,,Christmas,TRUE,,,,TRUE,,,,Seasonal,,,
Curling rink,,,110,,1,0,,sc/decos03_features.sc,curling_rink,,1,2,,999,,,,,,TID_DECO_GENERICFARM_DESCRIPTION,TID_DECO_CURLING_RINK,,,,,,TapDecorationGeneric,,,,Christmas,TRUE,,,,TRUE,,,,Seasonal,,,
Olympic metalists,,,,,1,0,,sc/decos03_features.sc,olympic_metalists,,2,2,,999,,,,,,TID_DECO_GENERICFARM_DESCRIPTION,TID_DECO_OLYMPIC_METALISTS,,,,,,TapDecorationGeneric,,,,Christmas,TRUE,,,,TRUE,,,,Seasonal,,,
,,,,,,,,,,,,,,,,,,,,,,,,,,,,,,,,,,,,,,,,,,,
Ornament tower,,,,,1,0,,sc/decos03_features.sc,ornament_tower,,1,1,,999,,,,,,TID_DECO_GENERICFARM_DESCRIPTION,TID_DECO_ORNAMENT_TOWER,,,,,,TapDecorationGeneric,,,,Christmas,TRUE,,,,TRUE,,,,Seasonal,,,
Santa’s gifts,,,,,1,0,,sc/decos03_features.sc,santas_gifts,,1,2,,999,,,,,,TID_DECO_GENERICFARM_DESCRIPTION,TID_DECO_SANTAS_GIFTS,,,,,,TapDecorationGeneric,,,,Christmas,TRUE,,,,TRUE,,,,Seasonal,,,
Tree market,,,,,1,0,,sc/decos03_features.sc,tree_market,,2,2,,999,,,,,,TID_DECO_GENERICFARM_DESCRIPTION,TID_DECO_TREE_MARKET,,,,,,TapDecorationGeneric,,,,Christmas,TRUE,,,,TRUE,,,,Seasonal,,,
,,,,,,,,,,,,,,,,,,,,,,,,,,,,,,,,,,,,,,,,,,,
Venetian masks,,,110,,1,0,,sc/decos02_seasonal.sc,venetian_masks,,2,2,,999,,,,,,TID_DECO_GENERICFARM_DESCRIPTION,TID_DECO_VENETIAN_MASKS,,,,,,TapDecorationGeneric,,,,Valentines,TRUE,,,,TRUE,,,,Seasonal,,,
,,,,,,,,,,,,,,,,,,,,,,,,,,,,,,,,,,,,,,,,,,,
Rainbow lights,,,,,1,0,,sc/decos02_seasonal.sc,rainbow_candles,,1,1,,999,,,,,,TID_DECO_GENERICFARM_DESCRIPTION,TID_DECO_RAINBOW_LIGHTS,,,,,,TapDecorationGeneric,,,,,TRUE,,,,TRUE,,,,,,,
Rainbow umbrellas,,,,,1,0,,sc/decos02_seasonal.sc,rainbow_umbrellas,,2,1,,999,,,,,,TID_DECO_GENERICFARM_DESCRIPTION,TID_DECO_RAINBOW_UMBRELLAS,,,,,,TapDecorationGeneric,,,,,TRUE,,,,TRUE,,,,,,,
Rainbow tent,,,,,1,0,,sc/decos02_seasonal.sc,rainbow_tent,,2,2,,999,,,,,,TID_DECO_GENERICFARM_DESCRIPTION,TID_DECO_RAINBOW_TENT,,,,,,TapDecorationGeneric,,,,,TRUE,,,,TRUE,,,,,,,
,,,,,,,,,,,,,,,,,,,,,,,,,,,,,,,,,,,,,,,,,,,
Chinese lantern flower,,,,,1,0,,sc/decos03_features.sc,chinese_lantern_flower,,1,1,4500,,,,,500,1,TID_SANCTUARYDECO_DESC,TID_DECO_CHINESE_LANTERN_FLOWERS,Buy,,,,,TapDecorationGeneric,TRUE,,25,,,TRUE,,TRUE,,,Meerkat1,,,,,
Grassy rock,,,,,1,0,,sc/decos03_features.sc,grassy_rocks,,2,1,,,,Voucher1,5,,,TID_SANCTUARYDECO_DESC,TID_DECO_GRASSY_ROCK,Buy,,,,,TapDecorationGeneric,TRUE,,25,,,TRUE,,TRUE,,,Meerkat2,,,,,
,,,,,,,,,,,,,,,,Voucher3,1,,,,,,,,,,,,,,,,,,,,,,,,,,
,,,,,,,,,,,,,,,,,,,,,,,,,,,,,,,,,,,,,,,,,,,
Crafts corner,,,110,,1,0,,sc/decos03_features.sc,crafts_corner,,2,2,,999,,,,,,TID_DECO_GENERICFARM_DESCRIPTION,TID_DECO_CRAFTS_CORNER,,,,,,TapDecorationGeneric,,,,,TRUE,,,,TRUE,,,,Expansion,,,
Ruins,,,,,1,0,,sc/decos03_features.sc,ruins,,2,2,,999,,,,,,TID_DECO_GENERICFARM_DESCRIPTION,TID_DECO_RUINS,,,,,,TapDecorationGeneric,,,,,TRUE,,,,TRUE,,,,Expansion,,,
Weeping willow,,,,,1,0,,sc/decos03_features.sc,weeping_willow,,1,1,,999,,,,,,TID_DECO_GENERICFARM_DESCRIPTION,TID_DECO_WEEPING_WILLOW,,,,,,TapDecorationGeneric,,,,,TRUE,,,,TRUE,,,,Expansion,,,
Weeping cherry,,,,,1,0,,sc/decos03_features.sc,weeping_cherry,,1,1,,999,,,,,,TID_DECO_GENERICFARM_DESCRIPTION,TID_DECO_WEEPING_CHERRY,,,,,,TapDecorationGeneric,,,,,TRUE,,,,TRUE,,,,Expansion,,,
Blue spruce m,,,,,1,0,,sc/decos03_features.sc,blue_spruce,,1,1,,999,,,,,,TID_DECO_GENERICFARM_DESCRIPTION,TID_DECO_BLUE_SPRUCE2,,,,,,TapDecorationGeneric,,,,,TRUE,,,,TRUE,,,,Expansion,,,
Angel trumpet,,,,,1,0,,sc/decos03_features.sc,angel_trumpet,,1,1,,999,,,,,,TID_DECO_GENERICFARM_DESCRIPTION,TID_DECO_ANGEL_TRUMPET,,,,,,TapDecorationGeneric,,,,,TRUE,,,,TRUE,,,,Expansion,,,
Blue spruce s,,,90,,1,0,,sc/decos03_features.sc,blue_spruce2,,1,1,,999,,,,,,TID_DECO_GENERICFARM_DESCRIPTION,TID_DECO_BLUE_SPRUCE,,,,,,TapDecorationGeneric,,,,,TRUE,,,,TRUE,,,,Expansion,,,
Blue spruce l,,,,,1,0,,sc/decos03_features.sc,blue_spruce3,,1,1,,999,,,,,,TID_DECO_GENERICFARM_DESCRIPTION,TID_DECO_BLUE_SPRUCE3,,,,,,TapDecorationGeneric,,,,,TRUE,,,,TRUE,,,,Expansion,,,
Small weeping willow,,,90,,1,0,,sc/decos03_features.sc,weeping_willow_small,,1,1,,999,,,,,,TID_DECO_GENERICFARM_DESCRIPTION,TID_DECO_WEEPING_WILLOW_SMALL,,,,,,TapDecorationGeneric,,,,,TRUE,,,,TRUE,,,,Expansion,,,
,,,,,,,,,,,,,,,,,,,,,,,,,,,,,,,,,,,,,,,,,,,
Jockeys corner,,,,,1,0,,sc/decos03_features.sc,jockeys_corner,,1,1,,999,,,,,,TID_DECO_GENERICFARM_DESCRIPTION,TID_DECO_JOCKEYS_CORNER,,,,,,TapDecorationGeneric,,,,,TRUE,,,,TRUE,,,,Derby,,,
Starting gates,,,,,1,0,,sc/decos03_features.sc,starting_gate,,1,2,,999,,,,,,TID_DECO_GENERICFARM_DESCRIPTION,TID_DECO_STARTING_GATES,,,,,,TapDecorationGeneric,,,,,TRUE,,,,TRUE,,,,Derby,,,
Race winner,,,,,1,0,,sc/decos03_features.sc,race_winner,,2,1,,999,,,,,,TID_DECO_GENERICFARM_DESCRIPTION,TID_DECO_RACE_WINNER,,,,,,TapDecorationGeneric,,,,,TRUE,,,,TRUE,,,,Derby,,,
Spectators stand,,,,,1,0,,sc/decos03_features.sc,spectators_stand,,2,2,,999,,,,,,TID_DECO_GENERICFARM_DESCRIPTION,TID_DECO_SPECTATORS_STAND,,,,,,TapDecorationGeneric,,,,,TRUE,,,,TRUE,,,,Derby,,,
Horsecare area,,,,,1,0,,sc/decos03_features.sc,horsecare_area,,2,2,,999,,,,,,TID_DECO_GENERICFARM_DESCRIPTION,TID_DECO_HORSECARE_AREA,,,,,,TapDecorationGeneric,,,,,TRUE,,,,TRUE,,,,Derby,,,
,,,,,,,,,,,,,,,,,,,,,,,,,,,,,,,,,,,,,,,,,,,
Park bench,,,,,1,0,,sc/decos02_seasonal.sc,park_bench,,1,2,,999,,,,,,TID_DECO_GENERICFARM_DESCRIPTION,TID_DECO_PARK_BENCH,,,,,,TapDecorationGeneric,,,,,TRUE,,,,TRUE,,,,,,,
Park fountain,,,120,,1,0,,sc/decos02_seasonal.sc,park_fountain,,3,3,,999,,,,,,TID_DECO_GENERICFARM_DESCRIPTION,TID_DECO_PARK_FOUNTAIN,,,,,,TapDecorationGeneric,,,,,TRUE,,,,TRUE,,,,,,,
,,,,,,,,,,,,,,,,,,,,,,,,,,,,,,,,,,,,,,,,,,,
Bird watchtower,,,,,1,0,,sc/decos02_seasonal.sc,bird_watchtower,,1,1,,999,,,,,,TID_DECO_GENERICFARM_DESCRIPTION,TID_DECO_BIRD_WATCHTOWER,,,,,,TapDecorationGeneric,,,,,TRUE,,,,TRUE,,,,,,,
Yard swing,,,,,1,0,,sc/decos02_seasonal.sc,yard_swing,,2,1,,999,,,,,,TID_DECO_GENERICFARM_DESCRIPTION,TID_DECO_YARD_SWING,,,,,,TapDecorationGeneric,,,,,TRUE,,,,TRUE,,,,,,,
Root cellar,,,,,1,0,,sc/decos02_seasonal.sc,root_cellar,,3,3,,999,,,,,,TID_DECO_GENERICFARM_DESCRIPTION,TID_DECO_ROOT_CELLAR,,,,,,TapDecorationGeneric,,,,,TRUE,,,,TRUE,,,,,,,
,,,,,,,,,,,,,,,,,,,,,,,,,,,,,,,,,,,,,,,,,,,
Awarded roses,,,,,1,0,,sc/decos01_generic.sc,awarded_roses,,2,1,,999,,,,,,TID_DECO_GENERICFARM_DESCRIPTION,TID_DECO_AWARDED_ROSES,,,,,,TapDecorationGeneric,,,,,TRUE,,,,TRUE,,,,,,,
Trellis garden,,,,,1,0,,sc/decos01_generic.sc,trellis_garden,,2,2,,999,,,,,,TID_DECO_GENERICFARM_DESCRIPTION,TID_DECO_TRELLIS_GARDEN,,,,,,TapDecorationGeneric,,,,,TRUE,,,,TRUE,,,,,,,
Cloth rack,,,,,1,0,,sc/decos03_features.sc,drying_rack,,2,1,,999,,,,,,TID_DECO_GENERICFARM_DESCRIPTION,TID_DECO_CLOTHES_DRYER,,,,,,TapDecorationGeneric,,,,,TRUE,,,,TRUE,,,,,,,
Festive stage,,,,,1,0,,sc/decos03_features.sc,festive_stage,,2,2,,999,,,,,,TID_DECO_GENERICFARM_DESCRIPTION,TID_DECO_FESTIVE_STAGE,,,,,,TapDecorationGeneric,,,,,TRUE,,,,TRUE,,,,,,,
Spring bench,,,120,,1,0,,sc/decos02_seasonal.sc,spring_bench,,2,2,,999,,,,,,TID_DECO_GENERICFARM_DESCRIPTION,TID_DECO_SPRING_BENCH,,,,,,TapDecorationGeneric,,,,,TRUE,,,,TRUE,,,,,,,
Duck pond,,,110,,1,0,,sc/decos02_seasonal.sc,duck_pond,,4,4,,999,,,,,,TID_DECO_GENERICFARM_DESCRIPTION,TID_DECO_DUCK_POND,,,,,,TapDecorationGeneric,,,,,TRUE,,,,TRUE,,,,,,,
,,,,,,,,,,,,,,,,,,,,,,,,,,,,,,,,,,,,,,,,,,,
Tropical paperlantern,,,,,1,0,,sc/decos02_seasonal.sc,tropical_paperlantern,,1,1,,999,,,,,,TID_DECO_GENERICFARM_DESCRIPTION,TID_DECO_TROPICAL_PAPERLANTERN,,,,,,TapDecorationGeneric,,,,,TRUE,,,,TRUE,,,,,,,
Tropical flamingo,,,,,1,0,,sc/decos02_seasonal.sc,tropical_flamingo,,1,1,,999,,,,,,TID_DECO_GENERICFARM_DESCRIPTION,TID_DECO_TROPICAL_FLAMINGO,,,,,,TapDecorationGeneric,,,,,TRUE,,,,TRUE,,,,,,,
Tropical bench,,,110,,1,0,,sc/decos02_seasonal.sc,tropical_bench,,1,2,,999,,,,,,TID_DECO_GENERICFARM_DESCRIPTION,TID_DECO_TROPICAL_BENCH,,,,,,TapDecorationGeneric,,,,,TRUE,,,,TRUE,,,,,,,
Tropical stand,,,,,1,0,,sc/decos02_seasonal.sc,tropical_stand,,2,2,,999,,,,,,TID_DECO_GENERICFARM_DESCRIPTION,TID_DECO_TROPICAL_STAND,,,,,,TapDecorationGeneric,,,,,TRUE,,,,TRUE,,,,,,,
Tropical picnic,,,,,1,0,,sc/decos02_seasonal.sc,tropical_picnic,,2,2,,999,,,,,,TID_DECO_GENERICFARM_DESCRIPTION,TID_DECO_TROPICAL_PICNIC,,,,,,TapDecorationGeneric,,,,,TRUE,,,,TRUE,,,,,,,
,,,,,,,,,,,,,,,,,,,,,,,,,,,,,,,,,,,,,,,,,,,
Flying goat,,,110,,1,0,,sc/decos02_seasonal.sc,flying_goat,,1,1,,999,,,,,,TID_DECO_GENERICFARM_DESCRIPTION,TID_DECO_FLYING_GOAT,,,,,,TapDecorationGeneric,,,,,TRUE,,,,TRUE,,,,,,,
Hit or miss,,,115,,1,0,,sc/decos02_seasonal.sc,hit_or_miss1,,2,1,,999,,,,,,TID_DECO_GENERICFARM_DESCRIPTION,TID_DECO_POPPING_BALLOONS,,,,,,TapDecorationGeneric,,,,,TRUE,,,,TRUE,,,,,,,
Balloon popping,,,115,,1,0,,sc/decos02_seasonal.sc,hit_or_miss2,,2,1,,999,,,,,,TID_DECO_GENERICFARM_DESCRIPTION,TID_DECO_HIT_OR_MISS,,,,,,TapDecorationGeneric,,,,,TRUE,,,,TRUE,,,,,,,
Fitting room,,,,,1,0,,sc/decos02_seasonal.sc,changing_room,,2,2,,999,,,,,,TID_DECO_GENERICFARM_DESCRIPTION,TID_DECO_FITTING_ROOM,,,,,,TapDecorationGeneric,,,,,TRUE,,,,TRUE,,,,,,,
,,,,,,,,,,,,,,,,,,,,,,,,,,,,,,,,,,,,,,,,,,,
Bunny surprise,,,,,1,0,,sc/decos02_seasonal.sc,bunny_surprise,,1,1,,999,,,,,,TID_DECO_GENERICFARM_DESCRIPTION,TID_DECO_BUNNY_SURPRISE,,,,,,TapDecorationGeneric,,,,,TRUE,,,,TRUE,,,,Events,,,
Bunny springer,,,90,,1,0,,sc/decos02_seasonal.sc,bunny_springer,,1,1,,999,,,,,,TID_DECO_GENERICFARM_DESCRIPTION,TID_DECO_BUNNY_SPRINGER,,,,,,TapDecorationGeneric,,,,,TRUE,,,,TRUE,,,,Events,,,
Carved bunny,,,,,1,0,,sc/decos02_seasonal.sc,carved_bunny,,2,1,,999,,,,,,TID_DECO_GENERICFARM_DESCRIPTION,TID_DECO_CARVED_BUNNY,,,,,,TapDecorationGeneric,,,,,TRUE,,,,TRUE,,,,Events,,,
Easter egg hunt,,,,,1,0,,sc/decos02_seasonal.sc,easteregg_hunt,,3,3,,999,,,,,,TID_DECO_GENERICFARM_DESCRIPTION,TID_DECO_EGG_HUNT,,,,,,TapDecorationGeneric,,,,,TRUE,,,,TRUE,,,,Events,,,
Bunny bouncy,,,120,,1,0,,sc/decos02_seasonal.sc,bunny_bouncy,,3,3,,999,,,,,,TID_DECO_GENERICFARM_DESCRIPTION,TID_DECO_BUNNY_BOUNCY,,,,,,TapDecorationGeneric,,,,,TRUE,,,,TRUE,,,,Events,,,
,,,,,,,,,,,,,,,,,,,,,,,,,,,,,,,,,,,,,,,,,,,
Carnival lamp post,,,,,1,0,,sc/decos02_seasonal.sc,carnival_lamp,,1,1,,999,,,,,,TID_DECO_GENERICFARM_DESCRIPTION,TID_DECO_CARNIVAL_LAMP,,,,,,TapDecorationGeneric,,TRUE,,,TRUE,,,,TRUE,,,,Events,,,
Carnival balloon,,,,,1,0,,sc/decos02_seasonal.sc,carnival_balloon,,1,1,,999,,,,,,TID_DECO_GENERICFARM_DESCRIPTION,TID_DECO_CARNIVAL_BALLOON,,,,,,TapDecorationGeneric,,,,,TRUE,,,,TRUE,,,,Events,,,
Carnival canon,,,,,1,0,,sc/decos02_seasonal.sc,carnival_cannon,,1,1,,999,,,,,,TID_DECO_GENERICFARM_DESCRIPTION,TID_DECO_CARNIVAL_CANON,,,,,,TapDecorationGeneric,,,,,TRUE,,,,TRUE,,,,Events,,,
Carnival surprise,,,,,1,0,,sc/decos02_seasonal.sc,carnival_surprise,,1,2,,999,,,,,,TID_DECO_GENERICFARM_DESCRIPTION,TID_DECO_CARNIVAL_SURPRISE,,,,,,TapDecorationGeneric,,,,,TRUE,,,,TRUE,,,,Events,,,
Carnival puppies,,,,,1,0,,sc/decos02_seasonal.sc,carnival_puppies,,1,2,,999,,,,,,TID_DECO_GENERICFARM_DESCRIPTION,TID_DECO_CARNIVAL_PUPPIES,,,,,,TapDecorationGeneric,,,,,TRUE,,,,TRUE,,,,Events,,,
Carnival tractor,,,,,1,0,,sc/decos02_seasonal.sc,carnival_tractor,,1,2,,999,,,,,,TID_DECO_GENERICFARM_DESCRIPTION,TID_DECO_CARNIVAL_TRACTOR,,,,,,TapDecorationGeneric,,,,,TRUE,,,,TRUE,,,,Events,,,
Carnival gate,,,,,1,0,,sc/decos02_seasonal.sc,carnival_gate,,2,2,,999,,,,,,TID_DECO_GENERICFARM_DESCRIPTION,TID_DECO_CARNIVAL_GATE,,,,,,TapDecorationGeneric,,,,,TRUE,,,,TRUE,,,,Events,,,
Carnival carousel,,,,,1,0,,sc/decos02_seasonal.sc,carnival_carousel,,2,2,,999,,,,,,TID_DECO_GENERICFARM_DESCRIPTION,TID_DECO_CARNIVAL_CAROUSEL,,,,,,TapDecorationGeneric,,,,,TRUE,,,,TRUE,,,,Events,,,
Carnival jester,,,,,1,0,,sc/decos02_seasonal.sc,carnival_jester,,2,2,,999,,,,,,TID_DECO_GENERICFARM_DESCRIPTION,TID_DECO_CARNIVAL_JESTER,,,,,,TapDecorationGeneric,,,,,TRUE,,,,TRUE,,,,Events,,,
Carnival boat,,,115,,1,0,,sc/decos02_seasonal.sc,carnival_boat,,2,3,,999,,,,,,TID_DECO_GENERICFARM_DESCRIPTION,TID_DECO_CARNIVAL_BOAT,,,,,,TapDecorationGeneric,,,,,TRUE,,,,TRUE,,,,Events,,,
,,,,,,,,,,,,,,,,,,,,,,,,,,,,,,,,,,,,,,,,,,,
Crab statue,,,,,1,0,,sc/decos02_seasonal.sc,crab_statue,,1,1,,999,,,,,,TID_DECO_GENERICFARM_DESCRIPTION,TID_DECO_CRAB_STATUE,,,,,,TapDecorationGeneric,,,,,TRUE,,,,TRUE,,,,,,,
Pearl guardians,,,,,1,0,,sc/decos02_seasonal.sc,pearl_guardians,,2,1,,999,,,,,,TID_DECO_GENERICFARM_DESCRIPTION,TID_DECO_PEARL_GUARDIANS,,,,,,TapDecorationGeneric,,,,,TRUE,,,,TRUE,,,,,,,
Crab floater,,,,,1,0,,sc/decos02_seasonal.sc,crab_floater,,2,2,,999,,,,,,TID_DECO_GENERICFARM_DESCRIPTION,TID_DECO_CRAB_FLOATER,,,,,,TapDecorationGeneric,,,,,TRUE,,,,TRUE,,,,,,,
Surfboards,,,115,,1,0,,sc/decos02_seasonal.sc,surfboards,,1,2,,999,,,,,,TID_DECO_GENERICFARM_DESCRIPTION,TID_DECO_SURFBOARDS,,,,,,TapDecorationGeneric,,,,,TRUE,,,,TRUE,,,,,,,
Rattan table,,,120,,1,0,,sc/decos02_seasonal.sc,rattan_table,,2,2,,999,,,,,,TID_DECO_GENERICFARM_DESCRIPTION,TID_DECO_RATTAN_TABLE,,,,,,TapDecorationGeneric,,,,,TRUE,,,,TRUE,,,,,,,
,,,,,,,,,,,,,,,,,,,,,,,,,,,,,,,,,,,,,,,,,,,
Pumpkin gnome,,,,,1,0,,sc/decos02_seasonal.sc,pumpkin_gnome,,1,1,,999,,,,,,TID_DECO_GENERICFARM_DESCRIPTION,TID_DECO_PUMPKIN_GNOME,,,,,,TapDecorationGeneric,,,,,TRUE,,,,TRUE,,,,,,,
Apple harvesting,,,,,1,0,,sc/decos02_seasonal.sc,apple_harvesting,,1,2,,999,,,,,,TID_DECO_GENERICFARM_DESCRIPTION,TID_DECO_APPLE_HARVESTING,,,,,,TapDecorationGeneric,,,,,TRUE,,,,TRUE,,,,,,,
Mushroom table,,,,,1,0,,sc/decos02_seasonal.sc,mushroom_table,,2,2,,999,,,,,,TID_DECO_GENERICFARM_DESCRIPTION,TID_DECO_MUSHROOM_TABLE,,,,,,TapDecorationGeneric,,,,,TRUE,,,,TRUE,,,,,,,
Autumn umbrella,,,,,1,0,,sc/decos02_seasonal.sc,autumn_umbrella,,1,1,,999,,,,,,TID_DECO_GENERICFARM_DESCRIPTION,TID_DECO_AUTUMN_UMBRELLA,,,,,,TapDecorationGeneric,,,,,TRUE,,,,TRUE,,,,,,,
Autumn chair,,,,,1,0,,sc/decos02_seasonal.sc,autumn_chair,,1,2,,999,,,,,,TID_DECO_GENERICFARM_DESCRIPTION,TID_DECO_AUTUMN_LAUNGER,,,,,,TapDecorationGeneric,,,,,TRUE,,,,TRUE,,,,,,,
Autumn pavilion,,,,,1,0,,sc/decos02_seasonal.sc,autumn_pavilion,,2,2,,999,,,,,,TID_DECO_GENERICFARM_DESCRIPTION,TID_DECO_AUTUMN_PAVILION,,,,,,TapDecorationGeneric,,,,,TRUE,,,,TRUE,,,,,,,
,,,,,,,,,,,,,,,,,,,,,,,,,,,,,,,,,,,,,,,,,,,
LeafyTree_Small_purple,,,,,25,0,,sc/decos01_generic.sc,deco_leafy_small_01_purple,,1,1,6000,,,,,1000,1,TID_LEAFYTREE_SMALL_DESCRIPTION,TID_LEAFYTREE_SMALL2,Buy,,TRUE,,,BigPineTap,TRUE,,75,,,TRUE,,,,,,,,,,
LeafyTree_Small_red,,,,,25,0,,sc/decos01_generic.sc,deco_leafy_small_01_red,,1,1,6000,,,,,1000,1,TID_LEAFYTREE_SMALL_DESCRIPTION,TID_LEAFYTREE_SMALL3,Buy,,TRUE,,,BigPineTap,TRUE,,75,,,TRUE,,,,,,,,,,
LeafyTree_Small_orange,,,,,25,0,,sc/decos01_generic.sc,deco_leafy_small_01_orange,,1,1,6000,,,,,1000,1,TID_LEAFYTREE_SMALL_DESCRIPTION,TID_LEAFYTREE_SMALL4,Buy,,TRUE,,,BigPineTap,TRUE,,75,,,TRUE,,,,,,,,,,
LeafyTree_Small_yellow,,,,,25,0,,sc/decos01_generic.sc,deco_leafy_small_01_yellow,,1,1,6000,,,,,1000,1,TID_LEAFYTREE_SMALL_DESCRIPTION,TID_LEAFYTREE_SMALL5,Buy,,TRUE,,,BigPineTap,TRUE,,75,,,TRUE,,,,,,,,,,
LeafyTree_Small_vibrant,,,,,25,0,,sc/decos01_generic.sc,deco_leafy_small_01_vibrant,,1,1,6000,,,,,1000,1,TID_LEAFYTREE_SMALL_DESCRIPTION,TID_LEAFYTREE_SMALL6,Buy,,TRUE,,,BigPineTap,TRUE,,75,,,TRUE,,,,,,,,,,
LeafyTree_Small_dark,,,,,25,0,,sc/decos01_generic.sc,deco_leafy_small_02,,1,1,6000,,,,,1000,1,TID_LEAFYTREE_SMALL_DESCRIPTION,TID_LEAFYTREE_SMALL7,Buy,,TRUE,,,BigPineTap,TRUE,,75,,,TRUE,,,,,,,,,,
LeafyTree_Small_winter,,,,,25,0,,sc/decos01_generic.sc,leafy_big_02_winter,,1,1,6000,,,,,1000,1,TID_DECO_GENERICFARM_DESCRIPTION,TID_DECO_WINTER_TREE,Buy,,TRUE,,,BigPineTap,TRUE,,75,,,TRUE,,,,,,,,,,
LeafyTree_winter,,,,,25,0,,sc/decos01_generic.sc,leafy_small_01_winter,,1,1,6000,,,,,1000,1,TID_LEAFYTREE_SMALL_DESCRIPTION,TID_LEAFYTREE_SMALL8,Buy,,TRUE,,,BigPineTap,TRUE,,75,,,TRUE,,,,,,,,,,
,,,,,,,,,,,,,,,,,,,,,,,,,,,,,,,,,,,,,,,,,,,
Lifeguard,,,,,1,0,,sc/decos02_seasonal.sc,lifeguard,,1,1,,999,,,,,,TID_DECO_GENERICFARM_DESCRIPTION,TID_DECO_LIFEGUARD,,,,,,TapDecorationGeneric,,,,,TRUE,,,,TRUE,,,,,,,
Sun loungers,,,110,,1,0,,sc/decos02_seasonal.sc,sunloungers,,2,2,,999,,,,,,TID_DECO_GENERICFARM_DESCRIPTION,TID_DECO_SUN_LOUNGERS,,,,,,TapDecorationGeneric,,,,,TRUE,,,,TRUE,,,,,,,
Pool party,,,130,,1,0,,sc/decos02_seasonal.sc,poolparty,,4,3,,125,,,,15,,TID_DECO_GENERICFARM_DESCRIPTION,TID_DECO_POOL_PARTY,Buy,,,,,TapDecorationGeneric,TRUE,,75,,TRUE,,,,TRUE,,,,,,,
Rustic picnic,,,110,,1,0,,sc/decos02_seasonal.sc,rustic_picnic,,2,2,,999,,,,,,TID_DECO_GENERICFARM_DESCRIPTION,TID_DECO_RUSTIC_PICNIC,,,,,,TapDecorationGeneric,,,,,TRUE,,,,TRUE,,,,,,,
Tallest sunflower,,,,,1,0,,sc/decos02_seasonal.sc,tallest_sunflower,,1,1,,999,,,,,,TID_DECO_GENERICFARM_DESCRIPTION,TID_DECO_TALLEST_SUNFLOWER,,,,,,TapDecorationGeneric,,,,,TRUE,,,,TRUE,,,,,,,
Hoopla,,,120,,1,0,,sc/decos02_seasonal.sc,hoopla,,3,2,,999,,,,,,TID_DECO_GENERICFARM_DESCRIPTION,TID_DECO_HOOPLA,,,,,,TapDecorationGeneric,,,,,TRUE,,,,TRUE,,,,,,,
Apple throwing,,,110,,1,0,,sc/decos02_seasonal.sc,apple_throwing,,3,1,,999,,,,,,TID_DECO_GENERICFARM_DESCRIPTION,TID_DECO_APPLE_THROWING,,,,,,TapDecorationGeneric,,,,,TRUE,,,,TRUE,,,,,,,
,,,,,,,,,,,,,,,,,,,,,,,,,,,,,,,,,,,,,,,,,,,
Savannah cactus,,,110,,1,0,,sc/decos03_features.sc,savannah_cactus,,2,2,5500,,,,,500,1,TID_SANCTUARYDECO_DESC,TID_DECO_SAVANNAH_CACTUS,Buy,,,,,TapDecorationGeneric,TRUE,,25,,,TRUE,,TRUE,,,MeerkatPup1,,,,,
Dry grass,,,,,1,0,,sc/decos03_features.sc,dry_grass,,1,1,,,,Voucher1,5,,,TID_SANCTUARYDECO_DESC,TID_DECO_DRY_GRASS,Buy,,,,,TapDecorationGeneric,TRUE,,25,,,TRUE,,TRUE,,,MeerkatPup2,,,,,
,,,,,,,,,,,,,,,,Voucher3,2,,,,,,,,,,,,,,,,,,,,,,,,,,
Beach corals,,,130,,1,0,,sc/decos02_seasonal.sc,beach_corals,,2,1,,999,,,,,,TID_DECO_GENERICFARM_DESCRIPTION,TID_DECO_BEACH_CORALS,,,,,,TapDecorationGeneric,,,,Summer,TRUE,,,,TRUE,,,,Seasonal,,,
Crab hideout,,,130,,1,0,,sc/decos02_seasonal.sc,crab_hideout,,2,1,,999,,,,,,TID_DECO_GENERICFARM_DESCRIPTION,TID_DECO_CRAB_HIDEOUT,,,,,,TapDecorationGeneric,,,,Summer,TRUE,,,,TRUE,,,,Seasonal,,,
,,,,,,,,,,,,,,,,,,,,,,,,,,,,,,,,,,,,,,,,,,,
Surf_rental_stand,,,,,1,0,,sc/decos02_seasonal.sc,surf_rental_stand,,2,2,,999,,,,,,TID_DECO_GENERICFARM_DESCRIPTION,TID_DECO_SURF_RENTAL_STAND,,,,,,TapDecorationGeneric,,,,Summer,TRUE,,,,TRUE,,,,Seasonal,,,
Wicker_bench,,,,,1,0,,sc/decos02_seasonal.sc,wicker_bench,,2,1,,999,,,,,,TID_DECO_GENERICFARM_DESCRIPTION,TID_DECO_WICKER_BENCH,,,,,,TapDecorationGeneric,,,,Summer,TRUE,,,,,,,,Seasonal,,,
Flower_piano,,,105,,1,0,,sc/decos03_features.sc,flower_piano,,2,2,,999,,,,,,TID_DECO_GENERICFARM_DESCRIPTION,TID_DECO_FLOWER_PIANO,,,,,,TapDecorationGeneric,,,,,,,,,,,,,,,,
Alien_visitor,,,,,1,1,,sc/decos01_generic.sc,alien_visitor,,2,2,,999,,,,,,TID_DECO_GENERICFARM_DESCRIPTION,TID_DECO_ALIEN_VISITOR,,,,,,TapDecorationGeneric,,,,,,,,,,,,,,,,
Floated_wood,,,,,1,0,,sc/decos03_features.sc,floated_wood,,2,1,6500,,,,,500,1,TID_DECO_GENERICFARM_DESCRIPTION,TID_DECO_FLOATED_WOOD,Buy,,,,,TapDecorationGeneric,TRUE,,25,,,TRUE,,TRUE,,,Penguin02,,,,,
Sand_plant,,,,,1,0,,sc/decos03_features.sc,sand_plant,,1,1,,,,Voucher1,5,,,TID_DECO_GENERICFARM_DESCRIPTION,TID_DECO_SAND_PLANT,Buy,,,,,TapDecorationGeneric,TRUE,,25,,,TRUE,,TRUE,,,Penguin01,,,,,
,,,,,,,,,,,,,,,,Voucher4,1,,,,,,,,,,,,,,,,,,,,,,,,,,
Laundry_rack,,,,,1,0,,sc/decos02_seasonal.sc,laundry_rack_2x2,,2,2,,999,,,,,,TID_DECO_GENERICFARM_DESCRIPTION,TID_DECO_LAUNDRY_RACK,,,,,,TapDecorationGeneric,,,,,,,,,,,,,,,,
Insect_house,,,,,1,0,,sc/decos02_seasonal.sc,insect_house_2x1,,2,1,,999,,,,,,TID_DECO_GENERICFARM_DESCRIPTION,TID_DECO_INSECT_HOUSE,,,,,,TapDecorationGeneric,,,,,,,,,,,,,,,,
Kennel,,,,,1,0,,sc/decos02_seasonal.sc,kennel_2x1,,1,2,,999,,,,,,TID_DECO_GENERICFARM_DESCRIPTION,TID_DECO_KENNEL,,,,,,TapDecorationGeneric,,,,,,,,,,,,,,,,
Mushroom_bench,,,,,1,0,,sc/decos02_seasonal.sc,mushroom_bench_2x1,,2,1,,999,,,,,,TID_DECO_GENERICFARM_DESCRIPTION,TID_DECO_MUSHROOM_BENCH,,,,,,TapDecorationGeneric,,,,,,,,,,,,,,,,
,,,,,,,,,,,,,,,,,,,,,,,,,,,,,,,,,,,,,,,,,,,
Laundry,,,,,1,0,,sc/decos02_seasonal.sc,laundry_1x1,,1,1,,999,,,,,,TID_DECO_GENERICFARM_DESCRIPTION,TID_DECO_LAUNDRY,,,,,,TapDecorationGeneric,,,,,,,,,,,,,,,,
,,,,,,,,,,,,,,,,,,,,,,,,,,,,,,,,,,,,,,,,,,,
Razor_gold_statue,,,,,1,0,,sc/decos01_generic.sc,razor_gold_statue,,1,1,,999,,,,,,TID_DECO_GENERICFARM_DESCRIPTION,TID_DECO_RAZOR_GOLD_STATUE,,,,,,TapDecorationGeneric,,,,,,,,,,,,,,,,
,,,,,,,,,,,,,,,,,,,,,,,,,,,,,,,,,,,,,,,,,,,
Mooncake_table,,,90,,1,1,,sc/decos02_seasonal.sc,mooncake_table,,1,1,,999,,,,,,TID_DECO_GENERICFARM_DESCRIPTION,TID_DECO_MOONCAKE_TABLE,,,,,,TapDecorationGeneric,,,,,,,,,,,,,,,,
Mooncake_statue,,,,,1,1,,sc/decos02_seasonal.sc,mooncake_statue,,1,2,,999,,,,,,TID_DECO_GENERICFARM_DESCRIPTION,TID_DECO_MOONCAKE_STATUE,,,,,,TapDecorationGeneric,,,,,,,,,,,,,,,,
,,,,,,,,,,,,,,,,,,,,,,,,,,,,,,,,,,,,,,,,,,,
Mooncake_bunnyballoon,,,,,1,1,,sc/decos02_seasonal.sc,mooncake_bunnyballoon,,1,1,,999,,,,,,TID_DECO_GENERICFARM_DESCRIPTION,TID_DECO_MOONCAKE_BUNNYBALLOON,,,,,,TapDecorationGeneric,,,,,,,,,,,,,,,,
,,,,,,,,,,,,,,,,,,,,,,,,,,,,,,,,,,,,,,,,,,,
Flying_gnome_witch,,,,,1,1,,sc/decos02_seasonal.sc,flying_gnome_witch_1x1,,1,1,,999,,,,,,TID_DECO_GENERICFARM_DESCRIPTION,TID_DECO_FLYING_GNOME_WITCH,,,,,,TapDecorationGeneric,,,,Halloween,,,,,,,,,,,,
Grandma_plant,,,,,1,1,,sc/decos02_seasonal.sc,grandma_plant_1x1,,1,1,,999,,,,,,TID_DECO_GENERICFARM_DESCRIPTION,TID_DECO_GRANDMA_PLANT,,,,,,TapDecorationGeneric,,,,Halloween,,,,,,,,,,,,
Voodoo_shrine,,,,,1,1,,sc/decos02_seasonal.sc,voodoo_shrine_1x1,,1,1,,999,,,,,,TID_DECO_GENERICFARM_DESCRIPTION,TID_DECO_VOODOO_SHRINE,,,,,,TapDecorationGeneric,,,,Halloween,,,,,,,,,,,,
Skullbird _swing,,,,,1,1,,sc/decos02_seasonal.sc,skullbird_swing_1x2,,1,2,,999,,,,,,TID_DECO_GENERICFARM_DESCRIPTION,TID_DECO_SKULLBIRD_SWING,,,,,,TapDecorationGeneric,,,,Halloween,,,,,,,,,,,,
Spider_den,,,,,1,1,,sc/decos02_seasonal.sc,spider_den_2x2,,2,2,,999,,,,,,TID_DECO_GENERICFARM_DESCRIPTION,TID_DECO_SPIDER_DEN,,,,,,TapDecorationGeneric,,,,Halloween,,,,,,,,,,,,
,,,,,,,,,,,,,,,,,,,,,,,,,,,,,,,,,,,,,,,,,,,
Maibaum,,,,,1,1,,sc/decos02_seasonal.sc,maibaum_1x1,,1,1,,999,,,,,,TID_DECO_GENERICFARM_DESCRIPTION,TID_DECO_MAIBAUM,,,,,,TapDecorationGeneric,,,,,,,,,,,,,,,,
Pretzel_picnic,,,,,1,1,,sc/decos02_seasonal.sc,pretzel_picnic_1x1,,1,1,,999,,,,,,TID_DECO_GENERICFARM_DESCRIPTION,TID_DECO_PRETZEL_PICNIC,,,,,,TapDecorationGeneric,,,,,,,,,,,,,,,,
Octoberfest_table,,,115,,1,1,,sc/decos02_seasonal.sc,octoberfest_table_2x2,,2,2,,999,,,,,,TID_DECO_GENERICFARM_DESCRIPTION,TID_DECO_OKTOBERFEST_TABLE,,,,,,TapDecorationGeneric,,,,,,,,,,,,,,,,
,,,,,,,,,,,,,,,,,,,,,,,,,,,,,,,,,,,,,,,,,,,
Moon_and_stars,,,,,1,1,,sc/decos01_generic.sc,moon_and_stars,,2,1,,999,,,,,,TID_DECO_GENERICFARM_DESCRIPTION,TID_DECO_MOON_AND_STARS,,,,,,TapDecorationGeneric,,,,,,,,,,,,,,,,
Bunny_rocket,,,,,1,1,,sc/decos01_generic.sc,bunny_rocket,,1,1,,999,,,,,,TID_DECO_GENERICFARM_DESCRIPTION,TID_DECO_BUNNY_ROCKET,,,,,,TapDecorationGeneric,,,,,,,,,,,,,,,,
Star_gazing,,,,,1,1,,sc/decos01_generic.sc,star_gazing,,2,2,,999,,,,,,TID_DECO_GENERICFARM_DESCRIPTION,TID_DECO_STAR_GAZING,,,,,,TapDecorationGeneric,,,,,,,,,,,,,,,,
Needlepad_chicken,,,,,1,1,,sc/decos02_seasonal.sc,needlepad_chicken_1x1,,1,1,,999,,,,,,TID_DECO_GENERICFARM_DESCRIPTION,TID_DECO_NEEDLECHICKEN,,,,,,TapDecorationGeneric,,,,Halloween,TRUE,,,,TRUE,,,,,,,
,,,,,,,,,,,,,,,,,,,,,,,,,,,,,,,,,,,,,,,,,,,
Tuba pig,,,,,1,0,,sc/decos02_seasonal.sc,tuba_pig_1x1,,1,1,,999,,,,,,TID_DECO_GENERICFARM_DESCRIPTION,TID_DECO_TUBA_PIG,,,,,,TapDecorationGeneric,,,,,TRUE,,,,TRUE,,,,,,,
Accordeon pig,,,,,1,0,,sc/decos02_seasonal.sc,accordeon_pig_1x1,,1,1,,999,,,,,,TID_DECO_GENERICFARM_DESCRIPTION,TID_DECO_ACCORDEON_PIG,,,,,,TapDecorationGeneric,,,,,TRUE,,,,TRUE,,,,,,,
Dirdln pig,,,,,1,0,,sc/decos02_seasonal.sc,dirndl_pig_1x1,,1,1,,999,,,,,,TID_DECO_GENERICFARM_DESCRIPTION,TID_DECO_DIRLDN_PIG,,,,,,TapDecorationGeneric,,,,,TRUE,,,,TRUE,,,,,,,
,,,,,,,,,,,,,,,,,,,,,,,,,,,,,,,,,,,,,,,,,,,
Small horn of plenty,,,,,1,1,,sc/decos02_seasonal.sc,cornucopia_1x1,,1,1,,999,,,,,,TID_DECO_GENERICFARM_DESCRIPTION,TID_DECO_SMALL_HORNOFPLENTY,,,,,,TapDecorationGeneric,,,,,TRUE,,,,TRUE,,,,,,,
Female settler,,,,,1,1,,sc/decos02_seasonal.sc,settler_gnome_female_1x1,,1,1,,999,,,,,,TID_DECO_GENERICFARM_DESCRIPTION,TID_DECO_SETTLER_FEMALE,,,,,,TapDecorationGeneric,,,,,TRUE,,,,TRUE,,,,,,,
Male settler,,,,,1,1,,sc/decos02_seasonal.sc,settler_gnome_male_1x1,,1,1,,999,,,,,,TID_DECO_GENERICFARM_DESCRIPTION,TID_DECO_SETTLER_MALE,,,,,,TapDecorationGeneric,,,,,TRUE,,,,TRUE,,,,,,,
Thanksgiving bouque s,,,,,1,1,,sc/decos02_seasonal.sc,smaller_table_1x1,,1,1,,999,,,,,,TID_DECO_GENERICFARM_DESCRIPTION,TID_DECO_THANKS_BOUQUE_S,,,,,,TapDecorationGeneric,,,,,TRUE,,,,TRUE,,,,,,,
Thanksgiving bouque m,,,,,1,1,,sc/decos02_seasonal.sc,flowers_bouquet_1x2,,1,2,,999,,,,,,TID_DECO_GENERICFARM_DESCRIPTION,TID_DECO_THANKS_BOUQUE_M,,,,,,TapDecorationGeneric,,,,,TRUE,,,,TRUE,,,,,,,
Thanksgiving table,,,,,1,1,,sc/decos02_seasonal.sc,festive_table_2x2,,2,3,,999,,,,,,TID_DECO_GENERICFARM_DESCRIPTION,TID_DECO_THANKS_TABLE,,,,,,TapDecorationGeneric,,,,,TRUE,,,,TRUE,,,,,,,
,,,,,,,,,,,,,,,,,,,,,,,,,,,,,,,,,,,,,,,,,,,
Moonfish lantern,,,90,,1,0,,sc/decos02_seasonal.sc,redfishlantern,,1,1,,999,,,,,,TID_DECO_GENERICFARM_DESCRIPTION,TID_DECO_MOONFISH_LANTERN,,,,,,TapDecorationGeneric,,,,,TRUE,,,,TRUE,,,,,,,
Moonbunny shrine,,,,,1,0,,sc/decos02_seasonal.sc,moonbunnyshrine,,3,1,,999,,,,,,TID_DECO_GENERICFARM_DESCRIPTION,TID_DECO_MOONBUNNY_SHRINE,,,,,,TapDecorationGeneric,,,,,TRUE,,,,TRUE,,,,,,,
Moonlantern carrier,,,,,1,0,,sc/decos02_seasonal.sc,goatlanterncarrier,,2,1,,999,,,,,,TID_DECO_GENERICFARM_DESCRIPTION,TID_DECO_MOONLANTERN_CARRIER,,,,,,TapDecorationGeneric,,,,,TRUE,,,,TRUE,,,,,,,
Moonbunny statue,,,,,1,0,,sc/decos02_seasonal.sc,moonbunnystatue,,2,2,,999,,,,,,TID_DECO_GENERICFARM_DESCRIPTION,TID_DECO_MOONBUNNY_STATUE,,,,,,TapDecorationGeneric,,,,,TRUE,,,,TRUE,,,,,,,
,,,,,,,,,,,,,,,,,,,,,,,,,,,,,,,,,,,,,,,,,,,
Astronomer,,,,,1,0,,sc/decos01_generic.sc,chicken_telescope,,2,1,,999,,,,,,TID_DECO_GENERICFARM_DESCRIPTION,TID_DECO_ASTRONOMER,,,,,,TapDecorationGeneric,,,,,TRUE,,,,TRUE,,,,,,,
Testflight,,,,,1,0,,sc/decos01_generic.sc,chicken_rocket,,1,1,,999,,,,,,TID_DECO_GENERICFARM_DESCRIPTION,TID_DECO_TESTFLIGHT,,,,,,TapDecorationGeneric,,,,,TRUE,,,,TRUE,,,,,,,
Science board,,,,,1,0,,sc/decos01_generic.sc,science_board,,1,2,,999,,,,,,TID_DECO_GENERICFARM_DESCRIPTION,TID_DECO_SCIENCE_BOARD,,,,,,TapDecorationGeneric,,,,,TRUE,,,,TRUE,,,,,,,
,,,,,,,,,,,,,,,,,,,,,,,,,,,,,,,,,,,,,,,,,,,
Slippery slope,,,,,1,0,,sc/decos06_farmpass.sc,fp_slipperyslope,,2,2,,999,,,,,,TID_DECO_GENERICFARM_DESCRIPTION,TID_DECO_SLIPPERY_SLOPE,,,,,,TapDecorationGeneric,,,,,TRUE,,,,,,,,FP,,,
Love letters,,,,,1,0,,sc/decos06_farmpass.sc,fp_loveletters,,1,1,,999,,,,,,TID_DECO_GENERICFARM_DESCRIPTION,TID_DECO_LOVE_LETTERS,,,,,,TapDecorationGeneric,,,,,TRUE,,,,,,,,FP,,,
Getaway,,,,,1,0,,sc/decos06_farmpass.sc,fp_getaway,,2,1,,999,,,,,,TID_DECO_GENERICFARM_DESCRIPTION,TID_DECO_GETAWAY,,,,,,TapDecorationGeneric,,,,,TRUE,,,,,,,,FP,,,
Merry pranksters,,,,,1,0,,sc/decos06_farmpass.sc,fp_merrypranksters,,1,1,,999,,,,,,TID_DECO_GENERICFARM_DESCRIPTION,TID_DECO_PRANKSTERS,,,,,,TapDecorationGeneric,,,,,TRUE,,,,,,,,FP,,,
Right way,,,,,1,0,,sc/decos06_farmpass.sc,fp_rightway,,2,1,,999,,,,,,TID_DECO_GENERICFARM_DESCRIPTION,TID_DECO_RIGHT_WAY,,,,,,TapDecorationGeneric,,,,,TRUE,,,,,,,,FP,,,
Lovely picnic,,,130,,1,0,,sc/decos06_farmpass.sc,fp_lovelypicnic,,2,2,,999,,,,,,TID_DECO_GENERICFARM_DESCRIPTION,TID_DECO_LOVELY_PICNIC,,,,,,TapDecorationGeneric,,,,,TRUE,,,,,,,,FP,,,
Bakeoff,,,,,1,0,,sc/decos06_farmpass.sc,fp_bakeoff,,1,1,,999,,,,,,TID_DECO_GENERICFARM_DESCRIPTION,TID_DECO_BAKEOFF,,,,,,TapDecorationGeneric,,,,,TRUE,,,,,,,,FP,,,
Eggshellent bed,,,,,1,0,,sc/decos06_farmpass.sc,fp_eggshellentbed,,1,1,,999,,,,,,TID_DECO_GENERICFARM_DESCRIPTION,TID_DECO_EGGSHELL_BED,,,,,,TapDecorationGeneric,,,,,TRUE,,,,,,,,FP,,,
,,,,,,,,,,,,,,,,,,,,,,,,,,,,,,,,,,,,,,,,,,,
Coffee to go,,,110,,1,0,,sc/decos07_valley.sc,valley_cuba,,2,1,,999,,,,,,TID_DECO_GENERICFARM_DESCRIPTION,TID_DECO_VALLEY_CUBA,,,,,,TapDecorationGeneric,,,,,TRUE,,,,TRUE,,,,Valley,,,
Rugby Fans,,,105,,1,0,,sc/decos07_valley.sc,valley_newzealand,,2,1,,999,,,,,,TID_DECO_GENERICFARM_DESCRIPTION,TID_DECO_VALLEY_NZ,,,,,,TapDecorationGeneric,,,,,TRUE,,,,TRUE,,,,Valley,,,
Folk dance,,,,,1,0,,sc/decos07_valley.sc,valley_latvia,,1,1,,999,,,,,,TID_DECO_GENERICFARM_DESCRIPTION,TID_DECO_VALLEY_LATVIA,,,,,,TapDecorationGeneric,,,,,TRUE,,,,TRUE,,,,Valley,,,
Fruit sellers,,,110,,1,0,,sc/decos07_valley.sc,valley_uganda,,2,1,,999,,,,,,TID_DECO_GENERICFARM_DESCRIPTION,TID_DECO_VALLEY_UGANDA,,,,,,TapDecorationGeneric,,,,,TRUE,,,,TRUE,,,,Valley,,,
Tuk Tuk stand,,,,,1,0,,sc/decos07_valley.sc,valley_pakistan,,2,2,,999,,,,,,TID_DECO_GENERICFARM_DESCRIPTION,TID_DECO_VALLEY_PAKISTAN,,,,,,TapDecorationGeneric,,,,,TRUE,,,,TRUE,,,,Valley,,,
Wooly twins,,,130,,1,0,,sc/decos07_valley.sc,valley_greenland,,2,1,,999,,,,,,TID_DECO_GENERICFARM_DESCRIPTION,TID_DECO_VALLEY_GREENLAND,,,,,,TapDecorationGeneric,,,,,TRUE,,,,TRUE,,,,Valley,,,
,,,,,,,,,,,,,,,,,,,,,,,,,,,,,,,,,,,,,,,,,,,
Shore flowers,,,,,1,1,,sc/decos03_features.sc,shore_flowers,,1,1,,,,Voucher1,5,,,TID_DECO_GENERICFARM_DESCRIPTION,TID_DECO_SHORE_FLOWERS,Buy,,,,,TapDecorationGeneric,TRUE,,25,,,TRUE,,TRUE,,,PenguinChick01,,,,,
,,,,,,,,,,,,,,,,Voucher4,1,,,,,,,,,,,,,,,,,,,,,,,,,,
Rocky shore,,,,,1,1,,sc/decos03_features.sc,rocky_shore,,2,2,7500,,,,,500,1,TID_DECO_GENERICFARM_DESCRIPTION,TID_DECO_ROCKY_SHORE,Buy,,,,,TapDecorationGeneric,TRUE,,25,,,TRUE,,TRUE,,,PenguinChick02,,,,,
Marshmallow moment,,,125,,1,1,,sc/decos03_features.sc,marshmallow_moment,,2,2,,999,,,,,,TID_DECO_GENERICFARM_DESCRIPTION,TID_DECO_MARSHMALLOW_MOMENT,,,,,,TapDecorationGeneric,,,,,,,,,,,,,,,,
Winter hottub,,,130,,1,1,,sc/decos03_features.sc,winter_hottub,,2,2,,999,,,,,,TID_DECO_GENERICFARM_DESCRIPTION,TID_DECO_WINTER_HOTTUB,,,,,,TapDecorationGeneric,,,,,,,,,,,,,,,,
,,,,,,,,,,,,,,,,,,,,,,,,,,,,,,,,,,,,,,,,,,,
Yule goat,,,,,1,0,,sc/decos02_seasonal.sc,yule_goat_1x1,,1,1,,999,,,,,,TID_DECO_GENERICFARM_DESCRIPTION,TID_DECO_YULE_GOAT,,,,,,TapDecorationGeneric,,,,Christmas,TRUE,,,,,,,,,,,
Sweet booth,,,,,1,0,,sc/decos02_seasonal.sc,sweet_booth,,2,2,,999,,,,,,TID_DECO_GENERICFARM_DESCRIPTION,TID_DECO_SWEET_BOOTH,,,,,,TapDecorationGeneric,,,,Christmas,TRUE,,,,,,,,,,,
Wrapping booth,,,,,1,0,,sc/decos02_seasonal.sc,wrapping_booth,,2,2,,999,,,,,,TID_DECO_GENERICFARM_DESCRIPTION,TID_DECO_WRAPPING_BOOTH,,,,,,TapDecorationGeneric,,,,Christmas,TRUE,,,,,,,,,,,
Hot chocolate booth,,,,,1,0,,sc/decos02_seasonal.sc,hot_chocolate_booth,,2,2,,999,,,,,,TID_DECO_GENERICFARM_DESCRIPTION,TID_DECO_HOT_CHOCOLATE_BOOTH,,,,,,TapDecorationGeneric,,,,Christmas,TRUE,,,,,,,,,,,
Snowfight,,,120,,1,0,,sc/decos02_seasonal.sc,snowball_pig_1x2,,2,1,,999,,,,,,TID_DECO_GENERICFARM_DESCRIPTION,TID_DECO_SNOWFIGHT,,,,,,TapDecorationGeneric,,,,Christmas,TRUE,,,,,,,,,,,
Holiday carols,,,,,1,0,,sc/decos02_seasonal.sc,carol_singers_1x2,,2,1,,999,,,,,,TID_DECO_GENERICFARM_DESCRIPTION,TID_DECO_HOLIDAY_CAROLS,,,,,,TapDecorationGeneric,,,,Christmas,TRUE,,,,,,,,,,,
Chestnut booth,,,120,,1,0,,sc/decos02_seasonal.sc,chestnut_booth,,2,2,,999,,,,,,TID_DECO_GENERICFARM_DESCRIPTION,TID_DECO_CHESTNUT_BOOTH,,,,,,TapDecorationGeneric,,,,Christmas,TRUE,,,,,,,,,,,
Market gate,,,,,1,0,,sc/decos02_seasonal.sc,christmas_gate_1x2,,2,1,,999,,,,,,TID_DECO_GENERICFARM_DESCRIPTION,TID_DECO_MARKET_GATE,,,,,,TapDecorationGeneric,,,,Christmas,TRUE,,,,,,,,,,,
Market table,,,,,1,0,,sc/decos02_seasonal.sc,market_table,,1,1,,999,,,,,,TID_DECO_GENERICFARM_DESCRIPTION,TID_DECO_MARKET_TABLE,,,,,,TapDecorationGeneric,,,,Christmas,TRUE,,,,,,,,,,,
Snowmobile,,,130,,1,0,,sc/decos02_seasonal.sc,snowmobile,,1,2,,999,,,,,,TID_DECO_GENERICFARM_DESCRIPTION,TID_DECO_SNOWMOBILE,,,,,,TapDecorationGeneric,,,,Christmas,TRUE,,,,,,,,,,,
Tree delivery,,,,,1,0,,sc/decos02_seasonal.sc,tree_delivery,,3,1,,999,,,,,,TID_DECO_GENERICFARM_DESCRIPTION,TID_DECO_TREE_DELIVERY,,,,,,TapDecorationGeneric,,,,Christmas,TRUE,,,,,,,,,,,
Market game,,,,,1,0,,sc/decos02_seasonal.sc,market_game,,2,1,,999,,,,,,TID_DECO_GENERICFARM_DESCRIPTION,TID_DECO_MARKET_GAME,,,,,,TapDecorationGeneric,,,,Christmas,TRUE,,,,,,,,,,,
Market cart,,,,,1,0,,sc/decos02_seasonal.sc,market_cart,,2,1,,999,,,,,,TID_DECO_GENERICFARM_DESCRIPTION,TID_DECO_MARKET_CART,,,,,,TapDecorationGeneric,,,,Christmas,TRUE,,,,,,,,,,,
Gift lamp,,,,,1,0,,sc/decos02_seasonal.sc,gift_lamp,,1,1,,999,,,,,,TID_DECO_GENERICFARM_DESCRIPTION,TID_DECO_GIFT_LAMP,,,,,,TapDecorationGeneric,,,,Christmas,TRUE,,,,,,,,,,,
Gift arch,,,,,1,0,,sc/decos02_seasonal.sc,gift_arch,,2,1,,999,,,,,,TID_DECO_GENERICFARM_DESCRIPTION,TID_DECO_GIFT_ARCH,,,,,,TapDecorationGeneric,,,,Christmas,TRUE,,,,,,,,,,,
Market feast,,,125,,1,0,,sc/decos02_seasonal.sc,market_feast,,2,2,,999,,,,,,TID_DECO_GENERICFARM_DESCRIPTION,TID_DECO_MARKET_FEAST,,,,,,TapDecorationGeneric,,,,Christmas,TRUE,,,,,,,,,,,
,,,,,,,,,,,,,,,,,,,,,,,,,,,,,,,,,,,,,,,,,,,
Hour glass,,,,,1,0,,sc/decos02_seasonal.sc,hourglass,,1,1,,999,,,,,,TID_DECO_GENERICFARM_DESCRIPTION,TID_DECO_HOUR_GLASS,,,,,,TapDecorationGeneric,,,,NewYear,TRUE,,,,,,,,,,,
Cuckoo clock,,,,,1,0,,sc/decos02_seasonal.sc,cuckoo_clock,,2,2,,999,,,,,,TID_DECO_GENERICFARM_DESCRIPTION,TID_DECO_CUCKOO_CLOCK,,,,,,TapDecorationGeneric,,,,NewYear,TRUE,,,,,,,,,,,
Weather house,,,,,1,0,,sc/decos02_seasonal.sc,weather_house,,1,2,,999,,,,,,TID_DECO_GENERICFARM_DESCRIPTION,TID_DECO_WEATHER_HOUSE,,,,,,TapDecorationGeneric,,,,NewYear,TRUE,,,,,,,,,,,
Holiday stocking,,,,,1,0,,sc/decos02_seasonal.sc,bunny_sock_1x1,,1,1,,999,,,,,,TID_DECO_GENERICFARM_DESCRIPTION,TID_DECO_HOLIDAY_STOCKING,,,,,,TapDecorationGeneric,,,,Christmas,TRUE,,,,,,,,,,,
Neon light,,,,,1,0,,sc/decos02_seasonal.sc,neon_light,,1,1,,999,,,,,,TID_DECO_GENERICFARM_DESCRIPTION,TID_DECO_NEON_LIGHT,,,,,,TapDecorationGeneric,,,,NewYear,TRUE,,,,,,,,,,,
,,,,,,,,,,,,,,,,,,,,,,,,,,,,,,,,,,,,,,,,,,,
Dragon swing,,,,,1,0,,sc/decos02_seasonal.sc,dragon_swing,,2,1,,999,,,,,,TID_DECO_GENERICFARM_DESCRIPTION,TID_DECO_DRAGON_SWING,,,,,,TapDecorationGeneric,,,,ChineseNewYear,TRUE,,,,,,,,,,,
Dragon chase,,,,,1,0,,sc/decos02_seasonal.sc,dragon_chase,,1,2,,999,,,,,,TID_DECO_GENERICFARM_DESCRIPTION,TID_DECO_DRAGON_CHASE,,,,,,TapDecorationGeneric,,,,ChineseNewYear,TRUE,,,,,,,,,,,
Dragon dance,,,,,1,0,,sc/decos02_seasonal.sc,dragon_dance,,2,2,,999,,,,,,TID_DECO_GENERICFARM_DESCRIPTION,TID_DECO_DRAGON_DANCE,,,,,,TapDecorationGeneric,,,,ChineseNewYear,TRUE,,,,,,,,,,,
Drain dragon,,,,,1,0,,sc/decos02_seasonal.sc,drain_dragon,,2,2,,999,,,,,,TID_DECO_GENERICFARM_DESCRIPTION,TID_DECO_DRAIN_DRAGON,,,,,,TapDecorationGeneric,,,,ChineseNewYear,TRUE,,,,,,,,,,,
Dragon paddling pool,,,,,1,0,,sc/decos02_seasonal.sc,dragon_paddling_pool,,2,2,,999,,,,,,TID_DECO_GENERICFARM_DESCRIPTION,TID_DECO_DRAGON_POOL,,,,,,TapDecorationGeneric,,,,ChineseNewYear,TRUE,,,,,,,,,,,
White bass,,,,,1,0,,sc/decos01_generic.sc,instrument_white_bass,,2,1,,999,,,,,,TID_DECO_GENERICFARM_DESCRIPTION,TID_DECO_WHITE_BASS,,,,,,TapDecorationGeneric,,,,,,,,,,,,,,,,
Blue akkordeon,,,,,1,0,,sc/decos01_generic.sc,instrument_blue_akkordeon,,1,1,,999,,,,,,TID_DECO_GENERICFARM_DESCRIPTION,TID_DECO_BLUE_AKKORDEON,,,,,,TapDecorationGeneric,,,,,,,,,,,,,,,,
,,,,,,,,,,,,,,,,,,,,,,,,,,,,,,,,,,,,,,,,,,,
Winter sleigh,,,125,,1,0,,sc/decos02_seasonal.sc,winter_sleigh,,2,3,,999,,,,,,TID_DECO_GENERICFARM_DESCRIPTION,TID_DECO_WINTER_SLEIGH,,,,,,TapDecorationGeneric,,,,,,,,,,,,,,,,
Winter pavilion,,,,,1,0,,sc/decos02_seasonal.sc,winter_pavilion,,2,2,,999,,,,,,TID_DECO_GENERICFARM_DESCRIPTION,TID_DECO_WINTER_PAVILION,,,,,,TapDecorationGeneric,,,,,,,,,,,,,,,,
Owls nest,,,,,1,0,,sc/decos02_seasonal.sc,owls_nest,,2,1,,999,,,,,,TID_DECO_GENERICFARM_DESCRIPTION,TID_DECO_OWLS_NEST,,,,,,TapDecorationGeneric,,,,,,,,,,,,,,,,
Frozen bush,,,,,1,0,,sc/decos02_seasonal.sc,frozen_bush,,1,1,,999,,,,,,TID_DECO_GENERICFARM_DESCRIPTION,TID_DECO_FROZEN_BUSH,,,,,,TapDecorationGeneric,,,,,,,,,,,,,,,,
Bunny burrow,,,,,1,0,,sc/decos02_seasonal.sc,bunny_hideout,,2,2,,999,,,,,,TID_DECO_GENERICFARM_DESCRIPTION,TID_DECO_BUNNY_BURROW,,,,,,TapDecorationGeneric,,,,,,,,,,,,,,,,
Decorated donkey,,,,,1,0,,sc/decos02_seasonal.sc,winter_donkey,,1,1,,999,,,,,,TID_DECO_GENERICFARM_DESCRIPTION,TID_DECO_DECORATED_DONKEY,,,,,,TapDecorationGeneric,,,,,,,,,,,,,,,,
Conductor,,,,,1,0,,sc/decos02_seasonal.sc,conductor,,2,1,,999,,,,,,TID_DECO_GENERICFARM_DESCRIPTION,TID_DECO_CONDUCTOR,,,,,,TapDecorationGeneric,,,,,,,,,,,,,,,,
,,,,,,,,,,,,,,,,,,,,,,,,,,,,,,,,,,,,,,,,,,,
Wannabe cupid,,,,,1,0,,sc/decos02_seasonal.sc,wannabe_cupid,,1,3,,999,,,,,,TID_DECO_GENERICFARM_DESCRIPTION,TID_DECO_WANNABE_CUPID,,,,,,TapDecorationGeneric,,,,,,,,,,,,,,,,
Love tunnel,,,125,,1,0,,sc/decos02_seasonal.sc,tunnel_of_love,,2,3,,999,,,,,,TID_DECO_GENERICFARM_DESCRIPTION,TID_DECO_LOVE_TUNNEL,,,,,,TapDecorationGeneric,,,,,,,,,,,,,,,,
Valentine's swing,,,,,1,0,,sc/decos02_seasonal.sc,valentines_swing,,1,2,,999,,,,,,TID_DECO_GENERICFARM_DESCRIPTION,TID_DECO_VALENTINE_SWING,,,,,,TapDecorationGeneric,,,,Valentines,,,,,,,,,Seasonal,,,
Group of hearts,,,,,1,0,,sc/decos02_seasonal.sc,group_of_hearts,,1,1,,999,,,,,,TID_DECO_GENERICFARM_DESCRIPTION,TID_DECO_HEART_GROUP,,,,,,TapDecorationGeneric,,,,Valentines,,,,,,,,,Seasonal,,,
Carved dragon,,,,,1,0,,sc/decos02_seasonal.sc,carved_dragon,,1,1,,999,,,,,,TID_DECO_GENERICFARM_DESCRIPTION,TID_DECO_CARVED_DRAGON,,,,,,TapDecorationGeneric,,,,ChineseNewYear,TRUE,,,,,,,,,,,
,,,,,,,,,,,,,,,,,,,,,,,,,,,,,,,,,,,,,,,,,,,
Crescent town center,,,110,,1,0,,sc/decos02_seasonal.sc,moon_fountain,,2,2,,999,,,,,,TID_DECO_GENERICFARM_DESCRIPTION,TID_DECO_CRESCENT_CENTER,,,,,,TapDecorationGeneric,,,,,,,,,,,,,,,,
Drowning the shamrock,,,,,1,0,,sc/decos02_seasonal.sc,drowning_shamrock,,1,1,,999,,,,,,TID_DECO_GENERICFARM_DESCRIPTION,TID_DECO_DROWNING_SHAROCK,,,,,,TapDecorationGeneric,,,,,,,,,,,,,,,,
Silver saxophone,,,,,1,0,,sc/decos01_generic.sc,silver_saxophone,,1,1,,999,,,,,,TID_DECO_GENERICFARM_DESCRIPTION,TID_DECO_SILVER_SAXOPHONE,,,,,,TapDecorationGeneric,,,,,,,,,,,,,,,,
Red guitar,,,,,1,0,,sc/decos01_generic.sc,red_guitar,,1,1,,999,,,,,,TID_DECO_GENERICFARM_DESCRIPTION,TID_DECO_RED_GUITAR,,,,,,TapDecorationGeneric,,,,,,,,,,,,,,,,
,,,,,,,,,,,,,,,,,,,,,,,,,,,,,,,,,,,,,,,,,,,
Irish flowerbed,,,110,,1,0,,sc/decos02_seasonal.sc,irishflag_flowerbed,,1,2,,999,,,,,,TID_DECO_GENERICFARM_DESCRIPTION,TID_DECO_IRISH_FLOWERBED,,,,,,TapDecorationGeneric,,,,,,,,,,,,,,,,
Irish band,,,,,1,0,,sc/decos02_seasonal.sc,irish_band,,2,2,,999,,,,,,TID_DECO_GENERICFARM_DESCRIPTION,TID_DECO_IRISH_BAND,,,,,,TapDecorationGeneric,,,,,,,,,,,,,,,,
Riverdance sheeps,,,130,,1,0,,sc/decos02_seasonal.sc,riverdance_sheep,,2,3,,999,,,,,,TID_DECO_GENERICFARM_DESCRIPTION,TID_DECO_RIVERDANCE_SHEEPS,,,,,,TapDecorationGeneric,,,,,,,,,,,,,,,,
Leprachaun gnome,,,,,1,0,,sc/decos02_seasonal.sc,leprechaun_gnome,,1,2,,999,,,,,,TID_DECO_GENERICFARM_DESCRIPTION,TID_DECO_LEPRACHAUN_GNOME,,,,,,TapDecorationGeneric,,,,,,,,,,,,,,,,
Leprachaun hideout,,,,,1,0,,sc/decos02_seasonal.sc,leprachaun_hideout,,2,3,,999,,,,,,TID_DECO_GENERICFARM_DESCRIPTION,TID_DECO_LEPRACHAUN_HIDEOUT,,,,,,TapDecorationGeneric,,,,,,,,,,,,,,,,
Brass tuba,,,,,1,0,,sc/decos01_generic.sc,instrument_brass_tuba,,1,1,,999,,,,,,TID_DECO_GENERICFARM_DESCRIPTION,TID_DECO_BRASS_TUBA,,,,,,TapDecorationGeneric,,,,,,,,,,,,,,,,
,,,,,,,,,,,,,,,,,,,,,,,,,,,,,,,,,,,,,,,,,,,
Blooming bracelets,,,,,1,0,,sc/decos07_valley.sc,valley_bulgaria,,2,1,,999,,,,,,TID_DECO_GENERICFARM_DESCRIPTION,TID_DECO_BLOOMING_BRACELETS,,,,,,TapDecorationGeneric,,,,,,,,,TRUE,,,,Valley,,,
G.O.A.T,,,,,1,0,,sc/decos07_valley.sc,valley_argentina,,2,1,,999,,,,,,TID_DECO_GENERICFARM_DESCRIPTION,TID_DECO_GOAT,,,,,,TapDecorationGeneric,,,,,,,,,TRUE,,,,Valley,,,
Street food sellers,,,,,1,0,,sc/decos07_valley.sc,valley_vietnam,,2,1,,999,,,,,,TID_DECO_GENERICFARM_DESCRIPTION,TID_DECO_STREETFOOD_SELLERS,,,,,,TapDecorationGeneric,,,,,,,,,TRUE,,,,Valley,,,
Clockworks,,,,,1,0,,sc/decos07_valley.sc,valley_czech,,2,1,,999,,,,,,TID_DECO_GENERICFARM_DESCRIPTION,TID_DECO_CLOCKWORKS,,,,,,TapDecorationGeneric,,,,,,,,,TRUE,,,,Valley,,,
Magical carpets,,,,,1,0,,sc/decos07_valley.sc,valley_algeria,,2,2,,999,,,,,,TID_DECO_GENERICFARM_DESCRIPTION,TID_DECO_MAGICAL_CARPETS,,,,,,TapDecorationGeneric,,,,,,,,,TRUE,,,,Valley,,,
Peaceful place,,,,,1,0,,sc/decos07_valley.sc,valley_nepal,,2,2,,999,,,,,,TID_DECO_GENERICFARM_DESCRIPTION,TID_DECO_PEACEFUL_PLACE,,,,,,TapDecorationGeneric,,,,,,,,,TRUE,,,,Valley,,,
,,,,,,,,,,,,,,,,,,,,,,,,,,,,,,,,,,,,,,,,,,,
Pumping iron,,,,,1,0,,sc/decos06_farmpass.sc,farmpass_pumpingiron,,1,1,,999,,,,,,TID_DECO_GENERICFARM_DESCRIPTION,TID_DECO_PUMPING_IRON,,,,,,TapDecorationGeneric,,,,,,,,,TRUE,,,,FPE,,,
Pit stop,,,,,1,0,,sc/decos06_farmpass.sc,farmpass_pitstop,,2,2,,999,,,,,,TID_DECO_GENERICFARM_DESCRIPTION,TID_DECO_PIT_STOP,,,,,,TapDecorationGeneric,,,,,,,,,TRUE,,,,FPE,,,
Cake fight,,,,,1,0,,sc/decos06_farmpass.sc,farmpass_foodfight,,2,1,,999,,,,,,TID_DECO_GENERICFARM_DESCRIPTION,TID_DECO_CAKE_FIGHT,,,,,,TapDecorationGeneric,,,,,,,,,TRUE,,,,FPE,,,
Dance hall,,,120,,1,0,,sc/decos06_farmpass.sc,farmpass_ballroom,,3,3,,999,,,,,,TID_DECO_GENERICFARM_DESCRIPTION,TID_DECO_DANCE_HALL,,,,,,TapDecorationGeneric,,,,,,,,,TRUE,,,,FPE,,,
Slinging range,,,,,1,0,,sc/decos06_farmpass.sc,farmpass_slingshot,,2,1,,999,,,,,,TID_DECO_GENERICFARM_DESCRIPTION,TID_DECO_SLINGING_RANGE,,,,,,TapDecorationGeneric,,,,,,,,,TRUE,,,,FPE,,,
Fresh lemonade,,,,,1,0,,sc/decos06_farmpass.sc,farmpass_freshlemonade,,2,1,,999,,,,,,TID_DECO_GENERICFARM_DESCRIPTION,TID_DECO_FRESH_LEMONADE,,,,,,TapDecorationGeneric,,,,,,,,,TRUE,,,,FPE,,,
Splashy fun,,,130,,1,0,,sc/decos06_farmpass.sc,farmpass_waterslide,,2,1,,999,,,,,,TID_DECO_GENERICFARM_DESCRIPTION,TID_DECO_SPLASHY_FUN,,,,,,TapDecorationGeneric,,,,,,,,,TRUE,,,,FPE,,,
Beach volley,,,130,,1,0,,sc/decos06_farmpass.sc,farmpass_volleyball,,3,2,,999,,,,,,TID_DECO_GENERICFARM_DESCRIPTION,TID_DECO_BEACH_VOLLEY,,,,,,TapDecorationGeneric,,,,,,,,,TRUE,,,,FPE,,,
,,,,,,,,,,,,,,,,,,,,,,,,,,,,,,,,,,,,,,,,,,,
Throwing cans,,,,,1,0,,sc/decos06_farmpass.sc,fp_tincan_toss,,2,1,,999,,,,,,TID_DECO_GENERICFARM_DESCRIPTION,TID_DECO_THROWING_CANS,,,,,,TapDecorationGeneric,,,,,,,,,TRUE,,,,FPE,,,
Cross stitching,,,,,1,0,,sc/decos06_farmpass.sc,fp_fallembroidery,,2,2,,999,,,,,,TID_DECO_GENERICFARM_DESCRIPTION,TID_DECO_CROSS_STITCHING,,,,,,TapDecorationGeneric,,,,,,,,,TRUE,,,,FPE,,,
Draculas apprentices,,,,,1,0,,sc/decos06_farmpass.sc,fp_spookyvampire,,2,1,,999,,,,,,TID_DECO_GENERICFARM_DESCRIPTION,TID_DECO_DRACULAS_APPRENTICES,,,,,,TapDecorationGeneric,,,,,,,,,TRUE,,,,FPE,,,
Pumpkin pyramid,,,,,1,0,,sc/decos06_farmpass.sc,fp_pumpkinpyramid,,2,2,,999,,,,,,TID_DECO_GENERICFARM_DESCRIPTION,TID_DECO_PUMPKIN_PYRAMID,,,,,,TapDecorationGeneric,,,,,,,,,TRUE,,,,FPE,,,
Wood cutters,,,115,,1,0,,sc/decos06_farmpass.sc,fp_woodchoppers,,2,2,,999,,,,,,TID_DECO_GENERICFARM_DESCRIPTION,TID_DECO_WOOD_CUTTERS,,,,,,TapDecorationGeneric,,,,,,,,,TRUE,,,,FPE,,,
Tube sledding,,,,,1,0,,sc/decos06_farmpass.sc,fp_snowtubing,,3,2,,999,,,,,,TID_DECO_GENERICFARM_DESCRIPTION,TID_DECO_TUBE_SLEDDING,,,,,,TapDecorationGeneric,,,,,,,,,TRUE,,,,FPE,,,
Big bang,,,,TRUE,1,0,,sc/decos06_farmpass.sc,fp_rocketadventure,,2,1,,999,,,,,,TID_DECO_GENERICFARM_DESCRIPTION,TID_DECO_BIG_BANG,,,,,,TapDecorationGeneric,,,,,,,,,TRUE,,,,FPE,,,
Holiday spirit,,,,,1,0,,sc/decos06_farmpass.sc,fp_holidayfun,,2,2,,999,,,,,,TID_DECO_GENERICFARM_DESCRIPTION,TID_DECO_HOLIDAY_SPIRIT,,,,,,TapDecorationGeneric,,,,,,,,,TRUE,,,,FPE,,,
,,,,,,,,,,,,,,,,,,,,,,,,,,,,,,,,,,,,,,,,,,,
Carrot bench,,,,,1,0,,sc/decos02_seasonal.sc,carrot_bench,,2,1,,999,,,,,,TID_DECO_GENERICFARM_DESCRIPTION,TID_DECO_CARROT_BENCH,,,,,,TapDecorationGeneric,,,,,,,,,,,,,,,,
Carrot gazebo,,,115,,1,0,,sc/decos02_seasonal.sc,carrot_gazebo,,2,2,,999,,,,,,TID_DECO_GENERICFARM_DESCRIPTION,TID_DECO_CARROT_GAZEBO,,,,,,TapDecorationGeneric,,,,,,,,,,,,,,,,
Carrot house,,,115,,1,0,,sc/decos02_seasonal.sc,carrot_house,,2,2,,999,,,,,,TID_DECO_GENERICFARM_DESCRIPTION,TID_DECO_CARROT_HOUSE,,,,,,TapDecorationGeneric,,,,,,,,,,,,,,,,
Carrot cart,,,,,1,0,,sc/decos02_seasonal.sc,carrot_cart,,1,2,,999,,,,,,TID_DECO_GENERICFARM_DESCRIPTION,TID_DECO_CARROT_CART,,,,,,TapDecorationGeneric,,,,,,,,,,,,,,,,
Chocolate bells,,,,,1,0,,sc/decos02_seasonal.sc,chocolate_bells,,2,1,,999,,,,,,TID_DECO_GENERICFARM_DESCRIPTION,TID_DECO_CHOCOLATE_BELLS,,,,,,TapDecorationGeneric,,,,,,,,,,,,,,,,
Chocolate egg planter,,,,,1,0,,sc/decos02_seasonal.sc,egg_planter,,1,2,,999,,,,,,TID_DECO_GENERICFARM_DESCRIPTION,TID_DECO_CHOCOLATE_EGG_PLANTER,,,,,,TapDecorationGeneric,,,,,,,,,,,,,,,,
Egg workshop,,,,,1,0,,sc/decos02_seasonal.sc,egg_workshop,,2,2,,999,,,,,,TID_DECO_GENERICFARM_DESCRIPTION,TID_DECO_EGG_WORKSHOP,,,,,,TapDecorationGeneric,,,,,,,,,,,,,,,,
Egg workshop sign,,,,,1,0,,sc/decos02_seasonal.sc,egg_workshop_sign,,1,1,,999,,,,,,TID_DECO_GENERICFARM_DESCRIPTION,TID_DECO_EGG_WORKSHOP_SIGN,,,,,,TapDecorationGeneric,,,,,,,,,,,,,,,,
Glimmering egg,,,,,1,0,,sc/decos02_seasonal.sc,glimmering_egg,,1,1,,999,,,,,,TID_DECO_GENERICFARM_DESCRIPTION,TID_DECO_GLIMMERING_EGG,,,,,,TapDecorationGeneric,,,,,,,,,,,,,,,,
Runnaway egg,,,,,1,0,,sc/decos02_seasonal.sc,carrot_sofa,,2,2,,999,,,,,,TID_DECO_GENERICFARM_DESCRIPTION,TID_DECO_RUNNAWAY_EGG,,,,,,TapDecorationGeneric,,,,,,,,,,,,,,,,
Eggcellent surprise,,,,,1,0,,sc/decos02_seasonal.sc,carrot_patch,,1,3,,999,,,,,,TID_DECO_GENERICFARM_DESCRIPTION,TID_DECO_EGGCELLENT_SURPRISE,,,,,,TapDecorationGeneric,,,,,,,,,,,,,,,,
,,,,,,,,,,,,,,,,,,,,,,,,,,,,,,,,,,,,,,,,,,,
Grand prize,,,,,1,0,,sc/decos03_features.sc,wood_bucket,,1,1,,999,,,,,,TID_DECO_GENERICFARM_DESCRIPTION,TID_DECO_GRAND_PRIZE,,,,,,TapDecorationGeneric,,,,,,,,,,,,,Derby,,,
Horseshoe bench,,,,,1,0,,sc/decos03_features.sc,wood_bench,,2,1,,999,,,,,,TID_DECO_GENERICFARM_DESCRIPTION,TID_DECO_HORSESHOE_BENCH,,,,,,TapDecorationGeneric,,,,,,,,,,,,,Derby,,,
Placement board,,,,,1,0,,sc/decos03_features.sc,competition_panel,,1,1,,999,,,,,,TID_DECO_GENERICFARM_DESCRIPTION,TID_DECO_PLACEMENT_BOARD,,,,,,TapDecorationGeneric,,,,,,,,,,,,,Derby,,,
Placing judges,,,115,,1,0,,sc/decos03_features.sc,judgement_table,,2,2,,999,,,,,,TID_DECO_GENERICFARM_DESCRIPTION,TID_DECO_PLACING_JUDGES,,,,,,TapDecorationGeneric,,,,,,,,,,,,,Derby,,,
Snacks cart,,,,,1,0,,sc/decos03_features.sc,hotdog_stand,,2,1,,999,,,,,,TID_DECO_GENERICFARM_DESCRIPTION,TID_DECO_SNACKS_CART,,,,,,TapDecorationGeneric,,,,,,,,,,,,,Derby,,,
,,,,,,,,,,,,,,,,,,,,,,,,,,,,,,,,,,,,,,,,,,,
Espeletia,,,,,1,0,,sc/decos03_features.sc,espeliata,,1,1,5500,,,,,500,1,TID_DECO_GENERICFARM_DESCRIPTION,TID_DECO_ESPELETIA,Buy,,,,,TapDecorationGeneric,TRUE,,25,,,TRUE,,TRUE,,,Ostrich1,,,,,
Banana plant,,,,,1,0,,sc/decos03_features.sc,banana_leaf_plant,,2,1,,,,Voucher1,5,,,TID_DECO_GENERICFARM_DESCRIPTION,TID_DECO_BANANA_PLANT,Buy,,,,,TapDecorationGeneric,TRUE,,25,,,TRUE,,TRUE,,,Ostrich2,,,,,
,,,,,,,,,,,,,,,,Voucher3,1,,,,,,,,,,,,,,,,,,,,,,,,,,
Duck fishing,,,115,,1,0,,sc/decos03_features.sc,duck_fishing,,2,2,,999,,,,,,TID_DECO_GENERICFARM_DESCRIPTION,TID_DECO_DUCK_FISHING,,,,,,TapDecorationGeneric,,,,,,,,,,,,,,,,
,,,,,,,,,,,,,,,,,,,,,,,,,,,,,,,,,,,,,,,,,,,
Mediterranean spouter,,,,,1,0,,sc/decos03_features.sc,mediterranean_spout,,1,1,,999,,,,,,TID_DECO_GENERICFARM_DESCRIPTION,TID_DECO_MEDITERRANEAN_SPOUTER,,,,,,TapDecorationGeneric,,,,,,,,,,,,,,,,
Mediterranean well,,,,,1,0,,sc/decos03_features.sc,mediterranean_well,,1,2,,999,,,,,,TID_DECO_GENERICFARM_DESCRIPTION,TID_DECO_MEDITERRANEAN_WELL,,,,,,TapDecorationGeneric,,,,,,,,,,,,,,,,
Mediterranean watermill,,,,,1,0,,sc/decos03_features.sc,mediterranean_watermill,,2,1,,999,,,,,,TID_DECO_GENERICFARM_DESCRIPTION,TID_DECO_MEDITERRANEAN_WATERMILL,,,,,,TapDecorationGeneric,,,,,,,,,,,,,,,,
Mediterranean fountain,,,,,1,0,,sc/decos03_features.sc,mediterranean_fountain,,2,2,,999,,,,,,TID_DECO_GENERICFARM_DESCRIPTION,TID_DECO_MEDITERRANEAN_FOUNTAIN,,,,,,TapDecorationGeneric,,,,,,,,,,,,,,,,
Mediterranean spa,,,115,,1,0,,sc/decos03_features.sc,mediterranean_spa,,2,2,,999,,,,,,TID_DECO_GENERICFARM_DESCRIPTION,TID_DECO_MEDITERRANEAN_SPA,,,,,,TapDecorationGeneric,,,,,,,,,,,,,,,,
Gardening workspace,,,,,1,0,,sc/decos03_features.sc,gardening_workbench,,2,2,,999,,,,,,TID_DECO_GENERICFARM_DESCRIPTION,TID_DECO_GARDENING_WORKSPACE,,,,,,TapDecorationGeneric,,,,,,,,,,,,,,,,
,,,,,,,,,,,,,,,,,,,,,,,,,,,,,,,,,,,,,,,,,,,
Samurai helmet,,,,,1,0,,sc/decos02_seasonal.sc,samurai_helmet,,1,2,,999,,,,,,TID_DECO_GENERICFARM_DESCRIPTION,TID_DECO_SAMURAI_HELMET,,,,,,TapDecorationGeneric,,,,,,,,,,,,,,,,
Festival bus,,,,,1,0,,sc/decos02_seasonal.sc,festival_bus,,2,3,,999,,,,,,TID_DECO_GENERICFARM_DESCRIPTION,TID_DECO_FESTIVAL_BUS,,,,,,TapDecorationGeneric,,,,,,,,,,,,,,,,
Wisteria bridge,,,118,,1,0,,sc/decos02_seasonal.sc,wisteria_bridge,,3,3,,999,,,,,,TID_DECO_GENERICFARM_DESCRIPTION,TID_DECO_WISTERIA_BRIDGE,,,,,,TapDecorationGeneric,,,,,,,,,,,,,,,,
Joyful strollers,,,,,1,0,,sc/decos02_seasonal.sc,serene_stroll,,2,1,,999,,,,,,TID_DECO_GENERICFARM_DESCRIPTION,TID_DECO_JOYFUL_STROLLERS,,,,,,TapDecorationGeneric,,,,,,,,,,,,,,,,
Flower shrine,,,,,1,0,,sc/decos02_seasonal.sc,flower_shrine,,1,1,,999,,,,,,TID_DECO_GENERICFARM_DESCRIPTION,TID_DECO_FLOWER_SHRINE,,,,,,TapDecorationGeneric,,,,,,,,,,,,,,,,
Fish kite,,,,,1,0,,sc/decos02_seasonal.sc,fish_kites,,2,3,,999,,,,,,TID_DECO_GENERICFARM_DESCRIPTION,TID_DECO_FISH_KITE,,,,,,TapDecorationGeneric,,,,,,,,,,,,,,,,
Koto drummer,,,,,1,0,,sc/decos02_seasonal.sc,koto_drummer,,1,1,,999,,,,,,TID_DECO_GENERICFARM_DESCRIPTION,TID_DECO_KOTO_DRUMMER,,,,,,TapDecorationGeneric,,,,,,,,,,,,,,,,
Wish board,,,,,1,0,,sc/decos02_seasonal.sc,wish_plaques,,1,2,,999,,,,,,TID_DECO_GENERICFARM_DESCRIPTION,TID_DECO_WISH_BOARD,,,,,,TapDecorationGeneric,,,,,,,,,,,,,,,,
,,,,,,,,,,,,,,,,,,,,,,,,,,,,,,,,,,,,,,,,,,,
Mixed flowers,,,115,,1,0,,sc/decos02_seasonal.sc,mixed_flowerbed,,1,1,,999,,,,,,TID_DECO_GENERICFARM_DESCRIPTION,TID_DECO_MIXED_FLOWERS,,,,,,TapDecorationGeneric,,,,,,,,,,,,,,,,
Hummingbird feeder,,,115,,1,0,,sc/decos02_seasonal.sc,hummingbird_feeder,,2,1,,999,,,,,,TID_DECO_GENERICFARM_DESCRIPTION,TID_DECO_HUMMINGBIRD_FEEDER,,,,,,TapDecorationGeneric,,,,,,,,,,,,,,,,
Spring butterfly,,,115,,1,0,,sc/decos02_seasonal.sc,spring_butterfly,,1,1,,999,,,,,,TID_DECO_GENERICFARM_DESCRIPTION,TID_DECO_SPRING_BUTTERFLY,,,,,,TapDecorationGeneric,,,,,,,,,,,,,,,,
Spring caterpillar,,,120,,1,0,,sc/decos02_seasonal.sc,spring_caterpillar,,2,1,,999,,,,,,TID_DECO_GENERICFARM_DESCRIPTION,TID_DECO_SPRING_CATERPILLAR,,,,,,TapDecorationGeneric,,,,,,,,,,,,,,,,
Spring cats,,,,,1,0,,sc/decos02_seasonal.sc,spring_cats,,2,1,,999,,,,,,TID_DECO_GENERICFARM_DESCRIPTION,TID_DECO_SPRING_CATS,,,,,,TapDecorationGeneric,,,,,,,,,,,,,,,,
,,,,,,,,,,,,,,,,,,,,,,,,,,,,,,,,,,,,,,,,,,,
Gardener gnome,,,,,1,0,,sc/decos02_seasonal.sc,garden_gnome,,1,1,,999,,,,,,TID_DECO_GENERICFARM_DESCRIPTION,TID_DECO_GARDENER_GNOME,,,,,,TapDecorationGeneric,,,,,,,,,,,,,,,,
Gardener’s shed,,,,,1,0,,sc/decos02_seasonal.sc,garden_shed,,2,2,,999,,,,,,TID_DECO_GENERICFARM_DESCRIPTION,TID_DECO_GARDENERS_SHED,,,,,,TapDecorationGeneric,,,,,,,,,,,,,,,,
Gardener’s pergola,,,,,1,0,,sc/decos02_seasonal.sc,garden_pergola,,2,3,,999,,,,,,TID_DECO_GENERICFARM_DESCRIPTION,TID_DECO_GARDENERS_PERGOLA,,,,,,TapDecorationGeneric,,,,,,,,,,,,,,,,
Tulip patch,,,,,1,0,,sc/decos02_seasonal.sc,tulip_patch,,1,1,,999,,,,,,TID_DECO_GENERICFARM_DESCRIPTION,TID_DECO_TULIP_PATCH,,,,,,TapDecorationGeneric,,,,,,,,,,,,,,,,
Greenhouse,,,,TRUE,1,0,,sc/decos02_seasonal.sc,greenhouse,,2,1,,999,,,,,,TID_DECO_GENERICFARM_DESCRIPTION,TID_DECO_GREENHOUSE,,,,,,TapDecorationGeneric,,,,,,,,,,,,,,,,
,,,,,,,,,,,,,,,,,,,,,,,,,,,,,,,,,,,,,,,,,,,
Lead singer,,,,,1,0,,sc/decos02_seasonal.sc,lead_singer,,2,1,,999,,,,,,TID_DECO_GENERICFARM_DESCRIPTION,TID_DECO_LEAD_SINGER,,,,,,TapDecorationGeneric,,,,,,,,,,,,,,,,
Band poster,,,,,1,0,,sc/decos02_seasonal.sc,band_poster,,1,1,,999,,,,,,TID_DECO_GENERICFARM_DESCRIPTION,TID_DECO_BAND_POSTER,,,,,,TapDecorationGeneric,,,,,TRUE,,,,,,,,,,,
Guitarist,,,,,1,0,,sc/decos02_seasonal.sc,guitarist,,2,1,,999,,,,,,TID_DECO_GENERICFARM_DESCRIPTION,TID_DECO_GUITARIST,,,,,,TapDecorationGeneric,,,,,TRUE,,,,,,,,,,,
Idols,,,120,,1,0,,sc/decos02_seasonal.sc,music_idols,,3,2,,999,,,,,,TID_DECO_GENERICFARM_DESCRIPTION,TID_DECO_IDOLS,,,,,,TapDecorationGeneric,,,,,TRUE,,,,,,,,,,,
Do the twist,,,115,,1,0,,sc/decos02_seasonal.sc,rock_dancers,,2,1,,999,,,,,,TID_DECO_GENERICFARM_DESCRIPTION,TID_DECO_DO_THE_TWIST,,,,,,TapDecorationGeneric,,,,,TRUE,,,,,,,,,,,
Drummer,,,,,1,0,,sc/decos02_seasonal.sc,drummer,,2,2,,999,,,,,,TID_DECO_GENERICFARM_DESCRIPTION,TID_DECO_DRUMMER,,,,,,TapDecorationGeneric,,,,,TRUE,,,,,,,,,,,
,,,,,,,,,,,,,,,,,,,,,,,,,,,,,,,,,,,,,,,,,,,
Squad statue,,,,,1,0,,sc/decos03_features.sc,squad_carved_statue,,2,2,,999,,,,,,TID_DECO_GENERICFARM_DESCRIPTION,TID_DECO_SQUAD_COLLABORATION,,,,,,TapDecorationGeneric,,,,,,,,,TRUE,,,,,,,
Meet and greet,,,,,1,0,,sc/decos02_seasonal.sc,meet_and_greet,,2,2,,999,,,,,,TID_DECO_GENERICFARM_DESCRIPTION,TID_DECO_MEET_AND_GREET,,,,,,TapDecorationGeneric,,,,,TRUE,,,,,,,,,,,
Billboard,,,,,1,0,,sc/decos02_seasonal.sc,billboard,,1,1,,999,,,,,,TID_DECO_GENERICFARM_DESCRIPTION,TID_DECO_BILLBOARD,,,,,,TapDecorationGeneric,,,,,TRUE,,,,,,,,,,,
,,,,,,,,,,,,,,,,,,,,,,,,,,,,,,,,,,,,,,,,,,,
Summer fair wheel,,,,,1,0,,sc/decos02_seasonal.sc,summer_fair_wheel,,1,1,,999,,,,,,TID_DECO_GENERICFARM_DESCRIPTION,TID_DECO_SUMMER_FAIR_WHEEL,,,,,,TapDecorationGeneric,,,,,,,,,,,,,,,,
Summer fair fun,,,,,1,0,,sc/decos02_seasonal.sc,summer_fair_fun,,2,1,,999,,,,,,TID_DECO_GENERICFARM_DESCRIPTION,TID_DECO_SUMMER_FAIR_FUN,,,,,,TapDecorationGeneric,,,,,,,,,,,,,,,,
Summer fair ride,,,,,1,0,,sc/decos02_seasonal.sc,summer_fair_ride,,2,2,,999,,,,,,TID_DECO_GENERICFARM_DESCRIPTION,TID_DECO_SUMMER_FAIR_RIDE,,,,,,TapDecorationGeneric,,,,,,,,,,,,,,,,
Summer fair cutout,,,,,1,0,,sc/decos02_seasonal.sc,summer_fair_cutout,,1,1,,999,,,,,,TID_DECO_GENERICFARM_DESCRIPTION,TID_DECO_SUMMER_FAIR_CUTOUT,,,,,,TapDecorationGeneric,,,,,,,,,,,,,,,,
Summer fair darts,,,,,1,0,,sc/decos02_seasonal.sc,summer_fair_darts,,2,1,,999,,,,,,TID_DECO_GENERICFARM_DESCRIPTION,TID_DECO_SUMMER_FAIR_DARTS,,,,,,TapDecorationGeneric,,,,,,,,,,,,,,,,
Harlequin gnome,,,,,1,0,,sc/decos02_seasonal.sc,harlequin_gnome,,1,1,,999,,,,,,TID_DECO_GENERICFARM_DESCRIPTION,TID_DECO_HARLEQUIN_GNOME,,,,,,TapDecorationGeneric,,,,,,,,,,,,,,,,
,,,,,,,,,,,,,,,,,,,,,,,,,,,,,,,,,,,,,,,,,,,
Summer games tortch,,,110,,1,0,,sc/decos02_seasonal.sc,summer_games_tortch,,1,1,,999,,,,,,TID_DECO_GENERICFARM_DESCRIPTION,TID_DECO_SUMMER_GAMES_TORTCH,,,,,,TapDecorationGeneric,,,,,,,,,,,,,,,,
Summer games gate,,,120,,1,0,,sc/decos02_seasonal.sc,summer_games_gate,,2,1,,999,,,,,,TID_DECO_GENERICFARM_DESCRIPTION,TID_DECO_SUMMER_GAMES_GATE,,,,,,TapDecorationGeneric,,,,,,,,,,,,,,,,
Summer games audience,,,115,,1,0,,sc/decos02_seasonal.sc,summer_games_audience,,3,3,,999,,,,,,TID_DECO_GENERICFARM_DESCRIPTION,TID_DECO_SUMMER_GAMES_AUDIENCE,,,,,,TapDecorationGeneric,,,,,,,,,,,,,,,,
Summer games startline,,,,,1,0,,sc/decos02_seasonal.sc,summer_games_startline,,2,2,,999,,,,,,TID_DECO_GENERICFARM_DESCRIPTION,TID_DECO_SUMMER_GAMES_STARTLINE,,,,,,TapDecorationGeneric,,,,,,,,,,,,,,,,
Summer games stand,,,115,,1,0,,sc/decos02_seasonal.sc,summer_games_stand,,3,1,,999,,,,,,TID_DECO_GENERICFARM_DESCRIPTION,TID_DECO_SUMMER_GAMES_STAND,,,,,,TapDecorationGeneric,,,,,,,,,,,,,,,,
Summer games boxer,,,,,1,0,,sc/decos02_seasonal.sc,summer_games_boxer,,1,2,,999,,,,,,TID_DECO_GENERICFARM_DESCRIPTION,TID_DECO_SUMMER_GAMES_BOXER,,,,,,TapDecorationGeneric,,,,,,,,,,,,,,,,
Summer games swimmers,,,115,,1,0,,sc/decos02_seasonal.sc,summer_games_swimmers,,3,2,,999,,,,,,TID_DECO_GENERICFARM_DESCRIPTION,TID_DECO_SUMMER_GAMES_SWIMMERS,,,,,,TapDecorationGeneric,,,,,,,,,,,,,,,,
Summer games pingpong,,,,,1,0,,sc/decos02_seasonal.sc,summer_games_pingpong,,2,2,,999,,,,,,TID_DECO_GENERICFARM_DESCRIPTION,TID_DECO_SUMMER_GAMES_PINGPONG,,,,,,TapDecorationGeneric,,,,,,,,,,,,,,,,
Summer games gymnastics,,,,,1,0,,sc/decos02_seasonal.sc,summer_games_gymnastics,,2,1,,999,,,,,,TID_DECO_GENERICFARM_DESCRIPTION,TID_DECO_SUMMER_GAMES_GYMNASTICS,,,,,,TapDecorationGeneric,,,,,,,,,,,,,,,,
Summer games medals,,,,,1,0,,sc/decos02_seasonal.sc,summer_games_medals,,1,1,,999,,,,,,TID_DECO_GENERICFARM_DESCRIPTION,TID_DECO_SUMMER_GAMES_MEDALS,,,,,,TapDecorationGeneric,,,,,,,,,,,,,,,,
,,,,,,,,,,,,,,,,,,,,,,,,,,,,,,,,,,,,,,,,,,,
Duck diving,,,,,1,0,,sc/decos01_generic.sc,duck_diving,,2,3,,999,,,,,,TID_DECO_GENERICFARM_DESCRIPTION,TID_DECO_DUCK_DIVING,,,,,,TapDecorationGeneric,,,,,,,,,,,,,,,,
Aquarium,,,,,1,0,,sc/decos01_generic.sc,aquarium,,2,2,,999,,,,,,TID_DECO_GENERICFARM_DESCRIPTION,TID_DECO_AQUARIUM,,,,,,TapDecorationGeneric,,,,,,,,,,,,,,,,
Tipping duck,,,,,1,0,,sc/decos01_generic.sc,tipping_duck,,2,1,,999,,,,,,TID_DECO_GENERICFARM_DESCRIPTION,TID_DECO_TIPPING_DUCK,,,,,,TapDecorationGeneric,,,,,,,,,,,,,,,,
Mosaic well,,,,,1,0,,sc/decos01_generic.sc,mosaic_well,,1,1,,999,,,,,,TID_DECO_GENERICFARM_DESCRIPTION,TID_DECO_MOSAIC_WELL,,,,,,TapDecorationGeneric,,,,,,,,,,,,,,,,
,,,,,,,,,,,,,,,,,,,,,,,,,,,,,,,,,,,,,,,,,,,
Pooltoy stack,,,90,,1,0,,sc/decos02_seasonal.sc,pooltoy_stack,,1,1,,999,,,,,,TID_DECO_GENERICFARM_DESCRIPTION,TID_DECO_POOLTOY_STACK,,,,,,TapDecorationGeneric,,,,,,,,,,,,,,,,
Poolside table,,,,,1,0,,sc/decos02_seasonal.sc,poolside_table,,2,2,,999,,,,,,TID_DECO_GENERICFARM_DESCRIPTION,TID_DECO_POOLSIDE_TABLE,,,,,,TapDecorationGeneric,,,,,,,,,,,,,,,,
Beach rentals,,,125,,1,0,,sc/decos02_seasonal.sc,beach_rentals,,2,3,,999,,,,,,TID_DECO_GENERICFARM_DESCRIPTION,TID_DECO_BEACH_RENTALS,,,,,,TapDecorationGeneric,,,,,,,,,,,,,,,,
Poolside planter,,,110,,1,0,,sc/decos02_seasonal.sc,poolside_planter,,2,1,,999,,,,,,TID_DECO_GENERICFARM_DESCRIPTION,TID_DECO_POOLSIDE_PLANTER,,,,,,TapDecorationGeneric,,,,,,,,,,,,,,,,
Pool music,,,110,,1,0,,sc/decos02_seasonal.sc,pool_music,,2,1,,999,,,,,,TID_DECO_GENERICFARM_DESCRIPTION,TID_DECO_POOL_MUSIC,,,,,,TapDecorationGeneric,,,,,,,,,,,,,,,,
,,,,,,,,,,,,,,,,,,,,,,,,,,,,,,,,,,,,,,,,,,,
Flowery crate,,,,,1,0,,sc/decos02_seasonal.sc,flowery_crate,,1,1,,999,,,,,,TID_DECO_GENERICFARM_DESCRIPTION,TID_DECO_FLOWERY_CRATE,,,,,,TapDecorationGeneric,,,,,,,,,,,,,,,,
Flower goat,,,95,,1,0,,sc/decos02_seasonal.sc,flower_goat,,1,1,,999,,,,,,TID_DECO_GENERICFARM_DESCRIPTION,TID_DECO_FLOWER_GOAT,,,,,,TapDecorationGeneric,,,,,,,,,,,,,,,,
Straw chicken,,,,,1,0,,sc/decos02_seasonal.sc,straw_chicken,,1,1,,999,,,,,,TID_DECO_GENERICFARM_DESCRIPTION,TID_DECO_STRAW_CHICKEN,,,,,,TapDecorationGeneric,,,,,,,,,,,,,,,,
Flower gate,,,110,,1,0,,sc/decos02_seasonal.sc,flower_gate,,2,1,,999,,,,,,TID_DECO_GENERICFARM_DESCRIPTION,TID_DECO_FLOWER_GATE,,,,,,TapDecorationGeneric,,,,,,,,,,,,,,,,
Bee keeper,,,135,,1,0,,sc/decos02_seasonal.sc,bee_keeper,,2,2,,999,,,,,,TID_DECO_GENERICFARM_DESCRIPTION,TID_DECO_BEE_KEEPER,,,,,,TapDecorationGeneric,,,,,,,,,,,,,,,,
,,,,,,,,,,,,,,,,,,,,,,,,,,,,,,,,,,,,,,,,,,,
Bowling pig,,,,,1,0,,sc/decos02_seasonal.sc,pig_bowling,,2,1,,999,,,,,,TID_DECO_GENERICFARM_DESCRIPTION,TID_DECO_BOWLING_PIG,,,,,,TapDecorationGeneric,,,,,,,,,,,,,,,,
Wild grass patch,,,,,1,0,,sc/decos03_features.sc,cogongrass_patch,,1,1,,999,,,,,,TID_DECO_GENERICFARM_DESCRIPTION,TID_DECO_WILD_GRASS_PATCH,,,,,,TapDecorationGeneric,,,,,,,,,,,,,,,,
,,,,,,,,,,,,,,,,,,,,,,,,,,,,,,,,,,,,,,,,,,,
Gaffer sheep,,,,,1,0,,sc/decos02_seasonal.sc,gaffer_sheep,,2,1,,999,,,,,,TID_DECO_GENERICFARM_DESCRIPTION,TID_DECO_GAFFER_SHEEP,,,,,,TapDecorationGeneric,,,,,TRUE,,,,,,,,,,,
,,,,,,,,,,,,,,,,,,,,,,,,,,,,,,,,,,,,,,,,,,,
Sausage grill,,,,,1,0,,sc/decos02_seasonal.sc,sausage_grill,,2,2,,999,,,,,,TID_DECO_GENERICFARM_DESCRIPTION,TID_DECO_SAUSAGE_GRILL,,,,,,TapDecorationGeneric,,,,,,,,,,,,,,,,
Sauerkraut barrel,,,,,1,0,,sc/decos02_seasonal.sc,sauerkraut_barrel,,1,2,,999,,,,,,TID_DECO_GENERICFARM_DESCRIPTION,TID_DECO_SAUERKRAUT_BARREL,,,,,,TapDecorationGeneric,,,,,,,,,,,,,,,,
Pretzel station,,,115,,1,0,,sc/decos02_seasonal.sc,pretzel_stand,,2,1,,999,,,,,,TID_DECO_GENERICFARM_DESCRIPTION,TID_DECO_PRETZEL_STATION,,,,,,TapDecorationGeneric,,,,,,,,,,,,,,,,
Gingerbread hearts,,,,,1,0,,sc/decos02_seasonal.sc,gingerbread_hearts,,1,1,,999,,,,,,TID_DECO_GENERICFARM_DESCRIPTION,TID_DECO_GINGERBREAD_HEARTS,,,,,,TapDecorationGeneric,,,,,,,,,,,,,,,,
Autumn picnic,,,,,1,0,,sc/decos02_seasonal.sc,autumn_picnic,,1,1,,999,,,,,,TID_DECO_GENERICFARM_DESCRIPTION,TID_DECO_AUTUMN_PICNIC,,,,,,TapDecorationGeneric,,,,,,,,,,,,,,,,
Rasberry refreshment,,,,,1,0,,sc/decos02_seasonal.sc,raspberry_refreshment,,1,1,,999,,,,,,TID_DECO_GENERICFARM_DESCRIPTION,TID_DECO_RASPBERRY_REFRESHMENTS,,,,,,TapDecorationGeneric,,,,,,,,,,,,,,,,
Autumn maple tree,,,,,1,0,,sc/decos02_seasonal.sc,maple_tree,,1,1,,999,,,,,,TID_DECO_GENERICFARM_DESCRIPTION,TID_DECO_AUTUMN_MAPLE_TREE,,,,,,TapDecorationGeneric,,,,,,,,,,,,,,,,
Hay ride,,,120,,1,0,,sc/decos02_seasonal.sc,hay_ride,,3,3,,999,,,,,,TID_DECO_GENERICFARM_DESCRIPTION,TID_DECO_HAY_RIDE,,,,,,TapDecorationGeneric,,,,,,,,,,,,,,,,
Wooden hedgehogs,,,,,1,0,,sc/decos02_seasonal.sc,wooden_hedgehogs,,1,1,,999,,,,,,TID_DECO_GENERICFARM_DESCRIPTION,TID_DECO_WOODEN_HEDGEHOGS,,,,,,TapDecorationGeneric,,,,,,,,,,,,,,,,
Wooden train,,,,,1,0,,sc/decos02_seasonal.sc,wooden_train,,2,1,,999,,,,,,TID_DECO_GENERICFARM_DESCRIPTION,TID_DECO_WOODEN_TRAIN,,,,,,TapDecorationGeneric,,,,,,,,,,,,,,,,
,,,,,,,,,,,,,,,,,,,,,,,,,,,,,,,,,,,,,,,,,,,
Gloomy candles,,,,,1,0,,sc/decos02_seasonal.sc,gloomy_candles,,1,1,,999,,,,,,TID_DECO_GENERICFARM_DESCRIPTION,TID_DECO_GLOOMY_CANDLES,,,,,,TapDecorationGeneric,,,,,,,,,,,,,,,,
Scary mausoleum,,,,,1,0,,sc/decos02_seasonal.sc,spooky_mausoleum,,2,2,,999,,,,,,TID_DECO_GENERICFARM_DESCRIPTION,TID_DECO_SCARY_MAUSOLEUM,,,,,,TapDecorationGeneric,,,,,,,,,,,,,,,,
Scary organ music,,,,,1,0,,sc/decos02_seasonal.sc,spooky_organ_player,,3,2,,999,,,,,,TID_DECO_GENERICFARM_DESCRIPTION,TID_DECO_SCARY_ORGAN_MUSIC,,,,,,TapDecorationGeneric,,,,,,,,,,,,,,,,
Scary tomb,,,,,1,0,,sc/decos02_seasonal.sc,spooky_tomb,,2,2,,999,,,,,,TID_DECO_GENERICFARM_DESCRIPTION,TID_DECO_SCARY_TOMB,,,,,,TapDecorationGeneric,,,,,,,,,,,,,,,,
Black roses,,,,,1,0,,sc/decos02_seasonal.sc,black_roses,,1,1,,999,,,,,,TID_DECO_GENERICFARM_DESCRIPTION,TID_DECO_BLACK_ROSES,,,,,,TapDecorationGeneric,,,,,,,,,,,,,,,,
Lobster ride,,,,,1,0,,sc/decos02_seasonal.sc,lobster_ride,,1,3,,999,,,,,,TID_DECO_GENERICFARM_DESCRIPTION,TID_DECO_LOBSTER_RIDE,,,,,,TapDecorationGeneric,,,,,,,,,,,,,,,,
Pig ride,,,115,,1,0,,sc/decos02_seasonal.sc,pig_ride,,1,3,,999,,,,,,TID_DECO_GENERICFARM_DESCRIPTION,TID_DECO_PIG_RIDE,,,,,,TapDecorationGeneric,,,,,,,,,,,,,,,,
Ticket booth,,,,,1,0,,sc/decos02_seasonal.sc,ticket_booth,,1,1,,999,,,,,,TID_DECO_GENERICFARM_DESCRIPTION,TID_DECO_TICKET_BOOTH,,,,,,TapDecorationGeneric,,,,,,,,,,,,,,,,
Cleaner pig,,,110,,1,0,,sc/decos02_seasonal.sc,mopping_pig,,2,1,,999,,,,,,TID_DECO_GENERICFARM_DESCRIPTION,TID_DECO_CLEANER_PIG,,,,,,TapDecorationGeneric,,,,,,,,,,,,,,,,
Ghost pig,,,,,1,0,,sc/decos02_seasonal.sc,ghost_pig,,1,1,,999,,,,,,TID_DECO_GENERICFARM_DESCRIPTION,TID_DECO_GHOST_PIG,,,,,,TapDecorationGeneric,,,,,,,,,,,,,,,,
Abandoned tombs,,,,,1,0,,sc/decos02_seasonal.sc,abandoned_tombs,,1,2,,999,,,,,,TID_DECO_GENERICFARM_DESCRIPTION,TID_DECO_ABANDONED_TOMBS,,,,,,TapDecorationGeneric,,,,,,,,,,,,,,,,
,,,,,,,,,,,,,,,,,,,,,,,,,,,,,,,,,,,,,,,,,,,
Thanksgiving cosplay,,,90,,1,0,,sc/decos02_seasonal.sc,thanksgiving_costume,,1,1,,999,,,,,,TID_DECO_GENERICFARM_DESCRIPTION,TID_DECO_THANKSGIVING_COSPLAY,,,,,,TapDecorationGeneric,,,,,,,,,,,,,,,,
Thanksgiving wagon,,,115,,1,0,,sc/decos02_seasonal.sc,thanksgiving_wagon,,2,3,,999,,,,,,TID_DECO_GENERICFARM_DESCRIPTION,TID_DECO_THANKSGIVING_WAGON,,,,,,TapDecorationGeneric,,,,,,,,,,,,,,,,
Thanksgiving balloon,,,,,1,0,,sc/decos02_seasonal.sc,thanksgiving_balloon,,1,2,,999,,,,,,TID_DECO_GENERICFARM_DESCRIPTION,TID_DECO_THANKSGIVING_BALLOON,,,,,,TapDecorationGeneric,,,,,,,,,,,,,,,,
Thanksgiving pavilion,,,,,1,0,,sc/decos02_seasonal.sc,thanksgiving_pavilion,,2,2,,999,,,,,,TID_DECO_GENERICFARM_DESCRIPTION,TID_DECO_THANKSGIVING_PAVILION,,,,,,TapDecorationGeneric,,,,,,,,,,,,,,,,
Thanksgiving photo shoot,,,,,1,0,,sc/decos02_seasonal.sc,thanksgiving_photoboard,,2,2,,999,,,,,,TID_DECO_GENERICFARM_DESCRIPTION,TID_DECO_THANKSGIVING_PHOTO_SHOOT,,,,,,TapDecorationGeneric,,,,,,,,,,,,,,,,
Fairground fortune teller,,,115,,1,0,,sc/decos03_features.sc,fairground_fortune_teller,,2,2,,999,,,,,,TID_DECO_GENERICFARM_DESCRIPTION,TID_DECO_FAIRGROUND_FORTUNE_TELLER,,,,,,TapDecorationGeneric,,,,,,,,,,,,,,,,
,,,,,,,,,,,,,,,,,,,,,,,,,,,,,,,,,,,,,,,,,,,
Pond yachting,,,120,,1,0,,sc/decos02_seasonal.sc,pond_yachting,,3,2,,999,,,,,,TID_DECO_GENERICFARM_DESCRIPTION,TID_DECO_POND_YACHTING,,,,,,TapDecorationGeneric,,,,,,,,,,,,,,,,
Mushroom picking,,,115,,1,0,,sc/decos02_seasonal.sc,mushroom_picker,,2,2,,999,,,,,,TID_DECO_GENERICFARM_DESCRIPTION,TID_DECO_MUSHROOM_PICKING,,,,,,TapDecorationGeneric,,,,,,,,,,,,,,,,
Boat statue,,,,,1,0,,sc/decos02_seasonal.sc,boat_statue,,1,1,,999,,,,,,TID_DECO_GENERICFARM_DESCRIPTION,TID_DECO_BOAT_STATUE,,,,,,TapDecorationGeneric,,,,,,,,,,,,,,,,
Mushroom log,,,115,,1,0,,sc/decos02_seasonal.sc,mushroom_log,,2,1,,999,,,,,,TID_DECO_GENERICFARM_DESCRIPTION,TID_DECO_MUSHROOM_LOG,,,,,,TapDecorationGeneric,,,,,,,,,,,,,,,,
,,,,,,,,,,,,,,,,,,,,,,,,,,,,,,,,,,,,,,,,,,,
Seasonal greetings,,,,,1,0,,sc/decos02_seasonal.sc,festive_mail,,1,2,,999,,,,,,TID_DECO_GENERICFARM_DESCRIPTION,TID_DECO_SEASONAL_GREETINGS,,,,,,TapDecorationGeneric,,,,,,,,,,,,,,,,
Mail office,,,,,1,0,,sc/decos02_seasonal.sc,winter_post_office,,2,2,,999,,,,,,TID_DECO_GENERICFARM_DESCRIPTION,TID_DECO_MAIL_OFFICE,,,,,,TapDecorationGeneric,,,,,,,,,,,,,,,,
Lumberjacks,,,,,1,0,,sc/decos02_seasonal.sc,winter_lumberjacks,,1,2,,999,,,,,,TID_DECO_GENERICFARM_DESCRIPTION,TID_DECO_LUMBERJACKS,,,,,,TapDecorationGeneric,,,,,,,,,,,,,,,,
Ski rentals,,,,,1,0,,sc/decos02_seasonal.sc,ski_rentals,,1,2,,999,,,,,,TID_DECO_GENERICFARM_DESCRIPTION,TID_DECO_SKI_RENTALS,,,,,,TapDecorationGeneric,,,,,,,,,,,,,,,,
Airmail,,,,,1,0,,sc/decos02_seasonal.sc,airmail,,2,3,,999,,,,,,TID_DECO_GENERICFARM_DESCRIPTION,TID_DECO_AIRMAIL,,,,,,TapDecorationGeneric,,,,,,,,,,,,,,,,
,,,,,,,,,,,,,,,,,,,,,,,,,,,,,,,,,,,,,,,,,,,
Autumn soup,,,,,1,0,,sc/decos02_seasonal.sc,autumn_soup,,2,1,,999,,,,,,TID_DECO_GENERICFARM_DESCRIPTION,TID_DECO_AUTUMN_SOUP,,,,,,TapDecorationGeneric,,,,,,,,,,,,,,,,
Autumn sculpture,,,110,,1,0,,sc/decos02_seasonal.sc,autumn_sculpture,,2,1,,999,,,,,,TID_DECO_GENERICFARM_DESCRIPTION,TID_DECO_HAY_CHICKEN,,,,,,TapDecorationGeneric,,,,,,,,,,,,,,,,
Autumn bird pond,,,115,,1,0,,sc/decos02_seasonal.sc,autumn_bird_pond,,2,2,,999,,,,,,TID_DECO_GENERICFARM_DESCRIPTION,TID_DECO_AUTUMN_POND,,,,,,TapDecorationGeneric,,,,,,,,,,,,,,,,
Autumn veggie cart,,,,,1,0,,sc/decos02_seasonal.sc,autumn_veggie_cart,,2,1,,999,,,,,,TID_DECO_GENERICFARM_DESCRIPTION,TID_DECO_AUTUMN_HARVEST_CART,,,,,,TapDecorationGeneric,,,,,,,,,,,,,,,,
,,,,,,,,,,,,,,,,,,,,,,,,,,,,,,,,,,,,,,,,,,,
Euphorbia trigona,,,,,1,0,,sc/decos03_features.sc,euphorbia_trigona,,1,1,5500,,,,,500,1,TID_DECO_GENERICFARM_DESCRIPTION,TID_DECO_EUPHORBIA_TRIGONA,Buy,,,,,TapDecorationGeneric,TRUE,,25,,,TRUE,,TRUE,,,OstrichChick1,,,,,
Sicklebush,,,,,1,0,,sc/decos03_features.sc,sicklebush,,2,1,,,,Voucher1,5,,,TID_DECO_GENERICFARM_DESCRIPTION,TID_DECO_SICKLEBUSH,Buy,,,,,TapDecorationGeneric,TRUE,,25,,,TRUE,,TRUE,,,OstrichChick2,,,,,
,,,,,,,,,,,,,,,,Voucher3,1,,,,,,,,,,,,,,,,,,,,,,,,,,
,,,,,,,,,,,,,,,,,,,,,,,,,,,,,,,,,,,,,,,,,,,
Candle chimes,,,,,1,0,,sc/decos02_seasonal.sc,candle_chimes,,2,2,,999,,,,,,TID_DECO_GENERICFARM_DESCRIPTION,TID_DECO_CANDLE_CHIMES,,,,,,TapDecorationGeneric,,,,,,,,,,,,,,,,
Holiday baking,,,,,1,0,,sc/decos02_seasonal.sc,holiday_baking,,2,1,,999,,,,,,TID_DECO_GENERICFARM_DESCRIPTION,TID_DECO_HOLIDAY_BAKING,,,,,,TapDecorationGeneric,,,,,,,,,,,,,,,,
Cow santa,,,,,1,0,,sc/decos02_seasonal.sc,cow_santa,,1,1,,999,,,,,,TID_DECO_GENERICFARM_DESCRIPTION,TID_DECO_COW_SANTA,,,,,,TapDecorationGeneric,,,,,,,,,,,,,,,,
Gift pile santa,,,,,1,0,,sc/decos02_seasonal.sc,giftpile_santa,,1,1,,999,,,,,,TID_DECO_GENERICFARM_DESCRIPTION,TID_DECO_GIFTPILE_SANTA,,,,,,TapDecorationGeneric,,,,,,,,,,,,,,,,
Gingerbread workshop,,,,,1,0,,sc/decos02_seasonal.sc,gingerbread_workshop,,2,2,,999,,,,,,TID_DECO_GENERICFARM_DESCRIPTION,TID_DECO_GINGERBREAD_WORKSHOP,,,,,,TapDecorationGeneric,,,,,,,,,,,,,,,,
Gift delivery,,,,,1,0,,sc/decos02_seasonal.sc,gift_delivery,,2,3,,999,,,,,,TID_DECO_GENERICFARM_DESCRIPTION,TID_DECO_GIFT_DELIVERY,,,,,,TapDecorationGeneric,,,,,,,,,,,,,,,,
Jolly wreath,,,,,1,0,,sc/decos02_seasonal.sc,jolly_wreath,,1,2,,999,,,,,,TID_DECO_GENERICFARM_DESCRIPTION,TID_DECO_JOLLY_WREATH,,,,,,TapDecorationGeneric,,,,,,,,,,,,,,,,
Jolly well,,,,,1,0,,sc/decos02_seasonal.sc,jolly_well,,2,2,,999,,,,,,TID_DECO_GENERICFARM_DESCRIPTION,TID_DECO_JOLLY_WELL,,,,,,TapDecorationGeneric,,,,,,,,,,,,,,,,
Wooden santa,,,,,1,0,,sc/decos02_seasonal.sc,wooden_santa,,1,2,,999,,,,,,TID_DECO_GENERICFARM_DESCRIPTION,TID_DECO_WOODEN_SANTA,,,,,,TapDecorationGeneric,,,,,,,,,,,,,,,,
,,,,,,,,,,,,,,,,,,,,,,,,,,,,,,,,,,,,,,,,,,,
Disco chicken,,,,,1,0,,sc/decos02_seasonal.sc,discoball_chicken,,1,1,,999,,,,,,TID_DECO_GENERICFARM_DESCRIPTION,TID_DECO_DISCO_BALL,,,,,,TapDecorationGeneric,,,,NewYear,,,,,,,,,,,,
Dance floor,,,135,,1,0,,sc/decos02_seasonal.sc,new_year_ball_room,,3,3,,999,,,,,,TID_DECO_GENERICFARM_DESCRIPTION,TID_DECO_DANCE_FLOOR,,,,,,TapDecorationGeneric,,,,NewYear,,,,,,,,,,,,
,,,,,,,,,,,,,,,,,,,,,,,,,,,,,,,,,,,,,,,,,,,
Apres ski,,,,,1,0,,sc/decos06_farmpass.sc,farmpass_apresski,,1,1,,999,,,,,,TID_DECO_GENERICFARM_DESCRIPTION,TID_DECO_APRES_SKI,,,,,,TapDecorationGeneric,,,,,,,,,,,,,FPE,,,
Ski maintenance,,,110,,1,0,,sc/decos06_farmpass.sc,farmpass_skimaintenance,,2,2,,999,,,,,,TID_DECO_GENERICFARM_DESCRIPTION,TID_DECO_WAXING_STATION,,,,,,TapDecorationGeneric,,,,,,,,,,,,,FPE,,,
Chocolate frenzy,,,,,1,0,,sc/decos06_farmpass.sc,farmpass_chocofrenzy,,1,1,,999,,,,,,TID_DECO_GENERICFARM_DESCRIPTION,TID_DECO_CHOCOLATE_FRENZY,,,,,,TapDecorationGeneric,,,,,,,,,,,,,FPE,,,
Fruit frenzy,,,110,,1,0,,sc/decos06_farmpass.sc,farmpass_fruitfrenzy,,2,1,,999,,,,,,TID_DECO_GENERICFARM_DESCRIPTION,TID_DECO_FRUIT_FRENZY,,,,,,TapDecorationGeneric,,,,,,,,,,,,,FPE,,,
Garden helpers,,,,,1,0,,sc/decos06_farmpass.sc,farmpass_gardenhelpers,,2,1,,999,,,,,,TID_DECO_GENERICFARM_DESCRIPTION,TID_DECO_GARDEN_HELPERS,,,,,,TapDecorationGeneric,,,,,,,,,,,,,FPE,,,
Busy bees,,,110,,1,0,,sc/decos06_farmpass.sc,farmpass_busybees,,2,2,,999,,,,,,TID_DECO_GENERICFARM_DESCRIPTION,TID_DECO_BUSY_BEES,,,,,,TapDecorationGeneric,,,,,,,,,,,,,FPE,,,
,,,,,,,,,,,,,,,,,,,,,,,,,,,,,,,,,,,,,,,,,,,
Alpine summit,,,,,1,0,,sc/decos07_valley.sc,valley_austria,,2,2,,999,,,,,,TID_DECO_GENERICFARM_DESCRIPTION,TID_DECO_REACHING_HEIGHTS,,,,,,TapDecorationGeneric,,,,,,,,,,,,,Valley,,,
Coral reef,,,,,1,0,,sc/decos07_valley.sc,valley_papuanewguinea,,2,2,,999,,,,,,TID_DECO_GENERICFARM_DESCRIPTION,TID_DECO_CORAL_REEF,,,,,,TapDecorationGeneric,,,,,,,,,TRUE,,,,Valley,,,
Feeding birds,,,115,,1,0,,sc/decos07_valley.sc,valley_venezuela,,2,1,,999,,,,,,TID_DECO_GENERICFARM_DESCRIPTION,TID_DECO_FEEDING_BIRDS,,,,,,TapDecorationGeneric,,,,,,,,,,,,,Valley,,,
Chimney nest,,,,,1,0,,sc/decos07_valley.sc,valley_poland,,1,1,,999,,,,,,TID_DECO_GENERICFARM_DESCRIPTION,TID_DECO_OCCUPIED_CHIMNEY,,,,,,TapDecorationGeneric,,,,,,,,,,,,,Valley,,,
Stone lemurs,,,,,1,0,,sc/decos07_valley.sc,valley_madagascar,,2,1,,999,,,,,,TID_DECO_GENERICFARM_DESCRIPTION,TID_DECO_STONE_LEMURS,,,,,,TapDecorationGeneric,,,,,,,,,TRUE,,,,Valley,,,
Cheesemonger,,,,,1,0,,sc/decos07_valley.sc,valley_paraguay,,2,1,,999,,,,,,TID_DECO_GENERICFARM_DESCRIPTION,TID_DECO_CHEESY_VENDOR,,,,,,TapDecorationGeneric,,,,,,,,,,,,,Valley,,,
Colorful tapestry,,,,,1,0,,sc/decos07_valley.sc,valley_serbia,,1,1,,999,,,,,,TID_DECO_GENERICFARM_DESCRIPTION,TID_DECO_COLORFUL_TAPESTRY,,,,,,TapDecorationGeneric,,,,,,,,,,,,,Valley,,,
Sturdy yurt,,,,,1,0,,sc/decos07_valley.sc,valley_mongolia,,2,2,,999,,,,,,TID_DECO_GENERICFARM_DESCRIPTION,TID_DECO_STURDY_YURT,,,,,,TapDecorationGeneric,,,,,,,,,,,,,Valley,,,
Serene temple,,,,,1,0,,sc/decos07_valley.sc,valley_srilanka,,2,2,,999,,,,,,TID_DECO_GENERICFARM_DESCRIPTION,TID_DECO_SERENE_TEMPLE,,,,,,TapDecorationGeneric,,,,,,,,,,,,,Valley,,,
Colorful hut,,,,,1,0,,sc/decos07_valley.sc,valley_nigeria,,2,2,,999,,,,,,TID_DECO_GENERICFARM_DESCRIPTION,TID_DECO_COLORFUL_HUT,,,,,,TapDecorationGeneric,,,,,,,,,,,,,Valley,,,
Picking berries,,,,,1,0,,sc/decos07_valley.sc,valley_estonia,,2,1,,999,,,,,,TID_DECO_GENERICFARM_DESCRIPTION,TID_DECO_PICKING_BERRIES,,,,,,TapDecorationGeneric,,,,,,,,,,,,,Valley,,,
Colorful crafts,,,,,1,0,,sc/decos07_valley.sc,valley_guatemala,,2,1,,999,,,,,,TID_DECO_GENERICFARM_DESCRIPTION,TID_COLORFUL_CRAFTS,,,,,,TapDecorationGeneric,,,,,,,,,,,,,Valley,,,
,,,,,,,,,,,,,,,,,,,,,,,,,,,,,,,,,,,,,,,,,,,
Winter photo op,,,110,,1,0,,sc/decos02_seasonal.sc,winter_photo_shoot,,2,3,,999,,,,,,TID_DECO_GENERICFARM_DESCRIPTION,TID_DECO_WINTER_PHOTO_OP,,,,,,TapDecorationGeneric,,,,Christmas,,,,,,,,,,,,
Rescue patrol,,,,,1,0,,sc/decos02_seasonal.sc,rescue_patrol,,1,2,,999,,,,,,TID_DECO_GENERICFARM_DESCRIPTION,TID_DECO_RESCUE_PATROL,,,,,,TapDecorationGeneric,,,,Christmas,,,,,,,,,,,,
Winter centerpiece,,,130,,1,0,,sc/decos02_seasonal.sc,winter_centerpiece_right,winter_centerpiece_left,3,3,,999,,,,,,TID_DECO_GENERICFARM_DESCRIPTION,TID_DECO_WINTER_CENTERPIECE,,,,,,TapDecorationGeneric,,,,Christmas,,,,,,,,,,,,
Reindeer ride,,,,,1,0,,sc/decos02_seasonal.sc,reindeer_ride,,3,1,,999,,,,,,TID_DECO_GENERICFARM_DESCRIPTION,TID_DECO_REINDEER_RIDE,,,,,,TapDecorationGeneric,,,,Christmas,,,,,,,,,,,,
Winter gate,,,,,1,0,,sc/decos02_seasonal.sc,wonderland_arch,,3,1,,999,,,,,,TID_DECO_GENERICFARM_DESCRIPTION,TID_DECO_WINTER_GATE,,,,,,TapDecorationGeneric,,,,Christmas,,,,,,,,,,,,
Warm fondue,,,,,1,0,,sc/decos02_seasonal.sc,hot_fondue,,1,2,,999,,,,,,TID_DECO_GENERICFARM_DESCRIPTION,TID_DECO_HOT_FONDUE,,,,,,TapDecorationGeneric,,,,Christmas,,,,,,,,,,,,
Snowman balloon,,,,,1,0,,sc/decos02_seasonal.sc,snowman_balloon,,2,2,,999,,,,,,TID_DECO_GENERICFARM_DESCRIPTION,TID_DECO_SNOWMAN_BALLOON,,,,,,TapDecorationGeneric,,,,Christmas,,,,,,,,,,,,
Winter park,,,130,,1,0,,sc/decos02_seasonal.sc,winter_park,,3,3,,999,,,,,,TID_DECO_GENERICFARM_DESCRIPTION,TID_DECO_WINTER_PARK,,,,,,TapDecorationGeneric,,,,Christmas,,,,,,,,,,,,
Icy fountain,,,,,1,0,,sc/decos02_seasonal.sc,icy_fountain,,2,2,,999,,,,,,TID_DECO_GENERICFARM_DESCRIPTION,TID_DECO_ICY_FOUNTAIN,,,,,,TapDecorationGeneric,,,,Christmas,,,,,,,,,,,,
Winter bench,,,,,1,0,,sc/decos02_seasonal.sc,winter_bench,,1,2,,999,,,,,,TID_DECO_GENERICFARM_DESCRIPTION,TID_DECO_WINTER_BENCH,,,,,,TapDecorationGeneric,,,,Christmas,,,,,,,,,,,,
Ice pig,,,,,1,0,,sc/decos02_seasonal.sc,ice_pig,,1,1,,999,,,,,,TID_DECO_GENERICFARM_DESCRIPTION,TID_DECO_ICE_PIG,,,,,,TapDecorationGeneric,,,,Christmas,,,,,TRUE,,,,,,,
,,,,,,,,,,,,,,,,,,,,,,,,,,,,,,,,,,,,,,,,,,,
Balcony serenade,,,110,,1,0,,sc/decos02_seasonal.sc,heartwarming_serenade,,3,2,,999,,,,,,TID_DECO_GENERICFARM_DESCRIPTION,TID_DECO_BALCONY_SERENADE,,,,,,TapDecorationGeneric,,,,Valentines,,,,,,,,,,,,
Heartwarming fountain,,,,,1,0,,sc/decos02_seasonal.sc,heartwarming_fountain,,2,2,,999,,,,,,TID_DECO_GENERICFARM_DESCRIPTION,TID_DECO_HEARTWARMING_FOUNTAIN,,,,,,TapDecorationGeneric,,,,Valentines,,,,,,,,,,,,
Heartwarming gift,,,,,1,0,,sc/decos02_seasonal.sc,hearthwarming_gift,,1,1,,999,,,,,,TID_DECO_GENERICFARM_DESCRIPTION,TID_DECO_HEARTWARMING_GIFT,,,,,,TapDecorationGeneric,,,,Valentines,,,,,,,,,,,,
Heart balloon,,,,,1,0,,sc/decos02_seasonal.sc,heart_balloon,,2,2,,999,,,,,,TID_DECO_GENERICFARM_DESCRIPTION,TID_DECO_HEART_BALLOON,,,,,,TapDecorationGeneric,,,,Valentines,,,,,,,,,,,,
Cupid's cannon,,,110,,1,0,,sc/decos02_seasonal.sc,cupids_cannon,,1,2,,999,,,,,,TID_DECO_GENERICFARM_DESCRIPTION,TID_DECO_CUPIDS_CANON,,,,,,TapDecorationGeneric,,,,Valentines,,,,,,,,,,,,
,,,,,,,,,,,,,,,,,,,,,,,,,,,,,,,,,,,,,,,,,,,
Garden chess,,,125,,1,0,,sc/decos02_seasonal.sc,garden_chess,,3,3,,999,,,,,,TID_DECO_GENERICFARM_DESCRIPTION,TID_DECO_GARDEN_CHESS,,,,,,TapDecorationGeneric,,,,,,,,,,,,,,,,
Bee topiary,,,,,1,0,,sc/decos02_seasonal.sc,bee_topiary,,2,2,,999,,,,,,TID_DECO_GENERICFARM_DESCRIPTION,TID_DECO_BEE_TOPIARY,,,,,,TapDecorationGeneric,,,,,,,,,TRUE,,,,,,,
Garden rooster,,,,,1,0,,sc/decos02_seasonal.sc,garden_statue,,1,1,,999,,,,,,TID_DECO_GENERICFARM_DESCRIPTION,TID_DECO_DECO_GARDEN_ROOSTER,,,,,,TapDecorationGeneric,,,,,,,,,TRUE,,,,,,,
Garden pavilion,,,,,1,0,,sc/decos02_seasonal.sc,garden_pavilion,,2,2,,999,,,,,,TID_DECO_GENERICFARM_DESCRIPTION,TID_DECO_GARDEN_PAVILION,,,,,,TapDecorationGeneric,,,,,,,,,,,,,,,,
Garden cart,,,,,1,0,,sc/decos02_seasonal.sc,garden_herbcart,,1,2,,999,,,,,,TID_DECO_GENERICFARM_DESCRIPTION,TID_DECO_GARDEN_CART,,,,,,TapDecorationGeneric,,,,,,,,,,,,,,,,
Hidden garden,,,,,1,0,,sc/decos02_seasonal.sc,hidden_garden,,2,2,,999,,,,,,TID_DECO_GENERICFARM_DESCRIPTION,TID_DECO_HIDDEN_GARDEN,,,,,,TapDecorationGeneric,,,,,,,,,,,,,,,,
,,,,,,,,,,,,,,,,,,,,,,,,,,,,,,,,,,,,,,,,,,,
Easter carriage,,,,,1,0,,sc/decos02_seasonal.sc,easter_carriage,,2,3,,999,,,,,,TID_DECO_GENERICFARM_DESCRIPTION,TID_DECO_EASTER_CARRIAGE,,,,,,TapDecorationGeneric,,,,Easter,,,,,,,,,,,,
Easter banquet,,,90,,1,0,,sc/decos02_seasonal.sc,easter_banquet,,2,2,,999,,,,,,TID_DECO_GENERICFARM_DESCRIPTION,TID_DECO_EASTER_BANQUET,,,,,,TapDecorationGeneric,,,,Easter,,,,,,,,,,,,
Easter stand,,,,,1,0,,sc/decos02_seasonal.sc,easter_stand,,3,1,,999,,,,,,TID_DECO_GENERICFARM_DESCRIPTION,TID_DECO_EASTER_STAND,,,,,,TapDecorationGeneric,,,,Easter,,,,,,,,,,,,
Easter parade,,,110,,1,0,,sc/decos02_seasonal.sc,easter_parade,,1,3,,999,,,,,,TID_DECO_GENERICFARM_DESCRIPTION,TID_DECO_EASTER_PARADE,,,,,,TapDecorationGeneric,,,,Easter,,,,,,,,,,,,
Easter parade arch,,,,,1,0,,sc/decos02_seasonal.sc,easter_parade_arch,,2,1,,999,,,,,,TID_DECO_GENERICFARM_DESCRIPTION,TID_DECO_EASTER_PARADE_ARCH,,,,,,TapDecorationGeneric,,,,Easter,,,,,,,,,,,,
Surprise eggs,,,80,,1,0,,sc/decos02_seasonal.sc,surprise_eggs,,2,2,,999,,,,,,TID_DECO_GENERICFARM_DESCRIPTION,TID_DECO_SURPRISE_EGGS,,,,,,TapDecorationGeneric,,,,Easter,,,,,,,,,,,,
,,,,,,,,,,,,,,,,,,,,,,,,,,,,,,,,,,,,,,,,,,,
Tea party,,,125,,1,0,,sc/decos02_seasonal.sc,tea_party,,2,2,,999,,,,,,TID_DECO_GENERICFARM_DESCRIPTION,TID_DECO_TEA_PARTY,,,,,,TapDecorationGeneric,,,,Valentines,,,,,,,,,,,,
Cupid's bench,,,115,,1,0,,sc/decos02_seasonal.sc,cupids_bench,,2,2,,999,,,,,,TID_DECO_GENERICFARM_DESCRIPTION,TID_DECO_CUPIDS_BENCH,,,,,,TapDecorationGeneric,,,,Valentines,,,,,,,,,,,,
Heartwarming bouquets,,,110,,1,0,,sc/decos02_seasonal.sc,bouquet,,2,3,,999,,,,,,TID_DECO_GENERICFARM_DESCRIPTION,TID_DECO_HEARTWARMING_BOUQUETS,,,,,,TapDecorationGeneric,,,,Valentines,,,,,,,,,,,,
,,,,,,,,,,,,,,,,,,,,,,,,,,,,,,,,,,,,,,,,,,,
Chicken galley,,,,,1,0,,sc/decos02_seasonal.sc,chicken_galley,,2,3,,999,,,,,,TID_DECO_GENERICFARM_DESCRIPTION,TID_DECO_CHICKEN_GALLEY,,,,,,TapDecorationGeneric,,,,,,,,,,,,,,,,
Lovely bubbles,,,,,1,0,,sc/decos02_seasonal.sc,lovely_bubbles,,1,2,,999,,,,,,TID_DECO_GENERICFARM_DESCRIPTION,TID_DECO_LOVELY_BUBBLES,,,,,,TapDecorationGeneric,,,,,,,,,,,,,,,,
Flag bearer,,,,,1,0,,sc/decos02_seasonal.sc,flag_bearer,,1,1,,999,,,,,,TID_DECO_GENERICFARM_DESCRIPTION,TID_DECO_FLAG_BEARER,,,,,,TapDecorationGeneric,,,,,,,,,,,,,,,,
Rainbow arch,,,,,1,0,,sc/decos02_seasonal.sc,rainbow_arch,,2,1,,999,,,,,,TID_DECO_GENERICFARM_DESCRIPTION,TID_DECO_RAINBOW_ARCH,,,,,,TapDecorationGeneric,,,,,,,,,,,,,,,,
,,,,,,,,,,,,,,,,,,,,,,,,,,,,,,,,,,,,,,,,,,,
Leprecheun balloon,,,115,,1,0,,sc/decos02_seasonal.sc,leprechaun_balloon,,2,3,,999,,,,,,TID_DECO_GENERICFARM_DESCRIPTION,TID_DECO_LEPRECHAUN_BALLOON,,,,,,TapDecorationGeneric,,,,,,,,,,,,,,,,
Cascading pots,,,,,1,0,,sc/decos02_seasonal.sc,cascading_pots,,1,3,,999,,,,,,TID_DECO_GENERICFARM_DESCRIPTION,TID_DECO_CASCADING_POTS,,,,,,TapDecorationGeneric,,,,,,,,,,,,,,,,
Shamrock chair,,,90,,1,0,,sc/decos02_seasonal.sc,shamrock_chair,,1,1,,999,,,,,,TID_DECO_GENERICFARM_DESCRIPTION,TID_DECO_SHAMROCK_CHAIR,,,,,,TapDecorationGeneric,,,,,,,,,,,,,,,,
Gold barrel,,,,,1,0,,sc/decos02_seasonal.sc,gold_barrel,,1,1,,999,,,,,,TID_DECO_GENERICFARM_DESCRIPTION,TID_DECO_GOLD_BARREL,,,,,,TapDecorationGeneric,,,,,,,,,,,,,,,,
Lucky well,,,115,,1,0,,sc/decos02_seasonal.sc,lucky_well,,2,2,,999,,,,,,TID_DECO_GENERICFARM_DESCRIPTION,TID_DECO_LUCKY_WELL,,,,,,TapDecorationGeneric,,,,,,,,,,,,,,,,
,,,,,,,,,,,,,,,,,,,,,,,,,,,,,,,,,,,,,,,,,,,
Puppy yoga,,,115,,1,0,,sc/decos03_features.sc,puppy_yoga,,3,3,,999,,,,,,TID_DECO_GENERICFARM_DESCRIPTION,TID_DECO_PUPPY_YOGA,,,,,,TapDecorationGeneric,,,,,,,,,,,,,,,,
Bubble bath,,,,,1,0,,sc/decos03_features.sc,bubble_bath,,2,2,,999,,,,,,TID_DECO_GENERICFARM_DESCRIPTION,TID_DECO_BUBBLE_BATH,,,,,,TapDecorationGeneric,,,,,,,,,,,,,,,,
Gentle fire,,,115,,1,0,,sc/decos03_features.sc,gentle_fire,,2,2,,999,,,,,,TID_DECO_GENERICFARM_DESCRIPTION,TID_DECO_GENTLE_FIRE,,,,,,TapDecorationGeneric,,,,,,,,,,,,,,,,
Sound bath,,,115,,1,0,,sc/decos03_features.sc,sound_bath,,2,1,,999,,,,,,TID_DECO_GENERICFARM_DESCRIPTION,TID_DECO_SOUND_BATH,,,,,,TapDecorationGeneric,,,,,,,,,,,,,,,,
Calming cairns,,,,,1,0,,sc/decos03_features.sc,calming_cairns,,1,1,,999,,,,,,TID_DECO_GENERICFARM_DESCRIPTION,TID_DECO_CALMING_CAIRNS,,,,,,TapDecorationGeneric,,,,,,,,,,,,,,,,
,,,,,,,,,,,,,,,,,,,,,,,,,,,,,,,,,,,,,,,,,,,
Marble duck bath,,,,,1,0,,sc/decos02_seasonal.sc,marble_duck_bath,,1,2,,999,,,,,,TID_DECO_GENERICFARM_DESCRIPTION,TID_DECO_MARBLE_DUCK_BATH,,,,,,TapDecorationGeneric,,,,,,,,,,,,,,,,
Marble flowervase,,,,,1,0,,sc/decos02_seasonal.sc,marble_flowervase,,1,1,,999,,,,,,TID_DECO_GENERICFARM_DESCRIPTION,TID_DECO_MARBLE_FLOWERVASE,,,,,,TapDecorationGeneric,,,,,,,,,,,,,,,,
,,,,,,,,,,,,,,,,,,,,,,,,,,,,,,,,,,,,,,,,,,,
Spring of serenity,,,115,,1,0,,sc/decos03_features.sc,spring_of_sernity,,2,1,,999,,,,,,TID_DECO_GENERICFARM_DESCRIPTION,TID_DECO_SPRING_OF_SERENITY,,,,,,TapDecorationGeneric,,,,,,,,,,,,,,,,
Nap time,,,110,,1,0,,sc/decos03_features.sc,napping_time,,2,2,,999,,,,,,TID_DECO_GENERICFARM_DESCRIPTION,TID_DECO_NAP_TIME,,,,,,TapDecorationGeneric,,,,,,,,,,,,,,,,
Pond of harmony,,,110,,1,0,,sc/decos03_features.sc,pond_of_harmony,,2,3,,999,,,,,,TID_DECO_GENERICFARM_DESCRIPTION,TID_DECO_POND_OF_HARMONY,,,,,,TapDecorationGeneric,,,,,,,,,,,,,,,,
Spa treatment,,,115,,1,0,,sc/decos03_features.sc,relaxing_spa,,2,2,,999,,,,,,TID_DECO_GENERICFARM_DESCRIPTION,TID_DECO_SPA_TREATMENT,,,,,,TapDecorationGeneric,,,,,,,,,,,,,,,,
,,,,,,,,,,,,,,,,,,,,,,,,,,,,,,,,,,,,,,,,,,,
Jade snake,,,,,1,0,,sc/decos02_seasonal.sc,jade_snake,,2,1,,999,,,,,,TID_DECO_GENERICFARM_DESCRIPTION,TID_DECO_JADE_SNAKE,,,,,,TapDecorationGeneric,,,,,,,,,,,,,,,,
Snake dance,,,,,1,0,,sc/decos02_seasonal.sc,snake_dance,,3,3,,999,,,,,,TID_DECO_GENERICFARM_DESCRIPTION,TID_DECO_SNAKE_DANCE,,,,,,TapDecorationGeneric,,,,,,,,,,,,,,,,
,,,,,,,,,,,,,,,,,,,,,,,,,,,,,,,,,,,,,,,,,,,
Tall potted plant,,,,,1,0,,sc/decos02_seasonal.sc,tall_potted_plant,,1,1,,999,,,,,,TID_DECO_GENERICFARM_DESCRIPTION,TID_DECO_TALL_POTTED_PLANT,,,,,,TapDecorationGeneric,,,,,,,,,,,,,,,,
Mosaic centerpiece,,,,,1,0,,sc/decos02_seasonal.sc,mosaic_centerpiece,,3,3,,999,,,,,,TID_DECO_GENERICFARM_DESCRIPTION,TID_DECO_MOSAIC_CENTERPIECE,,,,,,TapDecorationGeneric,,,,,,,,,,,,,,,,
,,,,,,,,,,,,,,,,,,,,,,,,,,,,,,,,,,,,,,,,,,,
Her swing,,,,,1,0,,sc/decos02_seasonal.sc,her_swing,,1,2,,999,,,,,,TID_DECO_GENERICFARM_DESCRIPTION,TID_DECO_HER_SWING,,,,,,TapDecorationGeneric,,,,,,,,,,,,,,,,
Monument of her,,,110,,1,0,,sc/decos02_seasonal.sc,monument_of_her,,2,2,,999,,,,,,TID_DECO_GENERICFARM_DESCRIPTION,TID_DECO_MONUMENT_OF_HER,,,,,,TapDecorationGeneric,,,,,,,,,,,,,,,,
,,,,,,,,,,,,,,,,,,,,,,,,,,,,,,,,,,,,,,,,,,,
Covered stand,,,,,1,0,,sc/decos03_features.sc,covered_stand,,2,2,,999,,,,,,TID_DECO_GENERICFARM_DESCRIPTION,TID_DECO_COVERED STAND,,,,,,TapDecorationGeneric,,,,,,,,,,,,,,,,
Horse lounge,,,,,1,0,,sc/decos03_features.sc,horse_lounge,,2,2,,999,,,,,,TID_DECO_GENERICFARM_DESCRIPTION,TID_DECO_HORSE_LOUNGE,,,,,,TapDecorationGeneric,,,,,,,,,,,,,,,,
Horse feeder,,,,,1,0,,sc/decos03_features.sc,horse_feeder,,2,1,,999,,,,,,TID_DECO_GENERICFARM_DESCRIPTION,TID_DECO_HORSE_FEEDER,,,,,,TapDecorationGeneric,,,,,,,,,,,,,,,,
Referee shed,,,,,1,0,,sc/decos03_features.sc,steward_tower,,1,1,,999,,,,,,TID_DECO_GENERICFARM_DESCRIPTION,TID_DECO_REFEREE_SHED,,,,,,TapDecorationGeneric,,,,,,,,,,,,,,,,
Horse balloon,,,,,1,0,,sc/decos03_features.sc,horse_balloon,,1,1,,999,,,,,,TID_DECO_GENERICFARM_DESCRIPTION,TID_DECO_HORSE_BALLOON,,,,,,TapDecorationGeneric,,,,,,,,,,,,,,,,
,,,,,,,,,,,,,,,,,,,,,,,,,,,,,,,,,,,,,,,,,,,
Butterfly house,,,,,1,0,,sc/decos02_seasonal.sc,butterfly_house,,2,3,,999,,,,,,TID_DECO_GENERICFARM_DESCRIPTION,TID_DECO_BUTTERFLY_HOUSE,,,,,,TapDecorationGeneric,,,,,,,,,,,,,,,,
,,,,,,,,,,,,,,,,,,,,,,,,,,,,,,,,,,,,,,,,,,,
Small birch tree,,,,,1,0,,sc/decos01_generic.sc,deco_birch_tree_small,,1,1,,999,,,,,,TID_DECO_GENERICFARM_DESCRIPTION,TID_DECO_SMALL_BIRCH_TREE,,,,,,TapDecorationGeneric,,,,,,TRUE,,,,,,,,,,
Birch tree,,,,,1,0,,sc/decos01_generic.sc,deco_birch_tree_medium,,1,1,,999,,,,,,TID_DECO_GENERICFARM_DESCRIPTION,TID_DECO_BIRCH_TREE,,,,,,TapDecorationGeneric,,,,,,TRUE,,,,,,,,,,
Big birch tree,,,,,1,0,,sc/decos01_generic.sc,deco_birch_tree_big,,1,1,,999,,,,,,TID_DECO_GENERICFARM_DESCRIPTION,TID_DECO_BIG_BIRCH_TREE,,,,,,TapDecorationGeneric,,,,,,TRUE,,,,,,,,,,
Small bonsai tree,,,,,1,0,,sc/decos01_generic.sc,deco_bonsai_tree_small,,1,1,,999,,,,,,TID_DECO_GENERICFARM_DESCRIPTION,TID_DECO_SMALL_BONSAI_TREE,,,,,,TapDecorationGeneric,,,,,,TRUE,,,,,,,,,,
Bonsai tree,,,,,1,0,,sc/decos01_generic.sc,deco_bonsai_tree_medium,,1,1,,999,,,,,,TID_DECO_GENERICFARM_DESCRIPTION,TID_DECO_BONSAI_TREE,,,,,,TapDecorationGeneric,,,,,,TRUE,,,,,,,,,,
Big bonsai tree,,,,,1,0,,sc/decos01_generic.sc,deco_bonsai_tree_big,,1,1,,999,,,,,,TID_DECO_GENERICFARM_DESCRIPTION,TID_DECO_BIG_BONSAI_TREE,,,,,,TapDecorationGeneric,,,,,,TRUE,,,,,,,,,,
,,,,,,,,,,,,,,,,,,,,,,,,,,,,,,,,,,,,,,,,,,,
Mediterranean pond,,,,,1,0,,sc/decos03_features.sc,mediterranean_pond,,2,2,,999,,,,,,TID_DECO_GENERICFARM_DESCRIPTION,TID_DECO_MEDITERRANEAN_POND,,,,,,TapDecorationGeneric,,,,,,,,,,,,,,,,
Natural planter,,,110,,1,0,,sc/decos03_features.sc,natural_planter,,2,2,,999,,,,,,TID_DECO_GENERICFARM_DESCRIPTION,TID_DECO_NATURAL_PLANTER,,,,,,TapDecorationGeneric,,,,,,,,,,,,,,,,
,,,,,,,,,,,,,,,,,,,,,,,,,,,,,,,,,,,,,,,,,,,
Her journey,,,110,,1,0,,sc/decos02_seasonal.sc,her_journey,,2,3,,999,,,,,,TID_DECO_GENERICFARM_DESCRIPTION,TID_DECO_HER_JOURNEY,,,,,,TapDecorationGeneric,,,,,,,,,,,,,,,,
,,,,,,,,,,,,,,,,,,,,,,,,,,,,,,,,,,,,,,,,,,,
Topiary letter D,,,,,1,0,,sc/decos02_seasonal.sc,topiaryletter_d,topiaryletter_d_mirrored,1,1,,999,,,,,,TID_DECO_GENERICFARM_DESCRIPTION,TID_DECO_TOPIARY_LETTER_D,,,,,,TapDecorationGeneric,,,,,,,,,,,,,,,,
Topiary letter H,,,,,1,0,,sc/decos02_seasonal.sc,topiaryletter_h,,1,1,,999,,,,,,TID_DECO_GENERICFARM_DESCRIPTION,TID_DECO_TOPIARY_LETTER_H,,,,,,TapDecorationGeneric,,,,,,,,,,,,,,,,
Topiary letter A,,,,,1,0,,sc/decos02_seasonal.sc,topiaryletter_a,,1,1,,999,,,,,,TID_DECO_GENERICFARM_DESCRIPTION,TID_DECO_TOPIARY_LETTER_A,,,,,,TapDecorationGeneric,,,,,,,,,,,,,,,,
Topiary letter Y,,,,,1,0,,sc/decos02_seasonal.sc,topiaryletter_y,,1,1,,999,,,,,,TID_DECO_GENERICFARM_DESCRIPTION,TID_DECO_TOPIARY_LETTER_Y,,,,,,TapDecorationGeneric,,,,,,,,,,,,,,,,
,,,,,,,,,,,,,,,,,,,,,,,,,,,,,,,,,,,,,,,,,,,
Toad oasis,,,,,1,0,,sc/decos02_seasonal.sc,toad_oasis,,3,2,,999,,,,,,TID_DECO_GENERICFARM_DESCRIPTION,TID_DECO_TOAD_OASIS,,,,,,TapDecorationGeneric,,,,,,,,,,,,,,,,
Cheetah topiary,,,,,1,0,,sc/decos02_seasonal.sc,cheetah_topiary,,1,1,,999,,,,,,TID_DECO_GENERICFARM_DESCRIPTION,TID_DECO_CHEETAH_TOPIARY,,,,,,TapDecorationGeneric,,,,,,,,,,,,,,,,
Green energy,,,,,1,0,,sc/decos02_seasonal.sc,green_energy,,1,3,,999,,,,,,TID_DECO_GENERICFARM_DESCRIPTION,TID_DECO_GREEN_ENERGY,,,,,,TapDecorationGeneric,,,,,,,,,,,,,,,,
Green future,,,,,1,0,,sc/decos02_seasonal.sc,green_future,,1,2,,999,,,,,,TID_DECO_GENERICFARM_DESCRIPTION,TID_DECO_GREEN_FUTURE,,,,,,TapDecorationGeneric,,,,,,,,,,,,,,,,
Green gold,,,,,1,0,,sc/decos02_seasonal.sc,green_gold,,2,2,,999,,,,,,TID_DECO_GENERICFARM_DESCRIPTION,TID_DECO_GREEN_GOLD,,,,,,TapDecorationGeneric,,,,,,,,,,,,,,,,
Green globe,,,,,1,0,,sc/decos02_seasonal.sc,green_globe,,2,2,,999,,,,,,TID_DECO_GENERICFARM_DESCRIPTION,TID_DECO_GREEN_GLOBE,,,,,,TapDecorationGeneric,,,,,,,,,,,,,,,,
Catching sun,,,,,1,0,,sc/decos02_seasonal.sc,catching_sun,,2,2,,999,,,,,,TID_DECO_GENERICFARM_DESCRIPTION,TID_DECO_CATCHING_SUN,,,,,,TapDecorationGeneric,,,,,,,,,,,,,,,,
,,,,,,,,,,,,,,,,,,,,,,,,,,,,,,,,,,,,,,,,,,,
Plant wagon,,,115,,1,0,,sc/decos02_seasonal.sc,plant_wagon,,2,3,,999,,,,,,TID_DECO_GENERICFARM_DESCRIPTION,TID_DECO_PLANT_WAGON,,,,,,TapDecorationGeneric,,,,,,,,,,,,,,,,
Hedge pruning,,,,,1,0,,sc/decos02_seasonal.sc,hedge_pruning,,2,2,,999,,,,,,TID_DECO_GENERICFARM_DESCRIPTION,TID_DECO_HEDGE_PRUNING,,,,,,TapDecorationGeneric,,,,,,,,,,,,,,,,
Zinnia planter,,,,,1,0,,sc/decos02_seasonal.sc,zinnia_planter,,1,1,,999,,,,,,TID_DECO_GENERICFARM_DESCRIPTION,TID_DECO_ZINNIA_PLANTER,,,,,,TapDecorationGeneric,,,,,,,,,,,,,,,,
Chasing droplets,,,110,,1,0,,sc/decos02_seasonal.sc,chasing_droplets,,2,1,,999,,,,,,TID_DECO_GENERICFARM_DESCRIPTION,TID_DECO_CHASING_DROPLETS,,,,,,TapDecorationGeneric,,,,,,,,,,,,,,,,
Pruning station,,,,,1,0,,sc/decos02_seasonal.sc,pruning_station,,1,2,,999,,,,,,TID_DECO_GENERICFARM_DESCRIPTION,TID_DECO_PRUNING_STATION,,,,,,TapDecorationGeneric,,,,,,,,,,,,,,,,
Pot display,,,,,1,0,,sc/decos02_seasonal.sc,pot_display,,1,2,,999,,,,,,TID_DECO_GENERICFARM_DESCRIPTION,TID_DECO_POT_DISPLAY,,,,,,TapDecorationGeneric,,,,,,,,,,,,,,,,
Flower bike,,,,,1,0,,sc/decos02_seasonal.sc,flower_bike,,1,2,,999,,,,,,TID_DECO_GENERICFARM_DESCRIPTION,TID_DECO_FLOWER_BIKE,,,,,,TapDecorationGeneric,,,,,,,,,,,,,,,,
Flower truck,,,,,1,0,,sc/decos02_seasonal.sc,flower_truck,,2,3,,999,,,,,,TID_DECO_GENERICFARM_DESCRIPTION,TID_DECO_FLOWER_TRUCK,,,,,,TapDecorationGeneric,,,,,,,,,,,,,,,,
Artist easel,,,,,1,0,,sc/decos02_seasonal.sc,flower_painting,,1,1,,999,,,,,,TID_DECO_GENERICFARM_DESCRIPTION,TID_DECO_ARTIST_EASEL,,,,,,TapDecorationGeneric,,,,,,,,,,,,,,,,
Nap in shade,,,,,1,0,,sc/decos02_seasonal.sc,shade_snooze,,2,2,,999,,,,,,TID_DECO_GENERICFARM_DESCRIPTION,TID_DECO_NAP_IN_SHADE,,,,,,TapDecorationGeneric,,,,,,,,,,,,,,,,
Golden weathervane,,,,,1,0,,sc/decos02_seasonal.sc,windmill_vane,,1,1,,999,,,,,,TID_DECO_GENERICFARM_DESCRIPTION,TID_DECO_GOLDEN_WEATHERVANE,,,,,,TapDecorationGeneric,,,,,,,,,,,,,,,,
,,,,,,,,,,,,,,,,,,,,,,,,,,,,,,,,,,,,,,,,,,,
Wisteria pagoda,,,,,1,0,,sc/decos02_seasonal.sc,wisteria_pagoda,,3,3,,999,,,,,,TID_DECO_GENERICFARM_DESCRIPTION,TID_DECO_WISTERIA_PAGODA,,,,,,TapDecorationGeneric,,,,,,,,,,,,,,,,
Bamboo forest,,,,,1,0,,sc/decos02_seasonal.sc,bamboo_gate,,2,2,,999,,,,,,TID_DECO_GENERICFARM_DESCRIPTION,TID_DECO_BAMBOO_FOREST,,,,,,TapDecorationGeneric,,,,,,,,,,,,,,,,
Bento box,,,,,1,0,,sc/decos02_seasonal.sc,bento_box,,1,1,,999,,,,,,TID_DECO_GENERICFARM_DESCRIPTION,TID_DECO_BENTO_BOX,,,,,,TapDecorationGeneric,,,,,,,,,,,,,,,,
Kitsune bush,,,,,1,0,,sc/decos02_seasonal.sc,kitsune_topiary,,1,1,,999,,,,,,TID_DECO_GENERICFARM_DESCRIPTION,TID_DECO_KATSUNE_BUSH,,,,,,TapDecorationGeneric,,,,,,,,,,,,,,,,
,,,,,,,,,,,,,,,,,,,,,,,,,,,,,,,,,,,,,,,,,,,
Wedding gifts,,,,,1,0,,sc/decos01_generic.sc,wedding_gifts,,2,2,,999,,,,,,TID_DECO_GENERICFARM_DESCRIPTION,TID_DECO_WEDDING_GIFTS,,,,,,TapDecorationGeneric,,,,,,,,,,,,,,,,
Wedding table,,,,,1,0,,sc/decos01_generic.sc,wedding_table,,2,2,,999,,,,,,TID_DECO_GENERICFARM_DESCRIPTION,TID_DECO_WEDDING_TABLE,,,,,,TapDecorationGeneric,,,,,,,,,,,,,,,,
Wedding bench,,,,,1,0,,sc/decos01_generic.sc,wedding_bench,,2,1,,999,,,,,,TID_DECO_GENERICFARM_DESCRIPTION,TID_DECO_WEDDING_BENCH,,,,,,TapDecorationGeneric,,,,,,,,,,,,,,,,
Wedding arch,,,,,1,0,,sc/decos01_generic.sc,wedding_arch,,2,1,,999,,,,,,TID_DECO_GENERICFARM_DESCRIPTION,TID_DECO_WEDDING_ARCH,,,,,,TapDecorationGeneric,,,,,,,,,,,,,,,,
Flower girl,,,,,1,0,,sc/decos01_generic.sc,flower_girl,,2,1,,999,,,,,,TID_DECO_GENERICFARM_DESCRIPTION,TID_DECO_FLOWER_GIRL,,,,,,TapDecorationGeneric,,,,,,,,,,,,,,,,
,,,,,,,,,,,,,,,,,,,,,,,,,,,,,,,,,,,,,,,,,,,
Fiesta,,,125,,1,0,,sc/decos02_seasonal.sc,fiesta,,2,2,,999,,,,,,TID_DECO_GENERICFARM_DESCRIPTION,TID_DECO_FIESTA,,,,,,TapDecorationGeneric,,,,,,,,,,,,,,,,
Piñata party,,,,,1,0,,sc/decos02_seasonal.sc,pinata_party,,2,1,,999,,,,,,TID_DECO_GENERICFARM_DESCRIPTION,TID_DECO_PINATA_PARTY,,,,,,TapDecorationGeneric,,,,,,,,,,,,,,,,
Mariachi corner,,,,,1,0,,sc/decos02_seasonal.sc,mariachi_corner,,1,1,,999,,,,,,TID_DECO_GENERICFARM_DESCRIPTION,TID_DECO_MARIACHI_CORNER,,,,,,TapDecorationGeneric,,,,,,,,,,,,,,,,
,,,,,,,,,,,,,,,,,,,,,,,,,,,,,,,,,,,,,,,,,,,
Puppeteers,,,,,1,0,,sc/decos02_seasonal.sc,puppeteers,,2,2,,999,,,,,,TID_DECO_GENERICFARM_DESCRIPTION,TID_DECO_PUPPETEERS,,,,,,TapDecorationGeneric,,,,,,,,,,,,,,,,
Glitter cannons,,,,,1,0,,sc/decos02_seasonal.sc,glitter_cannons,,1,2,,999,,,,,,TID_DECO_GENERICFARM_DESCRIPTION,TID_DECO_GLITTER_CANNON,,,,,,TapDecorationGeneric,,,,,,,,,,,,,,,,
Chameleon balloon,,,,,1,0,,sc/decos02_seasonal.sc,chameleon_balloon,,2,2,,999,,,,,,TID_DECO_GENERICFARM_DESCRIPTION,TID_DECO_CHAMELEON_BALLOON,,,,,,TapDecorationGeneric,,,,,,,,,,,,,,,,
,,,,,,,,,,,,,,,,,,,,,,,,,,,,,,,,,,,,,,,,,,,
Combine harvester,,,,,1,0,,sc/decos03_features.sc,combine_harvester,,2,3,,999,,,,,,TID_DECO_GENERICFARM_DESCRIPTION,TID_DECO_COMBINE_HARVESTER,,,,,,TapDecorationGeneric,,,,,,,,,,,,,,,,
Wish tree,,,,,1,0,,sc/decos03_features.sc,wish_tree,,2,2,,999,,,,,,TID_DECO_GENERICFARM_DESCRIPTION,TID_DECO_WISH_TREE,,,,,,TapDecorationGeneric,,,,,,,,,,,,,,,,
,,,,,,,,,,,,,,,,,,,,,,,,,,,,,,,,,,,,,,,,,,,
Vertical garden,,,,,1,0,,sc/decos06_farmpass.sc,vertical_garden,,2,1,,999,,,,,,TID_DECO_GENERICFARM_DESCRIPTION,TID_DECO_VERTICAL_GARDEN,,,,,,TapDecorationGeneric,,,,,,,,,,,,,FP,,,
Solar flowers,,,,,1,0,,sc/decos06_farmpass.sc,solar_flowers,,2,2,,999,,,,,,TID_DECO_GENERICFARM_DESCRIPTION,TID_DECO_SOLAR_FLOWERS,,,,,,TapDecorationGeneric,,,,,,,,,,,,,FPE,,,
Rainwater collector,,,,,1,0,,sc/decos06_farmpass.sc,rainwater_collector,,2,1,,999,,,,,,TID_DECO_GENERICFARM_DESCRIPTION,TID_DECO_RAINWATER_COLLECTOR,,,,,,TapDecorationGeneric,,,,,,,,,,,,,FPE,,,
Cleanup Crew,,,,,1,0,,sc/decos06_farmpass.sc,cleanup_crew,,2,1,,999,,,,,,TID_DECO_GENERICFARM_DESCRIPTION,TID_DECO_CLEANUP_CREW,,,,,,TapDecorationGeneric,,,,,,,,,,,,,FP,,,
Camp radio,,,,,1,0,,sc/decos01_generic.sc,camp_radio,,1,1,,999,,,,,,TID_DECO_GENERICFARM_DESCRIPTION,TID_DECO_CAMP_RADIO,,,,,,TapDecorationGeneric,,,,,,,,,,,,,,,,
Lookout tower,,,,,1,0,,sc/decos01_generic.sc,looktower,,3,3,,999,,,,,,TID_DECO_GENERICFARM_DESCRIPTION,TID_DECO_LOOKOUT_TOWER,,,,,,TapDecorationGeneric,,,,,,,,,,,,,,,,
Camping gear,,,,,1,0,,sc/decos01_generic.sc,camping_gear,,1,1,,999,,,,,,TID_DECO_GENERICFARM_DESCRIPTION,TID_DECO_CAMPING_GEAR,,,,,,TapDecorationGeneric,,,,,,,,,,,,,,,,
Camp signpost,,,,,1,0,,sc/decos01_generic.sc,camp_signpost,,1,1,,999,,,,,,TID_DECO_GENERICFARM_DESCRIPTION,TID_DECO_CAMP_SIGNPOST,,,,,,TapDecorationGeneric,,,,,,,,,,,,,,,,
No fire sign,,,,,1,0,,sc/decos01_generic.sc,no_fire_sign,,1,1,,999,,,,,,TID_DECO_GENERICFARM_DESCRIPTION,TID_DECO_NO_FIRE_SIGN,,,,,,TapDecorationGeneric,,,,,,,,,,,,,,,,
,,,,,,,,,,,,,,,,,,,,,,,,,,,,,,,,,,,,,,,,,,,
Groovy bug,,,115,,1,0,,sc/decos02_seasonal.sc,groovy_bug,,1,2,,999,,,,,,TID_DECO_GENERICFARM_DESCRIPTION,TID_DECO_GROOVY_BUG,,,,,,TapDecorationGeneric,,,,,,,,,,,,,,,,
Groovy van,,,150,,1,0,,sc/decos02_seasonal.sc,groovy_van,,2,3,,999,,,,,,TID_DECO_GENERICFARM_DESCRIPTION,TID_DECO_GROOVY_VAN,,,,,,TapDecorationGeneric,,,,,,,,,,,,,,,,
Groovy peace doves,,,,,1,0,,sc/decos02_seasonal.sc,groovy_peace_doves,,2,1,,999,,,,,,TID_DECO_GENERICFARM_DESCRIPTION,TID_DECO_GROOVY_PEACE_DOVES,,,,,,TapDecorationGeneric,,,,,,,,,,,,,,,,
Groovy Mrs.Scarecrow,,,,,1,0,,sc/decos02_seasonal.sc,groovy_mrs_scarecrow,,1,1,,999,,,,,,TID_DECO_GENERICFARM_DESCRIPTION,TID_DECO_GROOVY_MRS_SCARECROW,,,,,,TapDecorationGeneric,,,,,,,,,,,,,,,,
Groovy Mr.Scarecrow,,,,,1,0,,sc/decos02_seasonal.sc,groovy_mr_scarecrow,,1,1,,999,,,,,,TID_DECO_GENERICFARM_DESCRIPTION,TID_DECO_GROOVY_MR_SCARECROW,,,,,,TapDecorationGeneric,,,,,,,,,,,,,,,,
Groovy eggchair,,,,,1,0,,sc/decos02_seasonal.sc,groovy_eggchair,,1,1,,999,,,,,,TID_DECO_GENERICFARM_DESCRIPTION,TID_DECO_GROOVY_EGGCHAIR,,,,,,TapDecorationGeneric,,,,,,,,,,,,,,,,
Groovy guitar case,,,110,,1,0,,sc/decos02_seasonal.sc,groovy_guitar_case,,2,1,,999,,,,,,TID_DECO_GENERICFARM_DESCRIPTION,TID_DECO_GROOVY_GUITAR_CASE,,,,,,TapDecorationGeneric,,,,,,,,,,,,,,,,
Groovy side table,,,140,,1,0,,sc/decos02_seasonal.sc,groovy_side_table,,1,2,,999,,,,,,TID_DECO_GENERICFARM_DESCRIPTION,TID_DECO_GROOVY_SIDE_TABLE,,,,,,TapDecorationGeneric,,,,,,,,,,,,,,,,
Groovy corner,,,130,,1,0,,sc/decos02_seasonal.sc,groovy_corner,,2,3,,999,,,,,,TID_DECO_GENERICFARM_DESCRIPTION,TID_DECO_GROOVY_CORNER,,,,,,TapDecorationGeneric,,,,,,,,,,,,,,,,
Groovy guitar player,,,110,,1,0,,sc/decos02_seasonal.sc,groovy_guitar_player,,1,1,,999,,,,,,TID_DECO_GENERICFARM_DESCRIPTION,TID_DECO_GROOVY_GUITAR_PLAYER,,,,,,TapDecorationGeneric,,,,,,,,,,,,,,,,
Groovy bike,,,,,1,0,,sc/decos02_seasonal.sc,groovy_bike,,1,2,,999,,,,,,TID_DECO_GENERICFARM_DESCRIPTION,TID_DECO_GROOVY_BIKE,,,,,,TapDecorationGeneric,,,,,,,,,,,,,,,,
Groovy boots,,,130,,1,0,,sc/decos02_seasonal.sc,groovy_boots,,2,2,,999,,,,,,TID_DECO_GENERICFARM_DESCRIPTION,TID_DECO_GROOVY_BOOTS,,,,,,TapDecorationGeneric,,,,,,,,,,,,,,,,
Supercell Store 1,,,,,1,0,,sc/decos03_features.sc,plushie_pile,,2,2,,999,,,,,,TID_DECO_GENERICFARM_DESCRIPTION,TID_DECO_SUPERCELL_STORE_01,,,,,,TapDecorationGeneric,,,,,,,,,,,,,,,,
Supercell Store 2,,,,,1,0,,sc/decos03_features.sc,peaceful_grove,,3,3,,999,,,,,,TID_DECO_GENERICFARM_DESCRIPTION,TID_DECO_SUPERCELL_STORE_02,,,,,,TapDecorationGeneric,,,,,,,,,,,,,,,,
Supercell Store 3,,,,,1,0,,sc/placeholders.sc,placeholder_deco_2x1,,2,1,,999,,,,,,TID_DECO_GENERICFARM_DESCRIPTION,TID_DECO_SUPERCELL_STORE_03,,,,,,TapDecorationGeneric,,,,,,,,,,,,,,,,
,,,,,,,,,,,,,,,,,,,,,,,,,,,,,,,,,,,,,,,,,,,
Groovy Farmpass June Deco01,,,,,1,0,,sc/decos06_farmpass.sc,groovy_stage,,2,1,,999,,,,,,TID_DECO_GENERICFARM_DESCRIPTION,TID_DECO_GROOVY_STAGE,,,,,,TapDecorationGeneric,,,,,,,,,,,,,FP,,,
Groovy Farmpass June Deco02,,,120,,1,0,,sc/decos06_farmpass.sc,groovy_coop,,2,1,,999,,,,,,TID_DECO_GENERICFARM_DESCRIPTION,TID_DECO_GROOVY_COOP,,,,,,TapDecorationGeneric,,,,,,,,,,,,,FPE,,,
,,,,,,,,,,,,,,,,,,,,,,,,,,,,,,,,,,,,,,,,,,,
Mindful moment,,,,,1,0,,sc/decos02_seasonal.sc,mindful_moment,,3,3,,999,,,,,,TID_DECO_GENERICFARM_DESCRIPTION,TID_DECO_MINDFUL_MOMENTS,,,,,,TapDecorationGeneric,,,,,,,,,,,,,,,,
,,,,,,,,,,,,,,,,,,,,,,,,,,,,,,,,,,,,,,,,,,,
Camper van,,,115,,1,0,,sc/decos01_generic.sc,camper_van,,3,2,,999,,,,,,TID_DECO_GENERICFARM_DESCRIPTION,TID_DECO_CAMPER_VAN,,,,,,TapDecorationGeneric,,,,,,,,,,,,,,,,
Climbing gear,,,,,1,0,,sc/decos01_generic.sc,climbing_gear,,1,1,,999,,,,,,TID_DECO_GENERICFARM_DESCRIPTION,TID_DECO_CLIMBING_GEAR,,,,,,TapDecorationGeneric,,,,,,,,,,,,,,,,
Rafting gear,,,,,1,0,,sc/decos01_generic.sc,rafting_gear,,2,2,,999,,,,,,TID_DECO_GENERICFARM_DESCRIPTION,TID_DECO_RAFTING_GEAR,,,,,,TapDecorationGeneric,,,,,,,,,,,,,,,,
Camp grill,,,,,1,0,,sc/decos01_generic.sc,camp_grill,,3,1,,999,,,,,,TID_DECO_GENERICFARM_DESCRIPTION,TID_DECO_CAMP_GRILL,,,,,,TapDecorationGeneric,,,,,,,,,,,,,,,,
,,,,,,,,,,,,,,,,,,,,,,,,,,,,,,,,,,,,,,,,,,,
Western wagon,,,,,1,0,,sc/decos02_seasonal.sc,western_wagon,,2,3,,999,,,,,,TID_DECO_GENERICFARM_DESCRIPTION,TID_DECO_WESTERN_WAGON,,,,,,TapDecorationGeneric,,,,,,,,,,,,,,,,
Cowboy nap shot,,,,,1,0,,sc/decos02_seasonal.sc,cowboy_nap_spot,,2,2,,999,,,,,,TID_DECO_GENERICFARM_DESCRIPTION,TID_DECO_COWBOY_NAP_SPOT,,,,,,TapDecorationGeneric,,,,,,,,,,,,,,,,
Jailhouse,,,,,1,0,,sc/decos02_seasonal.sc,jailhouse,,3,3,,999,,,,,,TID_DECO_GENERICFARM_DESCRIPTION,TID_DECO_JAILHOUSE,,,,,,TapDecorationGeneric,,,,,,,,,,,,,,,,
Hitching post,,,,,1,0,,sc/decos02_seasonal.sc,hitching_post,,2,2,,999,,,,,,TID_DECO_GENERICFARM_DESCRIPTION,TID_DECO_HITCHING_POST,,,,,,TapDecorationGeneric,,,,,,,,,,,,,,,,
Wanted poster,,,,,1,0,,sc/decos02_seasonal.sc,wanted_poster,,1,2,,999,,,,,,TID_DECO_GENERICFARM_DESCRIPTION,TID_DECO_WANTED_POSTER,,,,,,TapDecorationGeneric,,,,,,,,,,,,,,,,
Western saloon,,,120,,1,0,,sc/decos02_seasonal.sc,western_saloon,,3,2,,999,,,,,,TID_DECO_GENERICFARM_DESCRIPTION,TID_DECO_WESTERN_SALOON,,,,,,TapDecorationGeneric,,,,,,,,,,,,,,,,
Western water tower,,,,,1,0,,sc/decos02_seasonal.sc,western_water_tower,,2,2,,999,,,,,,TID_DECO_GENERICFARM_DESCRIPTION,TID_DECO_WESTERN_WATER_TOWER,,,,,,TapDecorationGeneric,,,,,,,,,,,,,,,,
Cowboy accessories,,,,,1,0,,sc/decos02_seasonal.sc,cowboy_accessories,,1,1,,999,,,,,,TID_DECO_GENERICFARM_DESCRIPTION,TID_DECO_COWBOY_ACCESSORIES,,,,,,TapDecorationGeneric,,,,,,,,,,,,,,,,
Western booth,,,115,,1,0,,sc/decos06_farmpass.sc,western_booth,,2,2,,999,,,,,,TID_DECO_GENERICFARM_DESCRIPTION,TID_DECO_WESTERN_BOOTH,,,,,,TapDecorationGeneric,,,,,,,,,,,,,,,,
Western gate,,,,,1,0,,sc/decos06_farmpass.sc,western_gate,,2,1,,999,,,,,,TID_DECO_GENERICFARM_DESCRIPTION,TID_DECO_WESTERN_GATE,,,,,,TapDecorationGeneric,,,,,,,,,,,,,,,,
,,,,,,,,,,,,,,,,,,,,,,,,,,,,,,,,,,,,,,,,,,,
Tropical tan,,,120,,1,0,,sc/decos02_seasonal.sc,tropical_tan,,2,2,,999,,,,,,TID_DECO_GENERICFARM_DESCRIPTION,TID_DECO_TROPICAL_TAN,,,,,,TapDecorationGeneric,,,,,,,,,,,,,,,,
Tropical dance,,,110,,1,0,,sc/decos02_seasonal.sc,tropical_dance,,2,1,,999,,,,,,TID_DECO_GENERICFARM_DESCRIPTION,TID_DECO_TROPICAL_DANCE,,,,,,TapDecorationGeneric,,,,,,,,,,,,,,,,
Tropical hut,,,110,,1,0,,sc/decos02_seasonal.sc,tropical_hut,,2,2,,999,,,,,,TID_DECO_GENERICFARM_DESCRIPTION,TID_DECO_TROPICAL_HUT,,,,,,TapDecorationGeneric,,,,,,,,,,,,,,,,
Surfer buddies,,,,,1,0,,sc/decos02_seasonal.sc,surfer_buddies,,2,1,,999,,,,,,TID_DECO_GENERICFARM_DESCRIPTION,TID_DECO_SURFER_BUDDIES,,,,,,TapDecorationGeneric,,,,,,,,,,,,,,,,
Tropical necklace,,,,,1,0,,sc/decos02_seasonal.sc,tropical_necklaces,,1,1,,999,,,,,,TID_DECO_GENERICFARM_DESCRIPTION,TID_DECO_TROPICAL_NECKLACES,,,,,,TapDecorationGeneric,,,,,,,,,,,,,,,,
,,,,,,,,,,,,,,,,,,,,,,,,,,,,,,,,,,,,,,,,,,,
Bird pavilion,,,,,1,0,,sc/decos01_generic.sc,bird_pavillon,,2,2,,999,,,,,,TID_DECO_GENERICFARM_DESCRIPTION,TID_DECO_BIRD_PAVILION,,,,,,TapDecorationGeneric,,,,,,,,,,,,,,,,
Plushies stand,,,,,1,0,,sc/decos01_generic.sc,plushies_stand,,1,2,,999,,,,,,TID_DECO_GENERICFARM_DESCRIPTION,TID_DECO_PLUSHIES_STAND,,,,,,TapDecorationGeneric,,,,,,,,,,,,,,,,
Wingspan display,,,,,1,0,,sc/decos01_generic.sc,wingspan_display,,1,2,,999,,,,,,TID_DECO_GENERICFARM_DESCRIPTION,TID_DECO_WINGSPAN_DISPLAY,,,,,,TapDecorationGeneric,,,,,,,,,,,,,,,,
Feeding time,,,110,,1,0,,sc/decos01_generic.sc,feeding_time,,3,3,,999,,,,,,TID_DECO_GENERICFARM_DESCRIPTION,TID_DECO_FEEDING_TIME,,,,,,TapDecorationGeneric,,,,,,,,,,,,,,,,
Walrus photo board,,,,,1,0,,sc/decos01_generic.sc,walrus_photo_board,,2,1,,999,,,,,,TID_DECO_GENERICFARM_DESCRIPTION,TID_DECO_WALRUS_PHOTO_BOARD,,,,,,TapDecorationGeneric,,,,,,,,,,,,,,,,
Walrus slide,,,110,,1,0,,sc/decos01_generic.sc,walrus_slide,,2,3,,999,,,,,,TID_DECO_GENERICFARM_DESCRIPTION,TID_DECO_WALRUS_SLIDE,,,,,,TapDecorationGeneric,,,,,,,,,,,,,,,,
Helium balloons,,,,,1,0,,sc/decos01_generic.sc,helium_balloons,,1,1,,999,,,,,,TID_DECO_GENERICFARM_DESCRIPTION,TID_DECO_HELIUM_BALLOONS,,,,,,TapDecorationGeneric,,,,,,,,,,,,,,,,
Height display,,,,,1,0,,sc/decos01_generic.sc,height_display,,1,1,,999,,,,,,TID_DECO_GENERICFARM_DESCRIPTION,TID_DECO_HEIGHT_DISPLAY,,,,,,TapDecorationGeneric,,,,,,,,,,,,,,,,
Tortoise corner,,,115,,1,0,,sc/decos01_generic.sc,tortoise_corner,,2,2,,999,,,,,,TID_DECO_GENERICFARM_DESCRIPTION,TID_DECO_TORTOISE_CORNER,,,,,,TapDecorationGeneric,,,,,,,,,,,,,,,,
Paw print display,,,,,1,0,,sc/decos01_generic.sc,paw_print_display,,1,2,,999,,,,,,TID_DECO_GENERICFARM_DESCRIPTION,TID_DECO_PAW_PRINT_DISPLAY,,,,,,TapDecorationGeneric,,,,,,,,,,,,,,,,
Frozen treats cart,,,,,1,0,,sc/decos01_generic.sc,frozen_treats_cart,,1,1,,999,,,,,,TID_DECO_GENERICFARM_DESCRIPTION,TID_DECO_FROZEN_TREATS_CART,,,,,,TapDecorationGeneric,,,,,,,,,,,,,,,,
,,,,,,,,,,,,,,,,,,,,,,,,,,,,,,,,,,,,,,,,,,,
Hay storage,,,,,1,0,,sc/decos01_generic.sc,hay_storage,,2,2,,999,,,,,,TID_DECO_GENERICFARM_DESCRIPTION,TID_DECO_HAY_STORAGE,,,,,,TapDecorationGeneric,,,,,,,,,,,,,,,,
Farm windmill,,,,,1,0,,sc/decos01_generic.sc,farm_windmill,,1,1,,999,,,,,,TID_DECO_GENERICFARM_DESCRIPTION,TID_DECO_FARM_WINDMILL,,,,,,TapDecorationGeneric,,,,,,,,,,,,,,,,
Hay loader,,,110,,1,0,,sc/decos01_generic.sc,hay_loader,,2,3,,999,,,,,,TID_DECO_GENERICFARM_DESCRIPTION,TID_DECO_HAY_LOADER,,,,,,TapDecorationGeneric,,,,,,,,,,,,,,,,
Plowed field,,,120,,1,0,,sc/decos01_generic.sc,plowed_field,,2,3,,999,,,,,,TID_DECO_GENERICFARM_DESCRIPTION,TID_DECO_PLOWED_FIELD,,,,,,TapDecorationGeneric,,,,,,,,,,,,,,,,
Fertilizer sacks,,,,,1,0,,sc/decos01_generic.sc,fertilizer_sacks,,1,2,,999,,,,,,TID_DECO_GENERICFARM_DESCRIPTION,TID_DECO_FERTILIZER_SACKS,,,,,,TapDecorationGeneric,,,,,,,,,,,,,,,,
Milk dock,,,,,1,0,,sc/decos01_generic.sc,milk_dock,,1,2,,999,,,,,,TID_DECO_GENERICFARM_DESCRIPTION,TID_DECO_MILK_DOCK,,,,,,TapDecorationGeneric,,,,,,,,,,,,,,,,
Plow,,,,,1,0,,sc/decos01_generic.sc,plow,,2,1,,999,,,,,,TID_DECO_GENERICFARM_DESCRIPTION,TID_DECO_PLOW,,,,,,TapDecorationGeneric,,,,,,,,,,,,,,,,
Hay pile,,,,,1,0,,sc/decos01_generic.sc,hay_pile,,1,1,,999,,,,,,TID_DECO_GENERICFARM_DESCRIPTION,TID_DECO_HAY_PILE,,,,,,TapDecorationGeneric,,,,,,,,,,,,,,,,
,,,,,,,,,,,,,,,,,,,,,,,,,,,,,,,,,,,,,,,,,,,
Raised flowerbed,,,120,,1,0,,sc/decos01_generic.sc,raised_flowerbed,,2,2,,999,,,,,,TID_DECO_GENERICFARM_DESCRIPTION,TID_DECO_RAISED_FLOWERBED,,,,,,TapDecorationGeneric,,,,,,,,,,,,,,,,
Reading nook,,,,,1,0,,sc/decos01_generic.sc,reading_nook,,1,2,,999,,,,,,TID_DECO_GENERICFARM_DESCRIPTION,TID_DECO_READING_NOOK,,,,,,TapDecorationGeneric,,,,,,,,,,,,,,,,
Croquet game,,,,,1,0,,sc/decos01_generic.sc,croquet_game,,3,2,,999,,,,,,TID_DECO_GENERICFARM_DESCRIPTION,TID_DECO_CROQUET_GAME,,,,,,TapDecorationGeneric,,,,,,,,,,,,,,,,
Big greenhouse,,,130,,1,0,,sc/decos01_generic.sc,big_greenhouse,,3,3,,999,,,,,,TID_DECO_GENERICFARM_DESCRIPTION,TID_DECO_BIG_GREENHOUSE,,,,,,TapDecorationGeneric,,,,,,,,,,,,,,,,
Rose tree,,,,,1,0,,sc/decos01_generic.sc,rose_tree,,1,1,,999,,,,,,TID_DECO_GENERICFARM_DESCRIPTION,TID_DECO_YELLOW_ROSE_TREE,,,,,,TapDecorationGeneric,,,,,,,,,,,,,,,,
Hedge gate,,,120,,1,0,,sc/decos01_generic.sc,hedge_gate,,1,3,,999,,,,,,TID_DECO_GENERICFARM_DESCRIPTION,TID_DECO_HEDGE_GATE,,,,,,TapDecorationGeneric,,,,,,,,,,,,,,,,
Afternoon tea,,,,,1,0,,sc/decos01_generic.sc,afternoon_tea,,2,2,,999,,,,,,TID_DECO_GENERICFARM_DESCRIPTION,TID_DECO_AFTERNOON_TEA,,,,,,TapDecorationGeneric,,,,,,,,,,,,,,,,
Wash basin,,,,,1,0,,sc/decos01_generic.sc,wash_basin,,1,2,,999,,,,,,TID_DECO_GENERICFARM_DESCRIPTION,TID_DECO_WASH_BASIN,,,,,,TapDecorationGeneric,,,,,,,,,,,,,,,,
Wild flowers,,,,,1,0,,sc/decos01_generic.sc,wild_flowers,,1,1,,999,,,,,,TID_DECO_GENERICFARM_DESCRIPTION,TID_DECO_WILD_FLOWERS,,,,,,TapDecorationGeneric,,,,,,,,,,,,,,,,
Narrow gate,,,,,1,0,,sc/decos01_generic.sc,narrow_gate,,1,1,,999,,,,,,TID_DECO_GENERICFARM_DESCRIPTION,TID_DECO_NARROW_GATE,,,,,,TapDecorationGeneric,,,,,,,,,,,,,,,,
,,,,,,,,,,,,,,,,,,,,,,,,,,,,,,,,,,,,,,,,,,,
Farmers market,,,,,1,0,,sc/decos02_seasonal.sc,farmers_market,,2,3,,999,,,,,,TID_DECO_GENERICFARM_DESCRIPTION,TID_DECO_FARMERS_MARKET,,,,,,TapDecorationGeneric,,,,,,,,,,,,,,,,
Apple crates,,,,,1,0,,sc/decos02_seasonal.sc,apple_crates,,1,2,,999,,,,,,TID_DECO_GENERICFARM_DESCRIPTION,TID_DECO_APPLE_CRATES,,,,,,TapDecorationGeneric,,,,,,,,,,,,,,,,
Hedge maze,,,120,,1,0,,sc/decos02_seasonal.sc,hedge_maze,,3,3,,999,,,,,,TID_DECO_GENERICFARM_DESCRIPTION,TID_DECO_HEDGE_MAZE,,,,,,TapDecorationGeneric,,,,,,,,,,,,,,,,
Picking apples,,,,,1,0,,sc/decos02_seasonal.sc,picking_apples,,1,2,,999,,,,,,TID_DECO_GENERICFARM_DESCRIPTION,TID_DECO_PICKING_APPLES,,,,,,TapDecorationGeneric,,,,,,,,,,,,,,,,
Apple press,,,115,,1,0,,sc/decos02_seasonal.sc,apple_press,,1,2,,999,,,,,,TID_DECO_GENERICFARM_DESCRIPTION,TID_DECO_APPLE_PRESS,,,,,,TapDecorationGeneric,,,,,,,,,,,,,,,,
Leaf angel,,,120,,1,0,,sc/decos02_seasonal.sc,leaf_angel,,2,2,,999,,,,,,TID_DECO_GENERICFARM_DESCRIPTION,TID_DECO_LEAF_ANGEL,,,,,,TapDecorationGeneric,,,,,,,,,,,,,,,,
Organic juice,,,,,1,0,,sc/decos02_seasonal.sc,organic_juice,,2,1,,999,,,,,,TID_DECO_GENERICFARM_DESCRIPTION,TID_DECO_ORGANIC_JUICE,,,,,,TapDecorationGeneric,,,,,,,,,,,,,,,,
Apple sign,,,,,1,0,,sc/decos02_seasonal.sc,apple_sign,,1,1,,999,,,,,,TID_DECO_GENERICFARM_DESCRIPTION,TID_DECO_APPLE_SIGN,,,,,,TapDecorationGeneric,,,,,,,,,,,,,,,,
,,,,,,,,,,,,,,,,,,,,,,,,,,,,,,,,,,,,,,,,,,,
Dino eggs,,,90,,1,0,,sc/decos06_farmpass.sc,dino_eggs,,1,1,,999,,,,,,TID_DECO_GENERICFARM_DESCRIPTION,TID_DECO_DINO_EGSS,,,,,,TapDecorationGeneric,,,,,,,,,,,,,FP,,,
Fossil site,,,,,1,0,,sc/decos06_farmpass.sc,fossil_site,,2,2,,999,,,,,,TID_DECO_GENERICFARM_DESCRIPTION,TID_DECO_FOSSIL_SITE,,,,,,TapDecorationGeneric,,,,,,,,,,,,,FPE,,,
,,,,,,,,,,,,,,,,,,,,,,,,,,,,,,,,,,,,,,,,,,,
Independent parade,,,,,1,0,,sc/decos02_seasonal.sc,independent_parade,,3,1,,999,,,,,,TID_DECO_GENERICFARM_DESCRIPTION,TID_DECO_INDEPENDENT_PARADE,,,,,,TapDecorationGeneric,,,,,,,,,,,,,,,,
Independent BBQ,,,,,1,0,,sc/decos02_seasonal.sc,independent_bbq,,2,2,,999,,,,,,TID_DECO_GENERICFARM_DESCRIPTION,TID_DECO_INDEPENDENT_BBG,,,,,,TapDecorationGeneric,,,,,,,,,,,,,,,,
Independent gnome,,,,,1,0,,sc/decos02_seasonal.sc,independent_gnome,,1,1,,999,,,,,,TID_DECO_GENERICFARM_DESCRIPTION,TID_DECO_INDEPENDENT_GNOME,,,,,,TapDecorationGeneric,,,,,,,,,,,,,,,,
,,,,,,,,,,,,,,,,,,,,,,,,,,,,,,,,,,,,,,,,,,,
School supplies,,,,,1,0,,sc/decos02_seasonal.sc,school_supplies,,1,1,,999,,,,,,TID_DECO_GENERICFARM_DESCRIPTION,TID_DECO_SCHOOL_SUPPLIES,,,,,,TapDecorationGeneric,,,,,,,,,,,,,,,,
Library corner,,,,,1,0,,sc/decos02_seasonal.sc,library_corner,,2,2,,999,,,,,,TID_DECO_GENERICFARM_DESCRIPTION,TID_DECO_LIBRARY_CORNER,,,,,,TapDecorationGeneric,,,,,,,,,,,,,,,,
Detention,,,,,1,0,,sc/decos02_seasonal.sc,detention,,2,2,,999,,,,,,TID_DECO_GENERICFARM_DESCRIPTION,TID_DECO_DETENTION,,,,,,TapDecorationGeneric,,,,,,,,,,,,,,,,
,,,,,,,,,,,,,,,,,,,,,,,,,,,,,,,,,,,,,,,,,,,
Saloon Lady,,,,,1,0,,sc/decos02_seasonal.sc,saloon_lady,,1,1,,999,,,,,,TID_DECO_GENERICFARM_DESCRIPTION,TID_DECO_SALOON_LADY,,,,,,TapDecorationGeneric,,,,,,,,,,,,,,,,
,,,,,,,,,,,,,,,,,,,,,,,,,,,,,,,,,,,,,,,,,,,
Topiary number 1,,,,,1,0,,sc/decos02_seasonal.sc,topiarynumber_1,topiarynumber_1_mirrored,1,1,,999,,,,,,TID_DECO_GENERICFARM_DESCRIPTION,TID_DECO_TOPIARY_NUMBER_1,,,,,,TapDecorationGeneric,,,,,,,,,,,,,,,,
Topiary number 3,,,,,1,0,,sc/decos02_seasonal.sc,topiarynumber_3,topiarynumber_3_mirrored,1,1,,999,,,,,,TID_DECO_GENERICFARM_DESCRIPTION,TID_DECO_TOPIARY_NUMBER_3,,,,,,TapDecorationGeneric,,,,,,,,,,,,,,,,
,,,,,,,,,,,,,,,,,,,,,,,,,,,,,,,,,,,,,,,,,,,
Coral tree,,,,,1,0,,sc/decos03_features.sc,coral_tree,,1,1,5500,,,,,500,1,TID_SANCTUARYDECO_DESC,TID_DECO_CORAL_TREE,Buy,,,,,TapDecorationGeneric,TRUE,,25,,,TRUE,,TRUE,,,Capybara1,,,,,
White ginger lily,,,110,,1,0,,sc/decos03_features.sc,white_ginger_lily,,2,2,,,,Voucher2,3,,,TID_SANCTUARYDECO_DESC,TID_DECO_WHITE_GINGER_LILY,Buy,,,,,TapDecorationGeneric,TRUE,,25,,,TRUE,,TRUE,,,Capybara2,,,,,
,,,,,,,,,,,,,,,,Voucher3,5,,,,,,,,,,,,,,,,,,,,,,,,,,
Tire tracks,,,110,,1,0,,sc/decos01_generic.sc,tire_tracks,,1,1,,999,,,,,,TID_DECO_GENERICFARM_DESCRIPTION,TID_DECO_TIRE_TRACKS,,,,,,TapDecorationGeneric,,,,,,,,,,,,,,TRUE,,
,,,,,,,,,,,,,,,,,,,,,,,,,,,,,,,,,,,,,,,,,,,
Homemade pie,,,,,1,0,,sc/decos06_farmpass.sc,cake_time,,1,1,,999,,,,,,TID_DECO_GENERICFARM_DESCRIPTION,TID_DECO_HOMEMADE_PIE,,,,,,TapDecorationGeneric,,,,,,,,,,,,,FP,,,
Drying herbs,,,120,,1,0,,sc/decos06_farmpass.sc,drying_herbs,,2,2,,999,,,,,,TID_DECO_GENERICFARM_DESCRIPTION,TID_DECO_DRYING_HERBS,,,,,,TapDecorationGeneric,,,,,,,,,,,,,FPE,,,
,,,,,,,,,,,,,,,,,,,,,,,,,,,,,,,,,,,,,,,,,,,
Bavarian statue,,,,,1,0,,sc/decos02_seasonal.sc,bavarian_statue,,1,1,,999,,,,,,TID_DECO_GENERICFARM_DESCRIPTION,TID_DECO_BAVARIAN_STATUE,,,,,,TapDecorationGeneric,,,,,,,,,,,,,,,,
Boat ride,,,,,1,0,,sc/decos02_seasonal.sc,boat_ride,,2,2,,999,,,,,,TID_DECO_GENERICFARM_DESCRIPTION,TID_DECO_BOAT_RIDE,,,,,,TapDecorationGeneric,,,,,,,,,,,,,,,,
Barrel carriage,,,,,1,0,,sc/decos02_seasonal.sc,barrel_carriage,,3,2,,999,,,,,,TID_DECO_GENERICFARM_DESCRIPTION,TID_DECO_BARREL_CARRIAGE,,,,,,TapDecorationGeneric,,,,,,,,,,,,,,,,
,,,,,,,,,,,,,,,,,,,,,,,,,,,,,,,,,,,,,,,,,,,
Mystic fountain,,,,,1,0,,sc/decos02_seasonal_halloween.sc,mystic_fountain,,2,2,,999,,,,,,TID_DECO_GENERICFARM_DESCRIPTION,TID_DECO_MYSTIC_FOUNTAIN,,,,,,TapDecorationGeneric,,,,Halloween,,,,,,,,,,,,
Creepy cave,,,,,1,0,,sc/decos02_seasonal_halloween.sc,creepy_cave,,2,2,,999,,,,,,TID_DECO_GENERICFARM_DESCRIPTION,TID_DECO_CREEPY_CAVE,,,,,,TapDecorationGeneric,,,,Halloween,,,,,,,,,,,,
Creepy bed,,,,,1,0,,sc/decos02_seasonal_halloween.sc,creepy_bed,,2,2,,999,,,,,,TID_DECO_GENERICFARM_DESCRIPTION,TID_DECO_CREEPY_BED,,,,,,TapDecorationGeneric,,,,Halloween,,,,,,,,,,,,
Creepy clock,,,,,1,0,,sc/decos02_seasonal_halloween.sc,creepy_clock,,1,1,,999,,,,,,TID_DECO_GENERICFARM_DESCRIPTION,TID_DECO_CREEPY_CLOCK,,,,,,TapDecorationGeneric,,,,Halloween,,,,,,,,,,,,
Frankenstraw,,,120,,1,0,,sc/decos02_seasonal_halloween.sc,frankenstraw,,2,2,,999,,,,,,TID_DECO_GENERICFARM_DESCRIPTION,TID_DECO_FRANKENSTRAW,,,,,,TapDecorationGeneric,,,,Halloween,,,,,,,,,,,,
Ghostly theater,,,,,1,0,,sc/decos02_seasonal_halloween.sc,ghostly_theatre,,2,2,,999,,,,,,TID_DECO_GENERICFARM_DESCRIPTION,TID_DECO_GHOSTLY_THEATER,,,,,,TapDecorationGeneric,,,,Halloween,,,,,,,,,,,,
Ghostly stove,,,,,1,0,,sc/decos02_seasonal_halloween.sc,ghostly_stove,,2,2,,999,,,,,,TID_DECO_GENERICFARM_DESCRIPTION,TID_DECO_GHOSTLY_STOVE,,,,,,TapDecorationGeneric,,,,Halloween,,,,,,,,,,,,
Wool busters,,,80,,1,0,,sc/decos02_seasonal_halloween.sc,wool_busters,,1,2,,999,,,,,,TID_DECO_GENERICFARM_DESCRIPTION,TID_DECO_WOOL_BUSTERS,,,,,,TapDecorationGeneric,,,,Halloween,,,,,,,,,,,,
Devilish stilt walker,,,,,1,0,,sc/decos02_seasonal_halloween.sc,devilish_stilt_walker,,1,1,,999,,,,,,TID_DECO_GENERICFARM_DESCRIPTION,TID_DECO_DEVILISH_STILT_WALKER,,,,,,TapDecorationGeneric,,,,Halloween,,,,,,,,,,,,
Devilish magician,,,,,1,0,,sc/decos02_seasonal_halloween.sc,devilish_magician,,2,2,,999,,,,,,TID_DECO_GENERICFARM_DESCRIPTION,TID_DECO_DEVILISH_MAGICIAN,,,,,,TapDecorationGeneric,,,,Halloween,,,,,,,,,,,,
Devilish target practice,,,120,,1,0,,sc/decos02_seasonal_halloween.sc,devilish_target_practice,,2,3,,999,,,,,,TID_DECO_GENERICFARM_DESCRIPTION,TID_DECO_DEVILISH_TARGET_PRACTICE,,,,,,TapDecorationGeneric,,,,Halloween,,,,,,,,,,,,
Baby plant,,,,,1,0,,sc/decos02_seasonal_halloween.sc,baby_plant,,1,1,,999,,,,,,TID_DECO_GENERICFARM_DESCRIPTION,TID_DECO_BABY_PLANT,,,,,,TapDecorationGeneric,,,,Halloween,,,,,,,,,,,,
Smashed pumpkins,,,,,1,0,,sc/decos02_seasonal_halloween.sc,smashed_pumpkins,,2,2,,999,,,,,,TID_DECO_GENERICFARM_DESCRIPTION,TID_DECO_SMASHED_PUMPKINS,,,,,,TapDecorationGeneric,,,,Halloween,,,,,,,,,,,,
,,,,,,,,,,,,,,,,,,,,,,,,,,,,,,,,,,,,,,,,,,,
Carver reindeer,,,,,1,0,,sc/decos02_seasonal_winter.sc,carved_reindeer,,1,1,,999,,,,,,TID_DECO_GENERICFARM_DESCRIPTION,TID_DECO_CARVER_REINDEER,,,,,,TapDecorationGeneric,,,,Christmas,,,,,,,,,,,,
Reindeer shed,,,,,1,0,,sc/decos02_seasonal_winter.sc,reindeer_house,,3,3,,999,,,,,,TID_DECO_GENERICFARM_DESCRIPTION,TID_DECO_REINDEER_SHED,,,,,,TapDecorationGeneric,,,,Christmas,,,,,,,,,,,,
Elf hall,,,,,1,0,,sc/decos02_seasonal_winter.sc,elf_hall,,2,2,,999,,,,,,TID_DECO_GENERICFARM_DESCRIPTION,TID_DECO_ELF_HALL,,,,,,TapDecorationGeneric,,,,Christmas,,,,,,,,,,,,
Winter lookout,,,,,1,0,,sc/decos02_seasonal_winter.sc,winter_lookout,,2,2,,999,,,,,,TID_DECO_GENERICFARM_DESCRIPTION,TID_DECO_WINTER_LOOKOUT,,,,,,TapDecorationGeneric,,,,Christmas,,,,,,,,,,,,
Mail sorting,,,,,1,0,,sc/decos02_seasonal_winter.sc,mail_sorting,,2,1,,999,,,,,,TID_DECO_GENERICFARM_DESCRIPTION,TID_DECO_MAIL_SORTING,,,,,,TapDecorationGeneric,,,,Christmas,,,,,,,,,,,,
Hot cocoa station,,,,,1,0,,sc/decos02_seasonal_winter.sc,hot_cocoa_station,,2,1,,999,,,,,,TID_DECO_GENERICFARM_DESCRIPTION,TID_DECO_HOT_COCOA_STATION,,,,,,TapDecorationGeneric,,,,Christmas,,,,,,,,,,,,
Cozy winter stop,,,,,1,0,,sc/decos02_seasonal_winter.sc,cozy_winter_stop,,2,2,,999,,,,,,TID_DECO_GENERICFARM_DESCRIPTION,TID_DECO_COZY_WINTER_STOP,,,,,,TapDecorationGeneric,,,,Christmas,,,,,,,,,,,,
Log bench,,,,,1,0,,sc/decos02_seasonal_winter.sc,log_bench,,1,1,,999,,,,,,TID_DECO_GENERICFARM_DESCRIPTION,TID_DECO_LOG_BENCH,,,,,,TapDecorationGeneric,,,,Christmas,,,,,,,,,,,,
Dog sled,,,,,1,0,,sc/decos02_seasonal_winter.sc,dog_sled,,4,1,,999,,,,,,TID_DECO_GENERICFARM_DESCRIPTION,TID_DECO_DOG_SLED,,,,,,TapDecorationGeneric,,,,Christmas,,,,,,,,,,,,
Nutcracker Greg,,,,,1,0,,sc/decos02_seasonal_winter.sc,nutcracker_greg,,1,1,,999,,,,,,TID_DECO_GENERICFARM_DESCRIPTION,TID_DECO_NUTCRACKER_GREG,,,,,,TapDecorationGeneric,,,,Christmas,,,,,,,,,,,,
Rocking reindeer,,,,,1,0,,sc/decos02_seasonal_winter.sc,rocking_reindeer,,2,1,,999,,,,,,TID_DECO_GENERICFARM_DESCRIPTION,TID_DECO_ROCKING_REINDEER,,,,,,TapDecorationGeneric,,,,Christmas,,,,,,,,,,,,
Toy tracks,,,115,,1,0,,sc/decos02_seasonal_winter.sc,toy_tracks,,3,2,,999,,,,,,TID_DECO_GENERICFARM_DESCRIPTION,TID_DECO_TOY_TRACKS,,,,,,TapDecorationGeneric,,,,Christmas,,,,,,,,,,,,
Festive birch,,,,,1,0,,sc/decos02_seasonal_winter.sc,festive_birch,,1,1,,999,,,,,,TID_DECO_GENERICFARM_DESCRIPTION,TID_DECO_FESTIVE_BIRCH,,,,,,TapDecorationGeneric,,,,Christmas,,,,,,,,,,,,
Winter torch,,,,,1,0,,sc/decos02_seasonal_winter.sc,winter_torch,,1,1,,999,,,,,,TID_DECO_GENERICFARM_DESCRIPTION,TID_DECO_WINTER_TORCH,,,,,,TapDecorationGeneric,,,,Christmas,,,,,,,,,,,,
,,,,,,,,,,,,,,,,,,,,,,,,,,,,,,,,,,,,,,,,,,,
Peacock bell,,,,,1,0,,sc/decos02_seasonal.sc,peacock_bell,,2,2,,999,,,,,,TID_DECO_GENERICFARM_DESCRIPTION,TID_DECO_PEACOCK_BELL,,,,,,TapDecorationGeneric,,,,,,,,,,,,,,,,
Peacock statue,,,,,1,0,,sc/decos02_seasonal.sc,peacock_statue,,2,1,,999,,,,,,TID_DECO_GENERICFARM_DESCRIPTION,TID_DECO_PEACOCK_STATUE,,,,,,TapDecorationGeneric,,,,,,,,,,,,,,,,
Feast of light,,,,,1,0,,sc/decos02_seasonal.sc,feast_of_light,,2,3,,999,,,,,,TID_DECO_GENERICFARM_DESCRIPTION,TID_DECO_FEAST_OF_LIGHT,,,,,,TapDecorationGeneric,,,,,,,,,,,,,,,,
Colorful booths,,,115,,1,0,,sc/decos02_seasonal.sc,colourful_booths,,2,3,,999,,,,,,TID_DECO_GENERICFARM_DESCRIPTION,TID_DECO_COLORFUL_BOOTHS,,,,,,TapDecorationGeneric,,,,,,,,,,,,,,,,
Art of happiness,,,115,,1,0,,sc/decos02_seasonal.sc,art_of_happiness,,2,2,,999,,,,,,TID_DECO_GENERICFARM_DESCRIPTION,TID_DECO_ART_OF_HAPPINESS,,,,,,TapDecorationGeneric,,,,,,,,,,,,,,,,
,,,,,,,,,,,,,,,,,,,,,,,,,,,,,,,,,,,,,,,,,,,
Creepy mirror,,,,,1,0,,sc/decos06_farmpass.sc,creepy_mirror,,1,1,,999,,,,,,TID_DECO_GENERICFARM_DESCRIPTION,TID_DECO_CREEPY_MIRROR,,,,,,TapDecorationGeneric,,,,,,,,,,,,,FP,,,
Hide and seek,,,130,,1,0,,sc/decos06_farmpass.sc,hide_and_seek,,3,2,,999,,,,,,TID_DECO_GENERICFARM_DESCRIPTION,TID_DECO_HIDE_AND_SEEK,,,,,,TapDecorationGeneric,,,,,,,,,,,,,FPE,,,
,,,,,,,,,,,,,,,,,,,,,,,,,,,,,,,,,,,,,,,,,,,
Water hyacinth,,,120,,1,0,,sc/decos03_features.sc,water_hyacinth,,3,2,5500,,,,,500,1,TID_DECO_GENERICFARM_DESCRIPTION,TID_DECO_WATER_HYACINTH,Buy,,,,,TapDecorationGeneric,TRUE,,25,,,TRUE,,TRUE,,,CapybaraPup1,,,,,
Tropical feast,,,,,1,0,,sc/decos03_features.sc,treats_trunk,,2,1,,,,Voucher1,5,,,TID_DECO_GENERICFARM_DESCRIPTION,TID_DECO_TROPICAL_FEAST,Buy,,,,,TapDecorationGeneric,TRUE,,25,,,TRUE,,TRUE,,,CapybaraPup2,,,,,
,,,,,,,,,,,,,,,,Voucher3,1,,,,,,,,,,,,,,,,,,,,,,,,,,
,,,,,,,,,,,,,,,,,,,,,,,,,,,,,,,,,,,,,,,,,,,
Sugar skull puppeteers,,,,,1,0,,sc/decos02_seasonal_halloween.sc,sugarskull_puppeteers,,2,1,,999,,,,,,TID_DECO_GENERICFARM_DESCRIPTION,TID_DECO_SUGARSKULL_PUPPETEERS,,,,,,TapDecorationGeneric,,,,Halloween,,,,,,,,,,,,
Sugar skull carriage,,,110,,1,0,,sc/decos02_seasonal_halloween.sc,sugarskull_carriage,,3,2,,999,,,,,,TID_DECO_GENERICFARM_DESCRIPTION,TID_DECO_SUGARSKULL_CARRIAGE,,,,,,TapDecorationGeneric,,,,Halloween,,,,,,,,,,,,
Sugar skull lantern,,,100,,1,0,,sc/decos02_seasonal_halloween.sc,sugarskull_lantern,,1,1,,999,,,,,,TID_DECO_GENERICFARM_DESCRIPTION,TID_DECO_SUGARSKULL_LANTERN,,,,,,TapDecorationGeneric,,,,Halloween,,,,,,,,,,,,
,,,,,,,,,,,,,,,,,,,,,,,,,,,,,,,,,,,,,,,,,,,
Frozen tree,,,,,1,0,,sc/decos02_seasonal_winter.sc,frozen_tree,,1,1,,999,,,,,,TID_DECO_GENERICFARM_DESCRIPTION,TID_DECO_FROZEN_TREE,,,,,,TapDecorationGeneric,,,,,,,,,,,,,,,,
Frozen bridge,,,130,,1,0,,sc/decos02_seasonal_winter.sc,frozen_bridge,,1,3,,999,,,,,,TID_DECO_GENERICFARM_DESCRIPTION,TID_DECO_FROZEN_BRIDGE,,,,,,TapDecorationGeneric,,,,,,,,,,,,,,,,
Frozen castle,,,120,,1,0,,sc/decos02_seasonal_winter.sc,frozen_castle,,3,2,,999,,,,,,TID_DECO_GENERICFARM_DESCRIPTION,TID_DECO_FROZEN_CASTLE,,,,,,TapDecorationGeneric,,,,,,,,,,,,,,,,
Frozen train,,,120,,1,0,,sc/decos02_seasonal_winter.sc,frozen_train,,3,4,,999,,,,,,TID_DECO_GENERICFARM_DESCRIPTION,TID_DECO_FROZEN_TRAIN,,,,,,TapDecorationGeneric,,,,,,,,,,,,,,,,
Frozen lamp,,,,,1,0,,sc/decos02_seasonal_winter.sc,frozen_lamp,,1,1,,999,,,,,,TID_DECO_GENERICFARM_DESCRIPTION,TID_DECO_FROZEN_LAMP,,,,,,TapDecorationGeneric,,,,,,,,,,,,,,,,
,,,,,,,,,,,,,,,,,,,,,,,,,,,,,,,,,,,,,,,,,,,
Sandy snowman,,,90,,1,0,,sc/decos02_seasonal_winter.sc,sandy_snowman,,1,1,,999,,,,,,TID_DECO_GENERICFARM_DESCRIPTION,TID_DECO_SANDY_SNOWMAN,,,,,,TapDecorationGeneric,,,,Christmas,,,,,,,,,,,,
Festive palm tree,,,140,,1,0,,sc/decos02_seasonal_winter.sc,festive_palm_tree,,1,1,,999,,,,,,TID_DECO_GENERICFARM_DESCRIPTION,TID_DECO_FESTIVE_PALM_TREE,,,,,,TapDecorationGeneric,,,,Christmas,,,,,,,,,,,,
Festive pirate ship,,,115,,1,0,,sc/decos02_seasonal_winter.sc,festive_pirate_ship,,4,3,,999,,,,,,TID_DECO_GENERICFARM_DESCRIPTION,TID_DECO_FESTIVE_PIRATE_SHIP,,,,,,TapDecorationGeneric,,,,Christmas,,,,,,,,,,,,
,,,,,,,,,,,,,,,,,,,,,,,,,,,,,,,,,,,,,,,,,,,
Space carousel,,,,,1,0,,sc/decos01_generic.sc,space_carousel,,2,2,,999,,,,,,TID_DECO_GENERICFARM_DESCRIPTION,TID_DECO_SPACE_CAROUSEL,,,,,,TapDecorationGeneric,,,,,,,,,,,,,,,,
Astronaut training,,,110,,1,0,,sc/decos01_generic.sc,astronaut_training,,3,2,,999,,,,,,TID_DECO_GENERICFARM_DESCRIPTION,TID_DECO_ASTRONAUT_TRAINING,,,,,,TapDecorationGeneric,,,,,,,,,,,,,,,,
Unidentified fun object,,,110,,1,0,,sc/decos01_generic.sc,unidentified_fun_object,,2,2,,999,,,,,,TID_DECO_GENERICFARM_DESCRIPTION,TID_DECO_UNIDENTIFIED_FUN_OBJECT,,,,,,TapDecorationGeneric,,,,,,,,,,,,,,,,
Astronaut’s corner,,,,,1,0,,sc/decos01_generic.sc,astronauts_corner,,1,1,,999,,,,,,TID_DECO_GENERICFARM_DESCRIPTION,TID_DECO_ASTRONAUTS_CORNER,,,,,,TapDecorationGeneric,,,,,,,,,,,,,,,,
Meteor crater,,,115,,1,0,,sc/decos01_generic.sc,meteor_crater,,2,2,,999,,,,,,TID_DECO_GENERICFARM_DESCRIPTION,TID_DECO_METEOR_CRATER,,,,,,TapDecorationGeneric,,,,,,,,,,,,,,,,
Observatory gazebo,,,110,,1,0,,sc/decos01_generic.sc,observatory_gazebo,,3,2,,999,,,,,,TID_DECO_GENERICFARM_DESCRIPTION,TID_DECO_OBSERVATORY_GAZEBO,,,,,,TapDecorationGeneric,,,,,,,,,,,,,,,,
Spherical strolabe,,,,,1,0,,sc/decos01_generic.sc,spherical_astrolabe,,1,1,,999,,,,,,TID_DECO_GENERICFARM_DESCRIPTION,TID_DECO_SPHERICAL_STROLABE,,,,,,TapDecorationGeneric,,,,,,,,,,,,,,,,
,,,,,,,,,,,,,,,,,,,,,,,,,,,,,,,,,,,,,,,,,,,
Festive wishes,,,,,1,0,,sc/decos06_farmpass.sc,festive_wishes,,2,1,,999,,,,,,TID_DECO_GENERICFARM_DESCRIPTION,TID_DECO_FESTIVE_WISHES,,,,,,TapDecorationGeneric,,,,Christmas,,,,,,,,,FP,,,
Festive fountain,,,,,1,0,,sc/decos06_farmpass.sc,festive_fountain,,2,2,,999,,,,,,TID_DECO_GENERICFARM_DESCRIPTION,TID_DECO_FESTIVE_FOUNTAIN,,,,,,TapDecorationGeneric,,,,Christmas,,,,,,,,,FPE,,,
Space engineers,,,,,1,0,,sc/decos06_farmpass.sc,space_engineers,,1,1,,999,,,,,,TID_DECO_GENERICFARM_DESCRIPTION,TID_DECO_SPACE_ENGINEERS,,,,,,TapDecorationGeneric,,,,,,,,,,,,,,,,
Planets pendulum,,,,,1,0,,sc/decos06_farmpass.sc,planets_pendulum,,2,2,,999,,,,,,TID_DECO_GENERICFARM_DESCRIPTION,TID_DECO_PLANETS_PENDULUM,,,,,,TapDecorationGeneric,,,,,,,,,,,,,,,,
,,,,,,,,,,,,,,,,,,,,,,,,,,,,,,,,,,,,,,,,,,,
Lunar letters,,,120,,1,0,,sc/decos01_generic.sc,lunar_letters,,3,1,,999,,,,,,TID_DECO_GENERICFARM_DESCRIPTION,TID_DECO_LUNAR_LETTERS,,,,,,TapDecorationGeneric,,,,,,,,,,,,,,,,
Sky projection,,,,,1,0,,sc/decos01_generic.sc,sky_projection,,2,2,,999,,,,,,TID_DECO_GENERICFARM_DESCRIPTION,TID_DECO_SKY_PROJECTION,,,,,,TapDecorationGeneric,,,,,,,,,,,,,,,,
,,,,,,,,,,,,,,,,,,,,,,,,,,,,,,,,,,,,,,,,,,,
Thanksgiving corner,,,,,1,0,,sc/decos02_seasonal_thanksgiving.sc,thanksgiving_corner,,1,1,,999,,,,,,TID_DECO_GENERICFARM_DESCRIPTION,TID_DECO_THANKSGIVING_CORNER,,,,,,TapDecorationGeneric,,,,,,,,,,,,,,,,
Thanksgiving preparations,,,,,1,0,,sc/decos02_seasonal_thanksgiving.sc,thanksgiving_preparation,,2,1,,999,,,,,,TID_DECO_GENERICFARM_DESCRIPTION,TID_DECO_THANKSGIVING_PREPARATIONS,,,,,,TapDecorationGeneric,,,,,,,,,,,,,,,,
Thanksgiving planter,,,,,1,0,,sc/decos02_seasonal_thanksgiving.sc,thanksgiving_planter,,1,2,,999,,,,,,TID_DECO_GENERICFARM_DESCRIPTION,TID_DECO_THANKSGIVING_PLANTER,,,,,,TapDecorationGeneric,,,,,,,,,,,,,,,,
Thanksgiving tree,,,,,1,0,,sc/decos02_seasonal_thanksgiving.sc,thanksgiving_tree,,1,1,,999,,,,,,TID_DECO_GENERICFARM_DESCRIPTION,TID_DECO_THANKSGIVING_TREE,,,,,,TapDecorationGeneric,,,,,,,,,,,,,,,,
Pilgrim caravel,,,,,1,0,,sc/decos02_seasonal_thanksgiving.sc,pilgrim_caravel,,3,2,,999,,,,,,TID_DECO_GENERICFARM_DESCRIPTION,TID_DECO_PILGRIM_CARAVEL,,,,,,TapDecorationGeneric,,,,,,,,,,,,,,,,
Turkey craft,,,,,1,0,,sc/decos02_seasonal_thanksgiving.sc,turkey_craft,,1,1,,999,,,,,,TID_DECO_GENERICFARM_DESCRIPTION,TID_DECO_TURKEY_CRAFT,,,,,,TapDecorationGeneric,,,,,,,,,,,,,,,,
,,,,,,,,,,,,,,,,,,,,,,,,,,,,,,,,,,,,,,,,,,,
Hot spring,,,120,,1,0,,sc/decos02_seasonal_winter.sc,hot_spring,,3,3,,999,,,,,,TID_DECO_GENERICFARM_DESCRIPTION,TID_DECO_HOT_SPRING,,,,,,TapDecorationGeneric,,,,,,,,,,,,,,,,
Snowy landscape,,,,,1,0,,sc/decos02_seasonal_winter.sc,snowy_landscape,,2,2,,999,,,,,,TID_DECO_GENERICFARM_DESCRIPTION,TID_DECO_SNOWY_LANDSCAPE,,,,,,TapDecorationGeneric,,,,,,,,,,,,,,,,
Circle sculpture,,,,,1,0,,sc/decos02_seasonal_winter.sc,circle_sculpture,,2,1,,999,,,,,,TID_DECO_GENERICFARM_DESCRIPTION,TID_DECO_CIRCLE_SCULPTURE,,,,,,TapDecorationGeneric,,,,,,,,,,,,,,,,
Snowy refuge,,,120,,1,0,,sc/decos02_seasonal_winter.sc,snowy_refuge,,2,3,,999,,,,,,TID_DECO_GENERICFARM_DESCRIPTION,TID_DECO_SNOWY_REFUGE,,,,,,TapDecorationGeneric,,,,,,,,,,,,,,,,
Snowy boulder,,,,,1,0,,sc/decos02_seasonal_winter.sc,snowy_boulder,,1,2,,999,,,,,,TID_DECO_GENERICFARM_DESCRIPTION,TID_DECO_SNOWY_BOULDER,,,,,,TapDecorationGeneric,,,,,,,,,,,,,,,,
Spa sign,,,,,1,0,,sc/decos02_seasonal_winter.sc,spa_sign,,1,1,,999,,,,,,TID_DECO_GENERICFARM_DESCRIPTION,TID_DECO_SPA_SIGN,,,,,,TapDecorationGeneric,,,,,,,,,,,,,,,,
Covered hot spring,,,115,,1,0,,sc/decos02_seasonal_winter.sc,covered_hot_spring,,2,2,,999,,,,,,TID_DECO_GENERICFARM_DESCRIPTION,TID_DECO_COVERED_HOT_SPRING,,,,,,TapDecorationGeneric,,,,,,,,,,,,,,,,
,,,,,,,,,,,,,,,,,,,,,,,,,,,,,,,,,,,,,,,,,,,
Cozy firepit,,,130,,1,0,,sc/decos02_seasonal_winter.sc,cosy_firepit,,3,3,,999,,,,,,TID_DECO_GENERICFARM_DESCRIPTION,TID_DECO_COZY_FIREPIT,,,,,,TapDecorationGeneric,,,,,,,,,,,,,,,,
Icy dip,,,120,,1,0,,sc/decos02_seasonal_winter.sc,icy_dip,,3,3,,999,,,,,,TID_DECO_GENERICFARM_DESCRIPTION,TID_DECO_ICY_DIP,,,,,,TapDecorationGeneric,,,,,,,,,,,,,,,,
Snowmobile shed,,,110,,1,0,,sc/decos02_seasonal_winter.sc,snowmobile_shed,,2,2,,999,,,,,,TID_DECO_GENERICFARM_DESCRIPTION,TID_DECO_SNOWMOBILE_SHED,,,,,,TapDecorationGeneric,,,,,,,,,,,,,,,,
Log resort,,,130,,1,0,,sc/decos02_seasonal_winter.sc,log_resort,,3,3,,999,,,,,,TID_DECO_GENERICFARM_DESCRIPTION,TID_DECO_LOG_RESORT,,,,,,TapDecorationGeneric,,,,,,,,,,,,,,,,
Log cabin,,,120,,1,0,,sc/decos02_seasonal_winter.sc,log_cabin,,3,2,,999,,,,,,TID_DECO_GENERICFARM_DESCRIPTION,TID_DECO_LOG_CABIN,,,,,,TapDecorationGeneric,,,,,,,,,,,,,,,,
Frozen chestnut tree,,,,,1,0,,sc/decos02_seasonal_winter.sc,frozen_chestnut_tree,,1,1,,999,,,,,,TID_DECO_GENERICFARM_DESCRIPTION,TID_DECO_FROZEN_CHESTNUT_TREE,,,,,,TapDecorationGeneric,,,,,,,,,,,,,,,,
Medium frozen tree,,,,,1,0,,sc/decos02_seasonal_winter.sc,medium_frozen_tree,,1,1,,999,,,,,,TID_DECO_GENERICFARM_DESCRIPTION,TID_DECO_MEDIUM_FROZEN_TREE,,,,,,TapDecorationGeneric,,,,,,,,,,,,,,,,
Small frozen tree,,,,,1,0,,sc/decos02_seasonal_winter.sc,small_frozen_tree,,1,1,,999,,,,,,TID_DECO_GENERICFARM_DESCRIPTION,TID_DECO_SMALL_FROZEN_TREE,,,,,,TapDecorationGeneric,,,,,,,,,,,,,,,,
,,,,,,,,,,,,,,,,,,,,,,,,,,,,,,,,,,,,,,,,,,,
Bean bonanza,,,,,1,0,,sc/decos07_valley.sc,bean_bonanza,,2,1,,999,,,,,,TID_DECO_GENERICFARM_DESCRIPTION,TID_DECO_BEAN_BONANZA,,,,,,TapDecorationGeneric,,,,,,,,,,,,,Valley,,,
Freedom to reap,,,,,1,0,,sc/decos07_valley.sc,freedom_to_reap,,2,2,,999,,,,,,TID_DECO_GENERICFARM_DESCRIPTION,TID_DECO_FREEDOM_TO_REAP,,,,,,TapDecorationGeneric,,,,,,,,,TRUE,,,,Valley,,,
Thermal bath,,,,,1,0,,sc/decos07_valley.sc,thermal_spa,,2,2,,999,,,,,,TID_DECO_GENERICFARM_DESCRIPTION,TID_DECO_THERMAL_BATH,,,,,,TapDecorationGeneric,,,,,,,,,,,,,Valley,,,
Sunny poppies,,,,,1,0,,sc/decos07_valley.sc,sunny_poppies,,1,1,,999,,,,,,TID_DECO_GENERICFARM_DESCRIPTION,TID_DECO_SUNNY_POPPIES,,,,,,TapDecorationGeneric,,,,,,,,,TRUE,,,,Valley,,,
,,,,,,,,,,,,,,,,,,,,,,,,,,,,,,,,,,,,,,,,,,,
Frozen block,,,,,1,0,,sc/decos02_seasonal_winter.sc,frozen_block,,1,1,,999,,,,,,TID_DECO_GENERICFARM_DESCRIPTION,TID_DECO_FROZEN_BLOCK,,,,,,TapDecorationGeneric,,,,,,,,,,,,,,,,
,,,,,,,,,,,,,,,,,,,,,,,,,,,,,,,,,,,,,,,,,,,
Tranquil pond,,,110,,1,0,,sc/decos01_generic.sc,tranquil_pond,,3,3,,999,,,,,,TID_DECO_GENERICFARM_DESCRIPTION,TID_DECO_TRANQUIL_POND,,,,,,TapDecorationGeneric,,,,,,,,,,,,,,,,
Fitness resolution,,,,,1,0,,sc/decos01_generic.sc,fitness_resolution,,1,2,,999,,,,,,TID_DECO_GENERICFARM_DESCRIPTION,TID_DECO_FITNESS_RESOLUTION,,,,,,TapDecorationGeneric,,,,,,,,,,,,,,,,
Smoothie operator,,,120,,1,0,,sc/decos01_generic.sc,smoothie_operator,,1,2,,999,,,,,,TID_DECO_GENERICFARM_DESCRIPTION,TID_DECO_SMOOTHIE_OPERATOR,,,,,,TapDecorationGeneric,,,,,,,,,,,,,,,,
Cleansing station,,,,,1,0,,sc/decos01_generic.sc,cleansing_station,,1,1,,999,,,,,,TID_DECO_GENERICFARM_DESCRIPTION,TID_DECO_CLEANSING_STATION,,,,,,TapDecorationGeneric,,,,,,,,,,,,,,,,
Workout spot,,,,,1,0,,sc/decos01_generic.sc,workout_spot,,1,1,,999,,,,,,TID_DECO_GENERICFARM_DESCRIPTION,TID_DECO_WORKOUT_SPOT,,,,,,TapDecorationGeneric,,,,,,,,,,,,,,,,
Puppy treadmill,,,120,,1,0,,sc/decos01_generic.sc,puppy_treadmill,,2,1,,999,,,,,,TID_DECO_GENERICFARM_DESCRIPTION,TID_DECO_PUPPY_TREADMILL,,,,,,TapDecorationGeneric,,,,,,,,,,,,,,,,
,,,,,,,,,,,,,,,,,,,,,,,,,,,,,,,,,,,,,,,,,,,
Cozy sauna,,,,,1,0,,sc/decos06_farmpass.sc,cozy_sauna,,2,2,,999,,,,,,TID_DECO_GENERICFARM_DESCRIPTION,TID_DECO_COZY_SAUNA,,,,,,TapDecorationGeneric,,,,,,,,,,,,,FP,,,
Skiing break,,,,,1,0,,sc/decos06_farmpass.sc,skiing_break,,2,1,,999,,,,,,TID_DECO_GENERICFARM_DESCRIPTION,TID_DECO_SKIING_BREAK,,,,,,TapDecorationGeneric,,,,,,,,,,,,,FPE,,,
Lovely music box,,,95,,1,0,,sc/decos06_farmpass.sc,lovely_music_box,,1,1,,999,,,,,,TID_DECO_GENERICFARM_DESCRIPTION,TID_DECO_LOVELY_MUSIC_BOX,,,,,,TapDecorationGeneric,,,,Valentines,,,,,,,,,FP,,,
Lovely typewriter,,,120,,1,0,,sc/decos06_farmpass.sc,lovely_typewriter,,2,2,,999,,,,,,TID_DECO_GENERICFARM_DESCRIPTION,TID_DECO_LOVELY_TYPEWRITER,,,,,,TapDecorationGeneric,,,,Valentines,,,,,,,,,FPE,,,
,,,,,,,,,,,,,,,,,,,,,,,,,,,,,,,,,,,,,,,,,,,
Neighborhood winter tree 1,,,,,1,0,,sc/nh_object.sc,nhobj_wintertree_1,,1,1,,999,,,,,,TID_DECO_GENERICFARM_DESCRIPTION,TID_DECO_NEIGHBORHOOD_WINTERTREE_1,,,,,,TapDecorationGeneric,,,,,,,,,,,,,NHObj,,,
Neighborhood winter tree 2,,,,,1,0,,sc/nh_object.sc,nhobj_wintertree_2,,2,2,,999,,,,,,TID_DECO_GENERICFARM_DESCRIPTION,TID_DECO_NEIGHBORHOOD_WINTERTREE_2,,,,,,TapDecorationGeneric,,,,,,,,,,,,,NHObj,,,
Neighborhood winter tree 3,,,,,1,0,,sc/nh_object.sc,nhobj_wintertree_3,,2,2,,999,,,,,,TID_DECO_GENERICFARM_DESCRIPTION,TID_DECO_NEIGHBORHOOD_WINTERTREE_3,,,,,,TapDecorationGeneric,,,,,,,,,,,,,NHObj,,,
Neighborhood winter tree 4,,,,,1,0,,sc/nh_object.sc,nhobj_wintertree_4,,3,3,,999,,,,,,TID_DECO_GENERICFARM_DESCRIPTION,TID_DECO_NEIGHBORHOOD_WINTERTREE_4,,,,,,TapDecorationGeneric,,,,,,,,,,,,,NHObj,,,
Neighborhood winter tree 5,,,,,1,0,,sc/nh_object.sc,nhobj_wintertree_5,,3,3,,999,,,,,,TID_DECO_GENERICFARM_DESCRIPTION,TID_DECO_NEIGHBORHOOD_WINTERTREE_5,,,,,,TapDecorationGeneric,,,,,,,,,,,,,NHObj,,,
,,,,,,,,,,,,,,,,,,,,,,,,,,,,,,,,,,,,,,,,,,,
Frozen willow,,,,,1,0,,sc/decos02_seasonal_winter.sc,frozen_willow,,1,1,,999,,,,,,TID_DECO_GENERICFARM_DESCRIPTION,TID_DECO_FROZEN_WILLOW,,,,,,TapDecorationGeneric,,,,,,,,,,,,,FP,,,
Large spruce,,,,,1,0,,sc/decos01_generic.sc,large_spruce,,1,1,,999,,,,,,TID_DECO_GENERICFARM_DESCRIPTION,TID_DECO_LARGE_SPRUCE,,,,,,TapDecorationGeneric,,,,,,,,,,,,,FPE,,,
Medium spruce,,,,,1,0,,sc/decos01_generic.sc,medium_spruce,,1,1,,999,,,,,,TID_DECO_GENERICFARM_DESCRIPTION,TID_DECO_MEDIUM_SPRUCE,,,,,,TapDecorationGeneric,,,,,,,,,,,,,,,,
Small spruce,,,,,1,0,,sc/decos01_generic.sc,small_spruce,,1,1,,999,,,,,,TID_DECO_GENERICFARM_DESCRIPTION,TID_DECO_SMALL_SPRUCE,,,,,,TapDecorationGeneric,,,,,,,,,,,,,,,,
Special pruned pine,,,,,1,0,,sc/decos02_seasonal_winter.sc,special_pruned_pine,,1,1,,999,,,,,,TID_DECO_GENERICFARM_DESCRIPTION,TID_DECO_SPECIAL_PRUNED_PINE,,,,,,TapDecorationGeneric,,,,,,,,,,,,,,,,
,,,,,,,,,,,,,,,,,,,,,,,,,,,,,,,,,,,,,,,,,,,
Cotton candy cart,,,,,1,0,,sc/decos02_seasonal_valentines.sc,cotton_candy_cart,,2,1,,999,,,,,,TID_DECO_GENERICFARM_DESCRIPTION,TID_DECO_COTTON_CANDY_CART,,,,,,TapDecorationGeneric,,,,Valentines,,,,,,,,,,,,
Boardgame night,,,125,,1,0,,sc/decos02_seasonal_valentines.sc,boardgame_night,,2,2,,999,,,,,,TID_DECO_GENERICFARM_DESCRIPTION,TID_DECO_BOARDGAME_NIGHT,,,,,,TapDecorationGeneric,,,,Valentines,,,,,,,,,,,,
TV night,,,120,,1,0,,sc/decos02_seasonal_valentines.sc,tv_night,,1,2,,999,,,,,,TID_DECO_GENERICFARM_DESCRIPTION,TID_DECO_TV_NIGHT,,,,,,TapDecorationGeneric,,,,Valentines,,,,,,,,,,,,
Karaoke night,,,130,,1,0,,sc/decos02_seasonal_valentines.sc,karaoke_night,,3,2,,999,,,,,,TID_DECO_GENERICFARM_DESCRIPTION,TID_DECO_KARAOKE_NIGHT,,,,,,TapDecorationGeneric,,,,Valentines,,,,,,,,,,,,
Gumball machine,,,,,1,0,,sc/decos02_seasonal_valentines.sc,gumball_machine,,1,1,,999,,,,,,TID_DECO_GENERICFARM_DESCRIPTION,TID_DECO_GUMBALL_MACHINE,,,,,,TapDecorationGeneric,,,,Valentines,,,,,,,,,,,,
Friendship bracelets,,,120,,1,0,,sc/decos02_seasonal_valentines.sc,friendship_bracelets,,1,2,,999,,,,,,TID_DECO_GENERICFARM_DESCRIPTION,TID_DECO_FRIENDSHIP_BRACELETS,,,,,,TapDecorationGeneric,,,,Valentines,,,,,,,,,,,,
Puppie surprise,,,130,,1,0,,sc/decos02_seasonal_valentines.sc,puppies_surprise,,2,2,,999,,,,,,TID_DECO_GENERICFARM_DESCRIPTION,TID_DECO_PUPPIE_SURPRISE,,,,,,TapDecorationGeneric,,,,Valentines,,,,,,,,,,,,
Puppy mail,,,,,1,0,,sc/decos02_seasonal_valentines.sc,puppy_mail,,1,1,,999,,,,,,TID_DECO_GENERICFARM_DESCRIPTION,TID_DECO_PUPPY_MAIL,,,,,,TapDecorationGeneric,,,,Valentines,,,,,,,,,,,,
Teddy love,,,125,,1,0,,sc/decos02_seasonal_valentines.sc,teddy_love,,1,1,,999,,,,,,TID_DECO_GENERICFARM_DESCRIPTION,TID_DECO_TEDDY_LOVE,,,,,,TapDecorationGeneric,,,,Valentines,,,,,,,,,,,,
Cupid practice,,,120,,1,0,,sc/decos02_seasonal_valentines.sc,cupid_practice,,2,1,,999,,,,,,TID_DECO_GENERICFARM_DESCRIPTION,TID_DECO_CUPID_PRACTICE,,,,,,TapDecorationGeneric,,,,Valentines,,,,,,,,,,,,
Selfie buddies,,,135,,1,0,,sc/decos02_seasonal_valentines.sc,selfie_buddies,,3,3,,999,,,,,,TID_DECO_GENERICFARM_DESCRIPTION,TID_DECO_SELFIE_BUDDIES,,,,,,TapDecorationGeneric,,,,Valentines,,,,,,,,,,,,
Soap bubbles,,,120,,1,0,,sc/decos02_seasonal_valentines.sc,soap_bubbles,,1,2,,999,,,,,,TID_DECO_GENERICFARM_DESCRIPTION,TID_DECO_SOAP_BUBBLES,,,,,,TapDecorationGeneric,,,,Valentines,,,,,,,,,,,,
Valentine's pedestal,,,,,1,0,,sc/decos02_seasonal_valentines.sc,valentine_pedestal,,1,1,,999,,,,,,TID_DECO_GENERICFARM_DESCRIPTION,TID_DECO_VALENTINES_PEDESTAL,,,,,,TapDecorationGeneric,,,,Valentines,,,,,,,,,,,,
Valentine's topiary,,,,,1,0,,sc/decos02_seasonal_valentines.sc,valentine_topiary,,1,1,,999,,,,,,TID_DECO_GENERICFARM_DESCRIPTION,TID_DECO_VALENTINES_TOPIARY,,,,,,TapDecorationGeneric,,,,Valentines,,,,,,,,,,,,
Yellow ipe,,,,,1,0,,sc/decos02_seasonal_valentines.sc,yellow_ipe,,1,1,,999,,,,,,TID_DECO_GENERICFARM_DESCRIPTION,TID_DECO_YELLOW_IPE,,,,,,TapDecorationGeneric,,,,,,,,,,,,,,,,
Yellow camellia,,,,,1,0,,sc/decos02_seasonal_valentines.sc,yellow_camelia,,1,1,,999,,,,,,TID_DECO_GENERICFARM_DESCRIPTION,TID_DECO_YELLOW_CAMELLIA,,,,,,TapDecorationGeneric,,,,,,,,,,,,,,,,
Purple maple,,,,,1,0,,sc/decos02_seasonal_valentines.sc,purple_maple,,1,1,,999,,,,,,TID_DECO_GENERICFARM_DESCRIPTION,TID_DECO_PURPLE_MAPLE,,,,,,TapDecorationGeneric,,,,,,,,,,,,,,,,
,,,,,,,,,,,,,,,,,,,,,,,,,,,,,,,,,,,,,,,,,,,
Round yard,,,,,1,0,,sc/decos02_seasonal_lunar_new_year.sc,round_yard,,4,4,,999,,,,,,TID_DECO_GENERICFARM_DESCRIPTION,TID_DECO_ROUND_YARD,,,,,,TapDecorationGeneric,,,,ChineseNewYear,,,,,,,,,,,,
Fire horse statue,,,,,1,0,,sc/decos02_seasonal_lunar_new_year.sc,fire_horse_statue,,1,2,,999,,,,,,TID_DECO_GENERICFARM_DESCRIPTION,TID_DECO_FIRE_HORSE_STATUE,,,,,,TapDecorationGeneric,,,,ChineseNewYear,,,,,TRUE,,,,,,,
Lunar obstacle,,,,,1,0,,sc/decos02_seasonal_lunar_new_year.sc,lunar_obstacle,,1,2,,999,,,,,,TID_DECO_GENERICFARM_DESCRIPTION,TID_DECO_LUNAR_OBSTACLE,,,,,,TapDecorationGeneric,,,,ChineseNewYear,,,,,,,,,,,,
Fireworks vendor,,,115,,1,0,,sc/decos02_seasonal_lunar_new_year.sc,fireworks_vendor,,2,2,,999,,,,,,TID_DECO_GENERICFARM_DESCRIPTION,TID_DECO_FIREWORKS_VENDOR,,,,,,TapDecorationGeneric,,,,ChineseNewYear,,,,,,,,,,,,
Trophy shelf,,,,,1,0,,sc/decos02_seasonal_lunar_new_year.sc,trophy_shelf,,1,2,,999,,,,,,TID_DECO_GENERICFARM_DESCRIPTION,TID_DECO_TROPHY_SHELF,,,,,,TapDecorationGeneric,,,,ChineseNewYear,,,,,,,,,,,,
Fireworks selection,,,,,1,0,,sc/decos02_seasonal_lunar_new_year.sc,fireworks_selection,,1,1,,999,,,,,,TID_DECO_GENERICFARM_DESCRIPTION,TID_DECO_FIREWORKS_SELECTION,,,,,,TapDecorationGeneric,,,,ChineseNewYear,,,,,,,,,,,,
,,,,,,,,,,,,,,,,,,,,,,,,,,,,,,,,,,,,,,,,,,,
Wooden letter H,,,,,1,0,,sc/decos01_generic.sc,woodenletter_h,,1,1,,999,,,,,,TID_DECO_GENERICFARM_DESCRIPTION,TID_DECO_WOODEN_LETTER_H,,,,,,TapDecorationGeneric,,,,,,,,,,,,,,,,
Wooden letter A,,,,,1,0,,sc/decos01_generic.sc,woodenletter_a,,1,1,,999,,,,,,TID_DECO_GENERICFARM_DESCRIPTION,TID_DECO_WOODEN_LETTER_A,,,,,,TapDecorationGeneric,,,,,,,,,,,,,,,,
Wooden letter Y,,,,,1,0,,sc/decos01_generic.sc,woodenletter_y,,1,1,,999,,,,,,TID_DECO_GENERICFARM_DESCRIPTION,TID_DECO_WOODEN_LETTER_Y,,,,,,TapDecorationGeneric,,,,,,,,,,,,,,,,
Wooden letter D,,,,,1,0,,sc/decos01_generic.sc,woodenletter_d,woodenletter_d_mirrored,1,1,,999,,,,,,TID_DECO_GENERICFARM_DESCRIPTION,TID_DECO_WOODEN_LETTER_D,,,,,,TapDecorationGeneric,,,,,,,,,,,,,,,,
,,,,,,,,,,,,,,,,,,,,,,,,,,,,,,,,,,,,,,,,,,,
Spring picnic,,,,,1,0,,sc/decos02_seasonal_easter.sc,spring_picnic,,3,3,,999,,,,,,TID_DECO_GENERICFARM_DESCRIPTION,TID_DECO_SPRING_PICNIC,,,,,,TapDecorationGeneric,,,,Easter,,,,,,,,,,,,
Spring lounge chair,,,,,1,0,,sc/decos02_seasonal_easter.sc,spring_lounge_chair,,1,1,,999,,,,,,TID_DECO_GENERICFARM_DESCRIPTION,TID_DECO_SPRING_LOUNGE_CHAIR,,,,,,TapDecorationGeneric,,,,Easter,,,,,,,,,,,,
Pink bow tree,,,,,1,0,,sc/decos02_seasonal_easter.sc,pink_bow_tree,,1,1,,999,,,,,,TID_DECO_GENERICFARM_DESCRIPTION,TID_DECO_PINK_BOW_TREE,,,,,,TapDecorationGeneric,,,,Easter,,,,,,,,,,,,
Green bow tree,,,,,1,0,,sc/decos02_seasonal_easter.sc,green_bow_tree,,1,1,,999,,,,,,TID_DECO_GENERICFARM_DESCRIPTION,TID_DECO_GREEN_BOW_TREE,,,,,,TapDecorationGeneric,,,,Easter,,,,,,,,,,,,
Chocolate statue,,,,,1,0,,sc/decos02_seasonal_easter.sc,chocolate_statue,,1,1,,999,,,,,,TID_DECO_GENERICFARM_DESCRIPTION,TID_DECO_CHOCOLATE_STATUE,,,,,,TapDecorationGeneric,,,,Easter,,,,,,,,,,,,
Chocolatier,,,115,,1,0,,sc/decos02_seasonal_easter.sc,chocolatier,,3,2,,999,,,,,,TID_DECO_GENERICFARM_DESCRIPTION,TID_DECO_CHOCOLATIER,,,,,,TapDecorationGeneric,,,,Easter,,,,,,,,,,,,
,,,,,,,,,,,,,,,,,,,,,,,,,,,,,,,,,,,,,,,,,,,
Her code,,,120,,1,0,,sc/decos06_farmpass.sc,her_code,,2,1,,999,,,,,,TID_DECO_GENERICFARM_DESCRIPTION,TID_DECO_HER_CODE,,,,,,TapDecorationGeneric,,,,,,,,,,,,,FP,,,
Her park,,,140,,1,0,,sc/decos06_farmpass.sc,her_park,,3,2,,999,,,,,,TID_DECO_GENERICFARM_DESCRIPTION,TID_DECO_HER_PARK,,,,,,TapDecorationGeneric,,,,,,,,,,,,,FPE,,,
,,,,,,,,,,,,,,,,,,,,,,,,,,,,,,,,,,,,,,,,,,,
Crescent oasis,,,,,1,0,,sc/decos02_seasonal.sc,crescent_oasis,,2,2,,999,,,,,,TID_DECO_GENERICFARM_DESCRIPTION,TID_DECO_CRESCENT_OASIS,,,,,,TapDecorationGeneric,,,,,,,,,,,,,,,,
Crescent picnic,,,120,,1,0,,sc/decos02_seasonal.sc,crescent_picnic,,2,2,,999,,,,,,TID_DECO_GENERICFARM_DESCRIPTION,TID_DECO_CRESCENT_PICNIC,,,,,,TapDecorationGeneric,,,,,,,,,,,,,,,,
,,,,,,,,,,,,,,,,,,,,,,,,,,,,,,,,,,,,,,,,,,,
Nursing Icon,,,115,,1,0,,sc/decos02_seasonal_spring.sc,nursing_icon,,2,2,,999,,,,,,TID_DECO_GENERICFARM_DESCRIPTION,TID_DECO_NURSING_ICON,,,,,,TapDecorationGeneric,,,,,,,,,,,,,,,,
Justice Icon,,,115,,1,0,,sc/decos02_seasonal.sc,justice_icon,,1,1,,999,,,,,,TID_DECO_GENERICFARM_DESCRIPTION,TID_DECO_JUSTICE_ICON,,,,,,TapDecorationGeneric,,,,,,,,,,,,,,,,
Artistic Icon,,,,,1,0,,sc/decos02_seasonal.sc,artistic_icon,,1,2,,999,,,,,,TID_DECO_GENERICFARM_DESCRIPTION,TID_DECO_ARTISTIC_ICON,,,,,,TapDecorationGeneric,,,,,,,,,,,,,,,,
Fashion Icon,,,,,1,0,,sc/decos02_seasonal.sc,fashion_icon,,1,2,,999,,,,,,TID_DECO_GENERICFARM_DESCRIPTION,TID_DECO_FASHION_ICON,,,,,,TapDecorationGeneric,,,,,,,,,,,,,,,,
Egyptian Icon,,,115,,1,0,,sc/decos02_seasonal.sc,egyptian_icon,,4,3,,999,,,,,,TID_DECO_GENERICFARM_DESCRIPTION,TID_DECO_EGYPTIAN_ICON,,,,,,TapDecorationGeneric,,,,,,,,,,,,,,,,
Soul Icon,,,115,,1,0,,sc/decos02_seasonal.sc,soul_icon,,2,2,,999,,,,,,TID_DECO_GENERICFARM_DESCRIPTION,TID_DECO_SOUL_ICON,,,,,,TapDecorationGeneric,,,,,,,,,,,,,,,,
,,,,,,,,,,,,,,,,,,,,,,,,,,,,,,,,,,,,,,,,,,,
Festival of colors,,,120,,1,0,,sc/decos02_seasonal.sc,festival_of_colors,,2,3,,999,,,,,,TID_DECO_GENERICFARM_DESCRIPTION,TID_DECO_FESTIVAL_OF_COLORS,,,,,,TapDecorationGeneric,,,,,,,,,,,,,,,,
Pigment piles,,,,,1,0,,sc/decos02_seasonal.sc,pigment_piles,,1,2,,999,,,,,,TID_DECO_GENERICFARM_DESCRIPTION,TID_DECO_PIGMENT_PILES,,,,,,TapDecorationGeneric,,,,,,,,,,,,,,,,
Colorful dance,,,120,,1,0,,sc/decos02_seasonal.sc,colorful_dance,,2,2,,999,,,,,,TID_DECO_GENERICFARM_DESCRIPTION,TID_DECO_COLORFUL_DANCE,,,,,,TapDecorationGeneric,,,,,,,,,,,,,,,,
Festival treats,,,120,,1,0,,sc/decos02_seasonal.sc,festival_treats,,1,2,,999,,,,,,TID_DECO_GENERICFARM_DESCRIPTION,TID_DECO_FESTIVAL_TREATS,,,,,,TapDecorationGeneric,,,,,,,,,,,,,,,,
Festival chair,,,115,,1,0,,sc/decos02_seasonal.sc,festival_chair,,1,1,,999,,,,,,TID_DECO_GENERICFARM_DESCRIPTION,TID_DECO_FESTIVAL_CHAIR,,,,,,TapDecorationGeneric,,,,,,,,,,,,,,,,
,,,,,,,,,,,,,,,,,,,,,,,,,,,,,,,,,,,,,,,,,,,
Bunny pond,,,140,,1,0,,sc/decos06_farmpass.sc,bunny_pond,,2,2,,999,,,,,,TID_DECO_GENERICFARM_DESCRIPTION,TID_DECO_BUNNY_POND,,,,,,TapDecorationGeneric,,,,,,,,,,,,,FP,,,
Eggspected guest,,,110,,1,0,,sc/decos06_farmpass.sc,eggspected_guest,,2,1,,999,,,,,,TID_DECO_GENERICFARM_DESCRIPTION,TID_DECO_EGGSPECTED_GUEST,,,,,,TapDecorationGeneric,,,,,,,,,,,,,FPE,,,
,,,,,,,,,,,,,,,,,,,,,,,,,,,,,,,,,,,,,,,,,,,
Large longleaf pine,,,,,1,0,,sc/decos01_generic.sc,longleaf_pine_large,,1,1,,999,,,,,,TID_DECO_GENERICFARM_DESCRIPTION,TID_DECO_LARGE_LONGLEAF_PINE,,,,,,TapDecorationGeneric,,,,,,,,,,,,,,,,
Medium longleaf pine,,,,,1,0,,sc/decos01_generic.sc,longleaf_pine_medium,,1,1,,999,,,,,,TID_DECO_GENERICFARM_DESCRIPTION,TID_DECO_MEDIUM_LONGLEAF_PINE,,,,,,TapDecorationGeneric,,,,,,,,,,,,,,,,
Small longleaf pine,,,,,1,0,,sc/decos01_generic.sc,longleaf_pine_small,,1,1,,999,,,,,,TID_DECO_GENERICFARM_DESCRIPTION,TID_DECO_SMALL_LONGLEAF_PINE,,,,,,TapDecorationGeneric,,,,,,,,,,,,,,,,
,,,,,,,,,,,,,,,,,,,,,,,,,,,,,,,,,,,,,,,,,,,
King frog rock,,,115,,1,0,,sc/decos02_seasonal.sc,king_of_frogs,,3,3,,999,,,,,,TID_DECO_GENERICFARM_DESCRIPTION,TID_DECO_KING_FROG_ROCK,,,,,,TapDecorationGeneric,,,,,,,,,,,,,,,,
Prospector pond,,,115,,1,0,,sc/decos02_seasonal.sc,prospector_pond,,2,3,,999,,,,,,TID_DECO_GENERICFARM_DESCRIPTION,TID_DECO_PROSPECTOR_POND,,,,,,TapDecorationGeneric,,,,,,,,,,,,,,,,
Playful chase,,,110,,1,0,,sc/decos02_seasonal.sc,playful_chase,,2,3,,999,,,,,,TID_DECO_GENERICFARM_DESCRIPTION,TID_DECO_PLAYFUL_CHASE,,,,,,TapDecorationGeneric,,,,,,,,,,,,,,,,
Azure wisteria,,,,,1,0,,sc/decos02_seasonal.sc,azure_wisteria,,1,1,,999,,,,,,TID_DECO_GENERICFARM_DESCRIPTION,TID_DECO_AZURE_WISTERIA,,,,,,TapDecorationGeneric,,,,,,,,,,,,,,,,
Stacked rock,,,,,1,0,,sc/decos02_seasonal.sc,stacked_rock,,2,2,,999,,,,,,TID_DECO_GENERICFARM_DESCRIPTION,TID_DECO_STACKED_ROCK,,,,,,TapDecorationGeneric,,,,,,,,,,,,,,,,
Wildflower patch,,,,,1,0,,sc/decos02_seasonal.sc,wildflower_patch,,1,1,,999,,,,,,TID_DECO_GENERICFARM_DESCRIPTION,TID_DECO_WILDFLOWER_PATCH,,,,,,TapDecorationGeneric,,,,,,,,,,,,,,,,
Dark hellebores,,,,,1,0,,sc/decos02_seasonal.sc,dark_hellebores,,1,2,,999,,,,,,TID_DECO_GENERICFARM_DESCRIPTION,TID_DECO_DARK_HELLEBORES,,,,,,TapDecorationGeneric,,,,,,,,,,,,,,,,
,,,,,,,,,,,,,,,,,,,,,,,,,,,,,,,,,,,,,,,,,,,
Scaly juniper,,,,,1,0,,sc/decos01_generic.sc,scaly_juniper,,1,1,,999,,,,,,TID_DECO_GENERICFARM_DESCRIPTION,TID_DECO_SCALY_JUNIPER,,,,,,TapDecorationGeneric,,,,,,,,,,,,,,,,
White grape hyacinth,,,,,1,0,,sc/decos01_generic.sc,white_grape_hyacinth,,1,1,,999,,,,,,TID_DECO_GENERICFARM_DESCRIPTION,TID_DECO_WHITE_GRAPE_HYACINTH,,,,,,TapDecorationGeneric,,,,,,,,,,,,,,,,
,,,,,,,,,,,,,,,,,,,,,,,,,,,,,,,,,,,,,,,,,,,
Science Icon,,,120,,1,0,,sc/decos02_seasonal.sc,science_icon,,2,1,,999,,,,,,TID_DECO_GENERICFARM_DESCRIPTION,TID_DECO_SCIENCE_ICON,,,,,,TapDecorationGeneric,,,,,,,,,,,,,,,,
,,,,,,,,,,,,,,,,,,,,,,,,,,,,,,,,,,,,,,,,,,,
Sow much fun,,,,,1,0,,sc/decos02_seasonal.sc,sow_much_fun,,2,4,,999,,,,,,TID_DECO_GENERICFARM_DESCRIPTION,TID_DECO_SOW_MUCH_FUN,,,,,,TapDecorationGeneric,,,,,,,,,,,,,,,,
Hay fever,,,,,1,0,,sc/decos02_seasonal.sc,hay_fever,,2,2,,999,,,,,,TID_DECO_GENERICFARM_DESCRIPTION,TID_DECO_HAY_FEVER,,,,,,TapDecorationGeneric,,,,,,,,,,,,,,,,
Flower crown,,,90,,1,0,,sc/decos02_seasonal.sc,flower_crown,,1,1,,999,,,,,,TID_DECO_GENERICFARM_DESCRIPTION,TID_DECO_FLOWER_CROWN,,,,,,TapDecorationGeneric,,,,,,,,,,,,,,,,
Uneggspected gift,,,130,,1,0,,sc/decos02_seasonal.sc,uneggspected_gift,,5,5,,999,,,,,,TID_DECO_GENERICFARM_DESCRIPTION,TID_DECO_UNEGGSPECTED_GIFT,,,,,,TapDecorationGeneric,,,,,,,,,,,,,,,,
Mud madness,,,130,,1,0,,sc/decos02_seasonal.sc,mud_madness,,2,3,,999,,,,,,TID_DECO_GENERICFARM_DESCRIPTION,TID_DECO_MUD_MADNESS,,,,,,TapDecorationGeneric,,,,,,,,,,,,,,,,
Cart delivery,,,115,,1,0,,sc/decos02_seasonal.sc,cart_delivery,,3,2,,999,,,,,,TID_DECO_GENERICFARM_DESCRIPTION,TID_DECO_CART_DELIVERY,,,,,,TapDecorationGeneric,,,,,,,,,,,,,,,,
Eggstra surprise,,,,,1,0,,sc/decos02_seasonal.sc,eggstra_surprise,,2,1,,999,,,,,,TID_DECO_GENERICFARM_DESCRIPTION,TID_DECO_EGGSTRA_SURPRISE,,,,,,TapDecorationGeneric,,,,,,,,,,,,,,,,
Milk run,,,,,1,0,,sc/decos02_seasonal.sc,milk_run,,3,1,,999,,,,,,TID_DECO_GENERICFARM_DESCRIPTION,TID_DECO_MILK_RUN,,,,,,TapDecorationGeneric,,,,,,,,,,,,,,,,
,,,,,,,,,,,,,,,,,,,,,,,,,,,,,,,,,,,,,,,,,,,
River cleanup,,,,,1,0,,sc/decos02_seasonal.sc,river_cleanup,,3,2,,999,,,,,,TID_DECO_GENERICFARM_DESCRIPTION,TID_DECO_RIVER_CLEANUP,,,,,,TapDecorationGeneric,,,,,,,,,,,,,,,,
Beach cleanup,,,,,1,0,,sc/decos02_seasonal.sc,beach_cleanup,,2,2,,999,,,,,,TID_DECO_GENERICFARM_DESCRIPTION,TID_DECO_BEACH_CLEANUP,,,,,,TapDecorationGeneric,,,,,,,,,,,,,,,,
Upcycled swordfish,,,,,1,0,,sc/decos02_seasonal.sc,upcycled_swordfish,,1,1,,999,,,,,,TID_DECO_GENERICFARM_DESCRIPTION,TID_DECO_UPCYCLED_SWORDFISH,,,,,,TapDecorationGeneric,,,,,,,,,,,,,,,,
Recycling truck,,,,,1,0,,sc/decos02_seasonal.sc,recycling_truck,,2,4,,999,,,,,,TID_DECO_GENERICFARM_DESCRIPTION,TID_DECO_RECYCLING_TRUCK,,,,,,TapDecorationGeneric,,,,,,,,,,,,,,,,
Bottle upcycling,,,,,1,0,,sc/decos02_seasonal.sc,bottle_upcycling,,2,1,,999,,,,,,TID_DECO_GENERICFARM_DESCRIPTION,TID_DECO_BOTTLE_UPCYCLING,,,,,,TapDecorationGeneric,,,,,,,,,,,,,,,,
Sorting station,,,,,1,0,,sc/decos02_seasonal.sc,sorting_station,,2,2,,999,,,,,,TID_DECO_GENERICFARM_DESCRIPTION,TID_DECO_SORTING_STATION,,,,,,TapDecorationGeneric,,,,,,,,,,,,,,,,
,,,,,,,,,,,,,,,,,,,,,,,,,,,,,,,,,,,,,,,,,,,
Splash exchange,,,120,,1,0,,sc/decos02_seasonal.sc,splash_exchange,,3,3,,999,,,,,,TID_DECO_GENERICFARM_DESCRIPTION,TID_DECO_SPLASH_EXCHANGE,,,,,,TapDecorationGeneric,,,,,,,,,,,,,,,,
,,,,,,,,,,,,,,,,,,,,,,,,,,,,,,,,,,,,,,,,,,,
Polished words,,,,,1,0,,sc/decos07_valley.sc,polished_words,,1,1,,999,,,,,,TID_DECO_GENERICFARM_DESCRIPTION,TID_DECO_POLISHED_WORDS,,,,,,TapDecorationGeneric,,,,,,,,,,,,,,,,
Friendly dragon,,,,,1,0,,sc/decos07_valley.sc,friendly_dragon,,2,1,,999,,,,,,TID_DECO_GENERICFARM_DESCRIPTION,TID_DECO_FRIENDLY_DRAGON,,,,,,TapDecorationGeneric,,,,,,,,,,,,,,,,
,,,,,,,,,,,,,,,,,,,,,,,,,,,,,,,,,,,,,,,,,,,
Woolly shuffle,,,130,,1,0,,sc/decos02_seasonal_spring.sc,woolly_shuffle,,2,2,,999,,,,,,TID_DECO_GENERICFARM_DESCRIPTION,TID_DECO_WOOLLY_SHUFFLE,,,,,,TapDecorationGeneric,,,,,,,,,,,,,,,,
Lamb topiary,,,,,1,0,,sc/decos02_seasonal_spring.sc,lamb_topiary,,1,2,,999,,,,,,TID_DECO_GENERICFARM_DESCRIPTION,TID_DECO_LAMB_TOPIARY,,,,,,TapDecorationGeneric,,,,,,,,,,,,,,,,
Tender care,,,,,1,0,,sc/decos02_seasonal_spring.sc,tender_care,,1,1,,999,,,,,,TID_DECO_GENERICFARM_DESCRIPTION,TID_DECO_TENDER_CARE,,,,,,TapDecorationGeneric,,,,,,,,,,,,,,,,
Woolly rest,,,,,1,0,,sc/decos02_seasonal_spring.sc,woolly_rest,,1,2,,999,,,,,,TID_DECO_GENERICFARM_DESCRIPTION,TID_DECO_WOOLLY_REST,,,,,,TapDecorationGeneric,,,,,,,,,,,,,,,,
,,,,,,,,,,,,,,,,,,,,,,,,,,,,,,,,,,,,,,,,,,,
Lantern temple,,,130,,1,0,,sc/decos02_seasonal_lunar_new_year.sc,lantern_temple,,3,3,,999,,,,,,TID_DECO_GENERICFARM_DESCRIPTION,TID_DECO_LANTERN_TEMPLE,,,,,,TapDecorationGeneric,,,,,,,,,,,,,,,,
Azalea,,,,,1,0,,sc/decos02_seasonal_lunar_new_year.sc,azalea,,1,1,,999,,,,,,TID_DECO_GENERICFARM_DESCRIPTION,TID_DECO_AZALEA,,,,,,TapDecorationGeneric,,,,,,,,,,,,,,,,
Mask stand,,,,,1,0,,sc/decos02_seasonal_lunar_new_year.sc,mask_stand,,1,2,,999,,,,,,TID_DECO_GENERICFARM_DESCRIPTION,TID_DECO_MASK_STAND,,,,,,TapDecorationGeneric,,,,,,,,,,,,,,,,
Flower field,,,130,,1,0,,sc/decos02_seasonal_lunar_new_year.sc,flower_field,,3,2,,999,,,,,,TID_DECO_GENERICFARM_DESCRIPTION,TID_DECO_FLOWER_FIELD,,,,,,TapDecorationGeneric,,,,,,,,,,,,,,,,
Lantern procession,,,,,1,0,,sc/decos02_seasonal_lunar_new_year.sc,lantern_procession,,1,2,,999,,,,,,TID_DECO_GENERICFARM_DESCRIPTION,TID_DECO_LANTERN_PROCESSION,,,,,,TapDecorationGeneric,,,,,,,,,,,,,,,,
,,,,,,,,,,,,,,,,,,,,,,,,,,,,,,,,,,,,,,,,,,,
Cascade pond,,,120,,1,0,,sc/decos02_seasonal_spring.sc,cascade_pond,,3,3,,999,,,,,,TID_DECO_GENERICFARM_DESCRIPTION,TID_DECO_CASCADE_POND,,,,,,TapDecorationGeneric,,,,,,,,,,,,,,,,
Counting lambs,,,110,,1,0,,sc/decos02_seasonal_spring.sc,counting_lambs,,2,3,,999,,,,,,TID_DECO_GENERICFARM_DESCRIPTION,TID_DECO_COUNTING_LAMBS,,,,,,TapDecorationGeneric,,,,,,,,,,,,,,,,
Peaceful meadow,,,,,1,0,,sc/decos02_seasonal_spring.sc,peaceful_meadow,,2,2,,999,,,,,,TID_DECO_GENERICFARM_DESCRIPTION,TID_DECO_PEACEFUL_MEADOW,,,,,,TapDecorationGeneric,,,,,,,,,,,,,,,,
Finding balance,,,,,1,0,,sc/decos02_seasonal_spring.sc,finding_balance,,1,1,,999,,,,,,TID_DECO_GENERICFARM_DESCRIPTION,TID_DECO_FINDING_BALANCE,,,,,,TapDecorationGeneric,,,,,,,,,,,,,,,,
Songbird pond,,,,,1,0,,sc/decos02_seasonal_spring.sc,songbird_pond,,2,2,,999,,,,,,TID_DECO_GENERICFARM_DESCRIPTION,TID_DECO_SONGBIRD_POND,,,,,,TapDecorationGeneric,,,,,,,,,,,,,,,,
Peaceful bench,,,,,1,0,,sc/decos02_seasonal_spring.sc,peaceful_bench,,1,2,,999,,,,,,TID_DECO_GENERICFARM_DESCRIPTION,TID_DECO_PEACEFUL_BENCH,,,,,,TapDecorationGeneric,,,,,,,,,,,,,,,,
Water wheel,,,,,1,0,,sc/decos02_seasonal_spring.sc,water_wheel,,2,1,,999,,,,,,TID_DECO_GENERICFARM_DESCRIPTION,TID_DECO_WATER_WHEEL,,,,,,TapDecorationGeneric,,,,,,,,,,,,,,,,
Eggspressive minds,,,,,1,0,,sc/decos06_farmpass.sc,eggspressive_minds,,1,1,,999,,,,,,TID_DECO_GENERICFARM_DESCRIPTION,TID_DECO_EGGSPRESSIVE_MINDS,,,,,,TapDecorationGeneric,,,,,,,,,,,,,FP,,,
Peaceful pond,,,110,,1,0,,sc/decos06_farmpass.sc,peaceful_pond,,2,2,,999,,,,,,TID_DECO_GENERICFARM_DESCRIPTION,TID_DECO_PEACEFUL_POND,,,,,,TapDecorationGeneric,,,,,,,,,,,,,FPE,,,
,,,,,,,,,,,,,,,,,,,,,,,,,,,,,,,,,,,,,,,,,,,
Yellow tecoma,,,,,1,0,,sc/decos01_generic.sc,yellow_tecoma,,1,1,,999,,,,,,TID_DECO_GENERICFARM_DESCRIPTION,TID_DECO_YELLOW_TECOMA,,,,,,TapDecorationGeneric,,,,,,,,,,,,,,,,
Red tecoma,,,,,1,0,,sc/decos01_generic.sc,red_tecoma,,1,1,,999,,,,,,TID_DECO_GENERICFARM_DESCRIPTION,TID_DECO_RED_TECOMA,,,,,,TapDecorationGeneric,,,,,,,,,,,,,,,,
Pink tecoma,,,,,1,0,,sc/decos01_generic.sc,pink_tecoma,,1,1,,999,,,,,,TID_DECO_GENERICFARM_DESCRIPTION,TID_DECO_PINK_TECOMA,,,,,,TapDecorationGeneric,,,,,,,,,,,,,,,,
Magenta bougainvillea,,,,,1,0,,sc/decos01_generic.sc,magenta_bougainvillea,,1,1,,999,,,,,,TID_DECO_GENERICFARM_DESCRIPTION,TID_DECO_MAGENTA_BOUGAINVILLEA,,,,,,TapDecorationGeneric,,,,,,,,,,,,,,,,
Yellow bougainvillea,,,,,1,0,,sc/decos01_generic.sc,yellow_bougainvillea,,1,1,,999,,,,,,TID_DECO_GENERICFARM_DESCRIPTION,TID_DECO_YELLOW_BOUGAINVILLEA,,,,,,TapDecorationGeneric,,,,,,,,,,,,,,,,
Purple bougainvillea,,,,,1,0,,sc/decos01_generic.sc,purple_bougainvillea,,1,1,,999,,,,,,TID_DECO_GENERICFARM_DESCRIPTION,TID_DECO_PURPLE_BOUGAINVILLEA,,,,,,TapDecorationGeneric,,,,,,,,,,,,,,,,
White rhododendron,,,,,1,0,,sc/decos01_generic.sc,white_rhododendron,,1,1,,999,,,,,,TID_DECO_GENERICFARM_DESCRIPTION,TID_DECO_WHITE_RHODODENDRON,,,,,,TapDecorationGeneric,,,,,,,,,,,,,,,,
Pink rhododendron,,,,,1,0,,sc/decos01_generic.sc,pink_rhododendron,,1,1,,999,,,,,,TID_DECO_GENERICFARM_DESCRIPTION,TID_DECO_PINK_RHODODENDRON,,,,,,TapDecorationGeneric,,,,,,,,,,,,,,,,
Purple rhododendron,,,,,1,0,,sc/decos01_generic.sc,purple_rhododendron,,1,1,,999,,,,,,TID_DECO_GENERICFARM_DESCRIPTION,TID_DECO_PURPLE_RHODODENDRON,,,,,,TapDecorationGeneric,,,,,,,,,,,,,,,,
,,,,,,,,,,,,,,,,,,,,,,,,,,,,,,,,,,,,,,,,,,,
Harvest shelter,,,,,1,0,,sc/decos01_generic.sc,harvest_shelter,,3,3,,999,,,,,,TID_DECO_GENERICFARM_DESCRIPTION,TID_DECO_HARVEST_SHELTER,,,,,,TapDecorationGeneric,,,,,,,,,,,,,,,,
Hay wagon,,,,,1,0,,sc/decos01_generic.sc,hay_wagon,,1,3,,999,,,,,,TID_DECO_GENERICFARM_DESCRIPTION,TID_DECO_HAY_WAGON,,,,,,TapDecorationGeneric,,,,,,,,,,,,,,,,
Corn thresher,,,,,1,0,,sc/decos01_generic.sc,corn_thresher,,1,2,,999,,,,,,TID_DECO_GENERICFARM_DESCRIPTION,TID_DECO_CORN_THRESHER,,,,,,TapDecorationGeneric,,,,,,,,,,,,,,,,
Hay bale bear,,,,,1,0,,sc/decos01_generic.sc,hay_bale_bear,,2,2,,999,,,,,,TID_DECO_GENERICFARM_DESCRIPTION,TID_DECO_HAY_BALE_BEAR,,,,,,TapDecorationGeneric,,,,,,,,,,,,,,,,
Harvest trailer,,,,,1,0,,sc/decos01_generic.sc,harvest_trailer,,2,3,,999,,,,,,TID_DECO_GENERICFARM_DESCRIPTION,TID_DECO_HARVEST_TRAILER,,,,,,TapDecorationGeneric,,,,,,,,,,,,,,,,
Pig paradise,,,110,,1,0,,sc/decos01_generic.sc,pig_paradise,,2,2,,999,,,,,,TID_DECO_GENERICFARM_DESCRIPTION,TID_DECO_PIG_PARADISE,,,,,,TapDecorationGeneric,,,,,,,,,,,,,,,,
Farm hands lunch,,,,,1,0,,sc/decos01_generic.sc,farm_hands_lunch,,2,1,,999,,,,,,TID_DECO_GENERICFARM_DESCRIPTION,TID_DECO_FARM_HANDS_LUNCH,,,,,,TapDecorationGeneric,,,,,,,,,,,,,,,,
,,,,,,,,,,,,,,,,,,,,,,,,,,,,,,,,,,,,,,,,,,,
Neighborhood spring treehouse 1,,,,,1,0,,sc/nh_object.sc,nhobj_springtreehouse_1,,3,3,,999,,,,,,TID_DECO_GENERICFARM_DESCRIPTION,TID_DECO_NEIGHBORHOOD_SPRINGTREEHOUSE_1,,,,,,TapDecorationGeneric,,,,,,,,,,,,,NHObj,,,
Neighborhood spring treehouse 2,,,,,1,0,,sc/nh_object.sc,nhobj_springtreehouse_2,,3,3,,999,,,,,,TID_DECO_GENERICFARM_DESCRIPTION,TID_DECO_NEIGHBORHOOD_SPRINGTREEHOUSE_2,,,,,,TapDecorationGeneric,,,,,,,,,,,,,NHObj,,,
Neighborhood spring treehouse 3,,,,,1,0,,sc/nh_object.sc,nhobj_springtreehouse_3,,3,3,,999,,,,,,TID_DECO_GENERICFARM_DESCRIPTION,TID_DECO_NEIGHBORHOOD_SPRINGTREEHOUSE_3,,,,,,TapDecorationGeneric,,,,,,,,,,,,,NHObj,,,
,,,,,,,,,,,,,,,,,,,,,,,,,,,,,,,,,,,,,,,,,,,
Great hatchini,,,,,1,0,,sc/seasonal_creatures.sc,great_hatchini,,1,1,,999,,,,,,TID_DECO_GENERICFARM_DESCRIPTION,TID_DECO_GREAT_HATCHINI,,,,,,TapDecorationGeneric,,,,,,,,,,,,,,,,
Sneaky beaks,,,85,TRUE,1,0,,sc/seasonal_creatures.sc,sneaky_beaks,,2,2,,999,,,,,,TID_DECO_GENERICFARM_DESCRIPTION,TID_DECO_SNEAKY_BEAK,,,,,,TapDecorationGeneric,,,,,,,,,,,,,,,,
TNTilly,,,,TRUE,1,0,,sc/seasonal_creatures.sc,tntilly,,2,2,,999,,,,,,TID_DECO_GENERICFARM_DESCRIPTION,TID_DECO_TNTILLY,,,,,,TapDecorationGeneric,,,,,,,,,,,,,,,,
Tiny Tom,,,,,1,0,,sc/seasonal_creatures.sc,tiny_tom,,1,1,,999,,,,,,TID_DECO_GENERICFARM_DESCRIPTION,TID_DECO_TINY_TOM,,,,,,TapDecorationGeneric,,,,,,,,,,,,,,,,
Capy cowboy,,,,,1,0,,sc/seasonal_creatures.sc,capy_cowboy,,2,1,,999,,,,,,TID_DECO_GENERICFARM_DESCRIPTION,TID_DECO_CAPY_COWBOY,,,,,,TapDecorationGeneric,,,,,,,,,,,,,,,,
Chickzilla,,,,,1,0,,sc/seasonal_creatures.sc,chickzilla,,2,2,,999,,,,,,TID_DECO_GENERICFARM_DESCRIPTION,TID_DECO_CHICKZILLA,,,,,,TapDecorationGeneric,,,,,,,,,,,,,,,,
Average Chickzilla,,,,,1,0,,sc/seasonal_creatures.sc,average_chickzilla,,1,1,,999,,,,,,TID_DECO_GENERICFARM_DESCRIPTION,TID_DECO_AVERAGE_CHICKZILLA,,,,,,TapDecorationGeneric,,,,,,,,,,,,,,,,
Beaktiste,,,,,1,0,,sc/seasonal_creatures.sc,beaktiste,,1,1,,999,,,,,,TID_DECO_GENERICFARM_DESCRIPTION,TID_DECO_BEAKTISTE,,,,,,TapDecorationGeneric,,,,,,,,,,,,,,,,
,,,,,,,,,,,,,,,,,,,,,,,,,,,,,,,,,,,,,,,,,,,
First aid training,,,110,,1,0,,sc/decos01_generic.sc,first_aid_training,,3,3,,999,,,,,,TID_DECO_GENERICFARM_DESCRIPTION,TID_DECO_FIRST_AID_TRAINING,,,,,,TapDecorationGeneric,,,,,,,,,,,,,,,,
Scout headquarters,,,,,1,0,,sc/decos01_generic.sc,scout_headquarters,,2,2,,999,,,,,,TID_DECO_GENERICFARM_DESCRIPTION,TID_DECO_SCOUT_HEADQUARTERS,,,,,,TapDecorationGeneric,,,,,,,,,,,,,,,,
Camp entrance,,,110,,1,0,,sc/decos01_generic.sc,camp_entrance,,3,1,,999,,,,,,TID_DECO_GENERICFARM_DESCRIPTION,TID_DECO_CAMP_ENTRANCE,,,,,,TapDecorationGeneric,,,,,,,,,,,,,,,,
Selling cookies,,,,,1,0,,sc/decos01_generic.sc,selling_cookies,,1,2,,999,,,,,,TID_DECO_GENERICFARM_DESCRIPTION,TID_DECO_SELLING_COOKIES,,,,,,TapDecorationGeneric,,,,,,,,,,,,,,,,
Bugle call,,,,,1,0,,sc/decos01_generic.sc,bugle_call,,1,1,,999,,,,,,TID_DECO_GENERICFARM_DESCRIPTION,TID_DECO_BUGLE_CALL,,,,,,TapDecorationGeneric,,,,,,,,,,,,,,,,
Gate guardians,,,,,1,0,,sc/decos01_generic.sc,gate_guardians,,2,2,,999,,,,,,TID_DECO_GENERICFARM_DESCRIPTION,TID_DECO_GATE_GUARDIANS,,,,,,TapDecorationGeneric,,,,,,,,,,,,,,,,
,,,,,,,,,,,,,,,,,,,,,,,,,,,,,,,,,,,,,,,,,,,
Garden guesthouse,,,,,1,0,,sc/decos02_seasonal_summer.sc,garden_guesthouse,,1,1,,999,,,,,,TID_DECO_GENERICFARM_DESCRIPTION,TID_DECO_GARDEN_GUESTHOUSE,,TRUE,,,,TapDecorationGeneric,,,,,,,,,,,,,,,,
Fieldflower patch,,,,,1,0,,sc/decos02_seasonal_summer.sc,fieldflower_patch,,1,1,,999,,,,,,TID_DECO_GENERICFARM_DESCRIPTION,TID_DECO_FIELDFLOWER_PATCH,,,,,,TapDecorationGeneric,,,,,,,,,,,,,,,,
Feathered rapids,,,140,,1,0,,sc/decos02_seasonal_summer.sc,feathered_rapids,,3,4,,999,,,,,,TID_DECO_GENERICFARM_DESCRIPTION,TID_DECO_FEATHERED_RAPIDS,,,,,,TapDecorationGeneric,,,,,,,,,,,,,,,,
Feathered gathering,,,,,1,0,,sc/decos02_seasonal_summer.sc,feathered_gathering,,1,2,,999,,,,,,TID_DECO_GENERICFARM_DESCRIPTION,TID_DECO_FEATHERED_GATHERING,,,,,,TapDecorationGeneric,,,,,,,,,,,,,,,,
Tent defence,,,110,,1,0,,sc/decos02_seasonal_summer.sc,tent_defence,,3,2,,999,,,,,,TID_DECO_GENERICFARM_DESCRIPTION,TID_DECO_TENT_DEFENCE,,,,,,TapDecorationGeneric,,,,,,,,,,,,,,,,
Alpine blossom,,,,,1,0,,sc/decos02_seasonal_summer.sc,alpine_blossom,,1,1,,999,,,,,,TID_DECO_GENERICFARM_DESCRIPTION,TID_DECO_ALPINE_BLOSSOM,,,,,,TapDecorationGeneric,,,,,,,,,,,,,,,,
Rusty flower pot,,,,,1,0,,sc/decos02_seasonal_summer.sc,rusty_flower_pot,,1,1,,999,,,,,,TID_DECO_GENERICFARM_DESCRIPTION,TID_DECO_RUSTY_FLOWER_POT,,,,,,TapDecorationGeneric,,,,,,,,,,,,,,,,
Timeless magnolia,,,,,1,0,,sc/decos02_seasonal_summer.sc,timeless_magnolia,,1,1,,999,,,,,,TID_DECO_GENERICFARM_DESCRIPTION,TID_DECO_TIMELESS_MAGNOLIA,,,,,,TapDecorationGeneric,,,,,,,,,,,,,,,,
,,,,,,,,,,,,,,,,,,,,,,,,,,,,,,,,,,,,,,,,,,,
Alpaca agility,,,,,1,0,,sc/decos01_generic.sc,alpaca_agility,,3,2,,999,,,,,,TID_DECO_GENERICFARM_DESCRIPTION,TID_DECO_ALPACA_AGILITY,,,,,,TapDecorationGeneric,,,,,,,,,,,,,,,,
Pamper pen,,,,,1,0,,sc/decos01_generic.sc,pamper_pen,,2,1,,999,,,,,,TID_DECO_GENERICFARM_DESCRIPTION,TID_DECO_PAMPER_PEN,,,,,,TapDecorationGeneric,,,,,,,,,,,,,,,,
Alpaca feeder,,,,,1,0,,sc/decos01_generic.sc,alpaca_feeder,,1,1,,999,,,,,,TID_DECO_GENERICFARM_DESCRIPTION,TID_DECO_ALPACA_FEEDER,,,,,,TapDecorationGeneric,,,,,,,,,,,,,,,,
Alpaca lounge,,,,,1,0,,sc/decos01_generic.sc,alpaca_lounge,,2,1,,999,,,,,,TID_DECO_GENERICFARM_DESCRIPTION,TID_DECO_ALPACA_LOUNGE,,,,,,TapDecorationGeneric,,,,,,,,,,,,,,,,
Alpaca fluff,,,,,1,0,,sc/decos01_generic.sc,alpaca_fluff,,1,1,,999,,,,,,TID_DECO_GENERICFARM_DESCRIPTION,TID_DECO_ALPACA_FLUFF,,,,,,TapDecorationGeneric,,,,,,,,,,,,,,,,
Siesta stool,,,,,1,0,,sc/decos01_generic.sc,siesta_stool,,1,1,,999,,,,,,TID_DECO_GENERICFARM_DESCRIPTION,TID_DECO_SIESTA_STOOL,,,,,,TapDecorationGeneric,,,,,,,,,,,,,,,,
,,,,,,,,,,,,,,,,,,,,,,,,,,,,,,,,,,,,,,,,,,,
Banjo practice,,,115,,1,0,,sc/decos02_seasonal_birthday.sc,banjo_practice,,2,1,,999,,,,,,TID_DECO_GENERICFARM_DESCRIPTION,TID_DECO_BANJO_PRACTICE,,,,,,TapDecorationGeneric,,,,,,,,,,,,,,,,
Festival stage,,,120,,1,0,,sc/decos02_seasonal_birthday.sc,festival_stage,,3,3,,999,,,,,,TID_DECO_GENERICFARM_DESCRIPTION,TID_DECO_FESTIVAL_STAGE,,,,,,TapDecorationGeneric,,,,,,,,,,,,,,,,
Festival tent,,,,,1,0,,sc/decos02_seasonal_birthday.sc,festival_tent,,2,2,,999,,,,,,TID_DECO_GENERICFARM_DESCRIPTION,TID_DECO_FESTIVAL_TENT,,,,,,TapDecorationGeneric,,,,,,,,,,,,,,,,
Festival gate,,,,,1,0,,sc/decos02_seasonal_birthday.sc,festival_gate,,1,3,,999,,,,,,TID_DECO_GENERICFARM_DESCRIPTION,TID_DECO_FESTIVAL_GATE,,,,,,TapDecorationGeneric,,,,,,,,,,,,,,,,
Festival photo op,,,120,,1,0,,sc/decos02_seasonal_birthday.sc,festival_photo_op,,2,2,,999,,,,,,TID_DECO_GENERICFARM_DESCRIPTION,TID_DECO_FESTIVAL_PHOTO_OP,,,,,,TapDecorationGeneric,,,,,,,,,,,,,,,,
Festival vendor,,,110,,1,0,,sc/decos02_seasonal_birthday.sc,festival_vendor,,2,2,,999,,,,,,TID_DECO_GENERICFARM_DESCRIPTION,TID_DECO_FESTIVAL_VENDOR,,,,,,TapDecorationGeneric,,,,,,,,,,,,,,,,
Large haybale bench,,,115,,1,0,,sc/decos02_seasonal_birthday.sc,long_haybale_bench,,1,2,,999,,,,,,TID_DECO_GENERICFARM_DESCRIPTION,TID_DECO_LARGE_HAYBALE_BENCH,,,,,,TapDecorationGeneric,,,,,,,,,,,,,,,,
Pair of boots,,,120,,1,0,,sc/decos02_seasonal_birthday.sc,pair_of_boots,,1,1,,999,,,,,,TID_DECO_GENERICFARM_DESCRIPTION,TID_DECO_PAIR_OF_BOOTS,,,,,,TapDecorationGeneric,,,,,,,,,,,,,,,,
Line dancer,,,,,1,0,,sc/decos02_seasonal_birthday.sc,line_dancer,,1,1,,999,,,,,,TID_DECO_GENERICFARM_DESCRIPTION,TID_DECO_LINE_DANCER,,,,,,TapDecorationGeneric,,,,,,,,,,,,,,,,
Country dancers,,,115,,1,0,,sc/decos02_seasonal_birthday.sc,country_dancers,,1,2,,999,,,,,,TID_DECO_GENERICFARM_DESCRIPTION,TID_DECO_COUNTRY_DANCERS,,,,,,TapDecorationGeneric,,,,,,,,,,,,,,,,
Wagon stage,,,,,1,0,,sc/decos02_seasonal_birthday.sc,wagon_stage,,3,2,,999,,,,,,TID_DECO_GENERICFARM_DESCRIPTION,TID_DECO_WAGON_STAGE,,,,,,TapDecorationGeneric,,,,,,,,,,,,,,,,
Festival ride,,,,,1,0,,sc/decos06_farmpass.sc,festival_ride,,1,2,,999,,,,,,TID_DECO_GENERICFARM_DESCRIPTION,TID_DECO_FESTIVAL_RIDE,,,,,,TapDecorationGeneric,,,,,,,,,,,,,FP,,,
Fan meetup,,,110,,1,0,,sc/decos06_farmpass.sc,fan_meetup,,2,2,,999,,,,,,TID_DECO_GENERICFARM_DESCRIPTION,TID_DECO_FAN_MEETUP,,,,,,TapDecorationGeneric,,,,,,,,,,,,,FPE,,,
,,,,,,,,,,,,,,,,,,,,,,,,,,,,,,,,,,,,,,,,,,,
Mail coach,,,,,1,0,,sc/decos06_farmpass.sc,mail_coach,,1,2,,999,,,,,,TID_DECO_GENERICFARM_DESCRIPTION,TID_DECO_MAIL_COACH,,,,,,TapDecorationGeneric,,,,,,,,,,,,,FP,,,
Western post office,,,,,1,0,,sc/decos06_farmpass.sc,western_post_office,,2,3,,999,,,,,,TID_DECO_GENERICFARM_DESCRIPTION,TID_DECO_WESTERN_POST_OFFICE,,,,,,TapDecorationGeneric,,,,,,,,,,,,,FPE,,,
Chick nursery,,,120,,1,0,,sc/decos06_farmpass.sc,chicken_nursery,,2,1,,999,,,,,,TID_DECO_GENERICFARM_DESCRIPTION,TID_DECO_CHICK_NURSERY,,,,,,TapDecorationGeneric,,,,,,,,,,,,,FP,,,
Donkey curtsy,,,120,,1,0,,sc/decos06_farmpass.sc,donkey_curtsy,,2,2,,999,,,,,,TID_DECO_GENERICFARM_DESCRIPTION,TID_DECO_DONKEY_CURTSY,,,,,,TapDecorationGeneric,,,,,,,,,,,,,FPE,,,
,,,,,,,,,,,,,,,,,,,,,,,,,,,,,,,,,,,,,,,,,,,
Trading post,,,,,1,0,,sc/decos02_seasonal.sc,trading_post,,3,3,,999,,,,,,TID_DECO_GENERICFARM_DESCRIPTION,TID_DECO_TRADING_POST,,,,,,TapDecorationGeneric,,,,,,,,,,,,,,,,
Western table,,,,,1,0,,sc/decos02_seasonal.sc,western_table,,2,2,,999,,,,,,TID_DECO_GENERICFARM_DESCRIPTION,TID_DECO_WESTERN_TABLE,,,,,,TapDecorationGeneric,,,,,,,,,,,,,,,,
Piano player,,,,,1,0,,sc/decos02_seasonal.sc,piano_player,,1,2,,999,,,,,,TID_DECO_GENERICFARM_DESCRIPTION,TID_DECO_PIANO_PLAYER,,,,,,TapDecorationGeneric,,,,,,,,,,,,,,,,
Milk wagon,,,,,1,0,,sc/decos02_seasonal.sc,milk_wagon,,2,3,,999,,,,,,TID_DECO_GENERICFARM_DESCRIPTION,TID_DECO_MILK_WAGON,,,,,,TapDecorationGeneric,,,,,,,,,,,,,,,,
Western bank,,,,,1,0,,sc/decos02_seasonal.sc,western_bank,,3,3,,999,,,,,,TID_DECO_GENERICFARM_DESCRIPTION,TID_DECO_WESTERN_BANK,,,,,,TapDecorationGeneric,,,,,,,,,,,,,,,,
Wagon wheels,,,,,1,0,,sc/decos02_seasonal.sc,wagon_wheels,,1,2,,999,,,,,,TID_DECO_GENERICFARM_DESCRIPTION,TID_DECO_WAGON_WHEELS,,,,,,TapDecorationGeneric,,,,,,,,,,,,,,,,
Long days rest,,,,,1,0,,sc/decos02_seasonal.sc,long_days_rest,,2,3,,999,,,,,,TID_DECO_GENERICFARM_DESCRIPTION,TID_DECO_LONG_DAYS_REST,,,,,,TapDecorationGeneric,,,,,,,,,,,,,,,,
Milk bar,,,,,1,0,,sc/decos02_seasonal.sc,milk_bar,,3,3,,999,,,,,,TID_DECO_GENERICFARM_DESCRIPTION,TID_DECO_MILK_BAR,,,,,,TapDecorationGeneric,,,,,,,,,,,,,,,,
Rodeo,,,,,1,0,,sc/decos02_seasonal.sc,rodeo,,1,1,,999,,,,,,TID_DECO_GENERICFARM_DESCRIPTION,TID_DECO_RODEO,,,,,,TapDecorationGeneric,,,,,,,,,,,,,,,,
,,,,,,,,,,,,,,,,,,,,,,,,,,,,,,,,,,,,,,,,,,,
Tumbleweed turn,,,,,1,0,,sc/decos01_generic.sc,tumbleweed_turn,,3,2,,999,,,,,,TID_DECO_GENERICFARM_DESCRIPTION,TID_DECO_TUMBLEWEED_TURN,,,,,,TapDecorationGeneric,,,,,,,,,,,,,,,,
Barn bounce,,,,,1,0,,sc/decos01_generic.sc,barn_bounce,,3,1,,999,,,,,,TID_DECO_GENERICFARM_DESCRIPTION,TID_DECO_BARN_BOUNCE,,,,,,TapDecorationGeneric,,,,,,,,,,,,,,,,
Ghostly gap,,,,,1,0,,sc/decos01_generic.sc,ghostly_gap,,2,2,,999,,,,,,TID_DECO_GENERICFARM_DESCRIPTION,TID_DECO_GHOSTLY_GAP,,,,,,TapDecorationGeneric,,,,,,,,,,,,,,,,
Capybara curve,,,,,1,0,,sc/decos01_generic.sc,capybara_curve,,2,3,,999,,,,,,TID_DECO_GENERICFARM_DESCRIPTION,TID_DECO_CAPYBARA_CURVE,,,,,,TapDecorationGeneric,,,,,,,,,,,,,,,,
Sandy spin,,,,,1,0,,sc/decos01_generic.sc,sandy_spin,,2,2,,999,,,,,,TID_DECO_GENERICFARM_DESCRIPTION,TID_DECO_SANDY_SPIN,,,,,,TapDecorationGeneric,,,,,,,,,,,,,,,,
Minigolf rentals,,,,,1,0,,sc/decos01_generic.sc,mini_golf_rentals,,1,2,,999,,,,,,TID_DECO_GENERICFARM_DESCRIPTION,TID_DECO_MINIGOLF_RENTALS,,,,,,TapDecorationGeneric,,,,,,,,,,,,,,,,
Minigolf sign,,,,,1,0,,sc/decos01_generic.sc,mini_golf_sign,,1,1,,999,,,,,,TID_DECO_GENERICFARM_DESCRIPTION,TID_DECO_MINIGOLF_SIGN,,,,,,TapDecorationGeneric,,,,,,,,,,,,,,,,
,,,,,,,,,,,,,,,,,,,,,,,,,,,,,,,,,,,,,,,,,,,
Purple wood spurge,,,,,1,0,,sc/decos01_generic.sc,purple_wood_sprunge,,2,2,,999,,,,,,TID_DECO_GENERICFARM_DESCRIPTION,TID_DECO_PURPLE_WOOD_SPURGE,,,,,,TapDecorationGeneric,,,,,,,,,,,,,,,,
Split-leaf philodendron,,,,,1,0,,sc/decos01_generic.sc,split_leaf_philodendron,,1,1,,999,,,,,,TID_DECO_GENERICFARM_DESCRIPTION,TID_DECO_SPLIT_LEAF_PHILODENDRON,,,,,,TapDecorationGeneric,,,,,,,,,,,,,,,,
Croton,,,,,1,0,,sc/decos01_generic.sc,croton,,1,1,,999,,,,,,TID_DECO_GENERICFARM_DESCRIPTION,TID_DECO_CROTON,,,,,,TapDecorationGeneric,,,,,,,,,,,,,,,,
Iresine,,,,,1,0,,sc/decos01_generic.sc,iresine,,2,1,,999,,,,,,TID_DECO_GENERICFARM_DESCRIPTION,TID_DECO_IRESINE,,,,,,TapDecorationGeneric,,,,,,,,,,,,,,,,
Persian shield,,,,,1,0,,sc/decos01_generic.sc,persian_shield,,1,1,,999,,,,,,TID_DECO_GENERICFARM_DESCRIPTION,TID_DECO_PERSIAN_SHIELD,,,,,,TapDecorationGeneric,,,,,,,,,,,,,,,,
Bird of paradise,,,,,1,0,,sc/decos01_generic.sc,bird_of_paradise,,2,1,,999,,,,,,TID_DECO_GENERICFARM_DESCRIPTION,TID_DECO_BIRD_OF_PARADISE,,,,,,TapDecorationGeneric,,,,,,,,,,,,,,,,
,,,,,,,,,,,,,,,,,,,,,,,,,,,,,,,,,,,,,,,,,,,
Kitten playground,,,120,,1,0,,sc/decos01_generic.sc,kitten_playground,,2,2,,999,,,,,,TID_DECO_GENERICFARM_DESCRIPTION,TID_DECO_KITTEN_PLAYGROUND,,,,,,TapDecorationGeneric,,,,,,,,,,,,,,,,
Dog agility course,,,120,,1,0,,sc/decos01_generic.sc,dog_agility_course,,3,2,,999,,,,,,TID_DECO_GENERICFARM_DESCRIPTION,TID_DECO_DOG_AGILITY_COURSE,,,,,,TapDecorationGeneric,,,,,,,,,,,,,,,,
Princess treatment,,,120,,1,0,,sc/decos01_generic.sc,princess_treatment,,2,2,,999,,,,,,TID_DECO_GENERICFARM_DESCRIPTION,TID_DECO_PRINCESS_TREATMENT,,,,,,TapDecorationGeneric,,,,,,,,,,,,,,,,
Can of kittens,,,110,,1,0,,sc/decos01_generic.sc,can_of_kittens,,1,1,,999,,,,,,TID_DECO_GENERICFARM_DESCRIPTION,TID_DECO_CAN_OF_KITTENS,,,,,,TapDecorationGeneric,,,,,,,,,,,,,,,,
Tropical playground,,,110,,1,0,,sc/decos01_generic.sc,tropical_playground,,2,1,,999,,,,,,TID_DECO_GENERICFARM_DESCRIPTION,TID_DECO_TROPICAL_PLAYGROUND,,,,,,TapDecorationGeneric,,,,,,,,,,,,,,,,
Guinea pig castle,,,110,,1,0,,sc/decos01_generic.sc,guinea_pig_castle,,2,2,,999,,,,,,TID_DECO_GENERICFARM_DESCRIPTION,TID_DECO_GUINEA_PIG_CASTLE,,,,,,TapDecorationGeneric,,,,,,,,,,,,,,,,
Bunny bath,,,,,1,0,,sc/decos01_generic.sc,bunny_bath,,1,1,,999,,,,,,TID_DECO_GENERICFARM_DESCRIPTION,TID_DECO_BUNNY_PATH,,,,,,TapDecorationGeneric,,,,,,,,,,,,,,,,
Cardboard fun,,,110,,1,0,,sc/decos01_generic.sc,cardboard_fun,,1,1,,999,,,,,,TID_DECO_GENERICFARM_DESCRIPTION,TID_DECO_CARDBOARD_FUN,,,,,,TapDecorationGeneric,,,,,,,,,,,,,,,,
Big stick,,,120,,1,0,,sc/decos01_generic.sc,big_stick,,1,2,,999,,,,,,TID_DECO_GENERICFARM_DESCRIPTION,TID_DECO_BIG_STICK,,,,,,TapDecorationGeneric,,,,,,,,,,,,,,,,
Stylish haircut,,,,,1,0,,sc/decos01_generic.sc,stylish_hair_cut,,1,1,,999,,,,,,TID_DECO_GENERICFARM_DESCRIPTION,TID_DECO_STYLISH_HAIRCUT,,,,,,TapDecorationGeneric,,,,,,,,,,,,,,,,
,,,,,,,,,,,,,,,,,,,,,,,,,,,,,,,,,,,,,,,,,,,
Jukebox key,,,115,,1,0,,sc/decos02_seasonal_birthday.sc,jukebox_key,jukebox_key_mirrored,2,2,,999,,,,,,TID_DECO_GENERICFARM_DESCRIPTION,TID_DECO_JUKEBOX_KEY,,,,,,Birthday2026Music,,,,,,,,,,,,,,,,
Cactus key,,,,,1,0,,sc/decos02_seasonal_birthday.sc,cactus_key,cactus_key_mirrored,2,1,,999,,,,,,TID_DECO_GENERICFARM_DESCRIPTION,TID_DECO_CACTUS_KEY,,,,,,BdayPiano2026CactusKeyTap,,,,,,,,,,,,,,,,
Banjo key,,,,,1,0,,sc/decos02_seasonal_birthday.sc,banjo_key,banjo_key_mirrored,2,1,,999,,,,,,TID_DECO_GENERICFARM_DESCRIPTION,TID_DECO_BANJO_KEY,,,,,,BdayPiano2026BanjoKeyTap,,,,,,,,,,,,,,,,
Sunflower key,,,,,1,0,,sc/decos02_seasonal_birthday.sc,sunflower_key,sunflower_key_mirrored,2,1,,999,,,,,,TID_DECO_GENERICFARM_DESCRIPTION,TID_DECO_SUNFLOWER_KEY,,,,,,BdayPiano2026SunflowerKeyTap,,,,,,,,,,,,,,,,
Notes key,,,,,1,0,,sc/decos02_seasonal_birthday.sc,notes_key,notes_key_mirrored,2,1,,999,,,,,,TID_DECO_GENERICFARM_DESCRIPTION,TID_DECO_NOTES_KEY,,,,,,BdayPiano2026NotesKeyTap,,,,,,,,,,,,,,,,
Balloon key,,,,,1,0,,sc/decos02_seasonal_birthday.sc,balloon_key,balloon_key_mirrored,2,1,,999,,,,,,TID_DECO_GENERICFARM_DESCRIPTION,TID_DECO_BALLOON_KEY,,,,,,BdayPiano2026BalloonKeyTap,,,,,,,,,,,,,,,,
Microphone key,,,,,1,0,,sc/decos02_seasonal_birthday.sc,microphone_key,microphone_key_mirrored,2,1,,999,,,,,,TID_DECO_GENERICFARM_DESCRIPTION,TID_DECO_MICROPHONE_KEY,,,,,,BdayPiano2026MicrophoneKeyTap,,,,,,,,,,,,,,,,
Puppy key,,,,,1,0,,sc/decos02_seasonal_birthday.sc,puppy_key,puppy_key_mirrored,2,1,,999,,,,,,TID_DECO_GENERICFARM_DESCRIPTION,TID_DECO_PUPPY_KEY,,,,,,BdayPiano2026PuppyKeyTap,,,,,,,,,,,,,,,,
Wheel key,,,,,1,0,,sc/decos02_seasonal_birthday.sc,wheel_key,wheel_key_mirrored,2,1,,999,,,,,,TID_DECO_GENERICFARM_DESCRIPTION,TID_DECO_WHEEL_KEY,,,,,,BdayPiano2026WheelKeyTap,,,,,,,,,,,,,,,,
Guitar key,,,,,1,0,,sc/decos02_seasonal_birthday.sc,guitar_key,guitar_key_mirrored,2,1,,999,,,,,,TID_DECO_GENERICFARM_DESCRIPTION,TID_DECO_GUITAR_KEY,,,,,,BdayPiano2026GuitarKeyTap,,,,,,,,,,,,,,,,
Drum key,,,,,1,0,,sc/decos02_seasonal_birthday.sc,drum_key,drum_key_mirrored,2,1,,999,,,,,,TID_DECO_GENERICFARM_DESCRIPTION,TID_DECO_DRUM_KEY,,,,,,BdayPiano2026DrumKeyTap,,,,,,,,,,,,,,,,
Rock key,,,,,1,0,,sc/decos02_seasonal_birthday.sc,rock_key,rock_key_mirrored,2,1,,999,,,,,,TID_DECO_GENERICFARM_DESCRIPTION,TID_DECO_ROCK_KEY,,,,,,BdayPiano2026RockKeyTap,,,,,,,,,,,,,,,,
Truck key,,,,,1,0,,sc/decos02_seasonal_birthday.sc,truck_key,truck_key_mirrored,2,1,,999,,,,,,TID_DECO_GENERICFARM_DESCRIPTION,TID_DECO_TRUCK_KEY,,,,,,BdayPiano2026TruckKeyTap,,,,,,,,,,,,,,,,
Boot key,,,,,1,0,,sc/decos02_seasonal_birthday.sc,boot_key,boot_key_mirrored,2,1,,999,,,,,,TID_DECO_GENERICFARM_DESCRIPTION,TID_DECO_BOOT_KEY,,,,,,BdayPiano2026BootKeyTap,,,,,,,,,,,,,,,,
,,,,,,,,,,,,,,,,,,,,,,,,,,,,,,,,,,,,,,,,,,,
Small sandcastle,,,,,1,0,,sc/nh_object.sc,nhobj_summersandcastle_1,,2,2,,999,,,,,,TID_DECO_GENERICFARM_DESCRIPTION,TID_DECO_SMALL_SANDCASTLE,,,,,,TapDecorationGeneric,,,,,,,,,,,,,,,,
Medium sandcastle,,,,,1,0,,sc/nh_object.sc,nhobj_summersandcastle_2,,3,3,,999,,,,,,TID_DECO_GENERICFARM_DESCRIPTION,TID_DECO_MEDIUM_SANDCASTLE,,,,,,TapDecorationGeneric,,,,,,,,,,,,,,,,
Fancy sandcastle,,,,,1,0,,sc/nh_object.sc,nhobj_summersandcastle_3,,3,3,,999,,,,,,TID_DECO_GENERICFARM_DESCRIPTION,TID_DECO_FANCY_SANDCASTLE,,,,,,TapDecorationGeneric,,,,,,,,,,,,,,,,
,,,,,,,,,,,,,,,,,,,,,,,,,,,,,,,,,,,,,,,,,,,
School bus,,,120,,1,0,,sc/decos02_seasonal.sc,school_bus,,3,2,,999,,,,,,TID_DECO_GENERICFARM_DESCRIPTION,TID_DECO_SCHOOL_BUS,,,,,,TapDecorationGeneric,,,,,,,,,,,,,,,,
,,,,,,,,,,,,,,,,,,,,,,,,,,,,,,,,,,,,,,,,,,,
Water dragon steps,,,,,1,0,,sc/decos03_features.sc,water_dragon_steps,,3,3,19000,,,,,1000,1,TID_DECO_GENERICFARM_DESCRIPTION,TID_DECO_WATER_DRAGON_STEPS,Buy,,,,,TapDecorationGeneric,TRUE,,25,,,TRUE,,TRUE,,,Panda1,,,,,
Chinese money plant,,,,,1,0,,sc/decos03_features.sc,chinese_money_plant,,1,1,,,,Voucher3,10,,,TID_DECO_GENERICFARM_DESCRIPTION,TID_DECO_CHINESE_MONEY_PLANT,Buy,,,,,TapDecorationGeneric,TRUE,,25,,,TRUE,,TRUE,,,Panda2,,,,,
,,,,,,,,,,,,,,,,Voucher4,5,,,,,,,,,,,,,,,,,,,,,,,,,,
Panda platforms,,,,,1,0,,sc/decos01_generic.sc,panda_platforms,,3,3,,999,,,,,,TID_DECO_GENERICFARM_DESCRIPTION,TID_DECO_PANDA_PLATFORMS,,,,,,TapDecorationGeneric,,,,,,,,,,,,,,,,
Giant panda lantern,,,,,1,0,,sc/decos01_generic.sc,giant_panda_lantern,,2,2,,999,,,,,,TID_DECO_GENERICFARM_DESCRIPTION,TID_DECO_GIANT_PANDA_LANTERN,,,,,,TapDecorationGeneric,,,,,,,,,,,,,,,,
Bamboo lunch,,,,,1,0,,sc/decos01_generic.sc,bamboo_lunch,,1,1,,999,,,,,,TID_DECO_GENERICFARM_DESCRIPTION,TID_DECO_BAMBOO_LUNCH,,,,,,TapDecorationGeneric,,,,,,,,,,,,,,,,
Panda snooze,,,,,1,0,,sc/decos01_generic.sc,bamboo_snooze,,3,1,,999,,,,,,TID_DECO_GENERICFARM_DESCRIPTION,TID_DECO_PANDA_SNOOZE,,,,,,TapDecorationGeneric,,,,,,,,,,,,,,,,
Cute sneeze,,,,,1,0,,sc/decos01_generic.sc,cute_sneeze,,2,2,,999,,,,,,TID_DECO_GENERICFARM_DESCRIPTION,TID_DECO_CUTE_SNEEZE,,,,,,TapDecorationGeneric,,,,,,,,,,,,,,,,
Panda climbing post,,,,,1,0,,sc/decos01_generic.sc,panda_climbing_post,,2,2,,999,,,,,,TID_DECO_GENERICFARM_DESCRIPTION,TID_DECO_PANDA_CLIMBING_POST,,,,,,TapDecorationGeneric,,,,,,,,,,,,,,,,
,,,,,,,,,,,,,,,,,,,,,,,,,,,,,,,,,,,,,,,,,,,
Alpaca gateway,,,,,1,0,,sc/decos07_valley.sc,alpaca_gateway,,2,1,,999,,,,,,TID_DECO_GENERICFARM_DESCRIPTION,TID_DECO_ALPACA_GATEWAY,,,,,,TapDecorationGeneric,,,,,,,,,,,,,,,,
Fierce tigers,,,,,1,0,,sc/decos07_valley.sc,fierce_tigers,,1,1,,999,,,,,,TID_DECO_GENERICFARM_DESCRIPTION,TID_DECO_FIERCE_TIGERS,,,,,,TapDecorationGeneric,,,,,,,,,,,,,,,,
,,,,,,,,,,,,,,,,,,,,,,,,,,,,,,,,,,,,,,,,,,,
Forest Path,,,,,1,0,,sc/decos03_features.sc,forest_path,,2,1,25000,,,,,2500,1,TID_DECO_GENERICFARM_DESCRIPTION,TID_DECO_FOREST_PATH,Buy,,,,,TapDecorationGeneric,TRUE,,25,,,TRUE,,TRUE,,,PandaCub1,,,,,
Lotus Hills,,,,,1,0,,sc/decos03_features.sc,lotus_hills,,2,2,,,,Voucher1,10,,,TID_DECO_GENERICFARM_DESCRIPTION,TID_DECO_LOTUS_HILLS,Buy,,,,,TapDecorationGeneric,TRUE,,25,,,TRUE,,TRUE,,,PandaCub2,,,,,
,,,,,,,,,,,,,,,,Voucher3,10,,,,,,,,,,,,,,,,,,,,,,,,,,
Egg Shelf,,,,,1,0,,sc/decos06_farmpass.sc,egg_shelf,,1,1,,999,,,,,,TID_DECO_GENERICFARM_DESCRIPTION,TID_DECO_EGG_SHELF,Buy,,,,,TapDecorationGeneric,,,,,,,,,,,,,FP,,,
Local honey,,,,,1,0,,sc/decos06_farmpass.sc,local_honey,,2,2,,999,,,,,,TID_DECO_GENERICFARM_DESCRIPTION,TID_DECO_LOCAL_HONEY,Buy,,,,,TapDecorationGeneric,,,,,,,,,,,,,FPE,,,
,,,,,,,,,,,,,,,,,,,,,,,,,,,,,,,,,,,,,,,,,,,
Two pandas,,,110,,1,0,,sc/decos07_valley.sc,two_pandas,,2,2,,999,,,,,,TID_DECO_GENERICFARM_DESCRIPTION,TID_DECO_TWO_PANDAS,Buy,,,,,TapDecorationGeneric,,,,,,,,,TRUE,,,,Valley,,,
Festive drummer,,,120,,1,0,,sc/decos07_valley.sc,festive_drummer,,1,1,,999,,,,,,TID_DECO_GENERICFARM_DESCRIPTION,TID_DECO_FESTIVE_DRUMMER,Buy,,,,,TapDecorationGeneric,,,,,,,,,,,,,Valley,,,
Desert run,,,110,,1,0,,sc/decos07_valley.sc,desert_run,,1,2,,999,,,,,,TID_DECO_GENERICFARM_DESCRIPTION,TID_DECO_DESERT_RUN,Buy,,,,,TapDecorationGeneric,,,,,,,,,TRUE,,,,Valley,,,
Black rhino statue,,,120,,1,0,,sc/decos07_valley.sc,black_rhino_statue,,2,2,,999,,,,,,TID_DECO_GENERICFARM_DESCRIPTION,TID_DECO_BLACK_RHINO_STATUE,Buy,,,,,TapDecorationGeneric,,,,,,,,,TRUE,,,,Valley,,,
,,,,,,,,,,,,,,,,,,,,,,,,,,,,,,,,,,,,,,,,,,,
Berry stall,,,120,,1,0,,sc/decos01_generic.sc,berry_stall,,2,1,,999,,,,,,TID_DECO_GENERICFARM_DESCRIPTION,TID_DECO_BERRY_STALL,Buy,,,,,TapDecorationGeneric,,,,,,,,,,,,,,,,
Market entrance,,,110,,1,0,,sc/decos01_generic.sc,market_entrance,,3,1,,999,,,,,,TID_DECO_GENERICFARM_DESCRIPTION,TID_DECO_MARKET_ENTRANCE,Buy,,,,,TapDecorationGeneric,,,,,,,,,,,,,,,,
Fish market,,,110,,1,0,,sc/decos01_generic.sc,fish_market,,3,2,,999,,,,,,TID_DECO_GENERICFARM_DESCRIPTION,TID_DECO_FISH_MARKET,Buy,,,,,TapDecorationGeneric,,,,,,,,,,,,,,,,
Pantry stall,,,110,,1,0,,sc/decos01_generic.sc,pantry_stall,,2,2,,999,,,,,,TID_DECO_GENERICFARM_DESCRIPTION,TID_DECO_PANTRY_STALL,Buy,,,,,TapDecorationGeneric,,,,,,,,,,,,,,,,
Clay works,,,110,,1,0,,sc/decos01_generic.sc,clay_works,,2,2,,999,,,,,,TID_DECO_GENERICFARM_DESCRIPTION,TID_DECO_CLAY_WORKS,Buy,,,,,TapDecorationGeneric,,,,,,,,,,,,,,,,
Cheese corner,,,120,,1,0,,sc/decos01_generic.sc,cheese_corner,,3,2,,999,,,,,,TID_DECO_GENERICFARM_DESCRIPTION,TID_DECO_CHEESE_CORNER,Buy,,,,,TapDecorationGeneric,,,,,,,,,,,,,,,,
Garden harvest,,,110,,1,0,,sc/decos01_generic.sc,garden_harvest,,3,2,,999,,,,,,TID_DECO_GENERICFARM_DESCRIPTION,TID_DECO_GARDEN_HARVEST,Buy,,,,,TapDecorationGeneric,,,,,,,,,,,,,,,,
Homemade jams,,,110,,1,0,,sc/decos01_generic.sc,homemade_jams,,2,2,,999,,,,,,TID_DECO_GENERICFARM_DESCRIPTION,TID_DECO_HOMEMADE_JAMS,Buy,,,,,TapDecorationGeneric,,,,,,,,,,,,,,,,
Meat market,,,110,,1,0,,sc/decos01_generic.sc,meat_market,,3,1,,999,,,,,,TID_DECO_GENERICFARM_DESCRIPTION,TID_DECO_MEAT_MARKET,Buy,,,,,TapDecorationGeneric,,,,,,,,,,,,,,,,
,,,,,,,,,,,,,,,,,,,,,,,,,,,,,,,,,,,,,,,,,,,
Hedgehog seesaw,,,,,1,0,,sc/decos01_generic.sc,hedgehog_seesaw,,1,2,,999,,,,,,TID_DECO_GENERICFARM_DESCRIPTION,TID_DECO_HEDGEHOG_SEESAW,Buy,,,,,TapDecorationGeneric,,,,,,,,,,,,,,,,
Sleepy sneeze,,,,,1,0,,sc/decos01_generic.sc,sleepy_sneeze,,1,1,,999,,,,,,TID_DECO_GENERICFARM_DESCRIPTION,TID_DECO_SLEEPY_SNEEZE,Buy,,,,,TapDecorationGeneric,,,,,,,,,,,,,,,,
Hedgehog hut,,,,,1,0,,sc/decos01_generic.sc,hedgehog_hut,,2,1,,999,,,,,,TID_DECO_GENERICFARM_DESCRIPTION,TID_DECO_HEDGEHOG_HUT,Buy,,,,,TapDecorationGeneric,,,,,,,,,,,,,,,,
Autumn bridge,,,,,1,0,,sc/decos01_generic.sc,autumn_bridge,,3,1,,999,,,,,,TID_DECO_GENERICFARM_DESCRIPTION,TID_DECO_AUTUMN_BRIDGE,Buy,,,,,TapDecorationGeneric,,,,,,,,,,,,,,,,
Autumn playground,,,,,1,0,,sc/decos01_generic.sc,autumn_playground,,3,2,,999,,,,,,TID_DECO_GENERICFARM_DESCRIPTION,TID_DECO_AUTUMN_PLAYGROUND,Buy,,,,,TapDecorationGeneric,,,,,,,,,,,,,,,,
Hedgehog bath,,,,,1,0,,sc/decos01_generic.sc,hedgehog_bath,,2,2,,999,,,,,,TID_DECO_GENERICFARM_DESCRIPTION,TID_DECO_HEDGEHOG_BATH,Buy,,,,,TapDecorationGeneric,,,,,,,,,,,,,,,,
,,,,,,,,,,,,,,,,,,,,,,,,,,,,,,,,,,,,,,,,,,,
Festive cow,,,110,,1,0,,sc/decos02_seasonal.sc,festive_cow,,2,1,,999,,,,,,TID_DECO_GENERICFARM_DESCRIPTION,TID_DECO_FESTIVE_COW,Buy,,,,,TapDecorationGeneric,,,,,,,,,,,,,,,,
,,,,,,,,,,,,,,,,,,,,,,,,,,,,,,,,,,,,,,,,,,,
Firefly cove,,,120,,1,0,,sc/decos02_seasonal_autumn.sc,firefly_cove,,3,2,,999,,,,,,TID_DECO_GENERICFARM_DESCRIPTION,TID_DECO_FIREFLY_COVE,Buy,,,,,TapDecorationGeneric,,,,,,,,,,,,,,,,
Rope bridge,,,120,,1,0,,sc/decos02_seasonal_autumn.sc,rope_bridge,,1,3,,999,,,,,,TID_DECO_GENERICFARM_DESCRIPTION,TID_DECO_ROPE_BRIDGE,Buy,,,,,TapDecorationGeneric,,,,,,,,,,,,,,,,
Sleeping fox rock,,,120,,1,0,,sc/decos02_seasonal_autumn.sc,sleeping_fox_rock,,3,3,,999,,,,,,TID_DECO_GENERICFARM_DESCRIPTION,TID_DECO_SLEEPING_FOX_ROCK,Buy,,,,,TapDecorationGeneric,,,,,,,,,,,,,,,,
Frog stones,,,120,,1,0,,sc/decos02_seasonal_autumn.sc,frog_stones,,2,3,,999,,,,,,TID_DECO_GENERICFARM_DESCRIPTION,TID_DECO_FROG_STONES,Buy,,,,,TapDecorationGeneric,,,,,,,,,,,,,,,,
Stacked waterfalls,,,110,,1,0,,sc/decos02_seasonal_autumn.sc,stacked_waterfalls,,2,2,,999,,,,,,TID_DECO_GENERICFARM_DESCRIPTION,TID_DECO_STACKED_WATERFALLS,Buy,,,,,TapDecorationGeneric,,,,,,,,,,,,,,,,
Stormy weather,,,,,1,0,,sc/decos02_seasonal_autumn.sc,stormy_weather,,1,1,,999,,,,,,TID_DECO_GENERICFARM_DESCRIPTION,TID_DECO_STORMY_WEATHER,Buy,,,,,TapDecorationGeneric,,,,,,,,,,,,,,,,
Balanced rocks,,,,,1,0,,sc/decos02_seasonal_autumn.sc,balanced_rock,,1,2,,999,,,,,,TID_DECO_GENERICFARM_DESCRIPTION,TID_DECO_BALANCED_ROCKS,Buy,,,,,TapDecorationGeneric,,,,,,,,,,,,,,,,
Fall wildflowers,,,,,1,0,,sc/decos02_seasonal_autumn.sc,fall_wildflowers,,1,1,,999,,,,,,TID_DECO_GENERICFARM_DESCRIPTION,TID_DECO_FALL_WILDFLOWERS,Buy,,,,,TapDecorationGeneric,,,,,,,,,,,,,,,,
,,,,,,,,,,,,,,,,,,,,,,,,,,,,,,,,,,,,,,,,,,,
Bulrush water,,,110,,1,0,,sc/decos08_water.sc,bulrush_water,,1,1,,,,,,,,TID_DECO_WATER_AREA_DESCRIPTION,TID_DECO_BULRUSH_WATER,Buy,,,,,TapDecorationWater,,,,,,,,,,,,,,,TRUE,
Cliff formation water,,,130,,1,0,,sc/decos08_water.sc,cliff_formation_water,,2,2,,,,,,,,TID_DECO_WATER_AREA_DESCRIPTION,TID_DECO_CLIFF_FORMATION_WATER,Buy,,,,,TapDecorationWater,,,,,,,,,,,,,,,TRUE,
Flamingo floatie,,,100,,1,0,,sc/decos08_water.sc,flamingo_floatie,,1,1,,,,,,,,TID_DECO_WATER_AREA_DESCRIPTION,TID_DECO_FLAMINGO_FLOATIE,Buy,,,,,TapDecorationWater,,,,,,,,,,,,,,,TRUE,TRUE
Lilypad cluster,,,145,,1,0,,sc/decos08_water.sc,lilypad_cluster,,2,2,,,,,,,,TID_DECO_WATER_AREA_DESCRIPTION,TID_DECO_LILYPAD_CLUSTER,Buy,,,,,TapDecorationWater,,,,,,,,,,,,,,,TRUE,TRUE
Rubber ducks,,,115,,1,0,,sc/decos08_water.sc,rubber_ducks,,1,1,,,,,,,,TID_DECO_WATER_AREA_DESCRIPTION,TID_DECO_RUBBER_DUCKS,Buy,,,,,TapDecorationWater,,,,,,,,,,,,,,,TRUE,TRUE
Water iris,,,130,,1,0,,sc/decos08_water.sc,flower_rocks,,1,1,,,,,,,,TID_DECO_WATER_AREA_DESCRIPTION,TID_DECO_WATER_IRIS,Buy,,,,,TapDecorationWater,,,,,,,,,,,,,,,TRUE,
,,,,,,,,,,,,,,,,,,,,,,,,,,,,,,,,,,,,,,,,,,,
Little swamp,,,,,1,0,,sc/nh_object.sc,nhobj_autumnswamp_1,,2,2,,999,,,,,,TID_DECO_GENERICFARM_DESCRIPTION,TID_DECO_LITTLE_SWAMP,,,,,,TapDecorationGeneric,,,,,,,,,,,,,NHObj,,,
Swamp,,,,,1,0,,sc/nh_object.sc,nhobj_autumnswamp_2,,3,2,,999,,,,,,TID_DECO_GENERICFARM_DESCRIPTION,TID_DECO_SWAMP,,,,,,TapDecorationGeneric,,,,,,,,,,,,,NHObj,,,
Spooky swamp,,,,,1,0,,sc/nh_object.sc,nhobj_autumnswamp_3,,3,3,,999,,,,,,TID_DECO_GENERICFARM_DESCRIPTION,TID_DECO_SPOOKY_SWAMP,,,,,,TapDecorationGeneric,,,,,,,,,,,,,NHObj,,,
