Level,ExpToNextLevel,GoodReward1,GoodAmount1,GoodReward2,GoodAmount2,GoodReward3,GoodAmount3,PaidGoodReward1,PaidGoodAmount1,PaidGoodReward2,PaidGoodAmount2,PaidGoodReward3,PaidGoodAmount3,ThresholdRewardSet1,ThresholdRewardSet2,ThresholdRewardSet3,ThresholdRewardSet4,ThresholdRewardSet5,MaxFields,MaxEvents,CaretakerStorageCapacity,MillerStorageCapacity,MaxCatAmount,MaxCatHouseAmount,MaxDogAmount,MaxDogHouseAmount,MaxHorseAmount,MaxPonyAmount,MaxHorseHouseAmount,MaxDonkeyAmount,MaxDonkeyHouseAmount,MaxBunnyAmount,MaxBunnyHouseAmount,MaxKittenAmount,MaxKittenHouseAmount,MaxPuppyAmount,MaxPuppyHouseAmount,MaxGuineaPigAmount,MaxGuineaPigHouseAmount,MaxBirdAmount,MaxBirdHouseAmount,MaxAlpacaAmount,MaxAlpacaHouseAmount,MaxHedgehog1Amount,MaxHedgehog2Amount,MaxHoglet1Amount,MaxHoglet2Amount,MaxHedgehogHouseAmount,MaxChickenHabitats,MaxCowHabitats,MaxSheepHabitats,MaxLambHabitats,MaxPigHabitats,MaxGoatHabitats,MaxHammermills,MaxSugarMills,MaxSmelters,MaxBeeHabitats,MaxSquirrelHabitats,MinGoodsInOrderDelivery,MaxGoodsInOrderDelivery,OrderCancelTimeMin,OrderSpeedUpPrice,BoatOrderSpeedUpPrice,MaxOrderCount,CashExpMultiplier,EventCounterClicks,OrderMinValue,OrderMaxValue,DiamondsToCoinsRate,DiamondsToCoinsRateV2,DiamondsToCoinsRateV3,GuestOrderValue,MinCrateAmountInBoatOrder,MaxCrateAmountInBoatOrder,MinBoatOrderValue,MaxBoatOrderValue,MinGoodTypesInBoatOrder,MaxGoodTypesInBoatOrder,MinBoatStayTimeMinutes,MaxBoatStayTimeMinutes,BoatETAMinutes,BoatRewardMultiplier,SpecialOrderProbablity,SpecialOrderMaxCount,TruckCoinMultiplier,TruckEXPMultiplier,BoatCrateCoinMultiplier,BoatCrateEXPMultiplier,EXPEventCurrencyMultiplier,GoodReward4,GoodAmount4,GoodReward5,GoodAmount5,GoodReward6,GoodAmount6,MinTruckOrderValueOfDay,MaxTruckOrderValueOfDay,TargetTruckOrdersPerDay,MaxLockedOrderProducts,MaxTruckOrderMultiplier,MinPeopleQuestEffort,MaxPeopleQuestEffort,PeopleQuestDealersChoiceExpReward,PeopleQuestDealersChoiceCoinReward
String,int,String,int,String,int,String,int,String,int,String,int,String,int,String,String,String,String,String,int,int,int,int,int,int,int,int,int,int,int,int,int,int,int,int,int,int,int,int,int,int,int,int,int,int,int,int,int,int,int,int,int,int,int,int,int,int,int,int,int,int,int,int,int,int,int,int,int,int,int,int,int,int,int,int,int,int,int,int,int,int,int,int,int,int,int,int,int,int,int,int,String,int,String,int,String,int,int,int,int,int,int,int,int,int,int
1,27,,,,,,,,,,,,,,,,,,6,24,30,30,,,,,,,,,,,,,,,,,,,,,,,,,,,1,,,,,,,,,,,1,2,2,3,5,,,100,,,600,600,600,5,1,1,,,1,1,,,,,,,100,100,100,100,100,,,,,,,10,100,8,1,200,10,20,10,10
2,7,FreeCash,85,Corn,4,Nail,1,,,,,,,,,,,,6,24,30,30,,,,,,,,,,,,,,,,,,,,,,,,,,,1,,,,,,1,,,,,1,2,2,3,5,,,100,,,604,604,604,5,1,1,,,1,1,,,,,,,100,100,100,100,100,,,,,,,10,100,8,1,200,11,21,11,11
3,14,FreeDiamonds,1,Screw,1,Wood Panel,1,,,,,,,,,,,,9,36,30,30,,,,,,,,,,,,,,,,,,,,,,,,,,,1,,,,,,1,,,,,1,2,2,3,5,,,100,,,611,611,611,5,1,1,,,1,1,,,,,,,100,100,100,100,100,,,,,,,10,100,8,1,200,12,22,12,12
4,30,FreeDiamonds,1,FreeCash,100,Bolt,1,,,,,,,,,,,,9,36,30,30,,,,,,,,,,,,,,,,,,,,,,,,,,,1,,,,,,1,,,,,1,2,2,3,5,1,0,100,10,15,622,626,626,10,4,7,100,150,3,3,1080,1080,240,1000,,,100,100,100,100,100,,,,,,,10,100,8,1,200,13,23,13,13
5,50,Soybean,10,FreeDiamonds,1,Plank,1,,,,,,,,,,,,15,48,30,30,,,,,,,,,,,,,,,,,,,,,,,,,,,1,,,,,,1,,,,,1,2,2,3,5,7,0,13,10,15,637,641,641,12,4,7,100,150,3,3,1080,1080,240,1000,,,100,100,100,100,100,,,,,,,10,100,8,1,200,14,24,14,14
6,220,Cow Food,5,Milk,10,Duct Tape,1,,,,,,,,,,,,15,48,30,30,,,,,,,,,,,,,,,,,,,,,,,,,,,1,1,,,,,1,,,,,1,3,3,3,5,7,0,17,10,15,656,656,656,13,4,7,100,150,3,3,1080,1080,240,1000,,,100,100,100,100,100,,,,,,,10,100,8,1,200,15,25,15,15
7,370,Sugarcane,10,FreeDiamonds,1,,,,,,,,,,,,,,21,60,30,30,,,,,,,,,,,,,,,,,,,,,,,,,,,1,1,,,,,1,1,,,,1,3,4,3,5,7,0,21,10,15,680,680,680,14,4,7,100,150,3,3,1080,1080,240,1000,,,100,100,100,100,100,,,,,,,10,100,8,1,200,16,26,16,16
8,490,Saw,1,FreeDiamonds,1,,,,,,,,,,,,,,21,60,30,30,,,,,,,,,,,,,,,,,,,,,,,,,,,1,1,,,,,1,1,,,,1,3,5,3,5,7,0,23,10,15,709,709,709,15,4,7,100,150,3,3,1080,1080,240,6000,,,250,400,150,300,100,,,,,,,10,100,8,1,200,17,27,17,17
9,790,Carrot,10,,,,,,,,,,,,,,,,24,72,30,30,,,,,,,,,,,,,,,,,,,,,,,,,,,1,1,,,,,1,1,,,,1,3,6,3,5,7,0,26,10,15,742,742,742,17,4,7,100,150,3,3,1080,1080,240,6000,,,250,400,150,300,100,,,,,,,10,100,8,1,200,18,28,18,18
10,960,Pig Food,5,FreeDiamonds,1,Bacon,10,,,,,,,,,,,,24,72,30,30,,,,,,,,,,,,,,,,,,,,,,,,,,,1,1,,,1,,1,1,,,,1,3,7,3,5,7,0,29,10,15,781,921,921,18,4,7,100,150,3,3,1080,1080,240,6000,5,3,250,400,150,300,100,,,,,,,10,100,8,1,200,19,29,19,19
11,1180,Demolition Charge,1,Dynamite,1,,,,,,,,,,,,,,24,84,30,30,,,,,,,,,,,,,,,,,,,,,,,,,,,1,1,,,1,,1,1,,,,1,4,8,3,5,7,0,39,10,15,825,1100,46000,19,4,7,100,155,3,3,1080,1080,240,6000,5,3,250,400,150,300,100,,,,,,,10,100,8,1,200,20,30,20,20
12,1550,Axe,1,FreeDiamonds,1,,,,,,,,,,,,,,24,84,30,30,,,,,,,,,,,,,,,,,,,,,,,,,,,2,1,,,1,,2,1,,,,1,4,9,3,5,7,0,43,10,16,874,1279,64000,21,4,7,105,155,3,3,1080,1080,240,6000,5,3,250,400,150,300,100,,,,,,,10,100,8,1,200,21,31,21,21
13,1790,Indigo,10,,,,,,,,,,,,,,,,24,96,30,30,,,,,,,,,,,,,,,,,,,,,,,,,,,2,1,,,1,,2,1,,,,1,4,10,3,5,7,0,45,10,16,928,1279,64000,22,4,7,105,155,3,3,1080,1080,240,6000,5,3,250,400,150,300,100,,,,,,,10,100,8,1,200,22,32,22,22
14,2270,Saw,2,FreeDiamonds,1,,,,,,,,,,,,,,24,96,30,30,,,,,,,,,,,,,,,,,,,,,,,,,,,2,1,,,1,,2,1,,,,1,4,11,3,5,7,0,49,10,16,988,1279,64000,23,4,7,105,155,3,3,1080,1080,240,6000,5,3,250,400,150,300,100,,,,,,,10,100,8,1,200,23,33,23,23
15,2880,Pumpkin,10,,,,,,,,,,,RS1,,,,,27,108,30,30,,,,,,,,,,,,,,,,,,,,,,,,,,,2,2,,,1,,2,1,,,,1,4,12,3,5,7,0,53,10,16,1054,1375,64000,25,4,7,105,155,3,3,1080,1080,240,6000,5,3,250,400,150,300,100,,,,,,,10,100,8,1,200,24,34,24,24
16,3270,Sheep Food,5,,,,,,,,,,,RS1,,,,,27,108,30,30,,,,,,,,,,,,,,,,,,,,,,,,,,,2,2,1,,1,,2,1,,,,1,5,13,3,5,7,0,55,10,16,1125,1471,64000,26,4,7,105,160,3,3,1080,1080,240,6000,5,3,250,400,150,300,100,,,,,,,10,100,8,1,200,25,35,25,25
17,4120,Saw,1,,,,,,,,,,,RS2,,,,,30,120,30,30,,,,,,,,,,,,,,,,,,,,,,,,,,,2,2,1,,1,,2,1,,,,1,5,14,3,5,7,0,59,11,16,1203,1567,64000,27,4,7,110,160,3,3,1080,1080,240,6000,5,3,250,400,150,300,100,,,,,,,10,100,8,1,200,26,36,26,26
18,4740,Saw,1,Cotton,3,,,,,,,,,RS1,,,,,30,120,30,30,,,,,,,,,,,,,,,,,,,,,,,,,,,2,2,1,,2,,2,1,,,,1,5,15,3,5,7,0,61,11,16,1286,1869,78000,28,4,7,110,160,3,3,1080,1080,240,6000,5,3,250,400,150,300,100,,,,,,,10,100,8,1,200,27,37,27,27
19,5610,,,,,,,,,,,,,RS2,,,,,33,132,30,30,,,,,,,,,,,,,,,,,,,,,,,,,,,2,2,1,,2,,2,1,,,,1,5,15,3,5,7,0,65,11,16,1375,2171,90000,30,4,7,110,160,3,3,1080,1080,240,6000,5,3,250,400,150,300,100,,,,,,,10,100,8,1,200,28,38,28,28
20,6320,,,,,,,,,,,,,RS3,,,,,33,132,30,30,,,1,1,,,,,,,,,,,,,,1,1,,,,,,,,2,2,1,,2,,2,1,,,,1,5,20,3,5,7,0,69,11,17,1471,4048,100000,31,6,8,115,165,3,3,1080,1080,240,6000,5,3,250,400,150,300,100,,,,,,,10,100,8,1,200,29,39,29,29
21,7750,,,,,,,,,,,,,RS4,,,,,36,144,30,30,1,1,1,1,,,,,,,,,,,,,,1,1,,,,,,,,2,2,1,,2,,2,1,,,,1,5,20,3,5,7,0,70,11,17,1572,5924,100000,32,6,8,115,165,3,3,1080,1080,240,6000,5,3,250,400,150,300,100,,,,,,,10,100,8,1,200,30,40,30,30
22,9140,,,,,,,,,,,,,RS1,,,,,36,144,30,30,1,1,1,1,,,,,,,,,,,,,,1,1,,,,,,,,2,2,1,,2,,2,1,,,,1,5,20,3,5,8,0,60,11,17,1680,5941,100000,34,6,8,115,170,3,3,1080,1080,240,6000,5,3,250,400,150,300,100,,,,,,,10,100,8,1,200,31,41,31,31
23,10830,Bolt,2,Duct Tape,2,Plank,2,,,,,,,RS3,RSNail_2,RSScrew_2,RSWoodPanel_2,,39,156,30,30,1,1,1,1,,,,,,,,,,,,,,1,1,,,,,,,,3,2,1,,2,,2,1,,,,1,5,20,3,5,8,0,63,11,17,1794,5958,100000,35,6,8,120,170,3,3,1080,1080,240,6000,5,3,250,400,150,300,100,,,,,,,10,100,8,1,200,32,42,32,32
24,12200,Bolt,2,Duct Tape,2,Plank,2,,,,,,,RS5,RSNail_2,RSScrew_2,RSWoodPanel_2,,39,156,30,30,1,1,1,2,,,,,,,,,,,,,,1,1,,,,,,,,3,2,1,,2,,2,1,5,,,1,5,20,3,5,8,0,64,11,18,1915,5974,100000,36,6,8,120,170,3,3,1080,1080,240,6000,6,3,250,400,150,300,100,,,,,,,10,100,8,1,200,33,43,33,33
25,14000,Chili,3,Duct Tape,2,Plank,2,,,,,,,RS4,RSBolt_2,RSNail_2,RSScrew_2,RSWoodPanel_2,42,168,30,30,1,1,1,3,,,,,,,,,,,,,,1,1,,,,,,,,3,2,1,1,2,,2,1,5,,,1,5,20,3,5,8,0,65,12,18,2042,10845,100000,38,6,9,120,175,3,3,1080,1080,240,6000,8,3,250,400,150,300,100,BlackBean,3,Lamb Food,3,,,10,100,8,1,200,34,44,34,34
26,15700,Bolt,2,Duct Tape,2,Plank,2,,,,,,,RS1,RS2,RSNail_2,RSScrew_2,RSWoodPanel_2,42,168,30,30,1,1,1,3,,,,,,,,,,,,,,1,1,,,,,,,,3,2,2,1,2,,2,1,5,,,1,5,30,3,5,8,0,66,12,19,2176,15716,100000,39,6,9,125,175,3,3,1080,1080,240,6000,8,3,250,400,150,300,100,,,,,,,10,100,8,1,200,35,45,35,35
27,18300,Bolt,2,Duct Tape,1,Plank,1,,,,,,,RS3,RS1,RSNail_2,RSScrew_1,RSWoodPanel_1,45,180,30,30,1,1,1,3,1,,1,,,,,,,,,,,1,1,,,,,,,,3,3,2,1,2,,2,1,5,,,1,5,30,3,5,8,0,69,12,19,2316,16899,100000,40,6,9,125,180,3,3,1080,1080,240,6000,8,3,250,400,150,300,100,,,,,,,10,100,8,1,200,36,46,36,36
28,20500,Bolt,2,Duct Tape,2,Plank,2,,,,,,,RS1,RS5,RSNail_2,RSScrew_2,RSWoodPanel_2,45,180,30,30,1,1,2,4,1,,1,,,,,,,,,,,1,1,,,,,,,,3,3,2,1,2,,2,1,5,,,1,5,30,3,5,8,0,69,12,19,2464,18082,100000,41,6,10,130,180,3,3,1080,1080,240,6000,10,3,250,400,150,300,100,,,,,,,10,100,8,1,200,37,47,37,37
29,23400,Bolt,4,Duct Tape,4,Plank,4,,,,,,,RS3,RS4,RSNail_4,RSScrew_4,RSWoodPanel_4,48,192,30,30,2,2,2,4,1,,1,,,,,,,,,,,1,1,,,,,,,,3,3,2,1,2,,2,1,5,,,1,5,30,3,5,8,0,70,12,20,2617,19264,100000,43,6,10,130,185,3,3,1080,1080,240,6000,10,3,250,400,150,300,100,,,,,,,10,100,8,1,200,38,48,38,38
30,26100,Bolt,3,Tomato,3,Plank,3,,,,,,,RS3,RSDuctTape_4,RSNail_3,RSScrew_4,RSWoodPanel_3,48,192,30,30,2,2,2,4,1,,1,,,,,,,,,,,1,1,,,,,,,,3,3,2,2,2,,2,1,5,,,1,5,30,3,5,8,0,73,13,21,2778,21115,100000,44,6,10,135,190,3,3,1080,1080,240,6000,10,3,250,400,150,300,100,,,,,,,10,100,8,1,200,39,49,39,39
31,29400,Bolt,3,Duct Tape,3,Plank,4,,,,,,,RS5,RS1,RSNail_3,RSScrew_3,RSWoodPanel_4,51,204,30,30,2,2,2,4,1,,1,,,1,1,,,,,,,1,1,,,,,,,,3,3,2,2,2,,2,1,5,,,1,5,30,3,5,8,0,73,13,21,2946,22966,100000,45,6,10,140,190,3,3,1080,1080,240,6000,10,3,250,400,150,300,100,,,,,,,10,100,8,1,200,40,50,40,40
32,32400,Bolt,4,Duct Tape,3,Plank,3,,,,,,,RS1,RS3,RSNail_4,RSScrew_3,RSWoodPanel_3,51,204,30,30,2,2,2,4,1,,1,,,1,1,,,,,,,1,1,,,,,,,,3,3,2,2,3,1,2,1,5,,,1,5,30,3,5,9,0,74,13,22,3120,24817,100000,47,6,11,140,195,3,3,1080,1080,240,6000,10,3,250,400,150,300,100,,,,,,,10,100,8,1,200,41,51,41,41
33,35800,Bolt,3,Duct Tape,4,Plank,3,,,,,,,RS4,RS2,RSNail_3,RSScrew_4,RSWoodPanel_3,54,216,30,30,2,2,2,4,1,,1,,,1,1,,,,,,,1,1,,,,,,,,3,3,2,2,3,1,2,1,5,,,1,5,30,3,5,9,0,74,14,23,3302,26668,100000,48,6,11,145,200,3,3,1080,1080,240,6000,10,3,250,400,150,300,100,,,,,,,10,100,8,1,200,42,52,42,42
34,38700,Pickaxe,1,Duct Tape,3,Strawberry,3,,,,,,,RS6,RSBolt_3,RSNail_3,RSScrew_3,RSWoodPanel_4,54,216,30,30,2,2,2,4,1,,1,,,1,1,,,,,,,1,1,1,1,,,,,,3,3,2,2,3,1,2,1,5,,,1,5,30,3,5,9,0,74,14,24,3491,28519,100000,49,6,11,150,200,3,3,1080,1080,240,6000,10,3,250,400,150,300,100,,,,,,,10,100,8,1,200,43,53,43,43
35,42200,Potato,3,Duct Tape,3,Plank,3,,,,,,,RS7,RSBolt_4,RSNail_4,RSScrew_3,RSWoodPanel_3,57,228,30,30,2,2,2,4,1,,1,,,1,1,,,1,1,,,1,1,1,1,,,,,,3,3,2,2,3,1,2,1,5,,,1,5,30,3,5,9,0,75,15,24,3686,30372,100000,51,6,11,150,205,3,3,1080,1080,240,6000,10,3,250,400,150,300,100,,,,,,,10,100,8,1,200,44,54,44,44
36,45200,,,Duct Tape,4,Plank,3,,,,,,,RS2,RSBolt_3,RSNail_3,RSScrew_4,RSWoodPanel_3,57,228,30,30,2,2,2,4,1,,1,,,1,1,,,1,1,,,1,1,1,1,,,,,,3,3,2,2,3,1,2,1,5,,,1,5,30,3,5,9,0,76,15,25,3889,31916,100000,52,6,12,155,210,3,3,1080,1080,240,6000,10,3,250,400,150,300,100,,,,,,,10,100,8,1,200,45,55,45,45
37,48900,FreeDiamonds,1,Duct Tape,3,Plank,4,,,,,,,RS1,RSBolt_3,RSNail_3,RSScrew_3,RSWoodPanel_4,60,240,30,30,2,2,2,4,2,,2,,,1,1,,,1,1,,,1,1,1,1,,,,,,3,3,2,2,3,2,2,1,5,,,1,5,30,3,5,9,0,76,16,26,4100,33460,100000,53,6,12,160,215,3,3,1080,1080,240,6000,10,3,250,400,150,300,100,,,,,,,10,100,8,1,200,46,56,46,46
38,54900,FreeDiamonds,1,Duct Tape,3,Plank,3,,,,,,,RS6,RSBolt_3,RSNail_3,RSScrew_3,RSWoodPanel_3,60,240,30,30,2,2,2,4,2,,2,,,1,1,,,1,1,,,1,1,1,1,,,,,,3,3,2,2,3,2,2,1,5,,,1,5,30,3,5,9,0,78,16,28,4317,35005,100000,54,6,12,165,220,3,3,1080,1080,240,6000,10,3,250,400,150,300,100,,,,,,,10,100,8,1,200,47,57,47,47
39,61800,FreeDiamonds,1,Duct Tape,4,Plank,3,,,,,,,RS8,RSBolt_3,RSNail_3,RSScrew_4,RSWoodPanel_3,63,252,30,30,2,2,2,4,2,,2,,,1,1,,,1,1,,,1,1,1,1,,,,,,3,3,2,2,3,2,2,1,5,1,,1,5,30,3,5,9,0,78,17,29,4542,35005,100000,56,6,12,170,225,3,3,1080,1080,240,6000,10,3,250,400,150,300,100,,,,,,,10,100,8,1,200,48,58,48,48
40,67900,FreeDiamonds,2,Duct Tape,3,Plank,4,,,,,,,RS2,RSBolt_3,RSNail_3,RSScrew_3,RSWoodPanel_4,63,252,40,40,2,2,2,4,2,,3,,,1,1,,,1,2,,,1,1,1,1,1,,,,1,3,3,2,2,3,2,2,1,5,1,1,1,5,30,3,5,9,0,79,17,30,4774,36206,100000,57,6,12,175,230,3,3,1080,1080,240,6000,10,3,250,400,150,300,100,,,,,,,10,100,8,1,200,49,59,49,49
41,75000,FreeDiamonds,2,,,,,,,,,,,RS7,RS3,RS4,,,66,264,40,40,2,2,2,4,2,,3,,,2,2,,,1,2,,,1,1,1,1,1,,,,1,3,3,2,2,3,2,2,1,5,1,1,1,5,30,3,5,9,0,79,18,31,5014,37407,100000,58,6,12,180,235,3,3,1080,1080,240,6000,10,3,250,200,150,150,100,,,,,,,10,100,8,1,200,50,60,50,50
42,81500,FreeDiamonds,2,,,,,,,,,,,RS1,RS2,RS7,,,66,264,40,40,2,2,2,4,2,,3,,,2,2,,,1,2,,,1,1,1,1,2,,,,1,3,3,3,2,3,2,2,1,5,1,1,1,5,30,3,5,9,0,80,19,33,5261,38609,100000,60,6,12,185,240,3,3,1080,1080,240,6000,10,3,250,200,150,150,100,,,,,,,10,100,8,1,200,51,61,51,51
43,94400,FreeDiamonds,2,,,,,,,,,,,RS8,RS5,RS6,,,69,276,40,40,2,2,2,4,2,,3,1,1,2,2,,,1,2,,,1,1,1,1,2,,,,1,3,3,3,2,3,2,2,1,5,1,1,1,5,30,3,5,9,0,80,20,35,5515,43757,100000,61,6,12,190,245,3,3,1080,1080,240,6000,10,3,250,200,150,150,100,,,,,,,10,100,8,1,200,52,62,52,52
44,100800,FreeDiamonds,2,,,,,,,,,,,RS9,RS4,RS6,,,69,276,40,40,2,2,2,4,2,,3,1,1,2,2,,,2,2,,,1,1,1,1,2,,,,1,3,3,3,2,3,2,2,1,5,1,1,1,5,30,3,5,9,0,81,20,36,5777,48905,100000,62,6,12,195,250,3,3,1080,1080,240,6000,10,3,250,200,150,150,100,,,,,,,10,100,8,1,200,53,63,53,53
45,110900,FreeDiamonds,2,Chamomile,3,,,,,,,,,RS6,RS5,RS2,,,72,288,40,40,2,2,2,4,2,,3,1,1,2,2,,,2,2,,,1,1,1,1,2,,,,1,3,3,3,2,3,2,2,1,5,1,1,1,5,30,3,5,9,0,81,21,38,6047,54053,121875,64,6,12,200,255,3,3,1080,1080,240,6000,10,3,250,200,150,150,100,,,,,,,10,100,8,1,200,54,64,54,54
46,119500,FreeDiamonds,2,,,,,,,,,,,RS4,RS3,RS6,,,72,288,40,40,2,2,2,4,2,,3,1,1,2,2,,,2,2,,,1,1,1,1,2,,,,1,3,3,3,2,3,2,2,1,5,1,1,1,5,30,3,5,9,0,83,22,40,6325,59200,143750,65,6,12,205,260,3,3,1080,1080,240,6000,10,3,250,200,150,150,100,,,,,,,10,100,8,1,200,55,65,55,55
47,129500,FreeDiamonds,2,,,,,,,,,,,RS8,RS7,RS6,,,75,300,40,40,2,2,2,4,2,,4,1,1,2,2,,,2,2,,,1,1,1,1,2,,,,1,3,3,3,2,3,2,2,1,5,1,1,1,5,30,3,5,9,0,83,23,42,6610,60130,145625,66,6,12,210,270,3,3,1080,1080,240,6000,10,3,250,200,150,150,100,,,,,,,10,100,8,1,200,56,66,56,56
48,138000,FreeDiamonds,2,,,,,,,,,,,RS8,RS6,RS1,,,75,300,40,40,2,2,2,4,2,,4,1,1,2,2,,,2,2,,,1,1,1,1,2,,,,1,3,3,3,2,3,2,2,1,5,1,1,1,5,30,3,5,9,0,84,24,44,6903,61059,147500,67,6,12,215,275,3,3,1080,1080,240,6000,10,3,250,200,150,150,100,,,,,,,10,100,8,1,200,57,67,57,57
49,148400,FreeDiamonds,2,Asparagus,3,,,,,,,,,RS2,RS9,RS3,,,78,312,40,40,2,2,2,4,2,,4,1,1,2,2,1,1,2,2,,,1,1,1,1,2,,,,1,3,3,3,2,3,2,2,1,5,1,1,1,5,30,3,5,9,0,84,25,46,7204,62743,150000,69,6,12,220,280,3,3,1080,1080,240,6000,10,3,250,200,150,150,100,,,,,,,10,100,8,1,200,58,68,58,58
50,157000,FreeDiamonds,5,Sesame,3,,,,,,,,,RS7,RS3,RS4,,,78,312,50,50,2,2,2,4,2,1,5,1,1,2,2,1,1,2,4,,,1,1,1,1,2,,,,1,3,3,3,2,3,3,2,1,5,1,1,1,5,30,3,5,9,0,85,26,48,7512,62743,150000,70,6,12,230,285,3,3,1080,1080,240,6000,10,3,250,200,150,150,100,,,,,,,10,100,8,1,200,59,69,59,59
51,168000,FreeDiamonds,5,,,,,,,,,,,RS1,RS7,RS9,,,80,320,50,50,2,2,2,4,2,1,5,1,1,2,2,1,1,2,4,,,1,1,1,1,2,,,,1,3,3,3,2,3,3,2,1,5,1,1,1,5,30,3,5,9,0,85,28,51,7829,62743,150000,71,6,12,235,295,3,3,1080,1080,240,6000,10,3,250,200,150,150,100,,,,,,,10,100,8,1,200,60,70,60,60
52,179000,FreeDiamonds,5,Pineapple,3,,,,,,,,,RS3,RS8,RS6,,,80,320,50,50,2,2,2,4,2,1,5,1,1,2,2,1,1,2,4,,,1,1,1,1,2,,,,1,3,3,3,2,3,3,2,1,5,1,1,1,5,30,3,5,9,0,85,29,53,8153,65357,156250,72,6,12,240,300,3,3,1080,1080,240,6000,10,3,250,200,150,150,100,,,,,,,10,100,8,1,200,61,71,61,61
53,190000,FreeDiamonds,5,Lily,3,,,,,,,,,RS9,RS8,RS4,,,82,328,50,50,2,2,2,4,2,1,5,1,1,2,2,1,1,2,4,,,1,1,1,1,2,,,,1,3,3,3,2,3,3,2,1,5,1,1,1,5,30,3,5,9,0,86,30,56,8485,67971,162500,73,6,12,250,310,3,3,1080,1080,240,6000,10,3,250,200,150,150,100,,,,,,,10,100,8,1,200,62,72,62,62
54,201000,FreeDiamonds,5,,,,,,,,,,,RS9,RS1,RS5,,,82,328,50,50,2,2,2,4,2,1,5,1,1,2,2,1,1,2,4,,,1,1,1,1,2,,,,1,3,3,3,2,3,3,2,1,5,1,1,1,5,30,3,5,9,0,86,31,59,8825,70586,168750,74,6,12,255,315,3,3,1080,1080,240,6000,10,3,250,200,150,150,100,,,,,,,10,100,8,1,200,63,73,63,63
55,212000,FreeDiamonds,5,,,,,,,,,,,RS4,RS2,RS7,,,84,336,50,50,2,2,2,4,2,1,5,2,2,2,2,1,1,2,4,,,1,1,2,2,2,,1,,1,3,3,3,2,3,3,2,1,5,1,1,1,5,30,3,5,9,0,86,33,62,9174,74922,178125,75,6,12,260,320,3,3,1080,1080,240,6000,10,3,250,200,150,150,100,,,,,,,10,100,8,1,200,64,74,64,64
56,223000,FreeDiamonds,5,Rice,3,,,,,,,,,RS8,RS6,RS3,,,84,336,50,50,2,2,2,4,2,1,5,2,2,2,2,1,1,2,4,,,1,1,2,2,2,,1,,1,3,3,3,2,3,3,2,1,5,1,1,1,5,30,3,5,9,0,88,34,65,9530,79258,187500,76,6,12,270,330,3,3,1080,1080,240,6000,10,3,250,200,150,150,100,,,,,,,10,100,8,1,200,65,75,65,65
57,234000,FreeDiamonds,5,,,,,,,,,,,RS1,RS5,RS2,,,86,344,50,50,2,2,2,4,2,1,5,2,2,2,2,1,1,2,4,,,1,1,2,2,2,,1,,1,3,3,3,2,3,3,2,1,5,1,1,1,5,30,3,5,9,0,88,36,68,9895,83923,196875,77,6,12,275,335,3,3,1080,1080,240,6000,10,3,250,200,150,150,100,,,,,,,10,100,8,1,200,66,76,66,66
58,245000,FreeDiamonds,5,Lettuce,3,,,,,,,,,RS7,RS8,RS9,,,86,344,50,50,2,2,2,4,2,1,5,2,2,2,2,2,2,2,4,,,1,1,2,2,2,,2,,1,3,3,3,2,3,3,2,1,5,1,1,1,5,30,3,5,9,0,88,37,71,10267,88588,206250,78,6,12,285,345,3,3,1080,1080,240,6000,10,3,250,200,150,150,100,,,,,,,10,100,8,1,200,67,77,67,67
59,256000,FreeDiamonds,5,,,,,,,,,,,RS7,RS4,RS5,,,88,352,50,50,2,2,2,4,2,1,5,2,2,2,2,2,2,2,4,,,1,1,2,2,2,,2,,1,3,3,3,2,3,3,2,1,5,1,1,1,5,30,3,5,9,0,88,39,74,10648,91622,212500,79,6,12,290,355,3,3,1080,1080,240,6000,10,3,250,200,150,150,100,,,,,,,10,100,8,1,200,68,78,68,68
60,267000,FreeDiamonds,8,Garlic,3,,,,,,,,,RS9,RS8,RS6,RS11,,88,352,60,60,2,2,2,4,2,1,5,2,2,2,2,2,2,2,4,2,1,1,1,2,2,2,,2,,1,3,3,3,2,3,3,2,1,5,1,1,1,5,30,3,5,9,0,88,41,78,11037,94656,218750,80,6,12,295,360,3,3,1080,1080,240,6000,10,3,250,200,150,150,100,,,,,,,10,100,8,1,200,69,79,69,69
61,278000,FreeDiamonds,8,,,,,,,,,,,RS10,RS6,RS5,RS8,,90,360,60,60,2,2,2,4,2,1,5,2,2,2,2,2,2,2,4,2,1,1,1,2,2,2,,2,,1,3,3,3,2,3,3,2,1,5,1,1,1,5,30,3,5,9,0,88,42,81,11434,97690,225000,81,6,12,305,370,3,3,1080,1080,240,6000,10,3,250,200,150,150,100,,,,,,,10,100,8,1,200,70,80,70,70
62,289000,FreeDiamonds,8,,,,,,,,,,,RS3,RS2,RS5,RS4,,90,360,60,60,2,2,2,4,2,1,5,2,2,2,2,2,2,2,4,2,1,1,1,2,2,2,,2,,1,3,3,3,2,3,3,2,1,5,1,1,1,5,30,3,5,9,0,89,44,85,11840,107453,225000,82,6,12,310,375,3,3,1080,1080,240,6000,10,3,250,200,150,150,100,,,,,,,10,100,8,1,200,71,81,71,71
63,300000,FreeDiamonds,8,Sunflower,3,,,,,,,,,RS9,RS8,RS6,RS11,,92,368,60,60,2,2,2,4,2,1,5,2,2,2,2,2,2,2,4,2,1,1,1,2,2,2,,2,,1,3,3,3,2,3,3,2,1,5,1,1,1,5,30,3,5,9,0,89,46,88,12254,117216,250000,83,6,12,320,385,3,3,1080,1080,240,6000,10,3,250,200,150,150,100,,,,,,,10,100,8,1,200,72,82,72,72
64,311000,FreeDiamonds,8,,,,,,,,,,,RS10,RS8,RS3,RS2,,92,368,60,60,2,2,2,4,2,1,5,2,2,2,2,2,2,2,4,2,2,1,1,2,2,2,,2,,1,3,3,3,2,3,3,2,1,5,1,1,1,5,30,3,5,9,0,89,48,92,12676,126980,275000,84,6,12,330,395,3,3,1080,1080,240,6000,10,3,250,200,150,150,100,,,,,,,10,100,8,1,200,73,83,73,73
65,322000,FreeDiamonds,8,Cabbage,3,,,,,,,,,RS8,RS5,RS10,RS7,,94,376,60,60,2,2,2,4,2,1,5,2,2,2,2,2,2,2,4,2,2,1,1,2,2,2,,2,,1,3,3,3,2,3,3,2,1,5,1,1,1,5,30,3,5,9,0,90,50,96,13107,163429,350000,85,6,12,335,400,3,3,1080,1080,240,6000,10,3,250,200,150,150,100,,,,,,,10,100,8,1,200,74,84,74,74
66,333000,FreeDiamonds,8,,,,,,,,,,,RS6,RS3,RS9,RS10,,94,376,60,60,2,2,2,4,2,1,5,2,2,2,2,2,2,2,4,2,2,1,1,2,2,2,,2,,1,3,3,3,2,3,3,2,1,5,1,1,1,5,30,3,5,9,0,90,52,100,13546,199878,425000,86,6,12,345,410,3,3,1080,1080,240,6000,10,3,250,200,150,150,100,,,,,,,10,100,8,1,200,75,85,75,75
67,344000,FreeDiamonds,8,,,,,,,,,,,RS10,RS8,RS10,RS7,,96,384,60,60,2,2,2,4,2,1,5,2,2,2,2,2,2,2,4,2,2,1,1,2,2,2,,2,,1,3,3,3,2,3,3,2,1,5,1,1,1,5,30,3,5,9,0,90,54,104,13994,236328,500000,87,6,12,350,420,3,3,1080,1080,240,6000,10,3,250,200,150,150,100,,,,,,,10,100,8,1,200,76,86,76,76
68,355000,FreeDiamonds,8,Onion,3,,,,,,,,,RS7,RS12,RS4,RS9,,96,384,60,60,2,2,2,4,2,1,5,2,2,2,2,2,2,2,4,2,2,1,1,2,2,2,,2,,1,3,3,3,2,3,3,2,1,5,1,1,1,5,30,3,5,9,0,91,56,108,14450,236328,500000,88,6,12,360,425,3,3,1080,1080,240,6000,10,3,250,200,150,150,100,,,,,,,10,100,8,1,200,77,87,77,77
69,366000,FreeDiamonds,8,,,,,,,,,,,RS9,RS3,RS8,RS5,,98,392,60,60,2,2,2,4,2,1,5,2,2,2,2,2,2,2,4,2,2,1,1,2,2,2,,2,,1,3,3,3,2,3,3,2,1,5,1,1,1,5,30,3,5,9,0,91,58,112,14914,236328,500000,89,6,12,365,435,3,3,1080,1080,240,6000,10,3,250,200,150,150,100,,,,,,,10,100,8,1,200,78,88,78,78
70,377000,FreeDiamonds,10,Cucumber,3,,,,,,,,,RS4,RS10,RS11,RS6,,98,392,70,70,2,2,2,4,2,1,5,2,2,2,2,2,2,2,4,2,2,1,1,2,2,2,,2,,1,3,3,3,2,3,3,2,1,5,1,1,1,5,30,3,5,9,0,91,60,117,15387,236328,500000,90,6,12,375,445,3,3,1080,1080,240,6000,10,3,250,200,150,150,100,,,,,,,10,100,8,1,200,79,89,79,79
71,388000,FreeDiamonds,10,,,,,,,,,,,RS10,RS7,RS3,RS4,,100,400,70,70,2,2,2,4,2,1,5,2,2,2,2,2,2,2,4,2,2,1,1,2,2,2,,2,,1,3,3,3,2,3,3,2,1,5,1,1,1,5,30,3,5,9,0,93,62,121,15869,281605,500000,91,6,12,385,450,3,3,1080,1080,240,6000,10,3,250,200,150,150,100,,,,,,,10,100,8,1,200,80,90,80,80
72,399000,FreeDiamonds,10,Beetroot,3,,,,,,,,,RS2,RS8,RS12,RS10,,100,400,70,70,2,2,2,4,2,1,5,2,2,2,2,2,2,2,4,2,2,1,1,2,2,2,,2,,1,3,3,3,2,3,3,2,1,5,1,1,1,5,30,3,5,9,0,93,64,126,16360,326882,500000,92,6,12,390,460,3,3,1080,1080,240,6000,10,3,250,200,150,150,100,,,,,,,10,100,8,1,200,81,91,81,81
73,410000,FreeDiamonds,10,,,,,,,,,,,RS10,RS2,RS4,RS5,,102,408,70,70,2,2,2,4,2,1,5,2,2,2,2,2,2,2,4,2,2,1,1,2,2,2,,2,,1,3,3,3,2,3,3,2,1,5,1,1,1,5,30,3,5,9,0,93,66,130,16859,348242,500000,93,6,12,400,470,3,3,1080,1080,240,6000,10,3,250,200,150,150,100,,,,,,,10,100,8,1,200,82,92,82,82
74,421000,FreeDiamonds,10,Bellpepper,3,,,,,,,,,RS9,RS7,RS10,RS8,,102,408,70,70,2,2,2,4,2,1,5,2,2,2,2,2,2,2,4,2,2,1,1,2,2,2,,2,,1,3,3,3,2,3,3,2,1,5,1,1,1,5,30,3,5,9,0,94,68,135,17366,369602,500000,94,6,12,405,475,3,3,1080,1080,240,6000,10,3,250,200,150,150,100,,,,,,,10,100,8,1,200,83,93,83,83
75,432000,FreeDiamonds,10,,,,,,,,,,,RS5,RS3,RS10,RS7,,104,416,70,70,2,2,2,4,2,1,5,2,2,2,2,2,2,2,4,2,2,1,1,2,2,2,,2,,1,3,3,3,2,3,3,2,1,5,1,1,1,5,30,3,5,9,0,94,71,139,17883,390963,500000,95,6,12,415,485,3,3,1080,1080,240,6000,10,3,250,200,150,150,100,,,,,,,10,100,8,1,200,84,94,84,84
76,443000,FreeDiamonds,10,,,,,,,,,,,RS9,RS4,RS7,RS6,,104,416,70,70,2,2,2,4,2,1,5,2,2,2,2,2,2,2,4,2,2,1,1,2,2,2,,2,,1,3,3,3,2,3,3,2,2,5,1,1,1,5,30,3,5,9,0,94,73,144,18408,390963,500000,96,6,12,420,495,3,3,1080,1080,240,6000,10,3,250,200,150,150,100,,,,,,,10,100,8,1,200,85,95,85,85
77,454000,FreeDiamonds,10,,,,,,,,,,,RS4,RS11,RS9,RS2,,106,424,70,70,2,2,2,4,2,1,5,2,2,2,2,2,2,2,4,2,2,1,1,2,2,2,,2,,1,3,3,3,2,3,3,2,2,5,1,1,1,5,30,3,5,9,0,95,75,148,18942,423585,500000,97,6,12,430,500,3,3,1080,1080,240,6000,10,3,250,200,150,150,100,,,,,,,10,100,8,1,200,86,96,86,86
78,465000,FreeDiamonds,10,Ginger,3,,,,,,,,,RS6,RS5,RS2,RS9,,106,424,70,70,2,2,2,4,2,1,5,2,2,2,2,2,2,2,4,2,2,1,1,2,2,2,,2,,1,3,3,3,2,3,3,2,2,5,1,1,1,5,30,3,5,9,0,95,78,153,19485,435523,500000,98,6,12,440,510,3,3,1080,1080,240,6000,10,3,250,200,150,150,100,,,,,,,10,100,8,1,200,87,97,87,87
79,476000,FreeDiamonds,10,,,,,,,,,,,RS5,RS9,RS3,RS4,,108,432,70,70,2,2,2,4,2,1,5,2,2,2,2,2,2,2,4,2,2,1,1,2,2,2,,2,,1,3,3,3,2,3,3,2,2,5,1,1,1,5,30,3,5,9,0,95,80,158,20036,447461,500000,99,6,12,445,520,3,3,1080,1080,240,6000,10,3,250,200,150,150,100,,,,,,,10,100,8,1,200,88,98,88,88
80,487000,FreeDiamonds,10,TeaLeaves,3,,,,,,,,,RS10,RS9,RS4,RS8,,108,432,80,80,2,2,2,4,2,1,5,2,2,2,2,2,2,2,4,2,2,1,1,2,2,2,,2,,1,3,3,3,2,3,3,2,2,5,1,1,1,5,30,3,5,9,0,95,82,163,20597,459400,500000,100,6,12,455,525,3,3,1080,1080,240,6000,10,3,250,200,150,150,100,,,,,,,10,100,8,1,200,89,99,89,89
81,498000,FreeDiamonds,10,,,,,,,,,,,RS3,RS10,RS8,RS2,,110,440,80,80,2,2,2,4,2,1,5,2,2,2,2,2,2,2,4,2,2,1,1,2,2,2,,2,,1,3,3,3,2,3,3,2,2,5,1,1,1,5,30,3,5,9,0,95,85,168,21166,493047,500000,101,6,12,460,535,3,3,1080,1080,240,6000,10,3,250,200,150,150,100,,,,,,,10,100,8,1,200,90,100,90,90
82,509000,FreeDiamonds,10,Peony,3,,,,,,,,,RS6,RS8,RS5,RS9,,110,440,80,80,2,2,2,4,2,1,5,2,2,2,2,2,2,2,4,2,2,1,1,2,2,2,,2,,1,3,3,3,2,3,3,2,2,5,1,1,1,5,30,3,5,9,0,95,87,172,21745,503319,500000,102,6,12,470,545,3,3,1080,1080,240,6000,10,3,250,200,150,150,100,,,,,,,10,100,8,1,200,91,101,91,91
83,520000,FreeDiamonds,10,Broccoli,3,,,,,,,,,RS4,RS11,RS6,RS9,,112,448,80,80,2,2,2,4,2,1,5,2,2,2,2,2,2,2,4,2,2,1,1,2,2,2,,2,,1,3,3,3,2,3,3,2,2,5,1,1,1,5,30,3,5,9,0,95,89,177,22332,513591,500000,103,6,12,475,550,3,3,1080,1080,240,6000,10,3,250,200,150,150,100,,,,,,,10,100,8,1,200,92,102,92,92
84,531000,FreeDiamonds,10,Grapes,3,,,,,,,,,RS7,RS9,RS10,RS12,,112,448,80,80,2,2,2,4,2,1,5,2,2,2,2,2,2,2,4,2,2,1,1,2,2,2,1,2,,2,3,3,3,2,3,3,2,2,5,1,1,1,5,30,3,5,9,0,95,92,182,22928,523863,500000,104,6,12,485,560,3,3,1080,1080,240,6000,10,3,250,200,150,150,100,,,,,,,10,100,8,1,200,93,103,93,93
85,542000,FreeDiamonds,10,Mint,3,,,,,,,,,RS8,RS2,RS9,RS7,RS10,114,456,80,80,2,2,2,4,2,1,5,2,2,2,2,2,2,2,4,2,2,1,1,2,2,2,1,2,,2,3,3,3,2,3,3,2,2,5,1,1,1,5,30,3,5,9,0,95,94,187,23533,534135,500000,105,6,12,490,570,3,3,1080,1080,240,6000,10,3,250,200,150,150,100,,,,,,,10,100,8,1,200,94,104,94,94
86,553000,FreeDiamonds,10,,,,,,,,,,,RS10,RS4,RS3,RS6,RS9,114,456,80,80,2,2,2,4,2,1,5,2,2,2,2,2,2,2,4,2,2,1,1,2,2,2,1,2,,2,3,3,3,2,3,3,2,2,5,1,1,1,5,30,3,5,9,0,95,97,192,24148,544407,500000,106,6,12,500,575,3,3,1080,1080,240,6000,10,3,250,200,150,150,100,,,,,,,10,100,8,1,200,95,105,95,95
87,564000,FreeDiamonds,10,,,,,,,,,,,RS11,RS5,RS4,RS8,RS12,116,464,80,80,2,2,2,4,2,1,5,2,2,2,2,2,2,2,4,2,2,1,1,2,2,2,1,2,,2,3,3,3,2,3,3,2,2,5,1,1,1,5,30,3,5,9,0,95,99,197,24771,554678,500000,107,6,12,505,585,3,3,1080,1080,240,6000,10,3,250,200,150,150,100,,,,,,,10,100,8,1,200,96,106,96,96
88,575000,FreeDiamonds,10,PassionFruit,3,,,,,,,,,RS8,RS3,RS10,RS9,RS2,116,464,80,80,2,2,2,4,2,1,5,2,2,2,2,2,2,2,4,2,2,1,1,2,2,2,1,2,,2,3,3,3,2,3,3,2,2,5,1,1,1,5,30,3,5,9,0,95,101,202,25404,562382,500000,108,6,12,515,590,3,3,1080,1080,240,6000,10,3,250,200,150,150,100,,,,,,,10,100,8,1,200,97,107,97,97
89,586000,FreeDiamonds,10,Mushroom,3,,,,,,,,,RS6,RS4,RS9,RS12,RS10,118,472,80,80,2,2,2,4,2,1,5,2,2,2,2,2,2,2,4,2,2,1,1,2,2,2,1,2,,2,3,3,3,2,3,3,2,2,5,1,1,1,5,30,3,5,9,0,95,104,206,26045,570086,500000,109,6,12,520,600,3,3,1080,1080,240,6000,10,3,250,200,150,150,100,,,,,,,10,100,8,1,200,98,108,98,98
90,597000,FreeDiamonds,10,Eggplant,3,,,,,,,,,RS9,RS5,RS11,RS10,RS7,118,472,90,90,2,2,2,4,2,1,5,2,2,2,2,2,2,2,4,2,2,1,1,2,2,2,1,2,1,2,3,3,3,2,3,3,2,2,5,1,1,1,5,30,3,5,9,0,95,106,211,26696,577790,500000,110,6,12,530,605,3,3,1080,1080,240,6000,10,3,250,200,150,150,100,,,,,,,10,100,8,1,200,99,109,99,99
91,608000,FreeDiamonds,10,,,,,,,,,,,RS11,RS2,RS3,RS4,RS5,120,480,90,90,2,2,2,4,2,1,5,2,2,2,2,2,2,2,4,2,2,1,1,2,2,2,1,2,1,2,3,3,3,2,3,3,2,2,5,1,1,1,5,30,3,5,9,0,95,108,216,27356,585494,500000,111,6,12,535,615,3,3,1080,1080,240,6000,10,3,250,200,150,150,100,,,,,,,10,100,8,1,200,100,110,100,100
92,619000,FreeDiamonds,10,Watermelon,3,,,,,,,,,RS6,RS7,RS8,RS9,RS10,120,480,90,90,2,2,2,4,2,1,5,2,2,2,2,2,2,2,4,2,2,1,1,2,2,2,1,2,1,2,3,3,3,2,3,3,2,2,5,1,1,1,5,30,3,5,9,0,95,111,221,28025,595766,500000,112,6,12,545,620,3,3,1080,1080,240,6000,10,3,250,200,150,150,100,,,,,,,10,100,8,1,200,101,111,101,101
93,630000,FreeDiamonds,10,,,,,,,,,,,RS11,RS3,RS5,RS7,RS9,122,488,90,90,2,2,2,4,2,1,5,2,2,2,2,2,2,2,4,2,2,1,1,2,2,2,1,2,1,2,3,3,3,2,3,3,2,2,5,1,1,1,5,30,3,5,9,0,95,113,226,28703,606038,500000,113,6,12,550,630,3,3,1080,1080,240,6000,10,3,250,200,150,150,100,,,,,,,10,100,8,1,200,102,112,102,102
94,641000,FreeDiamonds,10,Clay,3,,,,,,,,,RS10,RS8,RS6,RS4,RS2,122,488,90,90,2,2,2,4,2,1,5,2,2,2,2,2,2,2,4,2,2,1,1,2,2,2,2,2,1,2,3,3,3,2,3,3,2,2,5,1,1,1,5,30,3,5,9,0,95,115,231,29391,616309,500000,114,6,12,555,635,3,3,1080,1080,240,6000,10,3,250,200,150,150,100,,,,,,,10,100,8,1,200,103,113,103,103
95,652000,FreeDiamonds,10,Chickpea,3,,,,,,,,,RS11,RS2,RS3,RS4,RS5,124,496,90,90,2,2,2,4,2,1,5,2,2,2,2,2,2,2,4,2,2,1,1,2,2,2,2,2,1,2,3,3,3,2,3,3,2,2,5,1,1,1,5,30,3,5,9,0,95,118,235,30088,622472,500000,115,6,12,565,645,3,3,1080,1080,240,6000,10,3,250,200,150,150,100,,,,,,,10,100,8,1,200,104,114,104,104
96,663000,FreeDiamonds,10,,,,,,,,,,,RS6,RS7,RS8,RS9,RS10,124,496,90,90,2,2,2,4,2,1,5,2,2,2,2,2,2,2,4,2,2,1,1,2,2,2,2,2,1,2,3,3,3,2,3,3,2,2,5,1,1,1,5,30,3,5,9,0,95,120,240,30794,628635,500000,116,6,12,570,650,3,3,1080,1080,240,6000,10,3,250,200,150,150,100,,,,,,,10,100,8,1,200,105,115,105,105
97,674000,FreeDiamonds,10,,,,,,,,,,,RS11,RS3,RS5,RS7,RS9,126,504,90,90,2,2,2,4,2,1,5,2,2,2,2,2,2,2,4,2,2,1,1,2,2,2,2,2,1,2,3,3,3,2,3,3,2,2,5,1,1,1,5,30,3,5,9,0,95,122,245,31509,634798,500000,117,6,12,575,660,3,3,1080,1080,240,6000,10,3,250,200,150,150,100,,,,,,,10,100,8,1,200,106,116,106,106
98,685000,FreeDiamonds,10,,,,,,,,,,,RS10,RS8,RS6,RS4,RS2,126,504,90,90,2,2,2,4,2,1,5,2,2,2,2,2,2,2,4,2,2,1,1,2,2,2,2,2,2,2,3,3,3,2,3,3,2,2,5,1,1,1,5,30,3,5,9,0,95,125,249,32234,640961,500000,118,6,12,585,665,3,3,1080,1080,240,6000,10,3,250,200,150,150,100,,,,,,,10,100,8,1,200,107,117,107,107
99,696000,FreeDiamonds,10,,,,,,,,,,,RS12,RS2,RS3,RS4,RS5,128,512,90,90,2,2,2,4,2,1,5,2,2,2,2,2,2,2,4,2,2,1,1,2,2,2,2,2,2,2,3,3,3,2,3,3,2,2,5,1,1,1,5,30,3,5,9,0,95,127,254,32968,647124,500000,119,6,12,590,670,3,3,1080,1080,240,6000,10,3,250,200,150,150,100,,,,,,,10,100,8,1,200,108,118,108,108
100,707000,FreeDiamonds,50,,,,,,,,,,,RS11,RS12,RS11,RS12,RS11,128,512,100,100,2,2,2,4,2,1,5,2,2,2,2,2,2,2,4,2,2,1,1,2,2,2,2,2,2,2,3,3,3,2,3,3,2,2,5,1,1,1,5,30,3,5,9,0,95,129,258,33712,654828,500000,120,6,12,595,680,3,3,1080,1080,240,6000,10,3,250,200,150,150,100,,,,,,,10,100,8,1,200,109,119,109,109
101,718000,FreeDiamonds,12,,,,,,,,,,,RS12,RS11,RS12,RS11,RS12,129,516,100,100,2,2,2,4,2,1,5,2,2,2,2,2,2,2,4,2,2,1,1,2,2,2,2,2,2,2,3,3,3,2,3,3,2,2,5,1,1,1,5,30,3,5,9,0,95,131,263,33832,662532,500000,120,6,12,600,685,3,3,1080,1080,240,6000,10,3,250,200,150,150,100,,,,,,,10,100,8,1,200,110,120,110,110
102,729000,FreeDiamonds,12,,,,,,,,,,,RS11,RS12,RS11,RS12,RS11,129,516,100,100,2,2,2,4,2,1,5,2,2,2,2,2,2,2,4,2,2,1,1,2,2,2,2,2,2,2,3,3,3,2,3,3,2,2,5,1,1,1,5,30,3,5,9,0,96,133,267,33952,670236,500000,121,6,12,610,690,3,3,1080,1080,240,6000,10,3,250,200,150,150,100,,,,,,,10,100,8,1,200,111,121,111,111
103,740000,FreeDiamonds,12,,,,,,,,,,,RS12,RS11,RS12,RS11,RS12,130,520,100,100,2,2,2,4,2,1,5,2,2,2,2,2,2,2,4,2,2,1,1,2,2,2,2,2,2,2,3,3,3,2,3,3,2,2,5,1,1,1,5,30,3,5,9,0,96,136,272,34073,677940,500000,121,6,12,615,700,3,3,1080,1080,240,6000,10,3,250,200,150,150,100,,,,,,,10,100,8,1,200,112,122,112,112
104,751000,FreeDiamonds,12,,,,,,,,,,,RS11,RS12,RS11,RS12,RS11,130,520,100,100,2,2,2,4,2,1,5,2,2,2,2,2,2,2,4,2,2,1,1,2,2,2,2,2,2,2,3,3,3,2,3,3,2,2,5,1,1,1,5,30,3,5,9,0,96,138,276,34194,688212,500000,121,6,12,620,705,3,3,1080,1080,240,6000,10,3,250,200,150,150,100,,,,,,,10,100,8,1,200,113,123,113,113
105,762000,FreeDiamonds,12,,,,,,,,,,,RS12,RS11,RS12,RS11,RS12,131,524,100,100,2,2,2,4,2,1,5,2,2,2,2,2,2,2,4,2,2,1,1,2,2,2,2,2,2,2,3,3,3,2,3,3,2,2,5,1,1,1,5,30,3,5,9,0,96,140,280,34315,698484,500000,121,6,12,625,710,3,3,1080,1080,240,6000,10,3,250,200,150,150,100,,,,,,,10,100,8,1,200,114,124,114,114
106,773000,FreeDiamonds,12,,,,,,,,,,,RS11,RS12,RS11,RS12,RS11,131,524,100,100,2,2,2,4,2,1,5,2,2,2,2,2,2,2,4,2,2,1,1,2,2,2,2,2,2,2,3,3,3,2,3,3,2,2,5,1,1,1,5,30,3,5,9,0,96,142,285,34436,708755,500000,122,6,12,630,715,3,3,1080,1080,240,6000,10,3,250,200,150,150,100,,,,,,,10,100,8,1,200,115,125,115,115
107,784000,FreeDiamonds,12,,,,,,,,,,,RS12,RS11,RS12,RS11,RS12,132,528,100,100,2,2,2,4,2,1,5,2,2,2,2,2,2,2,4,2,2,1,1,2,2,2,2,2,2,2,3,3,3,2,3,3,2,2,5,1,1,1,5,30,3,5,9,0,96,144,289,34558,719027,500000,122,6,12,635,720,3,3,1080,1080,240,6000,10,3,250,200,150,150,100,,,,,,,10,100,8,1,200,116,126,116,116
108,795000,FreeDiamonds,12,,,,,,,,,,,RS11,RS12,RS11,RS12,RS11,132,528,100,100,2,2,2,4,2,1,5,2,2,2,2,2,2,2,4,2,2,1,1,2,2,2,2,2,2,2,3,3,3,2,3,3,2,2,5,1,1,1,5,30,3,5,9,0,96,146,293,34680,729299,500000,122,6,12,640,730,3,3,1080,1080,240,6000,10,3,250,200,150,150,100,,,,,,,10,100,8,1,200,117,127,117,117
109,806000,FreeDiamonds,12,,,,,,,,,,,RS12,RS11,RS12,RS11,RS12,133,532,100,100,2,2,2,4,2,1,5,2,2,2,2,2,2,2,4,2,2,1,1,2,2,2,2,2,2,2,3,3,3,2,3,3,2,2,5,1,1,1,5,30,3,5,9,0,96,148,297,34802,739571,500000,122,6,12,645,735,3,3,1080,1080,240,6000,10,3,250,200,150,150,100,,,,,,,10,100,8,1,200,118,128,118,118
110,817000,FreeDiamonds,12,,,,,,,,,,,RS11,RS12,RS11,RS12,RS11,133,532,100,100,2,2,2,4,2,1,5,2,2,2,2,2,2,2,4,2,2,1,1,2,2,2,2,2,2,2,3,3,3,2,3,3,2,2,5,1,1,1,5,30,3,5,9,0,96,150,301,34924,745734,500000,123,6,12,650,740,3,3,1080,1080,240,6000,10,3,250,200,150,150,100,,,,,,,10,100,8,1,200,119,129,119,119
111,828000,FreeDiamonds,12,,,,,,,,,,,RS12,RS11,RS12,RS11,RS12,134,536,100,100,2,2,2,4,2,1,5,2,2,2,2,2,2,2,4,2,2,1,1,2,2,2,2,2,2,2,3,3,3,2,3,3,2,2,5,1,1,1,5,30,3,5,9,0,96,152,305,35047,751897,500000,123,6,12,660,745,3,3,1080,1080,240,6000,10,3,250,200,150,150,100,,,,,,,10,100,8,1,200,120,130,120,120
112,839000,FreeDiamonds,12,,,,,,,,,,,RS11,RS12,RS11,RS12,RS11,134,536,100,100,2,2,2,4,2,1,5,2,2,2,2,2,2,2,4,2,2,1,1,2,2,2,2,2,2,2,3,3,3,2,3,3,2,2,5,1,1,1,5,30,3,5,9,0,96,154,309,35170,758060,500000,123,6,12,665,750,3,3,1080,1080,240,6000,10,3,250,200,150,150,100,,,,,,,10,100,8,1,200,121,131,121,121
113,850000,FreeDiamonds,12,,,,,,,,,,,RS12,RS11,RS12,RS11,RS12,135,540,100,100,2,2,2,4,2,1,5,2,2,2,2,2,2,2,4,2,2,1,1,2,2,2,2,2,2,2,3,3,3,2,3,3,2,2,5,1,1,1,5,30,3,5,9,0,96,156,313,35293,764223,500000,123,6,12,670,755,3,3,1080,1080,240,6000,10,3,250,200,150,150,100,,,,,,,10,100,8,1,200,122,132,122,122
114,861000,FreeDiamonds,12,,,,,,,,,,,RS11,RS12,RS11,RS12,RS11,135,540,100,100,2,2,2,4,2,1,5,2,2,2,2,2,2,2,4,2,2,1,1,2,2,2,2,2,2,2,3,3,3,2,3,3,2,2,5,1,1,1,5,30,3,5,9,0,96,158,317,35416,770386,500000,124,6,12,670,760,3,3,1080,1080,240,6000,10,3,250,200,150,150,100,,,,,,,10,100,8,1,200,123,133,123,123
115,872000,FreeDiamonds,12,,,,,,,,,,,RS12,RS11,RS12,RS11,RS12,136,544,100,100,2,2,2,4,2,1,5,2,2,2,2,2,2,2,4,2,2,1,1,2,2,2,2,2,2,2,3,3,3,2,3,3,2,2,5,1,1,1,5,30,3,5,9,0,96,159,320,35540,776549,500000,124,6,12,675,765,3,3,1080,1080,240,6000,10,3,250,200,150,150,100,,,,,,,10,100,8,1,200,124,134,124,124
116,883000,FreeDiamonds,12,,,,,,,,,,,RS11,RS12,RS11,RS12,RS11,136,544,100,100,2,2,2,4,2,1,5,2,2,2,2,2,2,2,4,2,2,1,1,2,2,2,2,2,2,2,3,3,3,2,3,3,2,2,5,1,1,1,5,30,3,5,9,0,96,161,324,35664,782712,500000,124,6,12,680,770,3,3,1080,1080,240,6000,10,3,250,200,150,150,100,,,,,,,10,100,8,1,200,125,135,125,125
117,894000,FreeDiamonds,12,,,,,,,,,,,RS12,RS11,RS12,RS11,RS12,137,548,100,100,2,2,2,4,2,1,5,2,2,2,2,2,2,2,4,2,2,1,1,2,2,2,2,2,2,2,3,3,3,2,3,3,2,2,5,1,1,1,5,30,3,5,9,0,96,163,328,35788,788875,500000,124,6,12,685,775,3,3,1080,1080,240,6000,10,3,250,200,150,150,100,,,,,,,10,100,8,1,200,126,136,126,126
118,905000,FreeDiamonds,12,,,,,,,,,,,RS11,RS12,RS11,RS12,RS11,137,548,100,100,2,2,2,4,2,1,5,2,2,2,2,2,2,2,4,2,2,1,1,2,2,2,2,2,2,2,3,3,3,2,3,3,2,2,5,1,1,1,5,30,3,5,9,0,96,165,331,35912,795038,500000,125,6,12,690,780,3,3,1080,1080,240,6000,10,3,250,200,150,150,100,,,,,,,10,100,8,1,200,127,137,127,127
119,916000,FreeDiamonds,12,Oats,3,,,,,,,,,RS12,RS11,RS12,RS11,RS12,138,552,100,100,2,2,2,4,2,1,5,2,2,2,2,2,2,2,4,2,2,1,1,2,2,2,2,2,2,2,3,3,3,2,3,3,2,2,5,1,1,1,5,30,3,5,9,0,96,166,335,36037,801202,500000,125,6,12,695,785,3,3,1080,1080,240,6000,10,3,250,200,150,150,100,,,,,,,10,100,8,1,200,128,138,128,128
120,927000,FreeDiamonds,12,,,,,,,,,,,RS11,RS12,RS11,RS12,RS11,138,552,120,120,2,2,2,4,2,1,5,2,2,2,2,2,2,2,4,2,2,1,1,2,2,2,2,2,2,2,3,3,3,2,3,3,2,2,5,1,1,1,5,30,3,5,9,0,96,168,338,36162,807365,500000,125,6,12,700,790,3,3,1080,1080,240,6000,10,3,250,200,150,150,100,,,,,,,10,100,8,1,200,129,139,129,129
121,938000,FreeDiamonds,12,,,,,,,,,,,RS12,RS11,RS12,RS11,RS12,139,556,120,120,2,2,2,4,2,1,5,2,2,2,2,2,2,2,4,2,2,1,1,2,2,2,2,2,2,2,3,3,3,2,3,3,2,2,5,1,1,1,5,30,3,5,9,0,96,170,341,36287,813528,500000,125,6,12,705,795,3,3,1080,1080,240,6000,10,3,250,200,150,150,100,,,,,,,10,100,8,1,200,130,140,130,130
122,949000,FreeDiamonds,12,,,,,,,,,,,RS11,RS12,RS11,RS12,RS11,139,556,120,120,2,2,2,4,2,1,5,2,2,2,2,2,2,2,4,2,2,1,1,2,2,2,2,2,2,2,3,3,3,2,3,3,2,2,5,1,1,1,5,30,3,5,9,0,96,171,345,36412,819691,500000,126,6,12,710,800,3,3,1080,1080,240,6000,10,3,250,200,150,150,100,,,,,,,10,100,8,1,200,131,141,131,131
123,960000,FreeDiamonds,12,,,,,,,,,,,RS12,RS11,RS12,RS11,RS12,140,560,120,120,2,2,2,4,2,1,5,2,2,2,2,2,2,2,4,2,2,1,1,2,2,2,2,2,2,2,3,3,3,2,3,3,2,2,5,1,1,1,5,30,3,5,9,0,96,173,348,36538,825854,500000,126,6,12,710,800,3,3,1080,1080,240,6000,10,3,250,200,150,150,100,,,,,,,10,100,8,1,200,132,142,132,132
124,971000,FreeDiamonds,12,,,,,,,,,,,RS11,RS12,RS11,RS12,RS11,140,560,120,120,2,2,2,4,2,1,5,2,2,2,2,2,2,2,4,2,2,1,1,2,2,2,2,2,2,2,3,3,3,2,3,3,2,2,5,1,1,1,5,30,3,5,9,0,96,174,351,36664,832017,500000,126,6,12,715,805,3,3,1080,1080,240,6000,10,3,250,200,150,150,100,,,,,,,10,100,8,1,200,133,143,133,133
125,982000,FreeDiamonds,12,,,,,,,,,,,RS12,RS11,RS12,RS11,RS12,141,564,120,120,2,2,2,4,2,1,5,2,2,2,2,2,2,2,4,2,2,1,1,2,2,2,2,2,2,2,3,3,3,2,3,3,2,2,5,1,1,1,5,30,3,5,9,0,96,176,354,36790,832017,500000,126,6,12,720,810,3,3,1080,1080,240,6000,10,3,250,200,150,150,100,,,,,,,10,100,8,1,200,134,144,134,134
126,993000,FreeDiamonds,12,,,,,,,,,,,RS11,RS12,RS11,RS12,RS11,141,564,120,120,2,2,2,4,2,1,5,2,2,2,2,2,2,2,4,2,2,1,1,2,2,2,2,2,2,2,3,3,3,2,3,3,2,2,5,1,1,1,5,30,3,5,9,0,96,177,357,36916,832017,500000,127,6,12,725,815,3,3,1080,1080,240,6000,10,3,250,200,150,150,100,,,,,,,10,100,8,1,200,135,145,135,135
127,1004000,FreeDiamonds,12,,,,,,,,,,,RS12,RS11,RS12,RS11,RS12,142,568,120,120,2,2,2,4,2,1,5,2,2,2,2,2,2,2,4,2,2,1,1,2,2,2,2,2,2,2,3,3,3,2,3,3,2,2,5,1,1,1,5,30,3,5,9,0,96,179,360,37043,832017,500000,127,6,12,725,820,3,3,1080,1080,240,6000,10,3,250,200,150,150,100,,,,,,,10,100,8,1,200,136,146,136,136
128,1015000,FreeDiamonds,12,,,,,,,,,,,RS11,RS12,RS11,RS12,RS11,142,568,120,120,2,2,2,4,2,1,5,2,2,2,2,2,2,2,4,2,2,1,1,2,2,2,2,2,2,2,3,3,3,2,3,3,2,2,5,1,1,1,5,30,3,5,9,0,98,180,363,37170,832017,500000,127,6,12,730,820,3,3,1080,1080,240,6000,10,3,250,200,150,150,100,,,,,,,10,100,8,1,200,137,147,137,137
129,1026000,FreeDiamonds,12,,,,,,,,,,,RS12,RS11,RS12,RS11,RS12,143,572,120,120,2,2,2,4,2,1,5,2,2,2,2,2,2,2,4,2,2,1,1,2,2,2,2,2,2,2,3,3,3,2,3,3,2,2,5,1,1,1,5,30,3,5,9,0,98,182,366,37297,832017,500000,127,6,12,735,825,3,3,1080,1080,240,6000,10,3,250,200,150,150,100,,,,,,,10,100,8,1,200,138,148,138,138
130,1037000,FreeDiamonds,12,,,,,,,,,,,RS11,RS12,RS11,RS12,RS11,143,572,120,120,2,2,2,4,2,1,5,2,2,2,2,2,2,2,4,2,2,1,1,2,2,2,2,2,2,2,3,3,3,2,3,3,2,2,5,1,1,1,5,30,3,5,9,0,98,183,369,37424,832017,500000,128,6,12,735,830,3,3,1080,1080,240,6000,10,3,250,200,150,150,100,,,,,,,10,100,8,1,200,139,149,139,139
131,1048000,FreeDiamonds,12,,,,,,,,,,,RS12,RS11,RS12,RS11,RS12,144,576,120,120,2,2,2,4,2,1,5,2,2,2,2,2,2,2,4,2,2,1,1,2,2,2,2,2,2,2,3,3,3,2,3,3,2,2,5,1,1,1,5,30,3,5,9,0,98,184,371,37552,832017,500000,128,6,12,740,830,3,3,1080,1080,240,6000,10,3,250,200,150,150,100,,,,,,,10,100,8,1,200,140,150,140,140
132,1059000,FreeDiamonds,12,,,,,,,,,,,RS11,RS12,RS11,RS12,RS11,144,576,120,120,2,2,2,4,2,1,5,2,2,2,2,2,2,2,4,2,2,1,1,2,2,2,2,2,2,2,3,3,3,2,3,3,2,2,5,1,1,1,5,30,3,5,9,0,98,186,374,37680,832017,500000,128,6,12,745,835,3,3,1080,1080,240,6000,10,3,250,200,150,150,100,,,,,,,10,100,8,1,200,141,151,141,141
133,1070000,FreeDiamonds,12,,,,,,,,,,,RS12,RS11,RS12,RS11,RS12,145,580,120,120,2,2,2,4,2,1,5,2,2,2,2,2,2,2,4,2,2,1,1,2,2,2,2,2,2,2,3,3,3,2,3,3,2,2,5,1,1,1,5,30,3,5,9,0,98,187,377,37808,832017,500000,128,6,12,745,840,3,3,1080,1080,240,6000,10,3,250,200,150,150,100,,,,,,,10,100,8,1,200,142,152,142,142
134,1081000,FreeDiamonds,12,,,,,,,,,,,RS11,RS12,RS11,RS12,RS11,145,580,120,120,2,2,2,4,2,1,5,2,2,2,2,2,2,2,4,2,2,1,1,2,2,2,2,2,2,2,3,3,3,2,3,3,2,2,5,1,1,1,5,30,3,5,9,0,98,188,379,37936,832017,500000,129,6,12,750,845,3,3,1080,1080,240,6000,10,3,250,200,150,150,100,,,,,,,10,100,8,1,200,143,153,143,143
135,1092000,FreeDiamonds,12,,,,,,,,,,,RS12,RS11,RS12,RS11,RS12,146,584,120,120,2,2,2,4,2,1,5,2,2,2,2,2,2,2,4,2,2,1,1,2,2,2,2,2,2,2,3,3,3,2,3,3,2,2,5,1,1,1,5,30,3,5,9,0,98,189,382,38065,832017,500000,129,6,12,755,845,3,3,1080,1080,240,6000,10,3,250,200,150,150,100,,,,,,,10,100,8,1,200,144,154,144,144
136,1103000,FreeDiamonds,12,,,,,,,,,,,RS11,RS12,RS11,RS12,RS11,146,584,120,120,2,2,2,4,2,1,5,2,2,2,2,2,2,2,4,2,2,1,1,2,2,2,2,2,2,2,3,3,3,2,3,3,2,2,5,1,1,1,5,30,3,5,9,0,98,191,384,38194,832017,500000,129,6,12,755,850,3,3,1080,1080,240,6000,10,3,250,200,150,150,100,,,,,,,10,100,8,1,200,145,155,145,145
137,1114000,FreeDiamonds,12,,,,,,,,,,,RS12,RS11,RS12,RS11,RS12,147,588,120,120,2,2,2,4,2,1,5,2,2,2,2,2,2,2,4,2,2,1,1,2,2,2,2,2,2,2,3,3,3,2,3,3,2,2,5,1,1,1,5,30,3,5,9,0,98,192,387,38323,832017,500000,129,6,12,760,850,3,3,1080,1080,240,6000,10,3,250,200,150,150,100,,,,,,,10,100,8,1,200,146,156,146,146
138,1125000,FreeDiamonds,12,,,,,,,,,,,RS11,RS12,RS11,RS12,RS11,147,588,120,120,2,2,2,4,2,1,5,2,2,2,2,2,2,2,4,2,2,1,1,2,2,2,2,2,2,2,3,3,3,2,3,3,2,2,5,1,1,1,5,30,3,5,9,0,98,193,389,38452,832017,500000,130,6,12,760,855,3,3,1080,1080,240,6000,10,3,250,200,150,150,100,,,,,,,10,100,8,1,200,147,157,147,147
139,1136000,FreeDiamonds,12,,,,,,,,,,,RS12,RS11,RS12,RS11,RS12,148,592,120,120,2,2,2,4,2,1,5,2,2,2,2,2,2,2,4,2,2,1,1,2,2,2,2,2,2,2,3,3,3,2,3,3,2,2,5,1,1,1,5,30,3,5,9,0,98,194,391,38582,832017,500000,130,6,12,765,860,3,3,1080,1080,240,6000,10,3,250,200,150,150,100,,,,,,,10,100,8,1,200,148,158,148,148
140,1147000,FreeDiamonds,12,,,,,,,,,,,RS11,RS12,RS11,RS12,RS11,148,592,140,140,2,2,2,4,2,1,5,2,2,2,2,2,2,2,4,2,2,1,1,2,2,2,2,2,2,2,3,3,3,2,3,3,2,2,5,1,1,1,5,30,3,5,9,0,98,195,393,38712,832017,500000,130,6,12,765,860,3,3,1080,1080,240,6000,10,3,250,200,150,150,100,,,,,,,10,100,8,1,200,149,159,149,149
141,1158000,FreeDiamonds,12,,,,,,,,,,,RS12,RS11,RS12,RS11,RS12,149,596,140,140,2,2,2,4,2,1,5,2,2,2,2,2,2,2,4,2,2,1,1,2,2,2,2,2,2,2,3,3,3,2,3,3,2,2,5,1,1,1,5,30,3,5,9,0,98,196,396,38842,832017,500000,130,6,12,770,865,3,3,1080,1080,240,6000,10,3,250,200,150,150,100,,,,,,,10,100,8,1,200,150,160,150,150
142,1169000,FreeDiamonds,12,,,,,,,,,,,RS11,RS12,RS11,RS12,RS11,149,596,140,140,2,2,2,4,2,1,5,2,2,2,2,2,2,2,4,2,2,1,1,2,2,2,2,2,2,2,3,3,3,2,3,3,2,2,5,1,1,1,5,30,3,5,9,0,98,197,398,38972,832017,500000,131,6,12,770,865,3,3,1080,1080,240,6000,10,3,250,200,150,150,100,,,,,,,10,100,8,1,200,151,161,151,151
143,1180000,FreeDiamonds,12,,,,,,,,,,,RS12,RS11,RS12,RS11,RS12,150,600,140,140,2,2,2,4,2,1,5,2,2,2,2,2,2,2,4,2,2,1,1,2,2,2,2,2,2,2,3,3,3,2,3,3,2,2,5,1,1,1,5,30,3,5,9,0,98,198,400,39103,832017,500000,131,6,12,775,870,3,3,1080,1080,240,6000,10,3,250,200,150,150,100,,,,,,,10,100,8,1,200,152,162,152,152
144,1191000,FreeDiamonds,12,,,,,,,,,,,RS11,RS12,RS11,RS12,RS11,150,600,140,140,2,2,2,4,2,1,5,2,2,2,2,2,2,2,4,2,2,1,1,2,2,2,2,2,2,2,3,3,3,2,3,3,2,2,5,1,1,1,5,30,3,5,9,0,98,199,402,39234,832017,500000,131,6,12,775,870,3,3,1080,1080,240,6000,10,3,250,200,150,150,100,,,,,,,10,100,8,1,200,153,163,153,153
145,1202000,FreeDiamonds,12,,,,,,,,,,,RS12,RS11,RS12,RS11,RS12,151,604,140,140,2,2,2,4,2,1,5,2,2,2,2,2,2,2,4,2,2,1,1,2,2,2,2,2,2,2,3,3,3,2,3,3,2,2,5,1,1,1,5,30,3,5,9,0,98,200,404,39365,832017,500000,131,6,12,780,875,3,3,1080,1080,240,6000,10,3,250,200,150,150,100,,,,,,,10,100,8,1,200,154,164,154,154
146,1213000,FreeDiamonds,12,,,,,,,,,,,RS11,RS12,RS11,RS12,RS11,151,604,140,140,2,2,2,4,2,1,5,2,2,2,2,2,2,2,4,2,2,1,1,2,2,2,2,2,2,2,3,3,3,2,3,3,2,2,5,1,1,1,5,30,3,5,9,0,98,201,406,39496,832017,500000,132,6,12,780,875,3,3,1080,1080,240,6000,10,3,250,200,150,150,100,,,,,,,10,100,8,1,200,155,165,155,155
147,1224000,FreeDiamonds,12,,,,,,,,,,,RS12,RS11,RS12,RS11,RS12,152,608,140,140,2,2,2,4,2,1,5,2,2,2,2,2,2,2,4,2,2,1,1,2,2,2,2,2,2,2,3,3,3,2,3,3,2,2,5,1,1,1,5,30,3,5,9,0,98,202,408,39628,832017,500000,132,6,12,785,880,3,3,1080,1080,240,6000,10,3,250,200,150,150,100,,,,,,,10,100,8,1,200,156,166,156,156
148,1235000,FreeDiamonds,12,,,,,,,,,,,RS11,RS12,RS11,RS12,RS11,152,608,140,140,2,2,2,4,2,1,5,2,2,2,2,2,2,2,4,2,2,1,1,2,2,2,2,2,2,2,3,3,3,2,3,3,2,2,5,1,1,1,5,30,3,5,9,0,98,203,409,39760,832017,500000,132,6,12,785,880,3,3,1080,1080,240,6000,10,3,250,200,150,150,100,,,,,,,10,100,8,1,200,157,167,157,157
149,1246000,FreeDiamonds,12,,,,,,,,,,,RS12,RS11,RS12,RS11,RS12,153,612,140,140,2,2,2,4,2,1,5,2,2,2,2,2,2,2,4,2,2,1,1,2,2,2,2,2,2,2,3,3,3,2,3,3,2,2,5,1,1,1,5,30,3,5,9,0,98,204,411,39892,832017,500000,132,6,12,785,885,3,3,1080,1080,240,6000,10,3,250,200,150,150,100,,,,,,,10,100,8,1,200,158,168,158,158
150,1257000,FreeDiamonds,50,,,,,,,,,,,RS11,RS12,RS11,RS12,RS11,153,612,140,140,2,2,2,4,2,1,5,2,2,2,2,2,2,2,4,2,2,1,1,2,2,2,2,2,2,2,3,3,3,2,3,3,2,2,5,1,1,1,5,30,3,5,9,0,98,205,413,40024,832017,500000,133,6,12,790,885,3,3,1080,1080,240,6000,10,3,250,200,150,150,100,,,,,,,10,100,8,1,200,159,169,159,159
151,1268000,FreeDiamonds,15,,,,,,,,,,,RS12,RS11,RS12,RS11,RS12,154,616,140,140,2,2,2,4,2,1,5,2,2,2,2,2,2,2,4,2,2,1,1,2,2,2,2,2,2,2,3,3,3,2,3,3,2,2,5,1,1,1,5,30,3,5,9,0,98,205,415,40157,832017,500000,133,6,12,790,885,3,3,1080,1080,240,6000,10,3,250,200,150,150,100,,,,,,,10,100,8,1,200,160,170,160,160
152,1279000,FreeDiamonds,15,,,,,,,,,,,RS11,RS12,RS11,RS12,RS11,154,616,140,140,2,2,2,4,2,1,5,2,2,2,2,2,2,2,4,2,2,1,1,2,2,2,2,2,2,2,3,3,3,2,3,3,2,2,5,1,1,1,5,30,3,5,9,0,98,206,416,40290,832017,500000,133,6,12,795,890,3,3,1080,1080,240,6000,10,3,250,200,150,150,100,,,,,,,10,100,8,1,200,161,171,161,161
153,1290000,FreeDiamonds,15,,,,,,,,,,,RS12,RS11,RS12,RS11,RS12,155,620,140,140,2,2,2,4,2,1,5,2,2,2,2,2,2,2,4,2,2,1,1,2,2,2,2,2,2,2,3,3,3,2,3,3,2,2,5,1,1,1,5,30,3,5,9,0,98,207,418,40423,832017,500000,133,6,12,795,890,3,3,1080,1080,240,6000,10,3,250,200,150,150,100,,,,,,,10,100,8,1,200,162,172,162,162
154,1301000,FreeDiamonds,15,,,,,,,,,,,RS11,RS12,RS11,RS12,RS11,155,620,140,140,2,2,2,4,2,1,5,2,2,2,2,2,2,2,4,2,2,1,1,2,2,2,2,2,2,2,3,3,3,2,3,3,2,2,5,1,1,1,5,30,3,5,9,0,99,208,419,40556,832017,500000,134,6,12,795,895,3,3,1080,1080,240,6000,10,3,250,200,150,150,100,,,,,,,10,100,8,1,200,163,173,163,163
155,1312000,FreeDiamonds,15,,,,,,,,,,,RS12,RS11,RS12,RS11,RS12,156,624,140,140,2,2,2,4,2,1,5,2,2,2,2,2,2,2,4,2,2,1,1,2,2,2,2,2,2,2,3,3,3,2,3,3,2,2,5,1,1,1,5,30,3,5,9,0,99,209,421,40690,832017,500000,134,6,12,800,895,3,3,1080,1080,240,6000,10,3,250,200,150,150,100,,,,,,,10,100,8,1,200,164,174,164,164
156,1323000,FreeDiamonds,15,,,,,,,,,,,RS11,RS12,RS11,RS12,RS11,156,624,140,140,2,2,2,4,2,1,5,2,2,2,2,2,2,2,4,2,2,1,1,2,2,2,2,2,2,2,3,3,3,2,3,3,2,2,5,1,1,1,5,30,3,5,9,0,99,209,422,40824,832017,500000,134,6,12,800,895,3,3,1080,1080,240,6000,10,3,250,200,150,150,100,,,,,,,10,100,8,1,200,165,175,165,165
157,1334000,FreeDiamonds,15,,,,,,,,,,,RS12,RS11,RS12,RS11,RS12,157,628,140,140,2,2,2,4,2,1,5,2,2,2,2,2,2,2,4,2,2,1,1,2,2,2,2,2,2,2,3,3,3,2,3,3,2,2,5,1,1,1,5,30,3,5,9,0,99,210,424,40958,832017,500000,134,6,12,800,900,3,3,1080,1080,240,6000,10,3,250,200,150,150,100,,,,,,,10,100,8,1,200,166,176,166,166
158,1345000,FreeDiamonds,15,,,,,,,,,,,RS11,RS12,RS11,RS12,RS11,157,628,140,140,2,2,2,4,2,1,5,2,2,2,2,2,2,2,4,2,2,1,1,2,2,2,2,2,2,2,3,3,3,2,3,3,2,2,5,1,1,1,5,30,3,5,9,0,99,211,425,41092,832017,500000,135,6,12,805,900,3,3,1080,1080,240,6000,10,3,250,200,150,150,100,,,,,,,10,100,8,1,200,167,177,167,167
159,1356000,FreeDiamonds,15,,,,,,,,,,,RS12,RS11,RS12,RS11,RS12,158,632,140,140,2,2,2,4,2,1,5,2,2,2,2,2,2,2,4,2,2,1,1,2,2,2,2,2,2,2,3,3,3,2,3,3,2,2,5,1,1,1,5,30,3,5,9,0,99,211,427,41227,832017,500000,135,6,12,805,900,3,3,1080,1080,240,6000,10,3,250,200,150,150,100,,,,,,,10,100,8,1,200,168,178,168,168
160,1367000,FreeDiamonds,15,,,,,,,,,,,RS11,RS12,RS11,RS12,RS11,158,632,160,160,2,2,2,4,2,1,5,2,2,2,2,2,2,2,4,2,2,1,1,2,2,2,2,2,2,2,3,3,3,2,3,3,2,2,5,1,1,1,5,30,3,5,9,0,96,212,428,41362,832017,500000,135,6,12,805,905,3,3,1080,1080,240,6000,10,3,250,200,150,150,100,,,,,,,10,100,8,1,200,169,179,169,169
161,1378000,FreeDiamonds,15,,,,,,,,,,,RS12,RS11,RS12,RS11,RS12,159,636,160,160,2,2,2,4,2,1,5,2,2,2,2,2,2,2,4,2,2,1,1,2,2,2,2,2,2,2,3,3,3,2,3,3,2,2,5,1,1,1,5,30,3,5,9,0,96,213,429,41497,832017,500000,135,6,12,810,905,3,3,1080,1080,240,6000,10,3,250,200,150,150,100,,,,,,,10,100,8,1,200,170,180,170,170
162,1389000,FreeDiamonds,15,,,,,,,,,,,RS11,RS12,RS11,RS12,RS11,159,636,160,160,2,2,2,4,2,1,5,2,2,2,2,2,2,2,4,2,2,1,1,2,2,2,2,2,2,2,3,3,3,2,3,3,2,2,5,1,1,1,5,30,3,5,9,0,96,213,431,41632,832017,500000,136,6,12,810,905,3,3,1080,1080,240,6000,10,3,250,200,150,150,100,,,,,,,10,100,8,1,200,171,181,171,171
163,1400000,FreeDiamonds,15,,,,,,,,,,,RS12,RS11,RS12,RS11,RS12,160,640,160,160,2,2,2,4,2,1,5,2,2,2,2,2,2,2,4,2,2,1,1,2,2,2,2,2,2,2,3,3,3,2,3,3,2,2,5,1,1,1,5,30,3,5,9,0,96,214,432,41768,832017,500000,136,6,12,810,910,3,3,1080,1080,240,6000,10,3,250,200,150,150,100,,,,,,,10,100,8,1,200,172,182,172,172
164,1411000,FreeDiamonds,15,,,,,,,,,,,RS11,RS12,RS11,RS12,RS11,160,640,160,160,2,2,2,4,2,1,5,2,2,2,2,2,2,2,4,2,2,1,1,2,2,2,2,2,2,2,3,3,3,2,3,3,2,2,5,1,1,1,5,30,3,5,9,0,96,215,433,41904,832017,500000,136,6,12,815,910,3,3,1080,1080,240,6000,10,3,250,200,150,150,100,,,,,,,10,100,8,1,200,173,183,173,173
165,1422000,FreeDiamonds,15,,,,,,,,,,,RS12,RS11,RS12,RS11,RS12,161,644,160,160,2,2,2,4,2,1,5,2,2,2,2,2,2,2,4,2,2,1,1,2,2,2,2,2,2,2,3,3,3,2,3,3,2,2,5,1,1,1,5,30,3,5,9,0,96,215,434,42040,832017,500000,136,6,12,815,910,3,3,1080,1080,240,6000,10,3,250,200,150,150,100,,,,,,,10,100,8,1,200,174,184,174,174
166,1433000,FreeDiamonds,15,,,,,,,,,,,RS11,RS12,RS11,RS12,RS11,161,644,160,160,2,2,2,4,2,1,5,2,2,2,2,2,2,2,4,2,2,1,1,2,2,2,2,2,2,2,3,3,3,2,3,3,2,2,5,1,1,1,5,30,3,5,9,0,96,216,435,42176,832017,500000,137,6,12,815,915,3,3,1080,1080,240,6000,10,3,250,200,150,150,100,,,,,,,10,100,8,1,200,175,185,175,175
167,1444000,FreeDiamonds,15,,,,,,,,,,,RS12,RS11,RS12,RS11,RS12,162,648,160,160,2,2,2,4,2,1,5,2,2,2,2,2,2,2,4,2,2,1,1,2,2,2,2,2,2,2,3,3,3,2,3,3,2,2,5,1,1,1,5,30,3,5,9,0,96,216,437,42313,832017,500000,137,6,12,815,915,3,3,1080,1080,240,6000,10,3,250,200,150,150,100,,,,,,,10,100,8,1,200,176,186,176,176
168,1455000,FreeDiamonds,15,,,,,,,,,,,RS11,RS12,RS11,RS12,RS11,162,648,160,160,2,2,2,4,2,1,5,2,2,2,2,2,2,2,4,2,2,1,1,2,2,2,2,2,2,2,3,3,3,2,3,3,2,2,5,1,1,1,5,30,3,5,9,0,96,217,438,42450,832017,500000,137,6,12,820,915,3,3,1080,1080,240,6000,10,3,250,200,150,150,100,,,,,,,10,100,8,1,200,177,187,177,177
169,1466000,FreeDiamonds,15,,,,,,,,,,,RS12,RS11,RS12,RS11,RS12,163,652,160,160,2,2,2,4,2,1,5,2,2,2,2,2,2,2,4,2,2,1,1,2,2,2,2,2,2,2,3,3,3,2,3,3,2,2,5,1,1,1,5,30,3,5,9,0,96,217,439,42587,832017,500000,137,6,12,820,915,3,3,1080,1080,240,6000,10,3,250,200,150,150,100,,,,,,,10,100,8,1,200,178,188,178,178
170,1477000,FreeDiamonds,15,,,,,,,,,,,RS11,RS12,RS11,RS12,RS11,163,652,160,160,2,2,2,4,2,1,5,2,2,2,2,2,2,2,4,2,2,1,1,2,2,2,2,2,2,2,3,3,3,2,3,3,2,2,5,1,1,1,5,30,3,5,9,0,96,218,440,42724,832017,500000,138,6,12,820,920,3,3,1080,1080,240,6000,10,3,250,200,150,150,100,,,,,,,10,100,8,1,200,179,189,179,179
171,1488000,FreeDiamonds,15,,,,,,,,,,,RS12,RS11,RS12,RS11,RS12,164,656,160,160,2,2,2,4,2,1,5,2,2,2,2,2,2,2,4,2,2,1,1,2,2,2,2,2,2,2,3,3,3,2,3,3,2,2,5,1,1,1,5,30,3,5,9,0,96,218,441,42862,832017,500000,138,6,12,820,920,3,3,1080,1080,240,6000,10,3,250,200,150,150,100,,,,,,,10,100,8,1,200,180,190,180,180
172,1499000,FreeDiamonds,15,,,,,,,,,,,RS11,RS12,RS11,RS12,RS11,164,656,160,160,2,2,2,4,2,1,5,2,2,2,2,2,2,2,4,2,2,1,1,2,2,2,2,2,2,2,3,3,3,2,3,3,2,2,5,1,1,1,5,30,3,5,9,0,96,219,442,43000,832017,500000,138,6,12,825,920,3,3,1080,1080,240,6000,10,3,250,200,150,150,100,,,,,,,10,100,8,1,200,181,191,181,181
173,1510000,FreeDiamonds,15,,,,,,,,,,,RS12,RS11,RS12,RS11,RS12,165,660,160,160,2,2,2,4,2,1,5,2,2,2,2,2,2,2,4,2,2,1,1,2,2,2,2,2,2,2,3,3,3,2,3,3,2,2,5,1,1,1,5,30,3,5,9,0,96,219,443,43138,832017,500000,138,6,12,825,920,3,3,1080,1080,240,6000,10,3,250,200,150,150,100,,,,,,,10,100,8,1,200,182,192,182,182
174,1521000,FreeDiamonds,15,,,,,,,,,,,RS11,RS12,RS11,RS12,RS11,165,660,160,160,2,2,2,4,2,1,5,2,2,2,2,2,2,2,4,2,2,1,1,2,2,2,2,2,2,2,3,3,3,2,3,3,2,2,5,1,1,1,5,30,3,5,9,0,96,220,444,43276,832017,500000,139,6,12,825,920,3,3,1080,1080,240,6000,10,3,250,200,150,150,100,,,,,,,10,100,8,1,200,183,193,183,183
175,1532000,FreeDiamonds,15,,,,,,,,,,,RS12,RS11,RS12,RS11,RS12,166,664,160,160,2,2,2,4,2,1,5,2,2,2,2,2,2,2,4,2,2,1,1,2,2,2,2,2,2,2,3,3,3,2,3,3,2,2,5,1,1,1,5,30,3,5,9,0,96,220,444,43415,832017,500000,139,6,12,825,925,3,3,1080,1080,240,6000,10,3,250,200,150,150,100,,,,,,,10,100,8,1,200,184,194,184,184
176,1543000,FreeDiamonds,15,,,,,,,,,,,RS11,RS12,RS11,RS12,RS11,166,664,160,160,2,2,2,4,2,1,5,2,2,2,2,2,2,2,4,2,2,1,1,2,2,2,2,2,2,2,3,3,3,2,3,3,2,2,5,1,1,1,5,30,3,5,9,0,96,220,445,43554,832017,500000,139,6,12,825,925,3,3,1080,1080,240,6000,10,3,250,200,150,150,100,,,,,,,10,100,8,1,200,185,195,185,185
177,1554000,FreeDiamonds,15,,,,,,,,,,,RS12,RS11,RS12,RS11,RS12,167,668,160,160,2,2,2,4,2,1,5,2,2,2,2,2,2,2,4,2,2,1,1,2,2,2,2,2,2,2,3,3,3,2,3,3,2,2,5,1,1,1,5,30,3,5,9,0,96,221,446,43693,832017,500000,139,6,12,830,925,3,3,1080,1080,240,6000,10,3,250,200,150,150,100,,,,,,,10,100,8,1,200,186,196,186,186
178,1565000,FreeDiamonds,15,,,,,,,,,,,RS11,RS12,RS11,RS12,RS11,167,668,160,160,2,2,2,4,2,1,5,2,2,2,2,2,2,2,4,2,2,1,1,2,2,2,2,2,2,2,3,3,3,2,3,3,2,2,5,1,1,1,5,30,3,5,9,0,96,221,447,43832,832017,500000,140,6,12,830,925,3,3,1080,1080,240,6000,10,3,250,200,150,150,100,,,,,,,10,100,8,1,200,187,197,187,187
179,1576000,FreeDiamonds,15,,,,,,,,,,,RS12,RS11,RS12,RS11,RS12,168,672,160,160,2,2,2,4,2,1,5,2,2,2,2,2,2,2,4,2,2,1,1,2,2,2,2,2,2,2,3,3,3,2,3,3,2,2,5,1,1,1,5,30,3,5,9,0,96,222,448,43972,832017,500000,140,6,12,830,930,3,3,1080,1080,240,6000,10,3,250,200,150,150,100,,,,,,,10,100,8,1,200,188,198,188,188
180,1587000,FreeDiamonds,15,,,,,,,,,,,RS11,RS12,RS11,RS12,RS11,168,672,180,180,2,2,2,4,2,1,5,2,2,2,2,2,2,2,4,2,2,1,1,2,2,2,2,2,2,2,3,3,3,2,3,3,2,2,5,1,1,1,5,30,3,5,9,0,96,222,449,44112,832017,500000,140,6,12,830,930,3,3,1080,1080,240,6000,10,3,250,200,150,150,100,,,,,,,10,100,8,1,200,189,199,189,189
181,1598000,FreeDiamonds,15,,,,,,,,,,,RS12,RS11,RS12,RS11,RS12,169,676,180,180,2,2,2,4,2,1,5,2,2,2,2,2,2,2,4,2,2,1,1,2,2,2,2,2,2,2,3,3,3,2,3,3,2,2,5,1,1,1,5,30,3,5,9,0,96,222,449,44252,832017,500000,140,6,12,830,930,3,3,1080,1080,240,6000,10,3,250,200,150,150,100,,,,,,,10,100,8,1,200,190,200,190,190
182,1609000,FreeDiamonds,15,,,,,,,,,,,RS11,RS12,RS11,RS12,RS11,169,676,180,180,2,2,2,4,2,1,5,2,2,2,2,2,2,2,4,2,2,1,1,2,2,2,2,2,2,2,3,3,3,2,3,3,2,2,5,1,1,1,5,30,3,5,9,0,96,223,450,44392,832017,500000,141,6,12,830,930,3,3,1080,1080,240,6000,10,3,250,200,150,150,100,,,,,,,10,100,8,1,200,191,201,191,191
183,1620000,FreeDiamonds,15,,,,,,,,,,,RS12,RS11,RS12,RS11,RS12,170,680,180,180,2,2,2,4,2,1,5,2,2,2,2,2,2,2,4,2,2,1,1,2,2,2,2,2,2,2,3,3,3,2,3,3,2,2,5,1,1,1,5,30,3,5,9,0,96,223,451,44533,832017,500000,141,6,12,835,930,3,3,1080,1080,240,6000,10,3,250,200,150,150,100,,,,,,,10,100,8,1,200,192,202,192,192
184,1631000,FreeDiamonds,15,,,,,,,,,,,RS11,RS12,RS11,RS12,RS11,170,680,180,180,2,2,2,4,2,1,5,2,2,2,2,2,2,2,4,2,2,1,1,2,2,2,2,2,2,2,3,3,3,2,3,3,2,2,5,1,1,1,5,30,3,5,9,0,96,223,451,44674,832017,500000,141,6,12,835,930,3,3,1080,1080,240,6000,10,3,250,200,150,150,100,,,,,,,10,100,8,1,200,193,203,193,193
185,1642000,FreeDiamonds,15,,,,,,,,,,,RS12,RS11,RS12,RS11,RS12,171,684,180,180,2,2,2,4,2,1,5,2,2,2,2,2,2,2,4,2,2,1,1,2,2,2,2,2,2,2,3,3,3,2,3,3,2,2,5,1,1,1,5,30,3,5,9,0,98,224,452,44815,832017,500000,141,6,12,835,935,3,3,1080,1080,240,6000,10,3,250,200,150,150,100,,,,,,,10,100,8,1,200,194,204,194,194
186,1653000,FreeDiamonds,15,,,,,,,,,,,RS11,RS12,RS11,RS12,RS11,171,684,180,180,2,2,2,4,2,1,5,2,2,2,2,2,2,2,4,2,2,1,1,2,2,2,2,2,2,2,3,3,3,2,3,3,2,2,5,1,1,1,5,30,3,5,9,0,98,224,453,44956,832017,500000,142,6,12,835,935,3,3,1080,1080,240,6000,10,3,250,200,150,150,100,,,,,,,10,100,8,1,200,195,205,195,195
187,1664000,FreeDiamonds,15,,,,,,,,,,,RS12,RS11,RS12,RS11,RS12,172,688,180,180,2,2,2,4,2,1,5,2,2,2,2,2,2,2,4,2,2,1,1,2,2,2,2,2,2,2,3,3,3,2,3,3,2,2,5,1,1,1,5,30,3,5,9,0,98,224,453,45098,832017,500000,142,6,12,835,935,3,3,1080,1080,240,6000,10,3,250,200,150,150,100,,,,,,,10,100,8,1,200,196,206,196,196
188,1675000,FreeDiamonds,15,,,,,,,,,,,RS11,RS12,RS11,RS12,RS11,172,688,180,180,2,2,2,4,2,1,5,2,2,2,2,2,2,2,4,2,2,1,1,2,2,2,2,2,2,2,3,3,3,2,3,3,2,2,5,1,1,1,5,30,3,5,9,0,98,225,454,45240,832017,500000,142,6,12,835,935,3,3,1080,1080,240,6000,10,3,250,200,150,150,100,,,,,,,10,100,8,1,200,197,207,197,197
189,1686000,FreeDiamonds,15,,,,,,,,,,,RS12,RS11,RS12,RS11,RS12,173,692,180,180,2,2,2,4,2,1,5,2,2,2,2,2,2,2,4,2,2,1,1,2,2,2,2,2,2,2,3,3,3,2,3,3,2,2,5,1,1,1,5,30,3,5,9,0,98,225,455,45382,832017,500000,142,6,12,835,935,3,3,1080,1080,240,6000,10,3,250,200,150,150,100,,,,,,,10,100,8,1,200,198,208,198,198
190,1697000,FreeDiamonds,15,,,,,,,,,,,RS11,RS12,RS11,RS12,RS11,173,692,180,180,2,2,2,4,2,1,5,2,2,2,2,2,2,2,4,2,2,1,1,2,2,2,2,2,2,2,3,3,3,2,3,3,2,2,5,1,1,1,5,30,3,5,9,0,98,225,455,45524,832017,500000,143,6,12,840,935,3,3,1080,1080,240,6000,10,3,250,200,150,150,100,,,,,,,10,100,8,1,200,199,209,199,199
191,1708000,FreeDiamonds,15,,,,,,,,,,,RS12,RS11,RS12,RS11,RS12,174,696,180,180,2,2,2,4,2,1,5,2,2,2,2,2,2,2,4,2,2,1,1,2,2,2,2,2,2,2,3,3,3,2,3,3,2,2,5,1,1,1,5,30,3,5,9,0,98,226,456,45667,832017,500000,143,6,12,840,935,3,3,1080,1080,240,6000,10,3,250,200,150,150,100,,,,,,,10,100,8,1,200,200,210,200,200
192,1719000,FreeDiamonds,15,,,,,,,,,,,RS11,RS12,RS11,RS12,RS11,174,696,180,180,2,2,2,4,2,1,5,2,2,2,2,2,2,2,4,2,2,1,1,2,2,2,2,2,2,2,3,3,3,2,3,3,2,2,5,1,1,1,5,30,3,5,9,0,98,226,456,45810,832017,500000,143,6,12,840,940,3,3,1080,1080,240,6000,10,3,250,200,150,150,100,,,,,,,10,100,8,1,200,201,211,201,201
193,1730000,FreeDiamonds,15,,,,,,,,,,,RS12,RS11,RS12,RS11,RS12,175,700,180,180,2,2,2,4,2,1,5,2,2,2,2,2,2,2,4,2,2,1,1,2,2,2,2,2,2,2,3,3,3,2,3,3,2,2,5,1,1,1,5,30,3,5,9,0,98,226,457,45953,832017,500000,143,6,12,840,940,3,3,1080,1080,240,6000,10,3,250,200,150,150,100,,,,,,,10,100,8,1,200,202,212,202,202
194,1741000,FreeDiamonds,15,,,,,,,,,,,RS11,RS12,RS11,RS12,RS11,175,700,180,180,2,2,2,4,2,1,5,2,2,2,2,2,2,2,4,2,2,1,1,2,2,2,2,2,2,2,3,3,3,2,3,3,2,2,5,1,1,1,5,30,3,5,9,0,98,226,457,46096,832017,500000,144,6,12,840,940,3,3,1080,1080,240,6000,10,3,250,200,150,150,100,,,,,,,10,100,8,1,200,203,213,203,203
195,1752000,FreeDiamonds,15,,,,,,,,,,,RS12,RS11,RS12,RS11,RS12,176,704,180,180,2,2,2,4,2,1,5,2,2,2,2,2,2,2,4,2,2,1,1,2,2,2,2,2,2,2,3,3,3,2,3,3,2,2,5,1,1,1,5,30,3,5,9,0,98,227,458,46240,832017,500000,144,6,12,840,940,3,3,1080,1080,240,6000,10,3,250,200,150,150,100,,,,,,,10,100,8,1,200,204,214,204,204
196,1763000,FreeDiamonds,15,,,,,,,,,,,RS11,RS12,RS11,RS12,RS11,176,704,180,180,2,2,2,4,2,1,5,2,2,2,2,2,2,2,4,2,2,1,1,2,2,2,2,2,2,2,3,3,3,2,3,3,2,2,5,1,1,1,5,30,3,5,9,0,98,227,458,46384,832017,500000,144,6,12,840,940,3,3,1080,1080,240,6000,10,3,250,200,150,150,100,,,,,,,10,100,8,1,200,205,215,205,205
197,1774000,FreeDiamonds,15,,,,,,,,,,,RS12,RS11,RS12,RS11,RS12,177,708,180,180,2,2,2,4,2,1,5,2,2,2,2,2,2,2,4,2,2,1,1,2,2,2,2,2,2,2,3,3,3,2,3,3,2,2,5,1,1,1,5,30,3,5,9,0,98,227,459,46528,832017,500000,144,6,12,840,940,3,3,1080,1080,240,6000,10,3,250,200,150,150,100,,,,,,,10,100,8,1,200,206,216,206,206
198,1785000,FreeDiamonds,15,,,,,,,,,,,RS11,RS12,RS11,RS12,RS11,177,708,180,180,2,2,2,4,2,1,5,2,2,2,2,2,2,2,4,2,2,1,1,2,2,2,2,2,2,2,3,3,3,2,3,3,2,2,5,1,1,1,5,30,3,5,9,0,98,227,459,46672,832017,500000,145,6,12,845,940,3,3,1080,1080,240,6000,10,3,250,200,150,150,100,,,,,,,10,100,8,1,200,207,217,207,207
199,1796000,FreeDiamonds,15,,,,,,,,,,,RS12,RS11,RS12,RS11,RS12,178,712,180,180,2,2,2,4,2,1,5,2,2,2,2,2,2,2,4,2,2,1,1,2,2,2,2,2,2,2,3,3,3,2,3,3,2,2,5,1,1,1,5,30,3,5,9,0,98,228,460,46817,832017,500000,145,6,12,845,940,3,3,1080,1080,240,6000,10,3,250,200,150,150,100,,,,,,,10,100,8,1,200,208,218,208,208
200,1807000,FreeDiamonds,100,,,,,,,,,,,RS11,RS12,RS11,RS12,RS11,178,712,200,200,2,2,2,4,2,1,5,2,2,2,2,2,2,2,4,2,2,1,1,2,2,2,2,2,2,2,3,3,3,2,3,3,2,2,5,1,1,1,5,30,3,5,9,0,98,228,460,46962,832017,500000,145,6,12,845,945,3,3,1080,1080,240,6000,10,3,250,200,150,150,100,,,,,,,10,100,8,1,200,209,219,209,209
201,1818000,FreeDiamonds,20,,,,,,,,,,,RS12,RS11,RS12,RS11,RS12,179,716,200,200,2,2,2,4,2,1,5,2,2,2,2,2,2,2,4,2,2,1,1,2,2,2,2,2,2,2,3,3,3,2,3,3,2,2,5,1,1,1,5,30,3,5,9,0,98,228,461,46962,832017,500000,145,6,12,845,945,3,3,1080,1080,240,6000,10,3,250,200,150,150,100,,,,,,,10,100,8,1,200,210,220,210,210
202,1829000,FreeDiamonds,20,,,,,,,,,,,RS11,RS12,RS11,RS12,RS11,179,716,200,200,2,2,2,4,2,1,5,2,2,2,2,2,2,2,4,2,2,1,1,2,2,2,2,2,2,2,3,3,3,2,3,3,2,2,5,1,1,1,5,30,3,5,9,0,98,228,461,46962,832017,500000,145,6,12,845,945,3,3,1080,1080,240,6000,10,3,250,200,150,150,100,,,,,,,10,100,8,1,200,211,221,211,211
203,1840000,FreeDiamonds,20,,,,,,,,,,,RS12,RS11,RS12,RS11,RS12,180,720,200,200,2,2,2,4,2,1,5,2,2,2,2,2,2,2,4,2,2,1,1,2,2,2,2,2,2,2,3,3,3,2,3,3,2,2,5,1,1,1,5,30,3,5,9,0,98,228,462,46962,832017,500000,145,6,12,845,945,3,3,1080,1080,240,6000,10,3,250,200,150,150,100,,,,,,,10,100,8,1,200,212,222,212,212
204,1851000,FreeDiamonds,20,,,,,,,,,,,RS11,RS12,RS11,RS12,RS11,180,720,200,200,2,2,2,4,2,1,5,2,2,2,2,2,2,2,4,2,2,1,1,2,2,2,2,2,2,2,3,3,3,2,3,3,2,2,5,1,1,1,5,30,3,5,9,0,98,231,463,46962,832017,500000,145,6,12,846,946,3,3,1080,1080,240,6000,10,3,250,200,150,150,100,,,,,,,10,100,8,1,200,213,223,213,213
205,1862000,FreeDiamonds,20,,,,,,,,,,,RS12,RS11,RS12,RS11,RS12,181,724,200,200,2,2,2,4,2,1,5,2,2,2,2,2,2,2,4,2,2,1,1,2,2,2,2,2,2,2,3,3,3,2,3,3,2,2,5,1,1,1,5,30,3,5,9,0,98,231,463,46962,832017,500000,145,6,12,846,946,3,3,1080,1080,240,6000,10,3,250,200,150,150,100,,,,,,,10,100,8,1,200,214,224,214,214
206,1873000,FreeDiamonds,20,,,,,,,,,,,RS11,RS12,RS11,RS12,RS11,181,724,200,200,2,2,2,4,2,1,5,2,2,2,2,2,2,2,4,2,2,1,1,2,2,2,2,2,2,2,3,3,3,2,3,3,2,2,5,1,1,1,5,30,3,5,9,0,98,231,463,46962,832017,500000,145,6,12,846,946,3,3,1080,1080,240,6000,10,3,250,200,150,150,100,,,,,,,10,100,8,1,200,215,225,215,215
207,1884000,FreeDiamonds,20,,,,,,,,,,,RS12,RS11,RS12,RS11,RS12,182,728,200,200,2,2,2,4,2,1,5,2,2,2,2,2,2,2,4,2,2,1,1,2,2,2,2,2,2,2,3,3,3,2,3,3,2,2,5,1,1,1,5,30,3,5,9,0,98,231,463,46962,832017,500000,145,6,12,846,946,3,3,1080,1080,240,6000,10,3,250,200,150,150,100,,,,,,,10,100,8,1,200,216,226,216,216
208,1895000,FreeDiamonds,20,,,,,,,,,,,RS11,RS12,RS11,RS12,RS11,182,728,200,200,2,2,2,4,2,1,5,2,2,2,2,2,2,2,4,2,2,1,1,2,2,2,2,2,2,2,3,3,3,2,3,3,2,2,5,1,1,1,5,30,3,5,9,0,98,231,463,46962,832017,500000,145,6,12,846,946,3,3,1080,1080,240,6000,10,3,250,200,150,150,100,,,,,,,10,100,8,1,200,217,227,217,217
209,1906000,FreeDiamonds,20,,,,,,,,,,,RS12,RS11,RS12,RS11,RS12,183,732,200,200,2,2,2,4,2,1,5,2,2,2,2,2,2,2,4,2,2,1,1,2,2,2,2,2,2,2,3,3,3,2,3,3,2,2,5,1,1,1,5,30,3,5,9,0,98,231,463,46962,832017,500000,145,6,12,846,946,3,3,1080,1080,240,6000,10,3,250,200,150,150,100,,,,,,,10,100,8,1,200,218,228,218,218
210,1917000,FreeDiamonds,20,,,,,,,,,,,RS11,RS12,RS11,RS12,RS11,183,732,200,200,2,2,2,4,2,1,5,2,2,2,2,2,2,2,4,2,2,1,1,2,2,2,2,2,2,2,3,3,3,2,3,3,2,2,5,1,1,1,5,30,3,5,9,0,98,231,463,46962,832017,500000,145,6,12,846,946,3,3,1080,1080,240,6000,10,3,250,200,150,150,100,,,,,,,10,100,8,1,200,219,229,219,219
211,1928000,FreeDiamonds,20,,,,,,,,,,,RS12,RS11,RS12,RS11,RS12,184,736,200,200,2,2,2,4,2,1,5,2,2,2,2,2,2,2,4,2,2,1,1,2,2,2,2,2,2,2,3,3,3,2,3,3,2,2,5,1,1,1,5,30,3,5,9,0,99,231,463,46962,832017,500000,145,6,12,846,946,3,3,1080,1080,240,6000,10,3,250,200,150,150,100,,,,,,,10,100,8,1,200,220,230,220,220
212,1939000,FreeDiamonds,20,,,,,,,,,,,RS11,RS12,RS11,RS12,RS11,184,736,200,200,2,2,2,4,2,1,5,2,2,2,2,2,2,2,4,2,2,1,1,2,2,2,2,2,2,2,3,3,3,2,3,3,2,2,5,1,1,1,5,30,3,5,9,0,99,231,463,46962,832017,500000,145,6,12,846,946,3,3,1080,1080,240,6000,10,3,250,200,150,150,100,,,,,,,10,100,8,1,200,221,231,221,221
213,1950000,FreeDiamonds,20,,,,,,,,,,,RS12,RS11,RS12,RS11,RS12,185,740,200,200,2,2,2,4,2,1,5,2,2,2,2,2,2,2,4,2,2,1,1,2,2,2,2,2,2,2,3,3,3,2,3,3,2,2,5,1,1,1,5,30,3,5,9,0,99,231,463,46962,832017,500000,145,6,12,846,946,3,3,1080,1080,240,6000,10,3,250,200,150,150,100,,,,,,,10,100,8,1,200,222,232,222,222
214,1961000,FreeDiamonds,20,,,,,,,,,,,RS11,RS12,RS11,RS12,RS11,185,740,200,200,2,2,2,4,2,1,5,2,2,2,2,2,2,2,4,2,2,1,1,2,2,2,2,2,2,2,3,3,3,2,3,3,2,2,5,1,1,1,5,30,3,5,9,0,99,231,463,46962,832017,500000,145,6,12,846,946,3,3,1080,1080,240,6000,10,3,250,200,150,150,100,,,,,,,10,100,8,1,200,223,233,223,223
215,1972000,FreeDiamonds,20,,,,,,,,,,,RS12,RS11,RS12,RS11,RS12,186,744,200,200,2,2,2,4,2,1,5,2,2,2,2,2,2,2,4,2,2,1,1,2,2,2,2,2,2,2,3,3,3,2,3,3,2,2,5,1,1,1,5,30,3,5,9,0,99,231,463,46962,832017,500000,145,6,12,846,946,3,3,1080,1080,240,6000,10,3,250,200,150,150,100,,,,,,,10,100,8,1,200,224,234,224,224
216,1983000,FreeDiamonds,20,,,,,,,,,,,RS11,RS12,RS11,RS12,RS11,186,744,200,200,2,2,2,4,2,1,5,2,2,2,2,2,2,2,4,2,2,1,1,2,2,2,2,2,2,2,3,3,3,2,3,3,2,2,5,1,1,1,5,30,3,5,9,0,99,231,463,46962,832017,500000,145,6,12,846,946,3,3,1080,1080,240,6000,10,3,250,200,150,150,100,,,,,,,10,100,8,1,200,225,235,225,225
217,1994000,FreeDiamonds,20,,,,,,,,,,,RS12,RS11,RS12,RS11,RS12,187,748,200,200,2,2,2,4,2,1,5,2,2,2,2,2,2,2,4,2,2,1,1,2,2,2,2,2,2,2,3,3,3,2,3,3,2,2,5,1,1,1,5,30,3,5,9,0,99,231,463,46962,832017,500000,145,6,12,846,946,3,3,1080,1080,240,6000,10,3,250,200,150,150,100,,,,,,,10,100,8,1,200,226,236,226,226
218,2005000,FreeDiamonds,20,,,,,,,,,,,RS11,RS12,RS11,RS12,RS11,187,748,200,200,2,2,2,4,2,1,5,2,2,2,2,2,2,2,4,2,2,1,1,2,2,2,2,2,2,2,3,3,3,2,3,3,2,2,5,1,1,1,5,30,3,5,9,0,99,231,463,46962,832017,500000,145,6,12,846,946,3,3,1080,1080,240,6000,10,3,250,200,150,150,100,,,,,,,10,100,8,1,200,227,237,227,227
219,2016000,FreeDiamonds,20,,,,,,,,,,,RS12,RS11,RS12,RS11,RS12,188,752,200,200,2,2,2,4,2,1,5,2,2,2,2,2,2,2,4,2,2,1,1,2,2,2,2,2,2,2,3,3,3,2,3,3,2,2,5,1,1,1,5,30,3,5,9,0,99,231,463,46962,832017,500000,145,6,12,846,946,3,3,1080,1080,240,6000,10,3,250,200,150,150,100,,,,,,,10,100,8,1,200,228,238,228,228
220,2027000,FreeDiamonds,20,,,,,,,,,,,RS11,RS12,RS11,RS12,RS11,188,752,200,200,2,2,2,4,2,1,5,2,2,2,2,2,2,2,4,2,2,1,1,2,2,2,2,2,2,2,3,3,3,2,3,3,2,2,5,1,1,1,5,30,3,5,9,0,99,231,463,46962,832017,500000,145,6,12,846,946,3,3,1080,1080,240,6000,10,3,250,200,150,150,100,,,,,,,10,100,8,1,200,229,239,229,229
221,2038000,FreeDiamonds,20,,,,,,,,,,,RS12,RS11,RS12,RS11,RS12,189,756,200,200,2,2,2,4,2,1,5,2,2,2,2,2,2,2,4,2,2,1,1,2,2,2,2,2,2,2,3,3,3,2,3,3,2,2,5,1,1,1,5,30,3,5,9,0,99,231,463,46962,832017,500000,145,6,12,846,946,3,3,1080,1080,240,6000,10,3,250,200,150,150,100,,,,,,,10,100,8,1,200,230,240,230,230
222,2049000,FreeDiamonds,20,,,,,,,,,,,RS11,RS12,RS11,RS12,RS11,189,756,200,200,2,2,2,4,2,1,5,2,2,2,2,2,2,2,4,2,2,1,1,2,2,2,2,2,2,2,3,3,3,2,3,3,2,2,5,1,1,1,5,30,3,5,9,0,99,231,463,46962,832017,500000,145,6,12,846,946,3,3,1080,1080,240,6000,10,3,250,200,150,150,100,,,,,,,10,100,8,1,200,231,241,231,231
223,2060000,FreeDiamonds,20,,,,,,,,,,,RS12,RS11,RS12,RS11,RS12,190,760,200,200,2,2,2,4,2,1,5,2,2,2,2,2,2,2,4,2,2,1,1,2,2,2,2,2,2,2,3,3,3,2,3,3,2,2,5,1,1,1,5,30,3,5,9,0,99,231,463,46962,832017,500000,145,6,12,846,946,3,3,1080,1080,240,6000,10,3,250,200,150,150,100,,,,,,,10,100,8,1,200,232,242,232,232
224,2071000,FreeDiamonds,20,,,,,,,,,,,RS11,RS12,RS11,RS12,RS11,190,760,200,200,2,2,2,4,2,1,5,2,2,2,2,2,2,2,4,2,2,1,1,2,2,2,2,2,2,2,3,3,3,2,3,3,2,2,5,1,1,1,5,30,3,5,9,0,99,231,463,46962,832017,500000,145,6,12,846,946,3,3,1080,1080,240,6000,10,3,250,200,150,150,100,,,,,,,10,100,8,1,200,233,243,233,233
225,2082000,FreeDiamonds,20,,,,,,,,,,,RS12,RS11,RS12,RS11,RS12,191,764,200,200,2,2,2,4,2,1,5,2,2,2,2,2,2,2,4,2,2,1,1,2,2,2,2,2,2,2,3,3,3,2,3,3,2,2,5,1,1,1,5,30,3,5,9,0,99,231,463,46962,832017,500000,145,6,12,846,946,3,3,1080,1080,240,6000,10,3,250,200,150,150,100,,,,,,,10,100,8,1,200,234,244,234,234
226,2093000,FreeDiamonds,20,,,,,,,,,,,RS11,RS12,RS11,RS12,RS11,191,764,200,200,2,2,2,4,2,1,5,2,2,2,2,2,2,2,4,2,2,1,1,2,2,2,2,2,2,2,3,3,3,2,3,3,2,2,5,1,1,1,5,30,3,5,9,0,99,231,463,46962,832017,500000,145,6,12,846,946,3,3,1080,1080,240,6000,10,3,250,200,150,150,100,,,,,,,10,100,8,1,200,235,245,235,235
227,2104000,FreeDiamonds,20,,,,,,,,,,,RS12,RS11,RS12,RS11,RS12,192,768,200,200,2,2,2,4,2,1,5,2,2,2,2,2,2,2,4,2,2,1,1,2,2,2,2,2,2,2,3,3,3,2,3,3,2,2,5,1,1,1,5,30,3,5,9,0,99,231,463,46962,832017,500000,145,6,12,846,946,3,3,1080,1080,240,6000,10,3,250,200,150,150,100,,,,,,,10,100,8,1,200,236,246,236,236
228,2115000,FreeDiamonds,20,,,,,,,,,,,RS11,RS12,RS11,RS12,RS11,192,768,200,200,2,2,2,4,2,1,5,2,2,2,2,2,2,2,4,2,2,1,1,2,2,2,2,2,2,2,3,3,3,2,3,3,2,2,5,1,1,1,5,30,3,5,9,0,99,231,463,46962,832017,500000,145,6,12,846,946,3,3,1080,1080,240,6000,10,3,250,200,150,150,100,,,,,,,10,100,8,1,200,237,247,237,237
229,2126000,FreeDiamonds,20,,,,,,,,,,,RS12,RS11,RS12,RS11,RS12,193,772,200,200,2,2,2,4,2,1,5,2,2,2,2,2,2,2,4,2,2,1,1,2,2,2,2,2,2,2,3,3,3,2,3,3,2,2,5,1,1,1,5,30,3,5,9,0,99,231,463,46962,832017,500000,145,6,12,846,946,3,3,1080,1080,240,6000,10,3,250,200,150,150,100,,,,,,,10,100,8,1,200,238,248,238,238
230,2137000,FreeDiamonds,20,,,,,,,,,,,RS11,RS12,RS11,RS12,RS11,193,772,200,200,2,2,2,4,2,1,5,2,2,2,2,2,2,2,4,2,2,1,1,2,2,2,2,2,2,2,3,3,3,2,3,3,2,2,5,1,1,1,5,30,3,5,9,0,99,231,463,46962,832017,500000,145,6,12,846,946,3,3,1080,1080,240,6000,10,3,250,200,150,150,100,,,,,,,10,100,8,1,200,239,249,239,239
231,2148000,FreeDiamonds,20,,,,,,,,,,,RS12,RS11,RS12,RS11,RS12,194,776,200,200,2,2,2,4,2,1,5,2,2,2,2,2,2,2,4,2,2,1,1,2,2,2,2,2,2,2,3,3,3,2,3,3,2,2,5,1,1,1,5,30,3,5,9,0,99,231,463,46962,832017,500000,145,6,12,846,946,3,3,1080,1080,240,6000,10,3,250,200,150,150,100,,,,,,,10,100,8,1,200,240,250,240,240
232,2159000,FreeDiamonds,20,,,,,,,,,,,RS11,RS12,RS11,RS12,RS11,194,776,200,200,2,2,2,4,2,1,5,2,2,2,2,2,2,2,4,2,2,1,1,2,2,2,2,2,2,2,3,3,3,2,3,3,2,2,5,1,1,1,5,30,3,5,9,0,99,231,463,46962,832017,500000,145,6,12,846,946,3,3,1080,1080,240,6000,10,3,250,200,150,150,100,,,,,,,10,100,8,1,200,241,251,241,241
233,2170000,FreeDiamonds,20,,,,,,,,,,,RS12,RS11,RS12,RS11,RS12,195,780,200,200,2,2,2,4,2,1,5,2,2,2,2,2,2,2,4,2,2,1,1,2,2,2,2,2,2,2,3,3,3,2,3,3,2,2,5,1,1,1,5,30,3,5,9,0,99,231,463,46962,832017,500000,145,6,12,846,946,3,3,1080,1080,240,6000,10,3,250,200,150,150,100,,,,,,,10,100,8,1,200,242,252,242,242
234,2181000,FreeDiamonds,20,,,,,,,,,,,RS11,RS12,RS11,RS12,RS11,195,780,200,200,2,2,2,4,2,1,5,2,2,2,2,2,2,2,4,2,2,1,1,2,2,2,2,2,2,2,3,3,3,2,3,3,2,2,5,1,1,1,5,30,3,5,9,0,99,231,463,46962,832017,500000,145,6,12,846,946,3,3,1080,1080,240,6000,10,3,250,200,150,150,100,,,,,,,10,100,8,1,200,243,253,243,243
235,2192000,FreeDiamonds,20,,,,,,,,,,,RS12,RS11,RS12,RS11,RS12,196,784,200,200,2,2,2,4,2,1,5,2,2,2,2,2,2,2,4,2,2,1,1,2,2,2,2,2,2,2,3,3,3,2,3,3,2,2,5,1,1,1,5,30,3,5,9,0,99,231,463,46962,832017,500000,145,6,12,846,946,3,3,1080,1080,240,6000,10,3,250,200,150,150,100,,,,,,,10,100,8,1,200,244,254,244,244
236,2203000,FreeDiamonds,20,,,,,,,,,,,RS11,RS12,RS11,RS12,RS11,196,784,200,200,2,2,2,4,2,1,5,2,2,2,2,2,2,2,4,2,2,1,1,2,2,2,2,2,2,2,3,3,3,2,3,3,2,2,5,1,1,1,5,30,3,5,9,0,99,231,463,46962,832017,500000,145,6,12,846,946,3,3,1080,1080,240,6000,10,3,250,200,150,150,100,,,,,,,10,100,8,1,200,245,255,245,245
237,2214000,FreeDiamonds,20,,,,,,,,,,,RS12,RS11,RS12,RS11,RS12,197,788,200,200,2,2,2,4,2,1,5,2,2,2,2,2,2,2,4,2,2,1,1,2,2,2,2,2,2,2,3,3,3,2,3,3,2,2,5,1,1,1,5,30,3,5,9,0,100,231,463,46962,832017,500000,145,6,12,846,946,3,3,1080,1080,240,6000,10,3,250,200,150,150,100,,,,,,,10,100,8,1,200,246,256,246,246
238,2225000,FreeDiamonds,20,,,,,,,,,,,RS11,RS12,RS11,RS12,RS11,197,788,200,200,2,2,2,4,2,1,5,2,2,2,2,2,2,2,4,2,2,1,1,2,2,2,2,2,2,2,3,3,3,2,3,3,2,2,5,1,1,1,5,30,3,5,9,0,100,231,463,46962,832017,500000,145,6,12,846,946,3,3,1080,1080,240,6000,10,3,250,200,150,150,100,,,,,,,10,100,8,1,200,247,257,247,247
239,2236000,FreeDiamonds,20,,,,,,,,,,,RS12,RS11,RS12,RS11,RS12,198,792,200,200,2,2,2,4,2,1,5,2,2,2,2,2,2,2,4,2,2,1,1,2,2,2,2,2,2,2,3,3,3,2,3,3,2,2,5,1,1,1,5,30,3,5,9,0,100,231,463,46962,832017,500000,145,6,12,846,946,3,3,1080,1080,240,6000,10,3,250,200,150,150,100,,,,,,,10,100,8,1,200,248,258,248,248
240,2247000,FreeDiamonds,20,,,,,,,,,,,RS11,RS12,RS11,RS12,RS11,198,792,200,200,2,2,2,4,2,1,5,2,2,2,2,2,2,2,4,2,2,1,1,2,2,2,2,2,2,2,3,3,3,2,3,3,2,2,5,1,1,1,5,30,3,5,9,0,100,231,463,46962,832017,500000,145,6,12,846,946,3,3,1080,1080,240,6000,10,3,250,200,150,150,100,,,,,,,10,100,8,1,200,249,259,249,249
241,2258000,FreeDiamonds,20,,,,,,,,,,,RS12,RS11,RS12,RS11,RS12,199,796,200,200,2,2,2,4,2,1,5,2,2,2,2,2,2,2,4,2,2,1,1,2,2,2,2,2,2,2,3,3,3,2,3,3,2,2,5,1,1,1,5,30,3,5,9,0,100,231,463,46962,832017,500000,145,6,12,846,946,3,3,1080,1080,240,6000,10,3,250,200,150,150,100,,,,,,,10,100,8,1,200,250,260,250,250
242,2269000,FreeDiamonds,20,,,,,,,,,,,RS11,RS12,RS11,RS12,RS11,199,796,200,200,2,2,2,4,2,1,5,2,2,2,2,2,2,2,4,2,2,1,1,2,2,2,2,2,2,2,3,3,3,2,3,3,2,2,5,1,1,1,5,30,3,5,9,0,100,231,463,46962,832017,500000,145,6,12,846,946,3,3,1080,1080,240,6000,10,3,250,200,150,150,100,,,,,,,10,100,8,1,200,251,261,251,251
243,2280000,FreeDiamonds,20,,,,,,,,,,,RS12,RS11,RS12,RS11,RS12,200,800,200,200,2,2,2,4,2,1,5,2,2,2,2,2,2,2,4,2,2,1,1,2,2,2,2,2,2,2,3,3,3,2,3,3,2,2,5,1,1,1,5,30,3,5,9,0,98,231,463,46962,832017,500000,145,6,12,846,946,3,3,1080,1080,240,6000,10,3,250,200,150,150,100,,,,,,,10,100,8,1,200,252,262,252,252
244,2291000,FreeDiamonds,20,,,,,,,,,,,RS11,RS12,RS11,RS12,RS11,200,800,200,200,2,2,2,4,2,1,5,2,2,2,2,2,2,2,4,2,2,1,1,2,2,2,2,2,2,2,3,3,3,2,3,3,2,2,5,1,1,1,5,30,3,5,9,0,98,231,463,46962,832017,500000,145,6,12,846,946,3,3,1080,1080,240,6000,10,3,250,200,150,150,100,,,,,,,10,100,8,1,200,253,263,253,253
245,2302000,FreeDiamonds,20,,,,,,,,,,,RS12,RS11,RS12,RS11,RS12,201,804,200,200,2,2,2,4,2,1,5,2,2,2,2,2,2,2,4,2,2,1,1,2,2,2,2,2,2,2,3,3,3,2,3,3,2,2,5,1,1,1,5,30,3,5,9,0,98,231,463,46962,832017,500000,145,6,12,846,946,3,3,1080,1080,240,6000,10,3,250,200,150,150,100,,,,,,,10,100,8,1,200,254,264,254,254
246,2313000,FreeDiamonds,20,,,,,,,,,,,RS11,RS12,RS11,RS12,RS11,201,804,200,200,2,2,2,4,2,1,5,2,2,2,2,2,2,2,4,2,2,1,1,2,2,2,2,2,2,2,3,3,3,2,3,3,2,2,5,1,1,1,5,30,3,5,9,0,98,231,463,46962,832017,500000,145,6,12,846,946,3,3,1080,1080,240,6000,10,3,250,200,150,150,100,,,,,,,10,100,8,1,200,255,265,255,255
247,2324000,FreeDiamonds,20,,,,,,,,,,,RS12,RS11,RS12,RS11,RS12,202,808,200,200,2,2,2,4,2,1,5,2,2,2,2,2,2,2,4,2,2,1,1,2,2,2,2,2,2,2,3,3,3,2,3,3,2,2,5,1,1,1,5,30,3,5,9,0,98,231,463,46962,832017,500000,145,6,12,846,946,3,3,1080,1080,240,6000,10,3,250,200,150,150,100,,,,,,,10,100,8,1,200,256,266,256,256
248,2335000,FreeDiamonds,20,,,,,,,,,,,RS11,RS12,RS11,RS12,RS11,202,808,200,200,2,2,2,4,2,1,5,2,2,2,2,2,2,2,4,2,2,1,1,2,2,2,2,2,2,2,3,3,3,2,3,3,2,2,5,1,1,1,5,30,3,5,9,0,98,231,463,46962,832017,500000,145,6,12,846,946,3,3,1080,1080,240,6000,10,3,250,200,150,150,100,,,,,,,10,100,8,1,200,257,267,257,257
249,2346000,FreeDiamonds,20,,,,,,,,,,,RS12,RS11,RS12,RS11,RS12,203,812,200,200,2,2,2,4,2,1,5,2,2,2,2,2,2,2,4,2,2,1,1,2,2,2,2,2,2,2,3,3,3,2,3,3,2,2,5,1,1,1,5,30,3,5,9,0,98,231,463,46962,832017,500000,145,6,12,846,946,3,3,1080,1080,240,6000,10,3,250,200,150,150,100,,,,,,,10,100,8,1,200,258,268,258,258
250,2357000,FreeDiamonds,50,,,,,,,,,,,RS11,RS12,RS11,RS12,RS11,203,812,200,200,2,2,2,4,2,1,5,2,2,2,2,2,2,2,4,2,2,1,1,2,2,2,2,2,2,2,3,3,3,2,3,3,2,2,5,1,1,1,5,30,3,5,9,0,98,231,463,46962,832017,500000,145,6,12,846,946,3,3,1080,1080,240,6000,10,3,250,200,150,150,100,,,,,,,10,100,8,1,200,259,269,259,259
251,2368000,FreeDiamonds,20,,,,,,,,,,,RS12,RS11,RS12,RS11,RS12,204,816,200,200,2,2,2,4,2,1,5,2,2,2,2,2,2,2,4,2,2,1,1,2,2,2,2,2,2,2,3,3,3,2,3,3,2,2,5,1,1,1,5,30,3,5,9,0,98,231,463,46962,832017,500000,145,6,12,846,946,3,3,1080,1080,240,6000,10,3,250,200,150,150,100,,,,,,,10,100,8,1,200,260,270,260,260
252,2379000,FreeDiamonds,20,,,,,,,,,,,RS11,RS12,RS11,RS12,RS11,204,816,200,200,2,2,2,4,2,1,5,2,2,2,2,2,2,2,4,2,2,1,1,2,2,2,2,2,2,2,3,3,3,2,3,3,2,2,5,1,1,1,5,30,3,5,9,0,98,231,463,46962,832017,500000,145,6,12,846,946,3,3,1080,1080,240,6000,10,3,250,200,150,150,100,,,,,,,10,100,8,1,200,261,271,261,261
253,2390000,FreeDiamonds,20,,,,,,,,,,,RS12,RS11,RS12,RS11,RS12,205,820,200,200,2,2,2,4,2,1,5,2,2,2,2,2,2,2,4,2,2,1,1,2,2,2,2,2,2,2,3,3,3,2,3,3,2,2,5,1,1,1,5,30,3,5,9,0,98,231,463,46962,832017,500000,145,6,12,846,946,3,3,1080,1080,240,6000,10,3,250,200,150,150,100,,,,,,,10,100,8,1,200,262,272,262,262
254,2401000,FreeDiamonds,20,,,,,,,,,,,RS11,RS12,RS11,RS12,RS11,205,820,200,200,2,2,2,4,2,1,5,2,2,2,2,2,2,2,4,2,2,1,1,2,2,2,2,2,2,2,3,3,3,2,3,3,2,2,5,1,1,1,5,30,3,5,9,0,98,231,463,46962,832017,500000,145,6,12,846,946,3,3,1080,1080,240,6000,10,3,250,200,150,150,100,,,,,,,10,100,8,1,200,263,273,263,263
255,2412000,FreeDiamonds,20,,,,,,,,,,,RS12,RS11,RS12,RS11,RS12,206,824,200,200,2,2,2,4,2,1,5,2,2,2,2,2,2,2,4,2,2,1,1,2,2,2,2,2,2,2,3,3,3,2,3,3,2,2,5,1,1,1,5,30,3,5,9,0,98,231,463,46962,832017,500000,145,6,12,846,946,3,3,1080,1080,240,6000,10,3,250,200,150,150,100,,,,,,,10,100,8,1,200,264,274,264,264
256,2423000,FreeDiamonds,20,,,,,,,,,,,RS11,RS12,RS11,RS12,RS11,206,824,200,200,2,2,2,4,2,1,5,2,2,2,2,2,2,2,4,2,2,1,1,2,2,2,2,2,2,2,3,3,3,2,3,3,2,2,5,1,1,1,5,30,3,5,9,0,98,231,463,46962,832017,500000,145,6,12,846,946,3,3,1080,1080,240,6000,10,3,250,200,150,150,100,,,,,,,10,100,8,1,200,265,275,265,265
257,2434000,FreeDiamonds,20,,,,,,,,,,,RS12,RS11,RS12,RS11,RS12,207,828,200,200,2,2,2,4,2,1,5,2,2,2,2,2,2,2,4,2,2,1,1,2,2,2,2,2,2,2,3,3,3,2,3,3,2,2,5,1,1,1,5,30,3,5,9,0,98,231,463,46962,832017,500000,145,6,12,846,946,3,3,1080,1080,240,6000,10,3,250,200,150,150,100,,,,,,,10,100,8,1,200,266,276,266,266
258,2445000,FreeDiamonds,20,,,,,,,,,,,RS11,RS12,RS11,RS12,RS11,207,828,200,200,2,2,2,4,2,1,5,2,2,2,2,2,2,2,4,2,2,1,1,2,2,2,2,2,2,2,3,3,3,2,3,3,2,2,5,1,1,1,5,30,3,5,9,0,98,231,463,46962,832017,500000,145,6,12,846,946,3,3,1080,1080,240,6000,10,3,250,200,150,150,100,,,,,,,10,100,8,1,200,267,277,267,267
259,2456000,FreeDiamonds,20,,,,,,,,,,,RS12,RS11,RS12,RS11,RS12,208,832,200,200,2,2,2,4,2,1,5,2,2,2,2,2,2,2,4,2,2,1,1,2,2,2,2,2,2,2,3,3,3,2,3,3,2,2,5,1,1,1,5,30,3,5,9,0,98,231,463,46962,832017,500000,145,6,12,846,946,3,3,1080,1080,240,6000,10,3,250,200,150,150,100,,,,,,,10,100,8,1,200,268,278,268,268
260,2467000,FreeDiamonds,20,,,,,,,,,,,RS11,RS12,RS11,RS12,RS11,208,832,200,200,2,2,2,4,2,1,5,2,2,2,2,2,2,2,4,2,2,1,1,2,2,2,2,2,2,2,3,3,3,2,3,3,2,2,5,1,1,1,5,30,3,5,9,0,98,231,463,46962,832017,500000,145,6,12,846,946,3,3,1080,1080,240,6000,10,3,250,200,150,150,100,,,,,,,10,100,8,1,200,269,279,269,269
261,2478000,FreeDiamonds,20,,,,,,,,,,,RS12,RS11,RS12,RS11,RS12,209,836,200,200,2,2,2,4,2,1,5,2,2,2,2,2,2,2,4,2,2,1,1,2,2,2,2,2,2,2,3,3,3,2,3,3,2,2,5,1,1,1,5,30,3,5,9,0,98,231,463,46962,832017,500000,145,6,12,846,946,3,3,1080,1080,240,6000,10,3,250,200,150,150,100,,,,,,,10,100,8,1,200,270,280,270,270
262,2489000,FreeDiamonds,20,,,,,,,,,,,RS11,RS12,RS11,RS12,RS11,209,836,200,200,2,2,2,4,2,1,5,2,2,2,2,2,2,2,4,2,2,1,1,2,2,2,2,2,2,2,3,3,3,2,3,3,2,2,5,1,1,1,5,30,3,5,9,0,98,231,463,46962,832017,500000,145,6,12,846,946,3,3,1080,1080,240,6000,10,3,250,200,150,150,100,,,,,,,10,100,8,1,200,271,281,271,271
263,2500000,FreeDiamonds,20,,,,,,,,,,,RS12,RS11,RS12,RS11,RS12,210,840,200,200,2,2,2,4,2,1,5,2,2,2,2,2,2,2,4,2,2,1,1,2,2,2,2,2,2,2,3,3,3,2,3,3,2,2,5,1,1,1,5,30,3,5,9,0,98,231,463,46962,832017,500000,145,6,12,846,946,3,3,1080,1080,240,6000,10,3,250,200,150,150,100,,,,,,,10,100,8,1,200,272,282,272,272
264,2511000,FreeDiamonds,20,,,,,,,,,,,RS11,RS12,RS11,RS12,RS11,210,840,200,200,2,2,2,4,2,1,5,2,2,2,2,2,2,2,4,2,2,1,1,2,2,2,2,2,2,2,3,3,3,2,3,3,2,2,5,1,1,1,5,30,3,5,9,0,98,231,463,46962,832017,500000,145,6,12,846,946,3,3,1080,1080,240,6000,10,3,250,200,150,150,100,,,,,,,10,100,8,1,200,273,283,273,273
265,2522000,FreeDiamonds,20,,,,,,,,,,,RS12,RS11,RS12,RS11,RS12,211,844,200,200,2,2,2,4,2,1,5,2,2,2,2,2,2,2,4,2,2,1,1,2,2,2,2,2,2,2,3,3,3,2,3,3,2,2,5,1,1,1,5,30,3,5,9,0,98,231,463,46962,832017,500000,145,6,12,846,946,3,3,1080,1080,240,6000,10,3,250,200,150,150,100,,,,,,,10,100,8,1,200,274,284,274,274
266,2533000,FreeDiamonds,20,,,,,,,,,,,RS11,RS12,RS11,RS12,RS11,211,844,200,200,2,2,2,4,2,1,5,2,2,2,2,2,2,2,4,2,2,1,1,2,2,2,2,2,2,2,3,3,3,2,3,3,2,2,5,1,1,1,5,30,3,5,9,0,98,231,463,46962,832017,500000,145,6,12,846,946,3,3,1080,1080,240,6000,10,3,250,200,150,150,100,,,,,,,10,100,8,1,200,275,285,275,275
267,2544000,FreeDiamonds,20,,,,,,,,,,,RS12,RS11,RS12,RS11,RS12,212,848,200,200,2,2,2,4,2,1,5,2,2,2,2,2,2,2,4,2,2,1,1,2,2,2,2,2,2,2,3,3,3,2,3,3,2,2,5,1,1,1,5,30,3,5,9,0,98,231,463,46962,832017,500000,145,6,12,846,946,3,3,1080,1080,240,6000,10,3,250,200,150,150,100,,,,,,,10,100,8,1,200,276,286,276,276
268,2555000,FreeDiamonds,20,,,,,,,,,,,RS11,RS12,RS11,RS12,RS11,212,848,200,200,2,2,2,4,2,1,5,2,2,2,2,2,2,2,4,2,2,1,1,2,2,2,2,2,2,2,3,3,3,2,3,3,2,2,5,1,1,1,5,30,3,5,9,0,99,231,463,46962,832017,500000,145,6,12,846,946,3,3,1080,1080,240,6000,10,3,250,200,150,150,100,,,,,,,10,100,8,1,200,277,287,277,277
269,2566000,FreeDiamonds,20,,,,,,,,,,,RS12,RS11,RS12,RS11,RS12,213,852,200,200,2,2,2,4,2,1,5,2,2,2,2,2,2,2,4,2,2,1,1,2,2,2,2,2,2,2,3,3,3,2,3,3,2,2,5,1,1,1,5,30,3,5,9,0,99,231,463,46962,832017,500000,145,6,12,846,946,3,3,1080,1080,240,6000,10,3,250,200,150,150,100,,,,,,,10,100,8,1,200,278,288,278,278
270,2577000,FreeDiamonds,20,,,,,,,,,,,RS11,RS12,RS11,RS12,RS11,213,852,200,200,2,2,2,4,2,1,5,2,2,2,2,2,2,2,4,2,2,1,1,2,2,2,2,2,2,2,3,3,3,2,3,3,2,2,5,1,1,1,5,30,3,5,9,0,99,231,463,46962,832017,500000,145,6,12,846,946,3,3,1080,1080,240,6000,10,3,250,200,150,150,100,,,,,,,10,100,8,1,200,279,289,279,279
271,2588000,FreeDiamonds,20,,,,,,,,,,,RS12,RS11,RS12,RS11,RS12,214,856,200,200,2,2,2,4,2,1,5,2,2,2,2,2,2,2,4,2,2,1,1,2,2,2,2,2,2,2,3,3,3,2,3,3,2,2,5,1,1,1,5,30,3,5,9,0,99,231,463,46962,832017,500000,145,6,12,846,946,3,3,1080,1080,240,6000,10,3,250,200,150,150,100,,,,,,,10,100,8,1,200,280,290,280,280
272,2599000,FreeDiamonds,20,,,,,,,,,,,RS11,RS12,RS11,RS12,RS11,214,856,200,200,2,2,2,4,2,1,5,2,2,2,2,2,2,2,4,2,2,1,1,2,2,2,2,2,2,2,3,3,3,2,3,3,2,2,5,1,1,1,5,30,3,5,9,0,99,231,463,46962,832017,500000,145,6,12,846,946,3,3,1080,1080,240,6000,10,3,250,200,150,150,100,,,,,,,10,100,8,1,200,281,291,281,281
273,2610000,FreeDiamonds,20,,,,,,,,,,,RS12,RS11,RS12,RS11,RS12,215,860,200,200,2,2,2,4,2,1,5,2,2,2,2,2,2,2,4,2,2,1,1,2,2,2,2,2,2,2,3,3,3,2,3,3,2,2,5,1,1,1,5,30,3,5,9,0,99,231,463,46962,832017,500000,145,6,12,846,946,3,3,1080,1080,240,6000,10,3,250,200,150,150,100,,,,,,,10,100,8,1,200,282,292,282,282
274,2621000,FreeDiamonds,20,,,,,,,,,,,RS11,RS12,RS11,RS12,RS11,215,860,200,200,2,2,2,4,2,1,5,2,2,2,2,2,2,2,4,2,2,1,1,2,2,2,2,2,2,2,3,3,3,2,3,3,2,2,5,1,1,1,5,30,3,5,9,0,99,231,463,46962,832017,500000,145,6,12,846,946,3,3,1080,1080,240,6000,10,3,250,200,150,150,100,,,,,,,10,100,8,1,200,283,293,283,283
275,2632000,FreeDiamonds,20,,,,,,,,,,,RS12,RS11,RS12,RS11,RS12,216,864,200,200,2,2,2,4,2,1,5,2,2,2,2,2,2,2,4,2,2,1,1,2,2,2,2,2,2,2,3,3,3,2,3,3,2,2,5,1,1,1,5,30,3,5,9,0,99,231,463,46962,832017,500000,145,6,12,846,946,3,3,1080,1080,240,6000,10,3,250,200,150,150,100,,,,,,,10,100,8,1,200,284,294,284,284
276,2643000,FreeDiamonds,20,,,,,,,,,,,RS11,RS12,RS11,RS12,RS11,216,864,200,200,2,2,2,4,2,1,5,2,2,2,2,2,2,2,4,2,2,1,1,2,2,2,2,2,2,2,3,3,3,2,3,3,2,2,5,1,1,1,5,30,3,5,9,0,99,231,463,46962,832017,500000,145,6,12,846,946,3,3,1080,1080,240,6000,10,3,250,200,150,150,100,,,,,,,10,100,8,1,200,285,295,285,285
277,2654000,FreeDiamonds,20,,,,,,,,,,,RS12,RS11,RS12,RS11,RS12,217,868,200,200,2,2,2,4,2,1,5,2,2,2,2,2,2,2,4,2,2,1,1,2,2,2,2,2,2,2,3,3,3,2,3,3,2,2,5,1,1,1,5,30,3,5,9,0,99,231,463,46962,832017,500000,145,6,12,846,946,3,3,1080,1080,240,6000,10,3,250,200,150,150,100,,,,,,,10,100,8,1,200,286,296,286,286
278,2665000,FreeDiamonds,20,,,,,,,,,,,RS11,RS12,RS11,RS12,RS11,217,868,200,200,2,2,2,4,2,1,5,2,2,2,2,2,2,2,4,2,2,1,1,2,2,2,2,2,2,2,3,3,3,2,3,3,2,2,5,1,1,1,5,30,3,5,9,0,99,231,463,46962,832017,500000,145,6,12,846,946,3,3,1080,1080,240,6000,10,3,250,200,150,150,100,,,,,,,10,100,8,1,200,287,297,287,287
279,2676000,FreeDiamonds,20,,,,,,,,,,,RS12,RS11,RS12,RS11,RS12,218,872,200,200,2,2,2,4,2,1,5,2,2,2,2,2,2,2,4,2,2,1,1,2,2,2,2,2,2,2,3,3,3,2,3,3,2,2,5,1,1,1,5,30,3,5,9,0,99,231,463,46962,832017,500000,145,6,12,846,946,3,3,1080,1080,240,6000,10,3,250,200,150,150,100,,,,,,,10,100,8,1,200,288,298,288,288
280,2687000,FreeDiamonds,20,,,,,,,,,,,RS11,RS12,RS11,RS12,RS11,218,872,200,200,2,2,2,4,2,1,5,2,2,2,2,2,2,2,4,2,2,1,1,2,2,2,2,2,2,2,3,3,3,2,3,3,2,2,5,1,1,1,5,30,3,5,9,0,99,231,463,46962,832017,500000,145,6,12,846,946,3,3,1080,1080,240,6000,10,3,250,200,150,150,100,,,,,,,10,100,8,1,200,289,299,289,289
281,2698000,FreeDiamonds,20,,,,,,,,,,,RS12,RS11,RS12,RS11,RS12,219,876,200,200,2,2,2,4,2,1,5,2,2,2,2,2,2,2,4,2,2,1,1,2,2,2,2,2,2,2,3,3,3,2,3,3,2,2,5,1,1,1,5,30,3,5,9,0,99,231,463,46962,832017,500000,145,6,12,846,946,3,3,1080,1080,240,6000,10,3,250,200,150,150,100,,,,,,,10,100,8,1,200,290,300,290,290
282,2709000,FreeDiamonds,20,,,,,,,,,,,RS11,RS12,RS11,RS12,RS11,219,876,200,200,2,2,2,4,2,1,5,2,2,2,2,2,2,2,4,2,2,1,1,2,2,2,2,2,2,2,3,3,3,2,3,3,2,2,5,1,1,1,5,30,3,5,9,0,99,231,463,46962,832017,500000,145,6,12,846,946,3,3,1080,1080,240,6000,10,3,250,200,150,150,100,,,,,,,10,100,8,1,200,291,301,291,291
283,2720000,FreeDiamonds,20,,,,,,,,,,,RS12,RS11,RS12,RS11,RS12,220,880,200,200,2,2,2,4,2,1,5,2,2,2,2,2,2,2,4,2,2,1,1,2,2,2,2,2,2,2,3,3,3,2,3,3,2,2,5,1,1,1,5,30,3,5,9,0,99,231,463,46962,832017,500000,145,6,12,846,946,3,3,1080,1080,240,6000,10,3,250,200,150,150,100,,,,,,,10,100,8,1,200,292,302,292,292
284,2731000,FreeDiamonds,20,,,,,,,,,,,RS11,RS12,RS11,RS12,RS11,220,880,200,200,2,2,2,4,2,1,5,2,2,2,2,2,2,2,4,2,2,1,1,2,2,2,2,2,2,2,3,3,3,2,3,3,2,2,5,1,1,1,5,30,3,5,9,0,99,231,463,46962,832017,500000,145,6,12,846,946,3,3,1080,1080,240,6000,10,3,250,200,150,150,100,,,,,,,10,100,8,1,200,293,303,293,293
285,2742000,FreeDiamonds,20,,,,,,,,,,,RS12,RS11,RS12,RS11,RS12,221,884,200,200,2,2,2,4,2,1,5,2,2,2,2,2,2,2,4,2,2,1,1,2,2,2,2,2,2,2,3,3,3,2,3,3,2,2,5,1,1,1,5,30,3,5,9,0,99,231,463,46962,832017,500000,145,6,12,846,946,3,3,1080,1080,240,6000,10,3,250,200,150,150,100,,,,,,,10,100,8,1,200,294,304,294,294
286,2753000,FreeDiamonds,20,,,,,,,,,,,RS11,RS12,RS11,RS12,RS11,221,884,200,200,2,2,2,4,2,1,5,2,2,2,2,2,2,2,4,2,2,1,1,2,2,2,2,2,2,2,3,3,3,2,3,3,2,2,5,1,1,1,5,30,3,5,9,0,99,231,463,46962,832017,500000,145,6,12,846,946,3,3,1080,1080,240,6000,10,3,250,200,150,150,100,,,,,,,10,100,8,1,200,295,305,295,295
287,2764000,FreeDiamonds,20,,,,,,,,,,,RS12,RS11,RS12,RS11,RS12,222,888,200,200,2,2,2,4,2,1,5,2,2,2,2,2,2,2,4,2,2,1,1,2,2,2,2,2,2,2,3,3,3,2,3,3,2,2,5,1,1,1,5,30,3,5,9,0,99,231,463,46962,832017,500000,145,6,12,846,946,3,3,1080,1080,240,6000,10,3,250,200,150,150,100,,,,,,,10,100,8,1,200,296,306,296,296
288,2775000,FreeDiamonds,20,,,,,,,,,,,RS11,RS12,RS11,RS12,RS11,222,888,200,200,2,2,2,4,2,1,5,2,2,2,2,2,2,2,4,2,2,1,1,2,2,2,2,2,2,2,3,3,3,2,3,3,2,2,5,1,1,1,5,30,3,5,9,0,99,231,463,46962,832017,500000,145,6,12,846,946,3,3,1080,1080,240,6000,10,3,250,200,150,150,100,,,,,,,10,100,8,1,200,297,307,297,297
289,2786000,FreeDiamonds,20,,,,,,,,,,,RS12,RS11,RS12,RS11,RS12,223,892,200,200,2,2,2,4,2,1,5,2,2,2,2,2,2,2,4,2,2,1,1,2,2,2,2,2,2,2,3,3,3,2,3,3,2,2,5,1,1,1,5,30,3,5,9,0,99,231,463,46962,832017,500000,145,6,12,846,946,3,3,1080,1080,240,6000,10,3,250,200,150,150,100,,,,,,,10,100,8,1,200,298,308,298,298
290,2797000,FreeDiamonds,20,,,,,,,,,,,RS11,RS12,RS11,RS12,RS11,223,892,200,200,2,2,2,4,2,1,5,2,2,2,2,2,2,2,4,2,2,1,1,2,2,2,2,2,2,2,3,3,3,2,3,3,2,2,5,1,1,1,5,30,3,5,9,0,99,231,463,46962,832017,500000,145,6,12,846,946,3,3,1080,1080,240,6000,10,3,250,200,150,150,100,,,,,,,10,100,8,1,200,299,309,299,299
291,2808000,FreeDiamonds,20,,,,,,,,,,,RS12,RS11,RS12,RS11,RS12,224,896,200,200,2,2,2,4,2,1,5,2,2,2,2,2,2,2,4,2,2,1,1,2,2,2,2,2,2,2,3,3,3,2,3,3,2,2,5,1,1,1,5,30,3,5,9,0,99,231,463,46962,832017,500000,145,6,12,846,946,3,3,1080,1080,240,6000,10,3,250,200,150,150,100,,,,,,,10,100,8,1,200,300,310,300,300
292,2819000,FreeDiamonds,20,,,,,,,,,,,RS11,RS12,RS11,RS12,RS11,224,896,200,200,2,2,2,4,2,1,5,2,2,2,2,2,2,2,4,2,2,1,1,2,2,2,2,2,2,2,3,3,3,2,3,3,2,2,5,1,1,1,5,30,3,5,9,0,99,231,463,46962,832017,500000,145,6,12,846,946,3,3,1080,1080,240,6000,10,3,250,200,150,150,100,,,,,,,10,100,8,1,200,301,311,301,301
293,2830000,FreeDiamonds,20,,,,,,,,,,,RS12,RS11,RS12,RS11,RS12,225,900,200,200,2,2,2,4,2,1,5,2,2,2,2,2,2,2,4,2,2,1,1,2,2,2,2,2,2,2,3,3,3,2,3,3,2,2,5,1,1,1,5,30,3,5,9,0,99,231,463,46962,832017,500000,145,6,12,846,946,3,3,1080,1080,240,6000,10,3,250,200,150,150,100,,,,,,,10,100,8,1,200,302,312,302,302
294,2841000,FreeDiamonds,20,,,,,,,,,,,RS11,RS12,RS11,RS12,RS11,225,900,200,200,2,2,2,4,2,1,5,2,2,2,2,2,2,2,4,2,2,1,1,2,2,2,2,2,2,2,3,3,3,2,3,3,2,2,5,1,1,1,5,30,3,5,9,0,100,231,463,46962,832017,500000,145,6,12,846,946,3,3,1080,1080,240,6000,10,3,250,200,150,150,100,,,,,,,10,100,8,1,200,303,313,303,303
295,2852000,FreeDiamonds,20,,,,,,,,,,,RS12,RS11,RS12,RS11,RS12,226,904,200,200,2,2,2,4,2,1,5,2,2,2,2,2,2,2,4,2,2,1,1,2,2,2,2,2,2,2,3,3,3,2,3,3,2,2,5,1,1,1,5,30,3,5,9,0,100,231,463,46962,832017,500000,145,6,12,846,946,3,3,1080,1080,240,6000,10,3,250,200,150,150,100,,,,,,,10,100,8,1,200,304,314,304,304
296,2863000,FreeDiamonds,20,,,,,,,,,,,RS11,RS12,RS11,RS12,RS11,226,904,200,200,2,2,2,4,2,1,5,2,2,2,2,2,2,2,4,2,2,1,1,2,2,2,2,2,2,2,3,3,3,2,3,3,2,2,5,1,1,1,5,30,3,5,9,0,100,231,463,46962,832017,500000,145,6,12,846,946,3,3,1080,1080,240,6000,10,3,250,200,150,150,100,,,,,,,10,100,8,1,200,305,315,305,305
297,2874000,FreeDiamonds,20,,,,,,,,,,,RS12,RS11,RS12,RS11,RS12,227,908,200,200,2,2,2,4,2,1,5,2,2,2,2,2,2,2,4,2,2,1,1,2,2,2,2,2,2,2,3,3,3,2,3,3,2,2,5,1,1,1,5,30,3,5,9,0,100,231,463,46962,832017,500000,145,6,12,846,946,3,3,1080,1080,240,6000,10,3,250,200,150,150,100,,,,,,,10,100,8,1,200,306,316,306,306
298,2885000,FreeDiamonds,20,,,,,,,,,,,RS11,RS12,RS11,RS12,RS11,227,908,200,200,2,2,2,4,2,1,5,2,2,2,2,2,2,2,4,2,2,1,1,2,2,2,2,2,2,2,3,3,3,2,3,3,2,2,5,1,1,1,5,30,3,5,9,0,100,231,463,46962,832017,500000,145,6,12,846,946,3,3,1080,1080,240,6000,10,3,250,200,150,150,100,,,,,,,10,100,8,1,200,307,317,307,307
299,2896000,FreeDiamonds,20,,,,,,,,,,,RS12,RS11,RS12,RS11,RS12,228,912,200,200,2,2,2,4,2,1,5,2,2,2,2,2,2,2,4,2,2,1,1,2,2,2,2,2,2,2,3,3,3,2,3,3,2,2,5,1,1,1,5,30,3,5,9,0,100,231,463,46962,832017,500000,145,6,12,846,946,3,3,1080,1080,240,6000,10,3,250,200,150,150,100,,,,,,,10,100,8,1,200,308,318,308,308
300,2907000,FreeDiamonds,200,,,,,,,,,,,RS11,RS12,RS11,RS12,RS11,228,912,200,200,2,2,2,4,2,1,5,2,2,2,2,2,2,2,4,2,2,1,1,2,2,2,2,2,2,2,3,3,3,2,3,3,2,2,5,1,1,1,5,30,3,5,9,0,100,231,463,46962,832017,500000,145,6,12,846,946,3,3,1080,1080,240,6000,10,3,250,200,150,150,100,,,,,,,10,100,8,1,200,309,319,309,309
301,2918000,FreeDiamonds,20,,,,,,,,,,,RS12,RS11,RS12,RS11,RS12,229,916,200,200,2,2,2,4,2,1,5,2,2,2,2,2,2,2,4,2,2,1,1,2,2,2,2,2,2,2,3,3,3,2,3,3,2,2,5,1,1,1,5,30,3,5,9,0,98,231,463,46962,832017,500000,145,6,12,846,946,3,3,1080,1080,240,6000,10,3,250,200,150,150,100,,,,,,,10,100,8,1,200,310,320,310,310
302,2929000,FreeDiamonds,20,,,,,,,,,,,RS11,RS12,RS11,RS12,RS11,229,916,200,200,2,2,2,4,2,1,5,2,2,2,2,2,2,2,4,2,2,1,1,2,2,2,2,2,2,2,3,3,3,2,3,3,2,2,5,1,1,1,5,30,3,5,9,0,98,231,463,46962,832017,500000,145,6,12,846,946,3,3,1080,1080,240,6000,10,3,250,200,150,150,100,,,,,,,10,100,8,1,200,311,321,311,311
303,2940000,FreeDiamonds,20,,,,,,,,,,,RS12,RS11,RS12,RS11,RS12,230,920,200,200,2,2,2,4,2,1,5,2,2,2,2,2,2,2,4,2,2,1,1,2,2,2,2,2,2,2,3,3,3,2,3,3,2,2,5,1,1,1,5,30,3,5,9,0,98,231,463,46962,832017,500000,145,6,12,846,946,3,3,1080,1080,240,6000,10,3,250,200,150,150,100,,,,,,,10,100,8,1,200,312,322,312,312
304,2951000,FreeDiamonds,20,,,,,,,,,,,RS11,RS12,RS11,RS12,RS11,230,920,200,200,2,2,2,4,2,1,5,2,2,2,2,2,2,2,4,2,2,1,1,2,2,2,2,2,2,2,3,3,3,2,3,3,2,2,5,1,1,1,5,30,3,5,9,0,98,231,463,46962,832017,500000,145,6,12,846,946,3,3,1080,1080,240,6000,10,3,250,200,150,150,100,,,,,,,10,100,8,1,200,313,323,313,313
305,2962000,FreeDiamonds,20,,,,,,,,,,,RS12,RS11,RS12,RS11,RS12,231,924,200,200,2,2,2,4,2,1,5,2,2,2,2,2,2,2,4,2,2,1,1,2,2,2,2,2,2,2,3,3,3,2,3,3,2,2,5,1,1,1,5,30,3,5,9,0,98,231,463,46962,832017,500000,145,6,12,846,946,3,3,1080,1080,240,6000,10,3,250,200,150,150,100,,,,,,,10,100,8,1,200,314,324,314,314
306,2973000,FreeDiamonds,20,,,,,,,,,,,RS11,RS12,RS11,RS12,RS11,231,924,200,200,2,2,2,4,2,1,5,2,2,2,2,2,2,2,4,2,2,1,1,2,2,2,2,2,2,2,3,3,3,2,3,3,2,2,5,1,1,1,5,30,3,5,9,0,98,231,463,46962,832017,500000,145,6,12,846,946,3,3,1080,1080,240,6000,10,3,250,200,150,150,100,,,,,,,10,100,8,1,200,315,325,315,315
307,2984000,FreeDiamonds,20,,,,,,,,,,,RS12,RS11,RS12,RS11,RS12,232,928,200,200,2,2,2,4,2,1,5,2,2,2,2,2,2,2,4,2,2,1,1,2,2,2,2,2,2,2,3,3,3,2,3,3,2,2,5,1,1,1,5,30,3,5,9,0,98,231,463,46962,832017,500000,145,6,12,846,946,3,3,1080,1080,240,6000,10,3,250,200,150,150,100,,,,,,,10,100,8,1,200,316,326,316,316
308,2995000,FreeDiamonds,20,,,,,,,,,,,RS11,RS12,RS11,RS12,RS11,232,928,200,200,2,2,2,4,2,1,5,2,2,2,2,2,2,2,4,2,2,1,1,2,2,2,2,2,2,2,3,3,3,2,3,3,2,2,5,1,1,1,5,30,3,5,9,0,98,231,463,46962,832017,500000,145,6,12,846,946,3,3,1080,1080,240,6000,10,3,250,200,150,150,100,,,,,,,10,100,8,1,200,317,327,317,317
309,3006000,FreeDiamonds,20,,,,,,,,,,,RS12,RS11,RS12,RS11,RS12,233,932,200,200,2,2,2,4,2,1,5,2,2,2,2,2,2,2,4,2,2,1,1,2,2,2,2,2,2,2,3,3,3,2,3,3,2,2,5,1,1,1,5,30,3,5,9,0,98,231,463,46962,832017,500000,145,6,12,846,946,3,3,1080,1080,240,6000,10,3,250,200,150,150,100,,,,,,,10,100,8,1,200,318,328,318,318
310,3017000,FreeDiamonds,20,,,,,,,,,,,RS11,RS12,RS11,RS12,RS11,233,932,200,200,2,2,2,4,2,1,5,2,2,2,2,2,2,2,4,2,2,1,1,2,2,2,2,2,2,2,3,3,3,2,3,3,2,2,5,1,1,1,5,30,3,5,9,0,98,231,463,46962,832017,500000,145,6,12,846,946,3,3,1080,1080,240,6000,10,3,250,200,150,150,100,,,,,,,10,100,8,1,200,319,329,319,319
311,3028000,FreeDiamonds,20,,,,,,,,,,,RS12,RS11,RS12,RS11,RS12,234,936,200,200,2,2,2,4,2,1,5,2,2,2,2,2,2,2,4,2,2,1,1,2,2,2,2,2,2,2,3,3,3,2,3,3,2,2,5,1,1,1,5,30,3,5,9,0,99,231,463,46962,832017,500000,145,6,12,846,946,3,3,1080,1080,240,6000,10,3,250,200,150,150,100,,,,,,,10,100,8,1,200,320,330,320,320
312,3039000,FreeDiamonds,20,,,,,,,,,,,RS11,RS12,RS11,RS12,RS11,234,936,200,200,2,2,2,4,2,1,5,2,2,2,2,2,2,2,4,2,2,1,1,2,2,2,2,2,2,2,3,3,3,2,3,3,2,2,5,1,1,1,5,30,3,5,9,0,99,231,463,46962,832017,500000,145,6,12,846,946,3,3,1080,1080,240,6000,10,3,250,200,150,150,100,,,,,,,10,100,8,1,200,321,331,321,321
313,3050000,FreeDiamonds,20,,,,,,,,,,,RS12,RS11,RS12,RS11,RS12,235,940,200,200,2,2,2,4,2,1,5,2,2,2,2,2,2,2,4,2,2,1,1,2,2,2,2,2,2,2,3,3,3,2,3,3,2,2,5,1,1,1,5,30,3,5,9,0,99,231,463,46962,832017,500000,145,6,12,846,946,3,3,1080,1080,240,6000,10,3,250,200,150,150,100,,,,,,,10,100,8,1,200,322,332,322,322
314,3061000,FreeDiamonds,20,,,,,,,,,,,RS11,RS12,RS11,RS12,RS11,235,940,200,200,2,2,2,4,2,1,5,2,2,2,2,2,2,2,4,2,2,1,1,2,2,2,2,2,2,2,3,3,3,2,3,3,2,2,5,1,1,1,5,30,3,5,9,0,99,231,463,46962,832017,500000,145,6,12,846,946,3,3,1080,1080,240,6000,10,3,250,200,150,150,100,,,,,,,10,100,8,1,200,323,333,323,323
315,3072000,FreeDiamonds,20,,,,,,,,,,,RS12,RS11,RS12,RS11,RS12,236,944,200,200,2,2,2,4,2,1,5,2,2,2,2,2,2,2,4,2,2,1,1,2,2,2,2,2,2,2,3,3,3,2,3,3,2,2,5,1,1,1,5,30,3,5,9,0,99,231,463,46962,832017,500000,145,6,12,846,946,3,3,1080,1080,240,6000,10,3,250,200,150,150,100,,,,,,,10,100,8,1,200,324,334,324,324
316,3083000,FreeDiamonds,20,,,,,,,,,,,RS11,RS12,RS11,RS12,RS11,236,944,200,200,2,2,2,4,2,1,5,2,2,2,2,2,2,2,4,2,2,1,1,2,2,2,2,2,2,2,3,3,3,2,3,3,2,2,5,1,1,1,5,30,3,5,9,0,99,231,463,46962,832017,500000,145,6,12,846,946,3,3,1080,1080,240,6000,10,3,250,200,150,150,100,,,,,,,10,100,8,1,200,325,335,325,325
317,3094000,FreeDiamonds,20,,,,,,,,,,,RS12,RS11,RS12,RS11,RS12,237,948,200,200,2,2,2,4,2,1,5,2,2,2,2,2,2,2,4,2,2,1,1,2,2,2,2,2,2,2,3,3,3,2,3,3,2,2,5,1,1,1,5,30,3,5,9,0,99,231,463,46962,832017,500000,145,6,12,846,946,3,3,1080,1080,240,6000,10,3,250,200,150,150,100,,,,,,,10,100,8,1,200,326,336,326,326
318,3105000,FreeDiamonds,20,,,,,,,,,,,RS11,RS12,RS11,RS12,RS11,237,948,200,200,2,2,2,4,2,1,5,2,2,2,2,2,2,2,4,2,2,1,1,2,2,2,2,2,2,2,3,3,3,2,3,3,2,2,5,1,1,1,5,30,3,5,9,0,99,231,463,46962,832017,500000,145,6,12,846,946,3,3,1080,1080,240,6000,10,3,250,200,150,150,100,,,,,,,10,100,8,1,200,327,337,327,327
319,3116000,FreeDiamonds,20,,,,,,,,,,,RS12,RS11,RS12,RS11,RS12,238,952,200,200,2,2,2,4,2,1,5,2,2,2,2,2,2,2,4,2,2,1,1,2,2,2,2,2,2,2,3,3,3,2,3,3,2,2,5,1,1,1,5,30,3,5,9,0,99,231,463,46962,832017,500000,145,6,12,846,946,3,3,1080,1080,240,6000,10,3,250,200,150,150,100,,,,,,,10,100,8,1,200,328,338,328,328
320,3127000,FreeDiamonds,20,,,,,,,,,,,RS11,RS12,RS11,RS12,RS11,238,952,200,200,2,2,2,4,2,1,5,2,2,2,2,2,2,2,4,2,2,1,1,2,2,2,2,2,2,2,3,3,3,2,3,3,2,2,5,1,1,1,5,30,3,5,9,0,99,231,463,46962,832017,500000,145,6,12,846,946,3,3,1080,1080,240,6000,10,3,250,200,150,150,100,,,,,,,10,100,8,1,200,329,339,329,329
321,3138000,FreeDiamonds,20,,,,,,,,,,,RS12,RS11,RS12,RS11,RS12,239,956,200,200,2,2,2,4,2,1,5,2,2,2,2,2,2,2,4,2,2,1,1,2,2,2,2,2,2,2,3,3,3,2,3,3,2,2,5,1,1,1,5,30,3,5,9,0,99,231,463,46962,832017,500000,145,6,12,846,946,3,3,1080,1080,240,6000,10,3,250,200,150,150,100,,,,,,,10,100,8,1,200,330,340,330,330
322,3149000,FreeDiamonds,20,,,,,,,,,,,RS11,RS12,RS11,RS12,RS11,239,956,200,200,2,2,2,4,2,1,5,2,2,2,2,2,2,2,4,2,2,1,1,2,2,2,2,2,2,2,3,3,3,2,3,3,2,2,5,1,1,1,5,30,3,5,9,0,99,231,463,46962,832017,500000,145,6,12,846,946,3,3,1080,1080,240,6000,10,3,250,200,150,150,100,,,,,,,10,100,8,1,200,331,341,331,331
323,3160000,FreeDiamonds,20,,,,,,,,,,,RS12,RS11,RS12,RS11,RS12,240,960,200,200,2,2,2,4,2,1,5,2,2,2,2,2,2,2,4,2,2,1,1,2,2,2,2,2,2,2,3,3,3,2,3,3,2,2,5,1,1,1,5,30,3,5,9,0,99,231,463,46962,832017,500000,145,6,12,846,946,3,3,1080,1080,240,6000,10,3,250,200,150,150,100,,,,,,,10,100,8,1,200,332,342,332,332
324,3171000,FreeDiamonds,20,,,,,,,,,,,RS11,RS12,RS11,RS12,RS11,240,960,200,200,2,2,2,4,2,1,5,2,2,2,2,2,2,2,4,2,2,1,1,2,2,2,2,2,2,2,3,3,3,2,3,3,2,2,5,1,1,1,5,30,3,5,9,0,99,231,463,46962,832017,500000,145,6,12,846,946,3,3,1080,1080,240,6000,10,3,250,200,150,150,100,,,,,,,10,100,8,1,200,333,343,333,333
325,3182000,FreeDiamonds,20,,,,,,,,,,,RS12,RS11,RS12,RS11,RS12,241,964,200,200,2,2,2,4,2,1,5,2,2,2,2,2,2,2,4,2,2,1,1,2,2,2,2,2,2,2,3,3,3,2,3,3,2,2,5,1,1,1,5,30,3,5,9,0,99,231,463,46962,832017,500000,145,6,12,846,946,3,3,1080,1080,240,6000,10,3,250,200,150,150,100,,,,,,,10,100,8,1,200,334,344,334,334
326,3193000,FreeDiamonds,20,,,,,,,,,,,RS11,RS12,RS11,RS12,RS11,241,964,200,200,2,2,2,4,2,1,5,2,2,2,2,2,2,2,4,2,2,1,1,2,2,2,2,2,2,2,3,3,3,2,3,3,2,2,5,1,1,1,5,30,3,5,9,0,99,231,463,46962,832017,500000,145,6,12,846,946,3,3,1080,1080,240,6000,10,3,250,200,150,150,100,,,,,,,10,100,8,1,200,335,345,335,335
327,3204000,FreeDiamonds,20,,,,,,,,,,,RS12,RS11,RS12,RS11,RS12,242,968,200,200,2,2,2,4,2,1,5,2,2,2,2,2,2,2,4,2,2,1,1,2,2,2,2,2,2,2,3,3,3,2,3,3,2,2,5,1,1,1,5,30,3,5,9,0,99,231,463,46962,832017,500000,145,6,12,846,946,3,3,1080,1080,240,6000,10,3,250,200,150,150,100,,,,,,,10,100,8,1,200,336,346,336,336
328,3215000,FreeDiamonds,20,,,,,,,,,,,RS11,RS12,RS11,RS12,RS11,242,968,200,200,2,2,2,4,2,1,5,2,2,2,2,2,2,2,4,2,2,1,1,2,2,2,2,2,2,2,3,3,3,2,3,3,2,2,5,1,1,1,5,30,3,5,9,0,99,231,463,46962,832017,500000,145,6,12,846,946,3,3,1080,1080,240,6000,10,3,250,200,150,150,100,,,,,,,10,100,8,1,200,337,347,337,337
329,3226000,FreeDiamonds,20,,,,,,,,,,,RS12,RS11,RS12,RS11,RS12,243,972,200,200,2,2,2,4,2,1,5,2,2,2,2,2,2,2,4,2,2,1,1,2,2,2,2,2,2,2,3,3,3,2,3,3,2,2,5,1,1,1,5,30,3,5,9,0,99,231,463,46962,832017,500000,145,6,12,846,946,3,3,1080,1080,240,6000,10,3,250,200,150,150,100,,,,,,,10,100,8,1,200,338,348,338,338
330,3237000,FreeDiamonds,20,,,,,,,,,,,RS11,RS12,RS11,RS12,RS11,243,972,200,200,2,2,2,4,2,1,5,2,2,2,2,2,2,2,4,2,2,1,1,2,2,2,2,2,2,2,3,3,3,2,3,3,2,2,5,1,1,1,5,30,3,5,9,0,99,231,463,46962,832017,500000,145,6,12,846,946,3,3,1080,1080,240,6000,10,3,250,200,150,150,100,,,,,,,10,100,8,1,200,339,349,339,339
331,3248000,FreeDiamonds,20,,,,,,,,,,,RS12,RS11,RS12,RS11,RS12,244,976,200,200,2,2,2,4,2,1,5,2,2,2,2,2,2,2,4,2,2,1,1,2,2,2,2,2,2,2,3,3,3,2,3,3,2,2,5,1,1,1,5,30,3,5,9,0,99,231,463,46962,832017,500000,145,6,12,846,946,3,3,1080,1080,240,6000,10,3,250,200,150,150,100,,,,,,,10,100,8,1,200,340,350,340,340
332,3259000,FreeDiamonds,20,,,,,,,,,,,RS11,RS12,RS11,RS12,RS11,244,976,200,200,2,2,2,4,2,1,5,2,2,2,2,2,2,2,4,2,2,1,1,2,2,2,2,2,2,2,3,3,3,2,3,3,2,2,5,1,1,1,5,30,3,5,9,0,99,231,463,46962,832017,500000,145,6,12,846,946,3,3,1080,1080,240,6000,10,3,250,200,150,150,100,,,,,,,10,100,8,1,200,341,351,341,341
333,3270000,FreeDiamonds,20,,,,,,,,,,,RS12,RS11,RS12,RS11,RS12,245,980,200,200,2,2,2,4,2,1,5,2,2,2,2,2,2,2,4,2,2,1,1,2,2,2,2,2,2,2,3,3,3,2,3,3,2,2,5,1,1,1,5,30,3,5,9,0,99,231,463,46962,832017,500000,145,6,12,846,946,3,3,1080,1080,240,6000,10,3,250,200,150,150,100,,,,,,,10,100,8,1,200,342,352,342,342
334,3281000,FreeDiamonds,20,,,,,,,,,,,RS11,RS12,RS11,RS12,RS11,245,980,200,200,2,2,2,4,2,1,5,2,2,2,2,2,2,2,4,2,2,1,1,2,2,2,2,2,2,2,3,3,3,2,3,3,2,2,5,1,1,1,5,30,3,5,9,0,99,231,463,46962,832017,500000,145,6,12,846,946,3,3,1080,1080,240,6000,10,3,250,200,150,150,100,,,,,,,10,100,8,1,200,343,353,343,343
335,3292000,FreeDiamonds,20,,,,,,,,,,,RS12,RS11,RS12,RS11,RS12,246,984,200,200,2,2,2,4,2,1,5,2,2,2,2,2,2,2,4,2,2,1,1,2,2,2,2,2,2,2,3,3,3,2,3,3,2,2,5,1,1,1,5,30,3,5,9,0,99,231,463,46962,832017,500000,145,6,12,846,946,3,3,1080,1080,240,6000,10,3,250,200,150,150,100,,,,,,,10,100,8,1,200,344,354,344,344
336,3303000,FreeDiamonds,20,,,,,,,,,,,RS11,RS12,RS11,RS12,RS11,246,984,200,200,2,2,2,4,2,1,5,2,2,2,2,2,2,2,4,2,2,1,1,2,2,2,2,2,2,2,3,3,3,2,3,3,2,2,5,1,1,1,5,30,3,5,9,0,99,231,463,46962,832017,500000,145,6,12,846,946,3,3,1080,1080,240,6000,10,3,250,200,150,150,100,,,,,,,10,100,8,1,200,345,355,345,345
337,3314000,FreeDiamonds,20,,,,,,,,,,,RS12,RS11,RS12,RS11,RS12,247,988,200,200,2,2,2,4,2,1,5,2,2,2,2,2,2,2,4,2,2,1,1,2,2,2,2,2,2,2,3,3,3,2,3,3,2,2,5,1,1,1,5,30,3,5,9,0,100,231,463,46962,832017,500000,145,6,12,846,946,3,3,1080,1080,240,6000,10,3,250,200,150,150,100,,,,,,,10,100,8,1,200,346,356,346,346
338,3325000,FreeDiamonds,20,,,,,,,,,,,RS11,RS12,RS11,RS12,RS11,247,988,200,200,2,2,2,4,2,1,5,2,2,2,2,2,2,2,4,2,2,1,1,2,2,2,2,2,2,2,3,3,3,2,3,3,2,2,5,1,1,1,5,30,3,5,9,0,100,231,463,46962,832017,500000,145,6,12,846,946,3,3,1080,1080,240,6000,10,3,250,200,150,150,100,,,,,,,10,100,8,1,200,347,357,347,347
339,3336000,FreeDiamonds,20,,,,,,,,,,,RS12,RS11,RS12,RS11,RS12,248,992,200,200,2,2,2,4,2,1,5,2,2,2,2,2,2,2,4,2,2,1,1,2,2,2,2,2,2,2,3,3,3,2,3,3,2,2,5,1,1,1,5,30,3,5,9,0,100,231,463,46962,832017,500000,145,6,12,846,946,3,3,1080,1080,240,6000,10,3,250,200,150,150,100,,,,,,,10,100,8,1,200,348,358,348,348
340,3347000,FreeDiamonds,20,,,,,,,,,,,RS11,RS12,RS11,RS12,RS11,248,992,200,200,2,2,2,4,2,1,5,2,2,2,2,2,2,2,4,2,2,1,1,2,2,2,2,2,2,2,3,3,3,2,3,3,2,2,5,1,1,1,5,30,3,5,9,0,100,231,463,46962,832017,500000,145,6,12,846,946,3,3,1080,1080,240,6000,10,3,250,200,150,150,100,,,,,,,10,100,8,1,200,349,359,349,349
341,3358000,FreeDiamonds,20,,,,,,,,,,,RS12,RS11,RS12,RS11,RS12,249,996,200,200,2,2,2,4,2,1,5,2,2,2,2,2,2,2,4,2,2,1,1,2,2,2,2,2,2,2,3,3,3,2,3,3,2,2,5,1,1,1,5,30,3,5,9,0,100,231,463,46962,832017,500000,145,6,12,846,946,3,3,1080,1080,240,6000,10,3,250,200,150,150,100,,,,,,,10,100,8,1,200,350,360,350,350
342,3369000,FreeDiamonds,20,,,,,,,,,,,RS11,RS12,RS11,RS12,RS11,249,996,200,200,2,2,2,4,2,1,5,2,2,2,2,2,2,2,4,2,2,1,1,2,2,2,2,2,2,2,3,3,3,2,3,3,2,2,5,1,1,1,5,30,3,5,9,0,100,231,463,46962,832017,500000,145,6,12,846,946,3,3,1080,1080,240,6000,10,3,250,200,150,150,100,,,,,,,10,100,8,1,200,351,361,351,351
343,3380000,FreeDiamonds,20,,,,,,,,,,,RS12,RS11,RS12,RS11,RS12,250,1000,200,200,2,2,2,4,2,1,5,2,2,2,2,2,2,2,4,2,2,1,1,2,2,2,2,2,2,2,3,3,3,2,3,3,2,2,5,1,1,1,5,30,3,5,9,0,98,231,463,46962,832017,500000,145,6,12,846,946,3,3,1080,1080,240,6000,10,3,250,200,150,150,100,,,,,,,10,100,8,1,200,352,362,352,352
344,3391000,FreeDiamonds,20,,,,,,,,,,,RS11,RS12,RS11,RS12,RS11,250,1000,200,200,2,2,2,4,2,1,5,2,2,2,2,2,2,2,4,2,2,1,1,2,2,2,2,2,2,2,3,3,3,2,3,3,2,2,5,1,1,1,5,30,3,5,9,0,98,231,463,46962,832017,500000,145,6,12,846,946,3,3,1080,1080,240,6000,10,3,250,200,150,150,100,,,,,,,10,100,8,1,200,353,363,353,353
345,3402000,FreeDiamonds,20,,,,,,,,,,,RS12,RS11,RS12,RS11,RS12,251,1004,200,200,2,2,2,4,2,1,5,2,2,2,2,2,2,2,4,2,2,1,1,2,2,2,2,2,2,2,3,3,3,2,3,3,2,2,5,1,1,1,5,30,3,5,9,0,98,231,463,46962,832017,500000,145,6,12,846,946,3,3,1080,1080,240,6000,10,3,250,200,150,150,100,,,,,,,10,100,8,1,200,354,364,354,354
346,3413000,FreeDiamonds,20,,,,,,,,,,,RS11,RS12,RS11,RS12,RS11,251,1004,200,200,2,2,2,4,2,1,5,2,2,2,2,2,2,2,4,2,2,1,1,2,2,2,2,2,2,2,3,3,3,2,3,3,2,2,5,1,1,1,5,30,3,5,9,0,98,231,463,46962,832017,500000,145,6,12,846,946,3,3,1080,1080,240,6000,10,3,250,200,150,150,100,,,,,,,10,100,8,1,200,355,365,355,355
347,3424000,FreeDiamonds,20,,,,,,,,,,,RS12,RS11,RS12,RS11,RS12,252,1008,200,200,2,2,2,4,2,1,5,2,2,2,2,2,2,2,4,2,2,1,1,2,2,2,2,2,2,2,3,3,3,2,3,3,2,2,5,1,1,1,5,30,3,5,9,0,98,231,463,46962,832017,500000,145,6,12,846,946,3,3,1080,1080,240,6000,10,3,250,200,150,150,100,,,,,,,10,100,8,1,200,356,366,356,356
348,3435000,FreeDiamonds,20,,,,,,,,,,,RS11,RS12,RS11,RS12,RS11,252,1008,200,200,2,2,2,4,2,1,5,2,2,2,2,2,2,2,4,2,2,1,1,2,2,2,2,2,2,2,3,3,3,2,3,3,2,2,5,1,1,1,5,30,3,5,9,0,98,231,463,46962,832017,500000,145,6,12,846,946,3,3,1080,1080,240,6000,10,3,250,200,150,150,100,,,,,,,10,100,8,1,200,357,367,357,357
349,3446000,FreeDiamonds,20,,,,,,,,,,,RS12,RS11,RS12,RS11,RS12,253,1012,200,200,2,2,2,4,2,1,5,2,2,2,2,2,2,2,4,2,2,1,1,2,2,2,2,2,2,2,3,3,3,2,3,3,2,2,5,1,1,1,5,30,3,5,9,0,98,231,463,46962,832017,500000,145,6,12,846,946,3,3,1080,1080,240,6000,10,3,250,200,150,150,100,,,,,,,10,100,8,1,200,358,368,358,358
350,3457000,FreeDiamonds,50,,,,,,,,,,,RS11,RS12,RS11,RS12,RS11,253,1012,200,200,2,2,2,4,2,1,5,2,2,2,2,2,2,2,4,2,2,1,1,2,2,2,2,2,2,2,3,3,3,2,3,3,2,2,5,1,1,1,5,30,3,5,9,0,98,231,463,46962,832017,500000,145,6,12,846,946,3,3,1080,1080,240,6000,10,3,250,200,150,150,100,,,,,,,10,100,8,1,200,359,369,359,359
351,3468000,FreeDiamonds,20,,,,,,,,,,,RS12,RS11,RS12,RS11,RS12,254,1016,200,200,2,2,2,4,2,1,5,2,2,2,2,2,2,2,4,2,2,1,1,2,2,2,2,2,2,2,3,3,3,2,3,3,2,2,5,1,1,1,5,30,3,5,9,0,98,231,463,46962,832017,500000,145,6,12,846,946,3,3,1080,1080,240,6000,10,3,250,200,150,150,100,,,,,,,10,100,8,1,200,360,370,360,360
352,3479000,FreeDiamonds,20,,,,,,,,,,,RS11,RS12,RS11,RS12,RS11,254,1016,200,200,2,2,2,4,2,1,5,2,2,2,2,2,2,2,4,2,2,1,1,2,2,2,2,2,2,2,3,3,3,2,3,3,2,2,5,1,1,1,5,30,3,5,9,0,98,231,463,46962,832017,500000,145,6,12,846,946,3,3,1080,1080,240,6000,10,3,250,200,150,150,100,,,,,,,10,100,8,1,200,361,371,361,361
353,3490000,FreeDiamonds,20,,,,,,,,,,,RS12,RS11,RS12,RS11,RS12,255,1020,200,200,2,2,2,4,2,1,5,2,2,2,2,2,2,2,4,2,2,1,1,2,2,2,2,2,2,2,3,3,3,2,3,3,2,2,5,1,1,1,5,30,3,5,9,0,98,231,463,46962,832017,500000,145,6,12,846,946,3,3,1080,1080,240,6000,10,3,250,200,150,150,100,,,,,,,10,100,8,1,200,362,372,362,362
354,3501000,FreeDiamonds,20,,,,,,,,,,,RS11,RS12,RS11,RS12,RS11,255,1020,200,200,2,2,2,4,2,1,5,2,2,2,2,2,2,2,4,2,2,1,1,2,2,2,2,2,2,2,3,3,3,2,3,3,2,2,5,1,1,1,5,30,3,5,9,0,98,231,463,46962,832017,500000,145,6,12,846,946,3,3,1080,1080,240,6000,10,3,250,200,150,150,100,,,,,,,10,100,8,1,200,363,373,363,363
355,3512000,FreeDiamonds,20,,,,,,,,,,,RS12,RS11,RS12,RS11,RS12,256,1024,200,200,2,2,2,4,2,1,5,2,2,2,2,2,2,2,4,2,2,1,1,2,2,2,2,2,2,2,3,3,3,2,3,3,2,2,5,1,1,1,5,30,3,5,9,0,98,231,463,46962,832017,500000,145,6,12,846,946,3,3,1080,1080,240,6000,10,3,250,200,150,150,100,,,,,,,10,100,8,1,200,364,374,364,364
356,3523000,FreeDiamonds,20,,,,,,,,,,,RS11,RS12,RS11,RS12,RS11,256,1024,200,200,2,2,2,4,2,1,5,2,2,2,2,2,2,2,4,2,2,1,1,2,2,2,2,2,2,2,3,3,3,2,3,3,2,2,5,1,1,1,5,30,3,5,9,0,98,231,463,46962,832017,500000,145,6,12,846,946,3,3,1080,1080,240,6000,10,3,250,200,150,150,100,,,,,,,10,100,8,1,200,365,375,365,365
357,3534000,FreeDiamonds,20,,,,,,,,,,,RS12,RS11,RS12,RS11,RS12,257,1028,200,200,2,2,2,4,2,1,5,2,2,2,2,2,2,2,4,2,2,1,1,2,2,2,2,2,2,2,3,3,3,2,3,3,2,2,5,1,1,1,5,30,3,5,9,0,98,231,463,46962,832017,500000,145,6,12,846,946,3,3,1080,1080,240,6000,10,3,250,200,150,150,100,,,,,,,10,100,8,1,200,366,376,366,366
358,3545000,FreeDiamonds,20,,,,,,,,,,,RS11,RS12,RS11,RS12,RS11,257,1028,200,200,2,2,2,4,2,1,5,2,2,2,2,2,2,2,4,2,2,1,1,2,2,2,2,2,2,2,3,3,3,2,3,3,2,2,5,1,1,1,5,30,3,5,9,0,98,231,463,46962,832017,500000,145,6,12,846,946,3,3,1080,1080,240,6000,10,3,250,200,150,150,100,,,,,,,10,100,8,1,200,367,377,367,367
359,3556000,FreeDiamonds,20,,,,,,,,,,,RS12,RS11,RS12,RS11,RS12,258,1032,200,200,2,2,2,4,2,1,5,2,2,2,2,2,2,2,4,2,2,1,1,2,2,2,2,2,2,2,3,3,3,2,3,3,2,2,5,1,1,1,5,30,3,5,9,0,98,231,463,46962,832017,500000,145,6,12,846,946,3,3,1080,1080,240,6000,10,3,250,200,150,150,100,,,,,,,10,100,8,1,200,368,378,368,368
360,3567000,FreeDiamonds,20,,,,,,,,,,,RS11,RS12,RS11,RS12,RS11,258,1032,200,200,2,2,2,4,2,1,5,2,2,2,2,2,2,2,4,2,2,1,1,2,2,2,2,2,2,2,3,3,3,2,3,3,2,2,5,1,1,1,5,30,3,5,9,0,98,231,463,46962,832017,500000,145,6,12,846,946,3,3,1080,1080,240,6000,10,3,250,200,150,150,100,,,,,,,10,100,8,1,200,369,379,369,369
361,3578000,FreeDiamonds,20,,,,,,,,,,,RS12,RS11,RS12,RS11,RS12,259,1036,200,200,2,2,2,4,2,1,5,2,2,2,2,2,2,2,4,2,2,1,1,2,2,2,2,2,2,2,3,3,3,2,3,3,2,2,5,1,1,1,5,30,3,5,9,0,98,231,463,46962,832017,500000,145,6,12,846,946,3,3,1080,1080,240,6000,10,3,250,200,150,150,100,,,,,,,10,100,8,1,200,370,380,370,370
362,3589000,FreeDiamonds,20,,,,,,,,,,,RS11,RS12,RS11,RS12,RS11,259,1036,200,200,2,2,2,4,2,1,5,2,2,2,2,2,2,2,4,2,2,1,1,2,2,2,2,2,2,2,3,3,3,2,3,3,2,2,5,1,1,1,5,30,3,5,9,0,98,231,463,46962,832017,500000,145,6,12,846,946,3,3,1080,1080,240,6000,10,3,250,200,150,150,100,,,,,,,10,100,8,1,200,371,381,371,371
363,3600000,FreeDiamonds,20,,,,,,,,,,,RS12,RS11,RS12,RS11,RS12,260,1040,200,200,2,2,2,4,2,1,5,2,2,2,2,2,2,2,4,2,2,1,1,2,2,2,2,2,2,2,3,3,3,2,3,3,2,2,5,1,1,1,5,30,3,5,9,0,98,231,463,46962,832017,500000,145,6,12,846,946,3,3,1080,1080,240,6000,10,3,250,200,150,150,100,,,,,,,10,100,8,1,200,372,382,372,372
364,3611000,FreeDiamonds,20,,,,,,,,,,,RS11,RS12,RS11,RS12,RS11,260,1040,200,200,2,2,2,4,2,1,5,2,2,2,2,2,2,2,4,2,2,1,1,2,2,2,2,2,2,2,3,3,3,2,3,3,2,2,5,1,1,1,5,30,3,5,9,0,98,231,463,46962,832017,500000,145,6,12,846,946,3,3,1080,1080,240,6000,10,3,250,200,150,150,100,,,,,,,10,100,8,1,200,373,383,373,373
365,3622000,FreeDiamonds,20,,,,,,,,,,,RS12,RS11,RS12,RS11,RS12,261,1044,200,200,2,2,2,4,2,1,5,2,2,2,2,2,2,2,4,2,2,1,1,2,2,2,2,2,2,2,3,3,3,2,3,3,2,2,5,1,1,1,5,30,3,5,9,0,98,231,463,46962,832017,500000,145,6,12,846,946,3,3,1080,1080,240,6000,10,3,250,200,150,150,100,,,,,,,10,100,8,1,200,374,384,374,374
366,3633000,FreeDiamonds,20,,,,,,,,,,,RS11,RS12,RS11,RS12,RS11,261,1044,200,200,2,2,2,4,2,1,5,2,2,2,2,2,2,2,4,2,2,1,1,2,2,2,2,2,2,2,3,3,3,2,3,3,2,2,5,1,1,1,5,30,3,5,9,0,98,231,463,46962,832017,500000,145,6,12,846,946,3,3,1080,1080,240,6000,10,3,250,200,150,150,100,,,,,,,10,100,8,1,200,375,385,375,375
367,3644000,FreeDiamonds,20,,,,,,,,,,,RS12,RS11,RS12,RS11,RS12,262,1048,200,200,2,2,2,4,2,1,5,2,2,2,2,2,2,2,4,2,2,1,1,2,2,2,2,2,2,2,3,3,3,2,3,3,2,2,5,1,1,1,5,30,3,5,9,0,98,231,463,46962,832017,500000,145,6,12,846,946,3,3,1080,1080,240,6000,10,3,250,200,150,150,100,,,,,,,10,100,8,1,200,376,386,376,376
368,3655000,FreeDiamonds,20,,,,,,,,,,,RS11,RS12,RS11,RS12,RS11,262,1048,200,200,2,2,2,4,2,1,5,2,2,2,2,2,2,2,4,2,2,1,1,2,2,2,2,2,2,2,3,3,3,2,3,3,2,2,5,1,1,1,5,30,3,5,9,0,99,231,463,46962,832017,500000,145,6,12,846,946,3,3,1080,1080,240,6000,10,3,250,200,150,150,100,,,,,,,10,100,8,1,200,377,387,377,377
369,3666000,FreeDiamonds,20,,,,,,,,,,,RS12,RS11,RS12,RS11,RS12,263,1052,200,200,2,2,2,4,2,1,5,2,2,2,2,2,2,2,4,2,2,1,1,2,2,2,2,2,2,2,3,3,3,2,3,3,2,2,5,1,1,1,5,30,3,5,9,0,99,231,463,46962,832017,500000,145,6,12,846,946,3,3,1080,1080,240,6000,10,3,250,200,150,150,100,,,,,,,10,100,8,1,200,378,388,378,378
370,3677000,FreeDiamonds,20,,,,,,,,,,,RS11,RS12,RS11,RS12,RS11,263,1052,200,200,2,2,2,4,2,1,5,2,2,2,2,2,2,2,4,2,2,1,1,2,2,2,2,2,2,2,3,3,3,2,3,3,2,2,5,1,1,1,5,30,3,5,9,0,99,231,463,46962,832017,500000,145,6,12,846,946,3,3,1080,1080,240,6000,10,3,250,200,150,150,100,,,,,,,10,100,8,1,200,379,389,379,379
371,3688000,FreeDiamonds,20,,,,,,,,,,,RS12,RS11,RS12,RS11,RS12,264,1056,200,200,2,2,2,4,2,1,5,2,2,2,2,2,2,2,4,2,2,1,1,2,2,2,2,2,2,2,3,3,3,2,3,3,2,2,5,1,1,1,5,30,3,5,9,0,99,231,463,46962,832017,500000,145,6,12,846,946,3,3,1080,1080,240,6000,10,3,250,200,150,150,100,,,,,,,10,100,8,1,200,380,390,380,380
372,3699000,FreeDiamonds,20,,,,,,,,,,,RS11,RS12,RS11,RS12,RS11,264,1056,200,200,2,2,2,4,2,1,5,2,2,2,2,2,2,2,4,2,2,1,1,2,2,2,2,2,2,2,3,3,3,2,3,3,2,2,5,1,1,1,5,30,3,5,9,0,99,231,463,46962,832017,500000,145,6,12,846,946,3,3,1080,1080,240,6000,10,3,250,200,150,150,100,,,,,,,10,100,8,1,200,381,391,381,381
373,3710000,FreeDiamonds,20,,,,,,,,,,,RS12,RS11,RS12,RS11,RS12,265,1060,200,200,2,2,2,4,2,1,5,2,2,2,2,2,2,2,4,2,2,1,1,2,2,2,2,2,2,2,3,3,3,2,3,3,2,2,5,1,1,1,5,30,3,5,9,0,99,231,463,46962,832017,500000,145,6,12,846,946,3,3,1080,1080,240,6000,10,3,250,200,150,150,100,,,,,,,10,100,8,1,200,382,392,382,382
374,3721000,FreeDiamonds,20,,,,,,,,,,,RS11,RS12,RS11,RS12,RS11,265,1060,200,200,2,2,2,4,2,1,5,2,2,2,2,2,2,2,4,2,2,1,1,2,2,2,2,2,2,2,3,3,3,2,3,3,2,2,5,1,1,1,5,30,3,5,9,0,99,231,463,46962,832017,500000,145,6,12,846,946,3,3,1080,1080,240,6000,10,3,250,200,150,150,100,,,,,,,10,100,8,1,200,383,393,383,383
375,3732000,FreeDiamonds,20,,,,,,,,,,,RS12,RS11,RS12,RS11,RS12,266,1064,200,200,2,2,2,4,2,1,5,2,2,2,2,2,2,2,4,2,2,1,1,2,2,2,2,2,2,2,3,3,3,2,3,3,2,2,5,1,1,1,5,30,3,5,9,0,99,231,463,46962,832017,500000,145,6,12,846,946,3,3,1080,1080,240,6000,10,3,250,200,150,150,100,,,,,,,10,100,8,1,200,384,394,384,384
376,3743000,FreeDiamonds,20,,,,,,,,,,,RS11,RS12,RS11,RS12,RS11,266,1064,200,200,2,2,2,4,2,1,5,2,2,2,2,2,2,2,4,2,2,1,1,2,2,2,2,2,2,2,3,3,3,2,3,3,2,2,5,1,1,1,5,30,3,5,9,0,99,231,463,46962,832017,500000,145,6,12,846,946,3,3,1080,1080,240,6000,10,3,250,200,150,150,100,,,,,,,10,100,8,1,200,385,395,385,385
377,3754000,FreeDiamonds,20,,,,,,,,,,,RS12,RS11,RS12,RS11,RS12,267,1068,200,200,2,2,2,4,2,1,5,2,2,2,2,2,2,2,4,2,2,1,1,2,2,2,2,2,2,2,3,3,3,2,3,3,2,2,5,1,1,1,5,30,3,5,9,0,99,231,463,46962,832017,500000,145,6,12,846,946,3,3,1080,1080,240,6000,10,3,250,200,150,150,100,,,,,,,10,100,8,1,200,386,396,386,386
378,3765000,FreeDiamonds,20,,,,,,,,,,,RS11,RS12,RS11,RS12,RS11,267,1068,200,200,2,2,2,4,2,1,5,2,2,2,2,2,2,2,4,2,2,1,1,2,2,2,2,2,2,2,3,3,3,2,3,3,2,2,5,1,1,1,5,30,3,5,9,0,99,231,463,46962,832017,500000,145,6,12,846,946,3,3,1080,1080,240,6000,10,3,250,200,150,150,100,,,,,,,10,100,8,1,200,387,397,387,387
379,3776000,FreeDiamonds,20,,,,,,,,,,,RS12,RS11,RS12,RS11,RS12,268,1072,200,200,2,2,2,4,2,1,5,2,2,2,2,2,2,2,4,2,2,1,1,2,2,2,2,2,2,2,3,3,3,2,3,3,2,2,5,1,1,1,5,30,3,5,9,0,99,231,463,46962,832017,500000,145,6,12,846,946,3,3,1080,1080,240,6000,10,3,250,200,150,150,100,,,,,,,10,100,8,1,200,388,398,388,388
380,3787000,FreeDiamonds,20,,,,,,,,,,,RS11,RS12,RS11,RS12,RS11,268,1072,200,200,2,2,2,4,2,1,5,2,2,2,2,2,2,2,4,2,2,1,1,2,2,2,2,2,2,2,3,3,3,2,3,3,2,2,5,1,1,1,5,30,3,5,9,0,99,231,463,46962,832017,500000,145,6,12,846,946,3,3,1080,1080,240,6000,10,3,250,200,150,150,100,,,,,,,10,100,8,1,200,389,399,389,389
381,3798000,FreeDiamonds,20,,,,,,,,,,,RS12,RS11,RS12,RS11,RS12,269,1076,200,200,2,2,2,4,2,1,5,2,2,2,2,2,2,2,4,2,2,1,1,2,2,2,2,2,2,2,3,3,3,2,3,3,2,2,5,1,1,1,5,30,3,5,9,0,99,231,463,46962,832017,500000,145,6,12,846,946,3,3,1080,1080,240,6000,10,3,250,200,150,150,100,,,,,,,10,100,8,1,200,390,400,390,390
382,3809000,FreeDiamonds,20,,,,,,,,,,,RS11,RS12,RS11,RS12,RS11,269,1076,200,200,2,2,2,4,2,1,5,2,2,2,2,2,2,2,4,2,2,1,1,2,2,2,2,2,2,2,3,3,3,2,3,3,2,2,5,1,1,1,5,30,3,5,9,0,99,231,463,46962,832017,500000,145,6,12,846,946,3,3,1080,1080,240,6000,10,3,250,200,150,150,100,,,,,,,10,100,8,1,200,391,401,391,391
383,3820000,FreeDiamonds,20,,,,,,,,,,,RS12,RS11,RS12,RS11,RS12,270,1080,200,200,2,2,2,4,2,1,5,2,2,2,2,2,2,2,4,2,2,1,1,2,2,2,2,2,2,2,3,3,3,2,3,3,2,2,5,1,1,1,5,30,3,5,9,0,99,231,463,46962,832017,500000,145,6,12,846,946,3,3,1080,1080,240,6000,10,3,250,200,150,150,100,,,,,,,10,100,8,1,200,392,402,392,392
384,3831000,FreeDiamonds,20,,,,,,,,,,,RS11,RS12,RS11,RS12,RS11,270,1080,200,200,2,2,2,4,2,1,5,2,2,2,2,2,2,2,4,2,2,1,1,2,2,2,2,2,2,2,3,3,3,2,3,3,2,2,5,1,1,1,5,30,3,5,9,0,99,231,463,46962,832017,500000,145,6,12,846,946,3,3,1080,1080,240,6000,10,3,250,200,150,150,100,,,,,,,10,100,8,1,200,393,403,393,393
385,3842000,FreeDiamonds,20,,,,,,,,,,,RS12,RS11,RS12,RS11,RS12,271,1084,200,200,2,2,2,4,2,1,5,2,2,2,2,2,2,2,4,2,2,1,1,2,2,2,2,2,2,2,3,3,3,2,3,3,2,2,5,1,1,1,5,30,3,5,9,0,99,231,463,46962,832017,500000,145,6,12,846,946,3,3,1080,1080,240,6000,10,3,250,200,150,150,100,,,,,,,10,100,8,1,200,394,404,394,394
386,3853000,FreeDiamonds,20,,,,,,,,,,,RS11,RS12,RS11,RS12,RS11,271,1084,200,200,2,2,2,4,2,1,5,2,2,2,2,2,2,2,4,2,2,1,1,2,2,2,2,2,2,2,3,3,3,2,3,3,2,2,5,1,1,1,5,30,3,5,9,0,99,231,463,46962,832017,500000,145,6,12,846,946,3,3,1080,1080,240,6000,10,3,250,200,150,150,100,,,,,,,10,100,8,1,200,395,405,395,395
387,3864000,FreeDiamonds,20,,,,,,,,,,,RS12,RS11,RS12,RS11,RS12,272,1088,200,200,2,2,2,4,2,1,5,2,2,2,2,2,2,2,4,2,2,1,1,2,2,2,2,2,2,2,3,3,3,2,3,3,2,2,5,1,1,1,5,30,3,5,9,0,99,231,463,46962,832017,500000,145,6,12,846,946,3,3,1080,1080,240,6000,10,3,250,200,150,150,100,,,,,,,10,100,8,1,200,396,406,396,396
388,3875000,FreeDiamonds,20,,,,,,,,,,,RS11,RS12,RS11,RS12,RS11,272,1088,200,200,2,2,2,4,2,1,5,2,2,2,2,2,2,2,4,2,2,1,1,2,2,2,2,2,2,2,3,3,3,2,3,3,2,2,5,1,1,1,5,30,3,5,9,0,99,231,463,46962,832017,500000,145,6,12,846,946,3,3,1080,1080,240,6000,10,3,250,200,150,150,100,,,,,,,10,100,8,1,200,397,407,397,397
389,3886000,FreeDiamonds,20,,,,,,,,,,,RS12,RS11,RS12,RS11,RS12,273,1092,200,200,2,2,2,4,2,1,5,2,2,2,2,2,2,2,4,2,2,1,1,2,2,2,2,2,2,2,3,3,3,2,3,3,2,2,5,1,1,1,5,30,3,5,9,0,99,231,463,46962,832017,500000,145,6,12,846,946,3,3,1080,1080,240,6000,10,3,250,200,150,150,100,,,,,,,10,100,8,1,200,398,408,398,398
390,3897000,FreeDiamonds,20,,,,,,,,,,,RS11,RS12,RS11,RS12,RS11,273,1092,200,200,2,2,2,4,2,1,5,2,2,2,2,2,2,2,4,2,2,1,1,2,2,2,2,2,2,2,3,3,3,2,3,3,2,2,5,1,1,1,5,30,3,5,9,0,99,231,463,46962,832017,500000,145,6,12,846,946,3,3,1080,1080,240,6000,10,3,250,200,150,150,100,,,,,,,10,100,8,1,200,399,409,399,399
391,3908000,FreeDiamonds,20,,,,,,,,,,,RS12,RS11,RS12,RS11,RS12,274,1096,200,200,2,2,2,4,2,1,5,2,2,2,2,2,2,2,4,2,2,1,1,2,2,2,2,2,2,2,3,3,3,2,3,3,2,2,5,1,1,1,5,30,3,5,9,0,99,231,463,46962,832017,500000,145,6,12,846,946,3,3,1080,1080,240,6000,10,3,250,200,150,150,100,,,,,,,10,100,8,1,200,400,410,400,400
392,3919000,FreeDiamonds,20,,,,,,,,,,,RS11,RS12,RS11,RS12,RS11,274,1096,200,200,2,2,2,4,2,1,5,2,2,2,2,2,2,2,4,2,2,1,1,2,2,2,2,2,2,2,3,3,3,2,3,3,2,2,5,1,1,1,5,30,3,5,9,0,99,231,463,46962,832017,500000,145,6,12,846,946,3,3,1080,1080,240,6000,10,3,250,200,150,150,100,,,,,,,10,100,8,1,200,401,411,401,401
393,3930000,FreeDiamonds,20,,,,,,,,,,,RS12,RS11,RS12,RS11,RS12,275,1100,200,200,2,2,2,4,2,1,5,2,2,2,2,2,2,2,4,2,2,1,1,2,2,2,2,2,2,2,3,3,3,2,3,3,2,2,5,1,1,1,5,30,3,5,9,0,99,231,463,46962,832017,500000,145,6,12,846,946,3,3,1080,1080,240,6000,10,3,250,200,150,150,100,,,,,,,10,100,8,1,200,402,412,402,402
394,3941000,FreeDiamonds,20,,,,,,,,,,,RS11,RS12,RS11,RS12,RS11,275,1100,200,200,2,2,2,4,2,1,5,2,2,2,2,2,2,2,4,2,2,1,1,2,2,2,2,2,2,2,3,3,3,2,3,3,2,2,5,1,1,1,5,30,3,5,9,0,100,231,463,46962,832017,500000,145,6,12,846,946,3,3,1080,1080,240,6000,10,3,250,200,150,150,100,,,,,,,10,100,8,1,200,403,413,403,403
395,3952000,FreeDiamonds,20,,,,,,,,,,,RS12,RS11,RS12,RS11,RS12,276,1104,200,200,2,2,2,4,2,1,5,2,2,2,2,2,2,2,4,2,2,1,1,2,2,2,2,2,2,2,3,3,3,2,3,3,2,2,5,1,1,1,5,30,3,5,9,0,100,231,463,46962,832017,500000,145,6,12,846,946,3,3,1080,1080,240,6000,10,3,250,200,150,150,100,,,,,,,10,100,8,1,200,404,414,404,404
396,3963000,FreeDiamonds,20,,,,,,,,,,,RS11,RS12,RS11,RS12,RS11,276,1104,200,200,2,2,2,4,2,1,5,2,2,2,2,2,2,2,4,2,2,1,1,2,2,2,2,2,2,2,3,3,3,2,3,3,2,2,5,1,1,1,5,30,3,5,9,0,100,231,463,46962,832017,500000,145,6,12,846,946,3,3,1080,1080,240,6000,10,3,250,200,150,150,100,,,,,,,10,100,8,1,200,405,415,405,405
397,3974000,FreeDiamonds,20,,,,,,,,,,,RS12,RS11,RS12,RS11,RS12,277,1108,200,200,2,2,2,4,2,1,5,2,2,2,2,2,2,2,4,2,2,1,1,2,2,2,2,2,2,2,3,3,3,2,3,3,2,2,5,1,1,1,5,30,3,5,9,0,100,231,463,46962,832017,500000,145,6,12,846,946,3,3,1080,1080,240,6000,10,3,250,200,150,150,100,,,,,,,10,100,8,1,200,406,416,406,406
398,3985000,FreeDiamonds,20,,,,,,,,,,,RS11,RS12,RS11,RS12,RS11,277,1108,200,200,2,2,2,4,2,1,5,2,2,2,2,2,2,2,4,2,2,1,1,2,2,2,2,2,2,2,3,3,3,2,3,3,2,2,5,1,1,1,5,30,3,5,9,0,100,231,463,46962,832017,500000,145,6,12,846,946,3,3,1080,1080,240,6000,10,3,250,200,150,150,100,,,,,,,10,100,8,1,200,407,417,407,407
399,3996000,FreeDiamonds,20,,,,,,,,,,,RS12,RS11,RS12,RS11,RS12,278,1112,200,200,2,2,2,4,2,1,5,2,2,2,2,2,2,2,4,2,2,1,1,2,2,2,2,2,2,2,3,3,3,2,3,3,2,2,5,1,1,1,5,30,3,5,9,0,100,231,463,46962,832017,500000,145,6,12,846,946,3,3,1080,1080,240,6000,10,3,250,200,150,150,100,,,,,,,10,100,8,1,200,408,418,408,408
400,4007000,FreeDiamonds,300,,,,,,,,,,,RS11,RS12,RS11,RS12,RS11,278,1112,200,200,2,2,2,4,2,1,5,2,2,2,2,2,2,2,4,2,2,1,1,2,2,2,2,2,2,2,3,3,3,2,3,3,2,2,5,1,1,1,5,30,3,5,9,0,100,231,463,46962,832017,500000,145,6,12,846,946,3,3,1080,1080,240,6000,10,3,250,200,150,150,100,,,,,,,10,100,8,1,200,409,419,409,409
401,4018000,FreeDiamonds,20,,,,,,,,,,,RS12,RS11,RS12,RS11,RS12,279,1116,200,200,2,2,2,4,2,1,5,2,2,2,2,2,2,2,4,2,2,1,1,2,2,2,2,2,2,2,3,3,3,2,3,3,2,2,5,1,1,1,5,30,3,5,9,0,98,231,463,46962,832017,500000,145,6,12,846,946,3,3,1080,1080,240,6000,10,3,250,200,150,150,100,,,,,,,10,100,8,1,200,410,420,410,410
402,4029000,FreeDiamonds,20,,,,,,,,,,,RS11,RS12,RS11,RS12,RS11,279,1116,200,200,2,2,2,4,2,1,5,2,2,2,2,2,2,2,4,2,2,1,1,2,2,2,2,2,2,2,3,3,3,2,3,3,2,2,5,1,1,1,5,30,3,5,9,0,98,231,463,46962,832017,500000,145,6,12,846,946,3,3,1080,1080,240,6000,10,3,250,200,150,150,100,,,,,,,10,100,8,1,200,411,421,411,411
403,4040000,FreeDiamonds,20,,,,,,,,,,,RS12,RS11,RS12,RS11,RS12,280,1120,200,200,2,2,2,4,2,1,5,2,2,2,2,2,2,2,4,2,2,1,1,2,2,2,2,2,2,2,3,3,3,2,3,3,2,2,5,1,1,1,5,30,3,5,9,0,98,231,463,46962,832017,500000,145,6,12,846,946,3,3,1080,1080,240,6000,10,3,250,200,150,150,100,,,,,,,10,100,8,1,200,412,422,412,412
404,4051000,FreeDiamonds,20,,,,,,,,,,,RS11,RS12,RS11,RS12,RS11,280,1120,200,200,2,2,2,4,2,1,5,2,2,2,2,2,2,2,4,2,2,1,1,2,2,2,2,2,2,2,3,3,3,2,3,3,2,2,5,1,1,1,5,30,3,5,9,0,98,231,463,46962,832017,500000,145,6,12,846,946,3,3,1080,1080,240,6000,10,3,250,200,150,150,100,,,,,,,10,100,8,1,200,413,423,413,413
405,4062000,FreeDiamonds,20,,,,,,,,,,,RS12,RS11,RS12,RS11,RS12,281,1124,200,200,2,2,2,4,2,1,5,2,2,2,2,2,2,2,4,2,2,1,1,2,2,2,2,2,2,2,3,3,3,2,3,3,2,2,5,1,1,1,5,30,3,5,9,0,98,231,463,46962,832017,500000,145,6,12,846,946,3,3,1080,1080,240,6000,10,3,250,200,150,150,100,,,,,,,10,100,8,1,200,414,424,414,414
406,4073000,FreeDiamonds,20,,,,,,,,,,,RS11,RS12,RS11,RS12,RS11,281,1124,200,200,2,2,2,4,2,1,5,2,2,2,2,2,2,2,4,2,2,1,1,2,2,2,2,2,2,2,3,3,3,2,3,3,2,2,5,1,1,1,5,30,3,5,9,0,98,231,463,46962,832017,500000,145,6,12,846,946,3,3,1080,1080,240,6000,10,3,250,200,150,150,100,,,,,,,10,100,8,1,200,415,425,415,415
407,4084000,FreeDiamonds,20,,,,,,,,,,,RS12,RS11,RS12,RS11,RS12,282,1128,200,200,2,2,2,4,2,1,5,2,2,2,2,2,2,2,4,2,2,1,1,2,2,2,2,2,2,2,3,3,3,2,3,3,2,2,5,1,1,1,5,30,3,5,9,0,98,231,463,46962,832017,500000,145,6,12,846,946,3,3,1080,1080,240,6000,10,3,250,200,150,150,100,,,,,,,10,100,8,1,200,416,426,416,416
408,4095000,FreeDiamonds,20,,,,,,,,,,,RS11,RS12,RS11,RS12,RS11,282,1128,200,200,2,2,2,4,2,1,5,2,2,2,2,2,2,2,4,2,2,1,1,2,2,2,2,2,2,2,3,3,3,2,3,3,2,2,5,1,1,1,5,30,3,5,9,0,98,231,463,46962,832017,500000,145,6,12,846,946,3,3,1080,1080,240,6000,10,3,250,200,150,150,100,,,,,,,10,100,8,1,200,417,427,417,417
409,4106000,FreeDiamonds,20,,,,,,,,,,,RS12,RS11,RS12,RS11,RS12,283,1132,200,200,2,2,2,4,2,1,5,2,2,2,2,2,2,2,4,2,2,1,1,2,2,2,2,2,2,2,3,3,3,2,3,3,2,2,5,1,1,1,5,30,3,5,9,0,98,231,463,46962,832017,500000,145,6,12,846,946,3,3,1080,1080,240,6000,10,3,250,200,150,150,100,,,,,,,10,100,8,1,200,418,428,418,418
410,4117000,FreeDiamonds,20,,,,,,,,,,,RS11,RS12,RS11,RS12,RS11,283,1132,200,200,2,2,2,4,2,1,5,2,2,2,2,2,2,2,4,2,2,1,1,2,2,2,2,2,2,2,3,3,3,2,3,3,2,2,5,1,1,1,5,30,3,5,9,0,98,231,463,46962,832017,500000,145,6,12,846,946,3,3,1080,1080,240,6000,10,3,250,200,150,150,100,,,,,,,10,100,8,1,200,419,429,419,419
411,4128000,FreeDiamonds,20,,,,,,,,,,,RS12,RS11,RS12,RS11,RS12,284,1136,200,200,2,2,2,4,2,1,5,2,2,2,2,2,2,2,4,2,2,1,1,2,2,2,2,2,2,2,3,3,3,2,3,3,2,2,5,1,1,1,5,30,3,5,9,0,99,231,463,46962,832017,500000,145,6,12,846,946,3,3,1080,1080,240,6000,10,3,250,200,150,150,100,,,,,,,10,100,8,1,200,420,430,420,420
412,4139000,FreeDiamonds,20,,,,,,,,,,,RS11,RS12,RS11,RS12,RS11,284,1136,200,200,2,2,2,4,2,1,5,2,2,2,2,2,2,2,4,2,2,1,1,2,2,2,2,2,2,2,3,3,3,2,3,3,2,2,5,1,1,1,5,30,3,5,9,0,99,231,463,46962,832017,500000,145,6,12,846,946,3,3,1080,1080,240,6000,10,3,250,200,150,150,100,,,,,,,10,100,8,1,200,421,431,421,421
413,4150000,FreeDiamonds,20,,,,,,,,,,,RS12,RS11,RS12,RS11,RS12,285,1140,200,200,2,2,2,4,2,1,5,2,2,2,2,2,2,2,4,2,2,1,1,2,2,2,2,2,2,2,3,3,3,2,3,3,2,2,5,1,1,1,5,30,3,5,9,0,99,231,463,46962,832017,500000,145,6,12,846,946,3,3,1080,1080,240,6000,10,3,250,200,150,150,100,,,,,,,10,100,8,1,200,422,432,422,422
414,4161000,FreeDiamonds,20,,,,,,,,,,,RS11,RS12,RS11,RS12,RS11,285,1140,200,200,2,2,2,4,2,1,5,2,2,2,2,2,2,2,4,2,2,1,1,2,2,2,2,2,2,2,3,3,3,2,3,3,2,2,5,1,1,1,5,30,3,5,9,0,99,231,463,46962,832017,500000,145,6,12,846,946,3,3,1080,1080,240,6000,10,3,250,200,150,150,100,,,,,,,10,100,8,1,200,423,433,423,423
415,4172000,FreeDiamonds,20,,,,,,,,,,,RS12,RS11,RS12,RS11,RS12,286,1144,200,200,2,2,2,4,2,1,5,2,2,2,2,2,2,2,4,2,2,1,1,2,2,2,2,2,2,2,3,3,3,2,3,3,2,2,5,1,1,1,5,30,3,5,9,0,99,231,463,46962,832017,500000,145,6,12,846,946,3,3,1080,1080,240,6000,10,3,250,200,150,150,100,,,,,,,10,100,8,1,200,424,434,424,424
416,4183000,FreeDiamonds,20,,,,,,,,,,,RS11,RS12,RS11,RS12,RS11,286,1144,200,200,2,2,2,4,2,1,5,2,2,2,2,2,2,2,4,2,2,1,1,2,2,2,2,2,2,2,3,3,3,2,3,3,2,2,5,1,1,1,5,30,3,5,9,0,99,231,463,46962,832017,500000,145,6,12,846,946,3,3,1080,1080,240,6000,10,3,250,200,150,150,100,,,,,,,10,100,8,1,200,425,435,425,425
417,4194000,FreeDiamonds,20,,,,,,,,,,,RS12,RS11,RS12,RS11,RS12,287,1148,200,200,2,2,2,4,2,1,5,2,2,2,2,2,2,2,4,2,2,1,1,2,2,2,2,2,2,2,3,3,3,2,3,3,2,2,5,1,1,1,5,30,3,5,9,0,99,231,463,46962,832017,500000,145,6,12,846,946,3,3,1080,1080,240,6000,10,3,250,200,150,150,100,,,,,,,10,100,8,1,200,426,436,426,426
418,4205000,FreeDiamonds,20,,,,,,,,,,,RS11,RS12,RS11,RS12,RS11,287,1148,200,200,2,2,2,4,2,1,5,2,2,2,2,2,2,2,4,2,2,1,1,2,2,2,2,2,2,2,3,3,3,2,3,3,2,2,5,1,1,1,5,30,3,5,9,0,99,231,463,46962,832017,500000,145,6,12,846,946,3,3,1080,1080,240,6000,10,3,250,200,150,150,100,,,,,,,10,100,8,1,200,427,437,427,427
419,4216000,FreeDiamonds,20,,,,,,,,,,,RS12,RS11,RS12,RS11,RS12,288,1152,200,200,2,2,2,4,2,1,5,2,2,2,2,2,2,2,4,2,2,1,1,2,2,2,2,2,2,2,3,3,3,2,3,3,2,2,5,1,1,1,5,30,3,5,9,0,99,231,463,46962,832017,500000,145,6,12,846,946,3,3,1080,1080,240,6000,10,3,250,200,150,150,100,,,,,,,10,100,8,1,200,428,438,428,428
420,4227000,FreeDiamonds,20,,,,,,,,,,,RS11,RS12,RS11,RS12,RS11,288,1152,200,200,2,2,2,4,2,1,5,2,2,2,2,2,2,2,4,2,2,1,1,2,2,2,2,2,2,2,3,3,3,2,3,3,2,2,5,1,1,1,5,30,3,5,9,0,99,231,463,46962,832017,500000,145,6,12,846,946,3,3,1080,1080,240,6000,10,3,250,200,150,150,100,,,,,,,10,100,8,1,200,429,439,429,429
421,4238000,FreeDiamonds,20,,,,,,,,,,,RS12,RS11,RS12,RS11,RS12,289,1156,200,200,2,2,2,4,2,1,5,2,2,2,2,2,2,2,4,2,2,1,1,2,2,2,2,2,2,2,3,3,3,2,3,3,2,2,5,1,1,1,5,30,3,5,9,0,99,231,463,46962,832017,500000,145,6,12,846,946,3,3,1080,1080,240,6000,10,3,250,200,150,150,100,,,,,,,10,100,8,1,200,430,440,430,430
422,4249000,FreeDiamonds,20,,,,,,,,,,,RS11,RS12,RS11,RS12,RS11,289,1156,200,200,2,2,2,4,2,1,5,2,2,2,2,2,2,2,4,2,2,1,1,2,2,2,2,2,2,2,3,3,3,2,3,3,2,2,5,1,1,1,5,30,3,5,9,0,99,231,463,46962,832017,500000,145,6,12,846,946,3,3,1080,1080,240,6000,10,3,250,200,150,150,100,,,,,,,10,100,8,1,200,431,441,431,431
423,4260000,FreeDiamonds,20,,,,,,,,,,,RS12,RS11,RS12,RS11,RS12,290,1160,200,200,2,2,2,4,2,1,5,2,2,2,2,2,2,2,4,2,2,1,1,2,2,2,2,2,2,2,3,3,3,2,3,3,2,2,5,1,1,1,5,30,3,5,9,0,99,231,463,46962,832017,500000,145,6,12,846,946,3,3,1080,1080,240,6000,10,3,250,200,150,150,100,,,,,,,10,100,8,1,200,432,442,432,432
424,4271000,FreeDiamonds,20,,,,,,,,,,,RS11,RS12,RS11,RS12,RS11,290,1160,200,200,2,2,2,4,2,1,5,2,2,2,2,2,2,2,4,2,2,1,1,2,2,2,2,2,2,2,3,3,3,2,3,3,2,2,5,1,1,1,5,30,3,5,9,0,99,231,463,46962,832017,500000,145,6,12,846,946,3,3,1080,1080,240,6000,10,3,250,200,150,150,100,,,,,,,10,100,8,1,200,433,443,433,433
425,4282000,FreeDiamonds,20,,,,,,,,,,,RS12,RS11,RS12,RS11,RS12,291,1164,200,200,2,2,2,4,2,1,5,2,2,2,2,2,2,2,4,2,2,1,1,2,2,2,2,2,2,2,3,3,3,2,3,3,2,2,5,1,1,1,5,30,3,5,9,0,99,231,463,46962,832017,500000,145,6,12,846,946,3,3,1080,1080,240,6000,10,3,250,200,150,150,100,,,,,,,10,100,8,1,200,434,444,434,434
426,4293000,FreeDiamonds,20,,,,,,,,,,,RS11,RS12,RS11,RS12,RS11,291,1164,200,200,2,2,2,4,2,1,5,2,2,2,2,2,2,2,4,2,2,1,1,2,2,2,2,2,2,2,3,3,3,2,3,3,2,2,5,1,1,1,5,30,3,5,9,0,99,231,463,46962,832017,500000,145,6,12,846,946,3,3,1080,1080,240,6000,10,3,250,200,150,150,100,,,,,,,10,100,8,1,200,435,445,435,435
427,4304000,FreeDiamonds,20,,,,,,,,,,,RS12,RS11,RS12,RS11,RS12,292,1168,200,200,2,2,2,4,2,1,5,2,2,2,2,2,2,2,4,2,2,1,1,2,2,2,2,2,2,2,3,3,3,2,3,3,2,2,5,1,1,1,5,30,3,5,9,0,99,231,463,46962,832017,500000,145,6,12,846,946,3,3,1080,1080,240,6000,10,3,250,200,150,150,100,,,,,,,10,100,8,1,200,436,446,436,436
428,4315000,FreeDiamonds,20,,,,,,,,,,,RS11,RS12,RS11,RS12,RS11,292,1168,200,200,2,2,2,4,2,1,5,2,2,2,2,2,2,2,4,2,2,1,1,2,2,2,2,2,2,2,3,3,3,2,3,3,2,2,5,1,1,1,5,30,3,5,9,0,99,231,463,46962,832017,500000,145,6,12,846,946,3,3,1080,1080,240,6000,10,3,250,200,150,150,100,,,,,,,10,100,8,1,200,437,447,437,437
429,4326000,FreeDiamonds,20,,,,,,,,,,,RS12,RS11,RS12,RS11,RS12,293,1172,200,200,2,2,2,4,2,1,5,2,2,2,2,2,2,2,4,2,2,1,1,2,2,2,2,2,2,2,3,3,3,2,3,3,2,2,5,1,1,1,5,30,3,5,9,0,99,231,463,46962,832017,500000,145,6,12,846,946,3,3,1080,1080,240,6000,10,3,250,200,150,150,100,,,,,,,10,100,8,1,200,438,448,438,438
430,4337000,FreeDiamonds,20,,,,,,,,,,,RS11,RS12,RS11,RS12,RS11,293,1172,200,200,2,2,2,4,2,1,5,2,2,2,2,2,2,2,4,2,2,1,1,2,2,2,2,2,2,2,3,3,3,2,3,3,2,2,5,1,1,1,5,30,3,5,9,0,99,231,463,46962,832017,500000,145,6,12,846,946,3,3,1080,1080,240,6000,10,3,250,200,150,150,100,,,,,,,10,100,8,1,200,439,449,439,439
431,4348000,FreeDiamonds,20,,,,,,,,,,,RS12,RS11,RS12,RS11,RS12,294,1176,200,200,2,2,2,4,2,1,5,2,2,2,2,2,2,2,4,2,2,1,1,2,2,2,2,2,2,2,3,3,3,2,3,3,2,2,5,1,1,1,5,30,3,5,9,0,99,231,463,46962,832017,500000,145,6,12,846,946,3,3,1080,1080,240,6000,10,3,250,200,150,150,100,,,,,,,10,100,8,1,200,440,450,440,440
432,4359000,FreeDiamonds,20,,,,,,,,,,,RS11,RS12,RS11,RS12,RS11,294,1176,200,200,2,2,2,4,2,1,5,2,2,2,2,2,2,2,4,2,2,1,1,2,2,2,2,2,2,2,3,3,3,2,3,3,2,2,5,1,1,1,5,30,3,5,9,0,99,231,463,46962,832017,500000,145,6,12,846,946,3,3,1080,1080,240,6000,10,3,250,200,150,150,100,,,,,,,10,100,8,1,200,441,451,441,441
433,4370000,FreeDiamonds,20,,,,,,,,,,,RS12,RS11,RS12,RS11,RS12,295,1180,200,200,2,2,2,4,2,1,5,2,2,2,2,2,2,2,4,2,2,1,1,2,2,2,2,2,2,2,3,3,3,2,3,3,2,2,5,1,1,1,5,30,3,5,9,0,99,231,463,46962,832017,500000,145,6,12,846,946,3,3,1080,1080,240,6000,10,3,250,200,150,150,100,,,,,,,10,100,8,1,200,442,452,442,442
434,4381000,FreeDiamonds,20,,,,,,,,,,,RS11,RS12,RS11,RS12,RS11,295,1180,200,200,2,2,2,4,2,1,5,2,2,2,2,2,2,2,4,2,2,1,1,2,2,2,2,2,2,2,3,3,3,2,3,3,2,2,5,1,1,1,5,30,3,5,9,0,99,231,463,46962,832017,500000,145,6,12,846,946,3,3,1080,1080,240,6000,10,3,250,200,150,150,100,,,,,,,10,100,8,1,200,443,453,443,443
435,4392000,FreeDiamonds,20,,,,,,,,,,,RS12,RS11,RS12,RS11,RS12,296,1184,200,200,2,2,2,4,2,1,5,2,2,2,2,2,2,2,4,2,2,1,1,2,2,2,2,2,2,2,3,3,3,2,3,3,2,2,5,1,1,1,5,30,3,5,9,0,99,231,463,46962,832017,500000,145,6,12,846,946,3,3,1080,1080,240,6000,10,3,250,200,150,150,100,,,,,,,10,100,8,1,200,444,454,444,444
436,4403000,FreeDiamonds,20,,,,,,,,,,,RS11,RS12,RS11,RS12,RS11,296,1184,200,200,2,2,2,4,2,1,5,2,2,2,2,2,2,2,4,2,2,1,1,2,2,2,2,2,2,2,3,3,3,2,3,3,2,2,5,1,1,1,5,30,3,5,9,0,99,231,463,46962,832017,500000,145,6,12,846,946,3,3,1080,1080,240,6000,10,3,250,200,150,150,100,,,,,,,10,100,8,1,200,445,455,445,445
437,4414000,FreeDiamonds,20,,,,,,,,,,,RS12,RS11,RS12,RS11,RS12,297,1188,200,200,2,2,2,4,2,1,5,2,2,2,2,2,2,2,4,2,2,1,1,2,2,2,2,2,2,2,3,3,3,2,3,3,2,2,5,1,1,1,5,30,3,5,9,0,100,231,463,46962,832017,500000,145,6,12,846,946,3,3,1080,1080,240,6000,10,3,250,200,150,150,100,,,,,,,10,100,8,1,200,446,456,446,446
438,4425000,FreeDiamonds,20,,,,,,,,,,,RS11,RS12,RS11,RS12,RS11,297,1188,200,200,2,2,2,4,2,1,5,2,2,2,2,2,2,2,4,2,2,1,1,2,2,2,2,2,2,2,3,3,3,2,3,3,2,2,5,1,1,1,5,30,3,5,9,0,100,231,463,46962,832017,500000,145,6,12,846,946,3,3,1080,1080,240,6000,10,3,250,200,150,150,100,,,,,,,10,100,8,1,200,447,457,447,447
439,4436000,FreeDiamonds,20,,,,,,,,,,,RS12,RS11,RS12,RS11,RS12,298,1192,200,200,2,2,2,4,2,1,5,2,2,2,2,2,2,2,4,2,2,1,1,2,2,2,2,2,2,2,3,3,3,2,3,3,2,2,5,1,1,1,5,30,3,5,9,0,100,231,463,46962,832017,500000,145,6,12,846,946,3,3,1080,1080,240,6000,10,3,250,200,150,150,100,,,,,,,10,100,8,1,200,448,458,448,448
440,4447000,FreeDiamonds,20,,,,,,,,,,,RS11,RS12,RS11,RS12,RS11,298,1192,200,200,2,2,2,4,2,1,5,2,2,2,2,2,2,2,4,2,2,1,1,2,2,2,2,2,2,2,3,3,3,2,3,3,2,2,5,1,1,1,5,30,3,5,9,0,100,231,463,46962,832017,500000,145,6,12,846,946,3,3,1080,1080,240,6000,10,3,250,200,150,150,100,,,,,,,10,100,8,1,200,449,459,449,449
441,4458000,FreeDiamonds,20,,,,,,,,,,,RS12,RS11,RS12,RS11,RS12,299,1196,200,200,2,2,2,4,2,1,5,2,2,2,2,2,2,2,4,2,2,1,1,2,2,2,2,2,2,2,3,3,3,2,3,3,2,2,5,1,1,1,5,30,3,5,9,0,100,231,463,46962,832017,500000,145,6,12,846,946,3,3,1080,1080,240,6000,10,3,250,200,150,150,100,,,,,,,10,100,8,1,200,450,460,450,450
442,4469000,FreeDiamonds,20,,,,,,,,,,,RS11,RS12,RS11,RS12,RS11,299,1196,200,200,2,2,2,4,2,1,5,2,2,2,2,2,2,2,4,2,2,1,1,2,2,2,2,2,2,2,3,3,3,2,3,3,2,2,5,1,1,1,5,30,3,5,9,0,100,231,463,46962,832017,500000,145,6,12,846,946,3,3,1080,1080,240,6000,10,3,250,200,150,150,100,,,,,,,10,100,8,1,200,451,461,451,451
443,4480000,FreeDiamonds,20,,,,,,,,,,,RS12,RS11,RS12,RS11,RS12,300,1200,200,200,2,2,2,4,2,1,5,2,2,2,2,2,2,2,4,2,2,1,1,2,2,2,2,2,2,2,3,3,3,2,3,3,2,2,5,1,1,1,5,30,3,5,9,0,98,231,463,46962,832017,500000,145,6,12,846,946,3,3,1080,1080,240,6000,10,3,250,200,150,150,100,,,,,,,10,100,8,1,200,452,462,452,452
444,4491000,FreeDiamonds,20,,,,,,,,,,,RS11,RS12,RS11,RS12,RS11,300,1200,200,200,2,2,2,4,2,1,5,2,2,2,2,2,2,2,4,2,2,1,1,2,2,2,2,2,2,2,3,3,3,2,3,3,2,2,5,1,1,1,5,30,3,5,9,0,98,231,463,46962,832017,500000,145,6,12,846,946,3,3,1080,1080,240,6000,10,3,250,200,150,150,100,,,,,,,10,100,8,1,200,453,463,453,453
445,4502000,FreeDiamonds,20,,,,,,,,,,,RS12,RS11,RS12,RS11,RS12,301,1204,200,200,2,2,2,4,2,1,5,2,2,2,2,2,2,2,4,2,2,1,1,2,2,2,2,2,2,2,3,3,3,2,3,3,2,2,5,1,1,1,5,30,3,5,9,0,98,231,463,46962,832017,500000,145,6,12,846,946,3,3,1080,1080,240,6000,10,3,250,200,150,150,100,,,,,,,10,100,8,1,200,454,464,454,454
446,4513000,FreeDiamonds,20,,,,,,,,,,,RS11,RS12,RS11,RS12,RS11,301,1204,200,200,2,2,2,4,2,1,5,2,2,2,2,2,2,2,4,2,2,1,1,2,2,2,2,2,2,2,3,3,3,2,3,3,2,2,5,1,1,1,5,30,3,5,9,0,98,231,463,46962,832017,500000,145,6,12,846,946,3,3,1080,1080,240,6000,10,3,250,200,150,150,100,,,,,,,10,100,8,1,200,455,465,455,455
447,4524000,FreeDiamonds,20,,,,,,,,,,,RS12,RS11,RS12,RS11,RS12,302,1208,200,200,2,2,2,4,2,1,5,2,2,2,2,2,2,2,4,2,2,1,1,2,2,2,2,2,2,2,3,3,3,2,3,3,2,2,5,1,1,1,5,30,3,5,9,0,98,231,463,46962,832017,500000,145,6,12,846,946,3,3,1080,1080,240,6000,10,3,250,200,150,150,100,,,,,,,10,100,8,1,200,456,466,456,456
448,4535000,FreeDiamonds,20,,,,,,,,,,,RS11,RS12,RS11,RS12,RS11,302,1208,200,200,2,2,2,4,2,1,5,2,2,2,2,2,2,2,4,2,2,1,1,2,2,2,2,2,2,2,3,3,3,2,3,3,2,2,5,1,1,1,5,30,3,5,9,0,98,231,463,46962,832017,500000,145,6,12,846,946,3,3,1080,1080,240,6000,10,3,250,200,150,150,100,,,,,,,10,100,8,1,200,457,467,457,457
449,4546000,FreeDiamonds,20,,,,,,,,,,,RS12,RS11,RS12,RS11,RS12,303,1212,200,200,2,2,2,4,2,1,5,2,2,2,2,2,2,2,4,2,2,1,1,2,2,2,2,2,2,2,3,3,3,2,3,3,2,2,5,1,1,1,5,30,3,5,9,0,98,231,463,46962,832017,500000,145,6,12,846,946,3,3,1080,1080,240,6000,10,3,250,200,150,150,100,,,,,,,10,100,8,1,200,458,468,458,458
450,4557000,FreeDiamonds,50,,,,,,,,,,,RS11,RS12,RS11,RS12,RS11,303,1212,200,200,2,2,2,4,2,1,5,2,2,2,2,2,2,2,4,2,2,1,1,2,2,2,2,2,2,2,3,3,3,2,3,3,2,2,5,1,1,1,5,30,3,5,9,0,98,231,463,46962,832017,500000,145,6,12,846,946,3,3,1080,1080,240,6000,10,3,250,200,150,150,100,,,,,,,10,100,8,1,200,459,469,459,459
451,4568000,FreeDiamonds,20,,,,,,,,,,,RS12,RS11,RS12,RS11,RS12,304,1216,200,200,2,2,2,4,2,1,5,2,2,2,2,2,2,2,4,2,2,1,1,2,2,2,2,2,2,2,3,3,3,2,3,3,2,2,5,1,1,1,5,30,3,5,9,0,98,231,463,46962,832017,500000,145,6,12,846,946,3,3,1080,1080,240,6000,10,3,250,200,150,150,100,,,,,,,10,100,8,1,200,460,470,460,460
452,4579000,FreeDiamonds,20,,,,,,,,,,,RS11,RS12,RS11,RS12,RS11,304,1216,200,200,2,2,2,4,2,1,5,2,2,2,2,2,2,2,4,2,2,1,1,2,2,2,2,2,2,2,3,3,3,2,3,3,2,2,5,1,1,1,5,30,3,5,9,0,98,231,463,46962,832017,500000,145,6,12,846,946,3,3,1080,1080,240,6000,10,3,250,200,150,150,100,,,,,,,10,100,8,1,200,461,471,461,461
453,4590000,FreeDiamonds,20,,,,,,,,,,,RS12,RS11,RS12,RS11,RS12,305,1220,200,200,2,2,2,4,2,1,5,2,2,2,2,2,2,2,4,2,2,1,1,2,2,2,2,2,2,2,3,3,3,2,3,3,2,2,5,1,1,1,5,30,3,5,9,0,98,231,463,46962,832017,500000,145,6,12,846,946,3,3,1080,1080,240,6000,10,3,250,200,150,150,100,,,,,,,10,100,8,1,200,462,472,462,462
454,4601000,FreeDiamonds,20,,,,,,,,,,,RS11,RS12,RS11,RS12,RS11,305,1220,200,200,2,2,2,4,2,1,5,2,2,2,2,2,2,2,4,2,2,1,1,2,2,2,2,2,2,2,3,3,3,2,3,3,2,2,5,1,1,1,5,30,3,5,9,0,98,231,463,46962,832017,500000,145,6,12,846,946,3,3,1080,1080,240,6000,10,3,250,200,150,150,100,,,,,,,10,100,8,1,200,463,473,463,463
455,4612000,FreeDiamonds,20,,,,,,,,,,,RS12,RS11,RS12,RS11,RS12,306,1224,200,200,2,2,2,4,2,1,5,2,2,2,2,2,2,2,4,2,2,1,1,2,2,2,2,2,2,2,3,3,3,2,3,3,2,2,5,1,1,1,5,30,3,5,9,0,98,231,463,46962,832017,500000,145,6,12,846,946,3,3,1080,1080,240,6000,10,3,250,200,150,150,100,,,,,,,10,100,8,1,200,464,474,464,464
456,4623000,FreeDiamonds,20,,,,,,,,,,,RS11,RS12,RS11,RS12,RS11,306,1224,200,200,2,2,2,4,2,1,5,2,2,2,2,2,2,2,4,2,2,1,1,2,2,2,2,2,2,2,3,3,3,2,3,3,2,2,5,1,1,1,5,30,3,5,9,0,98,231,463,46962,832017,500000,145,6,12,846,946,3,3,1080,1080,240,6000,10,3,250,200,150,150,100,,,,,,,10,100,8,1,200,465,475,465,465
457,4634000,FreeDiamonds,20,,,,,,,,,,,RS12,RS11,RS12,RS11,RS12,307,1228,200,200,2,2,2,4,2,1,5,2,2,2,2,2,2,2,4,2,2,1,1,2,2,2,2,2,2,2,3,3,3,2,3,3,2,2,5,1,1,1,5,30,3,5,9,0,98,231,463,46962,832017,500000,145,6,12,846,946,3,3,1080,1080,240,6000,10,3,250,200,150,150,100,,,,,,,10,100,8,1,200,466,476,466,466
458,4645000,FreeDiamonds,20,,,,,,,,,,,RS11,RS12,RS11,RS12,RS11,307,1228,200,200,2,2,2,4,2,1,5,2,2,2,2,2,2,2,4,2,2,1,1,2,2,2,2,2,2,2,3,3,3,2,3,3,2,2,5,1,1,1,5,30,3,5,9,0,98,231,463,46962,832017,500000,145,6,12,846,946,3,3,1080,1080,240,6000,10,3,250,200,150,150,100,,,,,,,10,100,8,1,200,467,477,467,467
459,4656000,FreeDiamonds,20,,,,,,,,,,,RS12,RS11,RS12,RS11,RS12,308,1232,200,200,2,2,2,4,2,1,5,2,2,2,2,2,2,2,4,2,2,1,1,2,2,2,2,2,2,2,3,3,3,2,3,3,2,2,5,1,1,1,5,30,3,5,9,0,98,231,463,46962,832017,500000,145,6,12,846,946,3,3,1080,1080,240,6000,10,3,250,200,150,150,100,,,,,,,10,100,8,1,200,468,478,468,468
460,4667000,FreeDiamonds,20,,,,,,,,,,,RS11,RS12,RS11,RS12,RS11,308,1232,200,200,2,2,2,4,2,1,5,2,2,2,2,2,2,2,4,2,2,1,1,2,2,2,2,2,2,2,3,3,3,2,3,3,2,2,5,1,1,1,5,30,3,5,9,0,98,231,463,46962,832017,500000,145,6,12,846,946,3,3,1080,1080,240,6000,10,3,250,200,150,150,100,,,,,,,10,100,8,1,200,469,479,469,469
461,4678000,FreeDiamonds,20,,,,,,,,,,,RS12,RS11,RS12,RS11,RS12,309,1236,200,200,2,2,2,4,2,1,5,2,2,2,2,2,2,2,4,2,2,1,1,2,2,2,2,2,2,2,3,3,3,2,3,3,2,2,5,1,1,1,5,30,3,5,9,0,98,231,463,46962,832017,500000,145,6,12,846,946,3,3,1080,1080,240,6000,10,3,250,200,150,150,100,,,,,,,10,100,8,1,200,470,480,470,470
462,4689000,FreeDiamonds,20,,,,,,,,,,,RS11,RS12,RS11,RS12,RS11,309,1236,200,200,2,2,2,4,2,1,5,2,2,2,2,2,2,2,4,2,2,1,1,2,2,2,2,2,2,2,3,3,3,2,3,3,2,2,5,1,1,1,5,30,3,5,9,0,98,231,463,46962,832017,500000,145,6,12,846,946,3,3,1080,1080,240,6000,10,3,250,200,150,150,100,,,,,,,10,100,8,1,200,471,481,471,471
463,4700000,FreeDiamonds,20,,,,,,,,,,,RS12,RS11,RS12,RS11,RS12,310,1240,200,200,2,2,2,4,2,1,5,2,2,2,2,2,2,2,4,2,2,1,1,2,2,2,2,2,2,2,3,3,3,2,3,3,2,2,5,1,1,1,5,30,3,5,9,0,98,231,463,46962,832017,500000,145,6,12,846,946,3,3,1080,1080,240,6000,10,3,250,200,150,150,100,,,,,,,10,100,8,1,200,472,482,472,472
464,4711000,FreeDiamonds,20,,,,,,,,,,,RS11,RS12,RS11,RS12,RS11,310,1240,200,200,2,2,2,4,2,1,5,2,2,2,2,2,2,2,4,2,2,1,1,2,2,2,2,2,2,2,3,3,3,2,3,3,2,2,5,1,1,1,5,30,3,5,9,0,98,231,463,46962,832017,500000,145,6,12,846,946,3,3,1080,1080,240,6000,10,3,250,200,150,150,100,,,,,,,10,100,8,1,200,473,483,473,473
465,4722000,FreeDiamonds,20,,,,,,,,,,,RS12,RS11,RS12,RS11,RS12,311,1244,200,200,2,2,2,4,2,1,5,2,2,2,2,2,2,2,4,2,2,1,1,2,2,2,2,2,2,2,3,3,3,2,3,3,2,2,5,1,1,1,5,30,3,5,9,0,98,231,463,46962,832017,500000,145,6,12,846,946,3,3,1080,1080,240,6000,10,3,250,200,150,150,100,,,,,,,10,100,8,1,200,474,484,474,474
466,4733000,FreeDiamonds,20,,,,,,,,,,,RS11,RS12,RS11,RS12,RS11,311,1244,200,200,2,2,2,4,2,1,5,2,2,2,2,2,2,2,4,2,2,1,1,2,2,2,2,2,2,2,3,3,3,2,3,3,2,2,5,1,1,1,5,30,3,5,9,0,98,231,463,46962,832017,500000,145,6,12,846,946,3,3,1080,1080,240,6000,10,3,250,200,150,150,100,,,,,,,10,100,8,1,200,475,485,475,475
467,4744000,FreeDiamonds,20,,,,,,,,,,,RS12,RS11,RS12,RS11,RS12,312,1248,200,200,2,2,2,4,2,1,5,2,2,2,2,2,2,2,4,2,2,1,1,2,2,2,2,2,2,2,3,3,3,2,3,3,2,2,5,1,1,1,5,30,3,5,9,0,98,231,463,46962,832017,500000,145,6,12,846,946,3,3,1080,1080,240,6000,10,3,250,200,150,150,100,,,,,,,10,100,8,1,200,476,486,476,476
468,4755000,FreeDiamonds,20,,,,,,,,,,,RS11,RS12,RS11,RS12,RS11,312,1248,200,200,2,2,2,4,2,1,5,2,2,2,2,2,2,2,4,2,2,1,1,2,2,2,2,2,2,2,3,3,3,2,3,3,2,2,5,1,1,1,5,30,3,5,9,0,99,231,463,46962,832017,500000,145,6,12,846,946,3,3,1080,1080,240,6000,10,3,250,200,150,150,100,,,,,,,10,100,8,1,200,477,487,477,477
469,4766000,FreeDiamonds,20,,,,,,,,,,,RS12,RS11,RS12,RS11,RS12,313,1252,200,200,2,2,2,4,2,1,5,2,2,2,2,2,2,2,4,2,2,1,1,2,2,2,2,2,2,2,3,3,3,2,3,3,2,2,5,1,1,1,5,30,3,5,9,0,99,231,463,46962,832017,500000,145,6,12,846,946,3,3,1080,1080,240,6000,10,3,250,200,150,150,100,,,,,,,10,100,8,1,200,478,488,478,478
470,4777000,FreeDiamonds,20,,,,,,,,,,,RS11,RS12,RS11,RS12,RS11,313,1252,200,200,2,2,2,4,2,1,5,2,2,2,2,2,2,2,4,2,2,1,1,2,2,2,2,2,2,2,3,3,3,2,3,3,2,2,5,1,1,1,5,30,3,5,9,0,99,231,463,46962,832017,500000,145,6,12,846,946,3,3,1080,1080,240,6000,10,3,250,200,150,150,100,,,,,,,10,100,8,1,200,479,489,479,479
471,4788000,FreeDiamonds,20,,,,,,,,,,,RS12,RS11,RS12,RS11,RS12,314,1256,200,200,2,2,2,4,2,1,5,2,2,2,2,2,2,2,4,2,2,1,1,2,2,2,2,2,2,2,3,3,3,2,3,3,2,2,5,1,1,1,5,30,3,5,9,0,99,231,463,46962,832017,500000,145,6,12,846,946,3,3,1080,1080,240,6000,10,3,250,200,150,150,100,,,,,,,10,100,8,1,200,480,490,480,480
472,4799000,FreeDiamonds,20,,,,,,,,,,,RS11,RS12,RS11,RS12,RS11,314,1256,200,200,2,2,2,4,2,1,5,2,2,2,2,2,2,2,4,2,2,1,1,2,2,2,2,2,2,2,3,3,3,2,3,3,2,2,5,1,1,1,5,30,3,5,9,0,99,231,463,46962,832017,500000,145,6,12,846,946,3,3,1080,1080,240,6000,10,3,250,200,150,150,100,,,,,,,10,100,8,1,200,481,491,481,481
473,4810000,FreeDiamonds,20,,,,,,,,,,,RS12,RS11,RS12,RS11,RS12,315,1260,200,200,2,2,2,4,2,1,5,2,2,2,2,2,2,2,4,2,2,1,1,2,2,2,2,2,2,2,3,3,3,2,3,3,2,2,5,1,1,1,5,30,3,5,9,0,99,231,463,46962,832017,500000,145,6,12,846,946,3,3,1080,1080,240,6000,10,3,250,200,150,150,100,,,,,,,10,100,8,1,200,482,492,482,482
474,4821000,FreeDiamonds,20,,,,,,,,,,,RS11,RS12,RS11,RS12,RS11,315,1260,200,200,2,2,2,4,2,1,5,2,2,2,2,2,2,2,4,2,2,1,1,2,2,2,2,2,2,2,3,3,3,2,3,3,2,2,5,1,1,1,5,30,3,5,9,0,99,231,463,46962,832017,500000,145,6,12,846,946,3,3,1080,1080,240,6000,10,3,250,200,150,150,100,,,,,,,10,100,8,1,200,483,493,483,483
475,4832000,FreeDiamonds,20,,,,,,,,,,,RS12,RS11,RS12,RS11,RS12,316,1264,200,200,2,2,2,4,2,1,5,2,2,2,2,2,2,2,4,2,2,1,1,2,2,2,2,2,2,2,3,3,3,2,3,3,2,2,5,1,1,1,5,30,3,5,9,0,99,231,463,46962,832017,500000,145,6,12,846,946,3,3,1080,1080,240,6000,10,3,250,200,150,150,100,,,,,,,10,100,8,1,200,484,494,484,484
476,4843000,FreeDiamonds,20,,,,,,,,,,,RS11,RS12,RS11,RS12,RS11,316,1264,200,200,2,2,2,4,2,1,5,2,2,2,2,2,2,2,4,2,2,1,1,2,2,2,2,2,2,2,3,3,3,2,3,3,2,2,5,1,1,1,5,30,3,5,9,0,99,231,463,46962,832017,500000,145,6,12,846,946,3,3,1080,1080,240,6000,10,3,250,200,150,150,100,,,,,,,10,100,8,1,200,485,495,485,485
477,4854000,FreeDiamonds,20,,,,,,,,,,,RS12,RS11,RS12,RS11,RS12,317,1268,200,200,2,2,2,4,2,1,5,2,2,2,2,2,2,2,4,2,2,1,1,2,2,2,2,2,2,2,3,3,3,2,3,3,2,2,5,1,1,1,5,30,3,5,9,0,99,231,463,46962,832017,500000,145,6,12,846,946,3,3,1080,1080,240,6000,10,3,250,200,150,150,100,,,,,,,10,100,8,1,200,486,496,486,486
478,4865000,FreeDiamonds,20,,,,,,,,,,,RS11,RS12,RS11,RS12,RS11,317,1268,200,200,2,2,2,4,2,1,5,2,2,2,2,2,2,2,4,2,2,1,1,2,2,2,2,2,2,2,3,3,3,2,3,3,2,2,5,1,1,1,5,30,3,5,9,0,99,231,463,46962,832017,500000,145,6,12,846,946,3,3,1080,1080,240,6000,10,3,250,200,150,150,100,,,,,,,10,100,8,1,200,487,497,487,487
479,4876000,FreeDiamonds,20,,,,,,,,,,,RS12,RS11,RS12,RS11,RS12,318,1272,200,200,2,2,2,4,2,1,5,2,2,2,2,2,2,2,4,2,2,1,1,2,2,2,2,2,2,2,3,3,3,2,3,3,2,2,5,1,1,1,5,30,3,5,9,0,99,231,463,46962,832017,500000,145,6,12,846,946,3,3,1080,1080,240,6000,10,3,250,200,150,150,100,,,,,,,10,100,8,1,200,488,498,488,488
480,4887000,FreeDiamonds,20,,,,,,,,,,,RS11,RS12,RS11,RS12,RS11,318,1272,200,200,2,2,2,4,2,1,5,2,2,2,2,2,2,2,4,2,2,1,1,2,2,2,2,2,2,2,3,3,3,2,3,3,2,2,5,1,1,1,5,30,3,5,9,0,99,231,463,46962,832017,500000,145,6,12,846,946,3,3,1080,1080,240,6000,10,3,250,200,150,150,100,,,,,,,10,100,8,1,200,489,499,489,489
481,4898000,FreeDiamonds,20,,,,,,,,,,,RS12,RS11,RS12,RS11,RS12,319,1276,200,200,2,2,2,4,2,1,5,2,2,2,2,2,2,2,4,2,2,1,1,2,2,2,2,2,2,2,3,3,3,2,3,3,2,2,5,1,1,1,5,30,3,5,9,0,99,231,463,46962,832017,500000,145,6,12,846,946,3,3,1080,1080,240,6000,10,3,250,200,150,150,100,,,,,,,10,100,8,1,200,490,500,490,490
482,4909000,FreeDiamonds,20,,,,,,,,,,,RS11,RS12,RS11,RS12,RS11,319,1276,200,200,2,2,2,4,2,1,5,2,2,2,2,2,2,2,4,2,2,1,1,2,2,2,2,2,2,2,3,3,3,2,3,3,2,2,5,1,1,1,5,30,3,5,9,0,99,231,463,46962,832017,500000,145,6,12,846,946,3,3,1080,1080,240,6000,10,3,250,200,150,150,100,,,,,,,10,100,8,1,200,491,501,491,491
483,4920000,FreeDiamonds,20,,,,,,,,,,,RS12,RS11,RS12,RS11,RS12,320,1280,200,200,2,2,2,4,2,1,5,2,2,2,2,2,2,2,4,2,2,1,1,2,2,2,2,2,2,2,3,3,3,2,3,3,2,2,5,1,1,1,5,30,3,5,9,0,99,231,463,46962,832017,500000,145,6,12,846,946,3,3,1080,1080,240,6000,10,3,250,200,150,150,100,,,,,,,10,100,8,1,200,492,502,492,492
484,4931000,FreeDiamonds,20,,,,,,,,,,,RS11,RS12,RS11,RS12,RS11,320,1280,200,200,2,2,2,4,2,1,5,2,2,2,2,2,2,2,4,2,2,1,1,2,2,2,2,2,2,2,3,3,3,2,3,3,2,2,5,1,1,1,5,30,3,5,9,0,99,231,463,46962,832017,500000,145,6,12,846,946,3,3,1080,1080,240,6000,10,3,250,200,150,150,100,,,,,,,10,100,8,1,200,493,503,493,493
485,4942000,FreeDiamonds,20,,,,,,,,,,,RS12,RS11,RS12,RS11,RS12,321,1284,200,200,2,2,2,4,2,1,5,2,2,2,2,2,2,2,4,2,2,1,1,2,2,2,2,2,2,2,3,3,3,2,3,3,2,2,5,1,1,1,5,30,3,5,9,0,99,231,463,46962,832017,500000,145,6,12,846,946,3,3,1080,1080,240,6000,10,3,250,200,150,150,100,,,,,,,10,100,8,1,200,494,504,494,494
486,4953000,FreeDiamonds,20,,,,,,,,,,,RS11,RS12,RS11,RS12,RS11,321,1284,200,200,2,2,2,4,2,1,5,2,2,2,2,2,2,2,4,2,2,1,1,2,2,2,2,2,2,2,3,3,3,2,3,3,2,2,5,1,1,1,5,30,3,5,9,0,99,231,463,46962,832017,500000,145,6,12,846,946,3,3,1080,1080,240,6000,10,3,250,200,150,150,100,,,,,,,10,100,8,1,200,495,505,495,495
487,4964000,FreeDiamonds,20,,,,,,,,,,,RS12,RS11,RS12,RS11,RS12,322,1288,200,200,2,2,2,4,2,1,5,2,2,2,2,2,2,2,4,2,2,1,1,2,2,2,2,2,2,2,3,3,3,2,3,3,2,2,5,1,1,1,5,30,3,5,9,0,99,231,463,46962,832017,500000,145,6,12,846,946,3,3,1080,1080,240,6000,10,3,250,200,150,150,100,,,,,,,10,100,8,1,200,496,506,496,496
488,4975000,FreeDiamonds,20,,,,,,,,,,,RS11,RS12,RS11,RS12,RS11,322,1288,200,200,2,2,2,4,2,1,5,2,2,2,2,2,2,2,4,2,2,1,1,2,2,2,2,2,2,2,3,3,3,2,3,3,2,2,5,1,1,1,5,30,3,5,9,0,99,231,463,46962,832017,500000,145,6,12,846,946,3,3,1080,1080,240,6000,10,3,250,200,150,150,100,,,,,,,10,100,8,1,200,497,507,497,497
489,4986000,FreeDiamonds,20,,,,,,,,,,,RS12,RS11,RS12,RS11,RS12,323,1292,200,200,2,2,2,4,2,1,5,2,2,2,2,2,2,2,4,2,2,1,1,2,2,2,2,2,2,2,3,3,3,2,3,3,2,2,5,1,1,1,5,30,3,5,9,0,99,231,463,46962,832017,500000,145,6,12,846,946,3,3,1080,1080,240,6000,10,3,250,200,150,150,100,,,,,,,10,100,8,1,200,498,508,498,498
490,4997000,FreeDiamonds,20,,,,,,,,,,,RS11,RS12,RS11,RS12,RS11,323,1292,200,200,2,2,2,4,2,1,5,2,2,2,2,2,2,2,4,2,2,1,1,2,2,2,2,2,2,2,3,3,3,2,3,3,2,2,5,1,1,1,5,30,3,5,9,0,99,231,463,46962,832017,500000,145,6,12,846,946,3,3,1080,1080,240,6000,10,3,250,200,150,150,100,,,,,,,10,100,8,1,200,499,509,499,499
491,5008000,FreeDiamonds,20,,,,,,,,,,,RS12,RS11,RS12,RS11,RS12,324,1296,200,200,2,2,2,4,2,1,5,2,2,2,2,2,2,2,4,2,2,1,1,2,2,2,2,2,2,2,3,3,3,2,3,3,2,2,5,1,1,1,5,30,3,5,9,0,99,231,463,46962,832017,500000,145,6,12,846,946,3,3,1080,1080,240,6000,10,3,250,200,150,150,100,,,,,,,10,100,8,1,200,500,510,500,500
492,5019000,FreeDiamonds,20,,,,,,,,,,,RS11,RS12,RS11,RS12,RS11,324,1296,200,200,2,2,2,4,2,1,5,2,2,2,2,2,2,2,4,2,2,1,1,2,2,2,2,2,2,2,3,3,3,2,3,3,2,2,5,1,1,1,5,30,3,5,9,0,99,231,463,46962,832017,500000,145,6,12,846,946,3,3,1080,1080,240,6000,10,3,250,200,150,150,100,,,,,,,10,100,8,1,200,501,511,501,501
493,5030000,FreeDiamonds,20,,,,,,,,,,,RS12,RS11,RS12,RS11,RS12,325,1300,200,200,2,2,2,4,2,1,5,2,2,2,2,2,2,2,4,2,2,1,1,2,2,2,2,2,2,2,3,3,3,2,3,3,2,2,5,1,1,1,5,30,3,5,9,0,99,231,463,46962,832017,500000,145,6,12,846,946,3,3,1080,1080,240,6000,10,3,250,200,150,150,100,,,,,,,10,100,8,1,200,502,512,502,502
494,5041000,FreeDiamonds,20,,,,,,,,,,,RS11,RS12,RS11,RS12,RS11,325,1300,200,200,2,2,2,4,2,1,5,2,2,2,2,2,2,2,4,2,2,1,1,2,2,2,2,2,2,2,3,3,3,2,3,3,2,2,5,1,1,1,5,30,3,5,9,0,100,231,463,46962,832017,500000,145,6,12,846,946,3,3,1080,1080,240,6000,10,3,250,200,150,150,100,,,,,,,10,100,8,1,200,503,513,503,503
495,5052000,FreeDiamonds,20,,,,,,,,,,,RS12,RS11,RS12,RS11,RS12,326,1304,200,200,2,2,2,4,2,1,5,2,2,2,2,2,2,2,4,2,2,1,1,2,2,2,2,2,2,2,3,3,3,2,3,3,2,2,5,1,1,1,5,30,3,5,9,0,100,231,463,46962,832017,500000,145,6,12,846,946,3,3,1080,1080,240,6000,10,3,250,200,150,150,100,,,,,,,10,100,8,1,200,504,514,504,504
496,5063000,FreeDiamonds,20,,,,,,,,,,,RS11,RS12,RS11,RS12,RS11,326,1304,200,200,2,2,2,4,2,1,5,2,2,2,2,2,2,2,4,2,2,1,1,2,2,2,2,2,2,2,3,3,3,2,3,3,2,2,5,1,1,1,5,30,3,5,9,0,100,231,463,46962,832017,500000,145,6,12,846,946,3,3,1080,1080,240,6000,10,3,250,200,150,150,100,,,,,,,10,100,8,1,200,505,515,505,505
497,5074000,FreeDiamonds,20,,,,,,,,,,,RS12,RS11,RS12,RS11,RS12,327,1308,200,200,2,2,2,4,2,1,5,2,2,2,2,2,2,2,4,2,2,1,1,2,2,2,2,2,2,2,3,3,3,2,3,3,2,2,5,1,1,1,5,30,3,5,9,0,100,231,463,46962,832017,500000,145,6,12,846,946,3,3,1080,1080,240,6000,10,3,250,200,150,150,100,,,,,,,10,100,8,1,200,506,516,506,506
498,5085000,FreeDiamonds,20,,,,,,,,,,,RS11,RS12,RS11,RS12,RS11,327,1308,200,200,2,2,2,4,2,1,5,2,2,2,2,2,2,2,4,2,2,1,1,2,2,2,2,2,2,2,3,3,3,2,3,3,2,2,5,1,1,1,5,30,3,5,9,0,100,231,463,46962,832017,500000,145,6,12,846,946,3,3,1080,1080,240,6000,10,3,250,200,150,150,100,,,,,,,10,100,8,1,200,507,517,507,507
499,5096000,FreeDiamonds,20,,,,,,,,,,,RS12,RS11,RS12,RS11,RS12,328,1312,200,200,2,2,2,4,2,1,5,2,2,2,2,2,2,2,4,2,2,1,1,2,2,2,2,2,2,2,3,3,3,2,3,3,2,2,5,1,1,1,5,30,3,5,9,0,100,231,463,46962,832017,500000,145,6,12,846,946,3,3,1080,1080,240,6000,10,3,250,200,150,150,100,,,,,,,10,100,8,1,200,508,518,508,508
500,5107000,FreeDiamonds,400,,,,,,,,,,,RS11,RS12,RS11,RS12,RS11,328,1312,200,200,2,2,2,4,2,1,5,2,2,2,2,2,2,2,4,2,2,1,1,2,2,2,2,2,2,2,3,3,3,2,3,3,2,2,5,1,1,1,5,30,3,5,9,0,100,231,463,46962,832017,500000,145,6,12,846,946,3,3,1080,1080,240,6000,10,3,250,200,150,150,100,,,,,,,10,100,8,1,200,509,519,509,509
501,5127000,FreeDiamonds,20,,,,,,,,,,,RS12,RS11,RS12,RS11,RS12,329,1316,200,200,2,2,2,4,2,1,5,2,2,2,2,2,2,2,4,2,2,1,1,2,2,2,2,2,2,2,3,3,3,2,3,3,2,2,5,1,1,1,5,30,3,5,9,0,98,231,463,46962,832017,500000,145,6,12,846,946,3,3,1080,1080,240,6000,10,3,250,200,150,150,100,,,,,,,10,100,8,1,200,510,520,510,510
502,5147000,FreeDiamonds,20,,,,,,,,,,,RS11,RS12,RS11,RS12,RS11,329,1316,200,200,2,2,2,4,2,1,5,2,2,2,2,2,2,2,4,2,2,1,1,2,2,2,2,2,2,2,3,3,3,2,3,3,2,2,5,1,1,1,5,30,3,5,9,0,98,231,463,46962,832017,500000,145,6,12,846,946,3,3,1080,1080,240,6000,10,3,250,200,150,150,100,,,,,,,10,100,8,1,200,511,521,511,511
503,5167000,FreeDiamonds,20,,,,,,,,,,,RS12,RS11,RS12,RS11,RS12,330,1320,200,200,2,2,2,4,2,1,5,2,2,2,2,2,2,2,4,2,2,1,1,2,2,2,2,2,2,2,3,3,3,2,3,3,2,2,5,1,1,1,5,30,3,5,9,0,98,231,463,46962,832017,500000,145,6,12,846,946,3,3,1080,1080,240,6000,10,3,250,200,150,150,100,,,,,,,10,100,8,1,200,512,522,512,512
504,5187000,FreeDiamonds,20,,,,,,,,,,,RS11,RS12,RS11,RS12,RS11,330,1320,200,200,2,2,2,4,2,1,5,2,2,2,2,2,2,2,4,2,2,1,1,2,2,2,2,2,2,2,3,3,3,2,3,3,2,2,5,1,1,1,5,30,3,5,9,0,98,231,463,46962,832017,500000,145,6,12,846,946,3,3,1080,1080,240,6000,10,3,250,200,150,150,100,,,,,,,10,100,8,1,200,513,523,513,513
505,5207000,FreeDiamonds,20,,,,,,,,,,,RS12,RS11,RS12,RS11,RS12,331,1324,200,200,2,2,2,4,2,1,5,2,2,2,2,2,2,2,4,2,2,1,1,2,2,2,2,2,2,2,3,3,3,2,3,3,2,2,5,1,1,1,5,30,3,5,9,0,98,231,463,46962,832017,500000,145,6,12,846,946,3,3,1080,1080,240,6000,10,3,250,200,150,150,100,,,,,,,10,100,8,1,200,514,524,514,514
506,5227000,FreeDiamonds,20,,,,,,,,,,,RS11,RS12,RS11,RS12,RS11,331,1324,200,200,2,2,2,4,2,1,5,2,2,2,2,2,2,2,4,2,2,1,1,2,2,2,2,2,2,2,3,3,3,2,3,3,2,2,5,1,1,1,5,30,3,5,9,0,98,231,463,46962,832017,500000,145,6,12,846,946,3,3,1080,1080,240,6000,10,3,250,200,150,150,100,,,,,,,10,100,8,1,200,515,525,515,515
507,5247000,FreeDiamonds,20,,,,,,,,,,,RS12,RS11,RS12,RS11,RS12,332,1328,200,200,2,2,2,4,2,1,5,2,2,2,2,2,2,2,4,2,2,1,1,2,2,2,2,2,2,2,3,3,3,2,3,3,2,2,5,1,1,1,5,30,3,5,9,0,98,231,463,46962,832017,500000,145,6,12,846,946,3,3,1080,1080,240,6000,10,3,250,200,150,150,100,,,,,,,10,100,8,1,200,516,526,516,516
508,5267000,FreeDiamonds,20,,,,,,,,,,,RS11,RS12,RS11,RS12,RS11,332,1328,200,200,2,2,2,4,2,1,5,2,2,2,2,2,2,2,4,2,2,1,1,2,2,2,2,2,2,2,3,3,3,2,3,3,2,2,5,1,1,1,5,30,3,5,9,0,98,231,463,46962,832017,500000,145,6,12,846,946,3,3,1080,1080,240,6000,10,3,250,200,150,150,100,,,,,,,10,100,8,1,200,517,527,517,517
509,5287000,FreeDiamonds,20,,,,,,,,,,,RS12,RS11,RS12,RS11,RS12,333,1332,200,200,2,2,2,4,2,1,5,2,2,2,2,2,2,2,4,2,2,1,1,2,2,2,2,2,2,2,3,3,3,2,3,3,2,2,5,1,1,1,5,30,3,5,9,0,98,231,463,46962,832017,500000,145,6,12,846,946,3,3,1080,1080,240,6000,10,3,250,200,150,150,100,,,,,,,10,100,8,1,200,518,528,518,518
510,5307000,FreeDiamonds,20,,,,,,,,,,,RS11,RS12,RS11,RS12,RS11,333,1332,200,200,2,2,2,4,2,1,5,2,2,2,2,2,2,2,4,2,2,1,1,2,2,2,2,2,2,2,3,3,3,2,3,3,2,2,5,1,1,1,5,30,3,5,9,0,98,231,463,46962,832017,500000,145,6,12,846,946,3,3,1080,1080,240,6000,10,3,250,200,150,150,100,,,,,,,10,100,8,1,200,519,529,519,519
511,5327000,FreeDiamonds,20,,,,,,,,,,,RS12,RS11,RS12,RS11,RS12,334,1336,200,200,2,2,2,4,2,1,5,2,2,2,2,2,2,2,4,2,2,1,1,2,2,2,2,2,2,2,3,3,3,2,3,3,2,2,5,1,1,1,5,30,3,5,9,0,99,231,463,46962,832017,500000,145,6,12,846,946,3,3,1080,1080,240,6000,10,3,250,200,150,150,100,,,,,,,10,100,8,1,200,520,530,520,520
512,5347000,FreeDiamonds,20,,,,,,,,,,,RS11,RS12,RS11,RS12,RS11,334,1336,200,200,2,2,2,4,2,1,5,2,2,2,2,2,2,2,4,2,2,1,1,2,2,2,2,2,2,2,3,3,3,2,3,3,2,2,5,1,1,1,5,30,3,5,9,0,99,231,463,46962,832017,500000,145,6,12,846,946,3,3,1080,1080,240,6000,10,3,250,200,150,150,100,,,,,,,10,100,8,1,200,521,531,521,521
513,5367000,FreeDiamonds,20,,,,,,,,,,,RS12,RS11,RS12,RS11,RS12,335,1340,200,200,2,2,2,4,2,1,5,2,2,2,2,2,2,2,4,2,2,1,1,2,2,2,2,2,2,2,3,3,3,2,3,3,2,2,5,1,1,1,5,30,3,5,9,0,99,231,463,46962,832017,500000,145,6,12,846,946,3,3,1080,1080,240,6000,10,3,250,200,150,150,100,,,,,,,10,100,8,1,200,522,532,522,522
514,5387000,FreeDiamonds,20,,,,,,,,,,,RS11,RS12,RS11,RS12,RS11,335,1340,200,200,2,2,2,4,2,1,5,2,2,2,2,2,2,2,4,2,2,1,1,2,2,2,2,2,2,2,3,3,3,2,3,3,2,2,5,1,1,1,5,30,3,5,9,0,99,231,463,46962,832017,500000,145,6,12,846,946,3,3,1080,1080,240,6000,10,3,250,200,150,150,100,,,,,,,10,100,8,1,200,523,533,523,523
515,5407000,FreeDiamonds,20,,,,,,,,,,,RS12,RS11,RS12,RS11,RS12,336,1344,200,200,2,2,2,4,2,1,5,2,2,2,2,2,2,2,4,2,2,1,1,2,2,2,2,2,2,2,3,3,3,2,3,3,2,2,5,1,1,1,5,30,3,5,9,0,99,231,463,46962,832017,500000,145,6,12,846,946,3,3,1080,1080,240,6000,10,3,250,200,150,150,100,,,,,,,10,100,8,1,200,524,534,524,524
516,5427000,FreeDiamonds,20,,,,,,,,,,,RS11,RS12,RS11,RS12,RS11,336,1344,200,200,2,2,2,4,2,1,5,2,2,2,2,2,2,2,4,2,2,1,1,2,2,2,2,2,2,2,3,3,3,2,3,3,2,2,5,1,1,1,5,30,3,5,9,0,99,231,463,46962,832017,500000,145,6,12,846,946,3,3,1080,1080,240,6000,10,3,250,200,150,150,100,,,,,,,10,100,8,1,200,525,535,525,525
517,5447000,FreeDiamonds,20,,,,,,,,,,,RS12,RS11,RS12,RS11,RS12,337,1348,200,200,2,2,2,4,2,1,5,2,2,2,2,2,2,2,4,2,2,1,1,2,2,2,2,2,2,2,3,3,3,2,3,3,2,2,5,1,1,1,5,30,3,5,9,0,99,231,463,46962,832017,500000,145,6,12,846,946,3,3,1080,1080,240,6000,10,3,250,200,150,150,100,,,,,,,10,100,8,1,200,526,536,526,526
518,5467000,FreeDiamonds,20,,,,,,,,,,,RS11,RS12,RS11,RS12,RS11,337,1348,200,200,2,2,2,4,2,1,5,2,2,2,2,2,2,2,4,2,2,1,1,2,2,2,2,2,2,2,3,3,3,2,3,3,2,2,5,1,1,1,5,30,3,5,9,0,99,231,463,46962,832017,500000,145,6,12,846,946,3,3,1080,1080,240,6000,10,3,250,200,150,150,100,,,,,,,10,100,8,1,200,527,537,527,527
519,5487000,FreeDiamonds,20,,,,,,,,,,,RS12,RS11,RS12,RS11,RS12,338,1352,200,200,2,2,2,4,2,1,5,2,2,2,2,2,2,2,4,2,2,1,1,2,2,2,2,2,2,2,3,3,3,2,3,3,2,2,5,1,1,1,5,30,3,5,9,0,99,231,463,46962,832017,500000,145,6,12,846,946,3,3,1080,1080,240,6000,10,3,250,200,150,150,100,,,,,,,10,100,8,1,200,528,538,528,528
520,5507000,FreeDiamonds,20,,,,,,,,,,,RS11,RS12,RS11,RS12,RS11,338,1352,200,200,2,2,2,4,2,1,5,2,2,2,2,2,2,2,4,2,2,1,1,2,2,2,2,2,2,2,3,3,3,2,3,3,2,2,5,1,1,1,5,30,3,5,9,0,99,231,463,46962,832017,500000,145,6,12,846,946,3,3,1080,1080,240,6000,10,3,250,200,150,150,100,,,,,,,10,100,8,1,200,529,539,529,529
521,5527000,FreeDiamonds,20,,,,,,,,,,,RS12,RS11,RS12,RS11,RS12,339,1356,200,200,2,2,2,4,2,1,5,2,2,2,2,2,2,2,4,2,2,1,1,2,2,2,2,2,2,2,3,3,3,2,3,3,2,2,5,1,1,1,5,30,3,5,9,0,99,231,463,46962,832017,500000,145,6,12,846,946,3,3,1080,1080,240,6000,10,3,250,200,150,150,100,,,,,,,10,100,8,1,200,530,540,530,530
522,5547000,FreeDiamonds,20,,,,,,,,,,,RS11,RS12,RS11,RS12,RS11,339,1356,200,200,2,2,2,4,2,1,5,2,2,2,2,2,2,2,4,2,2,1,1,2,2,2,2,2,2,2,3,3,3,2,3,3,2,2,5,1,1,1,5,30,3,5,9,0,99,231,463,46962,832017,500000,145,6,12,846,946,3,3,1080,1080,240,6000,10,3,250,200,150,150,100,,,,,,,10,100,8,1,200,531,541,531,531
523,5567000,FreeDiamonds,20,,,,,,,,,,,RS12,RS11,RS12,RS11,RS12,340,1360,200,200,2,2,2,4,2,1,5,2,2,2,2,2,2,2,4,2,2,1,1,2,2,2,2,2,2,2,3,3,3,2,3,3,2,2,5,1,1,1,5,30,3,5,9,0,99,231,463,46962,832017,500000,145,6,12,846,946,3,3,1080,1080,240,6000,10,3,250,200,150,150,100,,,,,,,10,100,8,1,200,532,542,532,532
524,5587000,FreeDiamonds,20,,,,,,,,,,,RS11,RS12,RS11,RS12,RS11,340,1360,200,200,2,2,2,4,2,1,5,2,2,2,2,2,2,2,4,2,2,1,1,2,2,2,2,2,2,2,3,3,3,2,3,3,2,2,5,1,1,1,5,30,3,5,9,0,99,231,463,46962,832017,500000,145,6,12,846,946,3,3,1080,1080,240,6000,10,3,250,200,150,150,100,,,,,,,10,100,8,1,200,533,543,533,533
525,5607000,FreeDiamonds,20,,,,,,,,,,,RS12,RS11,RS12,RS11,RS12,341,1364,200,200,2,2,2,4,2,1,5,2,2,2,2,2,2,2,4,2,2,1,1,2,2,2,2,2,2,2,3,3,3,2,3,3,2,2,5,1,1,1,5,30,3,5,9,0,99,231,463,46962,832017,500000,145,6,12,846,946,3,3,1080,1080,240,6000,10,3,250,200,150,150,100,,,,,,,10,100,8,1,200,534,544,534,534
526,5627000,FreeDiamonds,20,,,,,,,,,,,RS11,RS12,RS11,RS12,RS11,341,1364,200,200,2,2,2,4,2,1,5,2,2,2,2,2,2,2,4,2,2,1,1,2,2,2,2,2,2,2,3,3,3,2,3,3,2,2,5,1,1,1,5,30,3,5,9,0,99,231,463,46962,832017,500000,145,6,12,846,946,3,3,1080,1080,240,6000,10,3,250,200,150,150,100,,,,,,,10,100,8,1,200,535,545,535,535
527,5647000,FreeDiamonds,20,,,,,,,,,,,RS12,RS11,RS12,RS11,RS12,342,1368,200,200,2,2,2,4,2,1,5,2,2,2,2,2,2,2,4,2,2,1,1,2,2,2,2,2,2,2,3,3,3,2,3,3,2,2,5,1,1,1,5,30,3,5,9,0,99,231,463,46962,832017,500000,145,6,12,846,946,3,3,1080,1080,240,6000,10,3,250,200,150,150,100,,,,,,,10,100,8,1,200,536,546,536,536
528,5667000,FreeDiamonds,20,,,,,,,,,,,RS11,RS12,RS11,RS12,RS11,342,1368,200,200,2,2,2,4,2,1,5,2,2,2,2,2,2,2,4,2,2,1,1,2,2,2,2,2,2,2,3,3,3,2,3,3,2,2,5,1,1,1,5,30,3,5,9,0,99,231,463,46962,832017,500000,145,6,12,846,946,3,3,1080,1080,240,6000,10,3,250,200,150,150,100,,,,,,,10,100,8,1,200,537,547,537,537
529,5687000,FreeDiamonds,20,,,,,,,,,,,RS12,RS11,RS12,RS11,RS12,343,1372,200,200,2,2,2,4,2,1,5,2,2,2,2,2,2,2,4,2,2,1,1,2,2,2,2,2,2,2,3,3,3,2,3,3,2,2,5,1,1,1,5,30,3,5,9,0,99,231,463,46962,832017,500000,145,6,12,846,946,3,3,1080,1080,240,6000,10,3,250,200,150,150,100,,,,,,,10,100,8,1,200,538,548,538,538
530,5707000,FreeDiamonds,20,,,,,,,,,,,RS11,RS12,RS11,RS12,RS11,343,1372,200,200,2,2,2,4,2,1,5,2,2,2,2,2,2,2,4,2,2,1,1,2,2,2,2,2,2,2,3,3,3,2,3,3,2,2,5,1,1,1,5,30,3,5,9,0,99,231,463,46962,832017,500000,145,6,12,846,946,3,3,1080,1080,240,6000,10,3,250,200,150,150,100,,,,,,,10,100,8,1,200,539,549,539,539
531,5727000,FreeDiamonds,20,,,,,,,,,,,RS12,RS11,RS12,RS11,RS12,344,1376,200,200,2,2,2,4,2,1,5,2,2,2,2,2,2,2,4,2,2,1,1,2,2,2,2,2,2,2,3,3,3,2,3,3,2,2,5,1,1,1,5,30,3,5,9,0,99,231,463,46962,832017,500000,145,6,12,846,946,3,3,1080,1080,240,6000,10,3,250,200,150,150,100,,,,,,,10,100,8,1,200,540,550,540,540
532,5747000,FreeDiamonds,20,,,,,,,,,,,RS11,RS12,RS11,RS12,RS11,344,1376,200,200,2,2,2,4,2,1,5,2,2,2,2,2,2,2,4,2,2,1,1,2,2,2,2,2,2,2,3,3,3,2,3,3,2,2,5,1,1,1,5,30,3,5,9,0,99,231,463,46962,832017,500000,145,6,12,846,946,3,3,1080,1080,240,6000,10,3,250,200,150,150,100,,,,,,,10,100,8,1,200,541,551,541,541
533,5767000,FreeDiamonds,20,,,,,,,,,,,RS12,RS11,RS12,RS11,RS12,345,1380,200,200,2,2,2,4,2,1,5,2,2,2,2,2,2,2,4,2,2,1,1,2,2,2,2,2,2,2,3,3,3,2,3,3,2,2,5,1,1,1,5,30,3,5,9,0,99,231,463,46962,832017,500000,145,6,12,846,946,3,3,1080,1080,240,6000,10,3,250,200,150,150,100,,,,,,,10,100,8,1,200,542,552,542,542
534,5787000,FreeDiamonds,20,,,,,,,,,,,RS11,RS12,RS11,RS12,RS11,345,1380,200,200,2,2,2,4,2,1,5,2,2,2,2,2,2,2,4,2,2,1,1,2,2,2,2,2,2,2,3,3,3,2,3,3,2,2,5,1,1,1,5,30,3,5,9,0,99,231,463,46962,832017,500000,145,6,12,846,946,3,3,1080,1080,240,6000,10,3,250,200,150,150,100,,,,,,,10,100,8,1,200,543,553,543,543
535,5807000,FreeDiamonds,20,,,,,,,,,,,RS12,RS11,RS12,RS11,RS12,346,1384,200,200,2,2,2,4,2,1,5,2,2,2,2,2,2,2,4,2,2,1,1,2,2,2,2,2,2,2,3,3,3,2,3,3,2,2,5,1,1,1,5,30,3,5,9,0,99,231,463,46962,832017,500000,145,6,12,846,946,3,3,1080,1080,240,6000,10,3,250,200,150,150,100,,,,,,,10,100,8,1,200,544,554,544,544
536,5827000,FreeDiamonds,20,,,,,,,,,,,RS11,RS12,RS11,RS12,RS11,346,1384,200,200,2,2,2,4,2,1,5,2,2,2,2,2,2,2,4,2,2,1,1,2,2,2,2,2,2,2,3,3,3,2,3,3,2,2,5,1,1,1,5,30,3,5,9,0,99,231,463,46962,832017,500000,145,6,12,846,946,3,3,1080,1080,240,6000,10,3,250,200,150,150,100,,,,,,,10,100,8,1,200,545,555,545,545
537,5847000,FreeDiamonds,20,,,,,,,,,,,RS12,RS11,RS12,RS11,RS12,347,1388,200,200,2,2,2,4,2,1,5,2,2,2,2,2,2,2,4,2,2,1,1,2,2,2,2,2,2,2,3,3,3,2,3,3,2,2,5,1,1,1,5,30,3,5,9,0,100,231,463,46962,832017,500000,145,6,12,846,946,3,3,1080,1080,240,6000,10,3,250,200,150,150,100,,,,,,,10,100,8,1,200,546,556,546,546
538,5867000,FreeDiamonds,20,,,,,,,,,,,RS11,RS12,RS11,RS12,RS11,347,1388,200,200,2,2,2,4,2,1,5,2,2,2,2,2,2,2,4,2,2,1,1,2,2,2,2,2,2,2,3,3,3,2,3,3,2,2,5,1,1,1,5,30,3,5,9,0,100,231,463,46962,832017,500000,145,6,12,846,946,3,3,1080,1080,240,6000,10,3,250,200,150,150,100,,,,,,,10,100,8,1,200,547,557,547,547
539,5887000,FreeDiamonds,20,,,,,,,,,,,RS12,RS11,RS12,RS11,RS12,348,1392,200,200,2,2,2,4,2,1,5,2,2,2,2,2,2,2,4,2,2,1,1,2,2,2,2,2,2,2,3,3,3,2,3,3,2,2,5,1,1,1,5,30,3,5,9,0,100,231,463,46962,832017,500000,145,6,12,846,946,3,3,1080,1080,240,6000,10,3,250,200,150,150,100,,,,,,,10,100,8,1,200,548,558,548,548
540,5907000,FreeDiamonds,20,,,,,,,,,,,RS11,RS12,RS11,RS12,RS11,348,1392,200,200,2,2,2,4,2,1,5,2,2,2,2,2,2,2,4,2,2,1,1,2,2,2,2,2,2,2,3,3,3,2,3,3,2,2,5,1,1,1,5,30,3,5,9,0,100,231,463,46962,832017,500000,145,6,12,846,946,3,3,1080,1080,240,6000,10,3,250,200,150,150,100,,,,,,,10,100,8,1,200,549,559,549,549
541,5927000,FreeDiamonds,20,,,,,,,,,,,RS12,RS11,RS12,RS11,RS12,349,1396,200,200,2,2,2,4,2,1,5,2,2,2,2,2,2,2,4,2,2,1,1,2,2,2,2,2,2,2,3,3,3,2,3,3,2,2,5,1,1,1,5,30,3,5,9,0,100,231,463,46962,832017,500000,145,6,12,846,946,3,3,1080,1080,240,6000,10,3,250,200,150,150,100,,,,,,,10,100,8,1,200,550,560,550,550
542,5947000,FreeDiamonds,20,,,,,,,,,,,RS11,RS12,RS11,RS12,RS11,349,1396,200,200,2,2,2,4,2,1,5,2,2,2,2,2,2,2,4,2,2,1,1,2,2,2,2,2,2,2,3,3,3,2,3,3,2,2,5,1,1,1,5,30,3,5,9,0,100,231,463,46962,832017,500000,145,6,12,846,946,3,3,1080,1080,240,6000,10,3,250,200,150,150,100,,,,,,,10,100,8,1,200,551,561,551,551
543,5967000,FreeDiamonds,20,,,,,,,,,,,RS12,RS11,RS12,RS11,RS12,350,1400,200,200,2,2,2,4,2,1,5,2,2,2,2,2,2,2,4,2,2,1,1,2,2,2,2,2,2,2,3,3,3,2,3,3,2,2,5,1,1,1,5,30,3,5,9,0,98,231,463,46962,832017,500000,145,6,12,846,946,3,3,1080,1080,240,6000,10,3,250,200,150,150,100,,,,,,,10,100,8,1,200,552,562,552,552
544,5987000,FreeDiamonds,20,,,,,,,,,,,RS11,RS12,RS11,RS12,RS11,350,1400,200,200,2,2,2,4,2,1,5,2,2,2,2,2,2,2,4,2,2,1,1,2,2,2,2,2,2,2,3,3,3,2,3,3,2,2,5,1,1,1,5,30,3,5,9,0,98,231,463,46962,832017,500000,145,6,12,846,946,3,3,1080,1080,240,6000,10,3,250,200,150,150,100,,,,,,,10,100,8,1,200,553,563,553,553
545,6007000,FreeDiamonds,20,,,,,,,,,,,RS12,RS11,RS12,RS11,RS12,351,1404,200,200,2,2,2,4,2,1,5,2,2,2,2,2,2,2,4,2,2,1,1,2,2,2,2,2,2,2,3,3,3,2,3,3,2,2,5,1,1,1,5,30,3,5,9,0,98,231,463,46962,832017,500000,145,6,12,846,946,3,3,1080,1080,240,6000,10,3,250,200,150,150,100,,,,,,,10,100,8,1,200,554,564,554,554
546,6027000,FreeDiamonds,20,,,,,,,,,,,RS11,RS12,RS11,RS12,RS11,351,1404,200,200,2,2,2,4,2,1,5,2,2,2,2,2,2,2,4,2,2,1,1,2,2,2,2,2,2,2,3,3,3,2,3,3,2,2,5,1,1,1,5,30,3,5,9,0,98,231,463,46962,832017,500000,145,6,12,846,946,3,3,1080,1080,240,6000,10,3,250,200,150,150,100,,,,,,,10,100,8,1,200,555,565,555,555
547,6047000,FreeDiamonds,20,,,,,,,,,,,RS12,RS11,RS12,RS11,RS12,352,1408,200,200,2,2,2,4,2,1,5,2,2,2,2,2,2,2,4,2,2,1,1,2,2,2,2,2,2,2,3,3,3,2,3,3,2,2,5,1,1,1,5,30,3,5,9,0,98,231,463,46962,832017,500000,145,6,12,846,946,3,3,1080,1080,240,6000,10,3,250,200,150,150,100,,,,,,,10,100,8,1,200,556,566,556,556
548,6067000,FreeDiamonds,20,,,,,,,,,,,RS11,RS12,RS11,RS12,RS11,352,1408,200,200,2,2,2,4,2,1,5,2,2,2,2,2,2,2,4,2,2,1,1,2,2,2,2,2,2,2,3,3,3,2,3,3,2,2,5,1,1,1,5,30,3,5,9,0,98,231,463,46962,832017,500000,145,6,12,846,946,3,3,1080,1080,240,6000,10,3,250,200,150,150,100,,,,,,,10,100,8,1,200,557,567,557,557
549,6087000,FreeDiamonds,20,,,,,,,,,,,RS12,RS11,RS12,RS11,RS12,353,1412,200,200,2,2,2,4,2,1,5,2,2,2,2,2,2,2,4,2,2,1,1,2,2,2,2,2,2,2,3,3,3,2,3,3,2,2,5,1,1,1,5,30,3,5,9,0,98,231,463,46962,832017,500000,145,6,12,846,946,3,3,1080,1080,240,6000,10,3,250,200,150,150,100,,,,,,,10,100,8,1,200,558,568,558,558
550,6107000,FreeDiamonds,50,,,,,,,,,,,RS11,RS12,RS11,RS12,RS11,353,1412,200,200,2,2,2,4,2,1,5,2,2,2,2,2,2,2,4,2,2,1,1,2,2,2,2,2,2,2,3,3,3,2,3,3,2,2,5,1,1,1,5,30,3,5,9,0,98,231,463,46962,832017,500000,145,6,12,846,946,3,3,1080,1080,240,6000,10,3,250,200,150,150,100,,,,,,,10,100,8,1,200,559,569,559,559
551,6127000,FreeDiamonds,20,,,,,,,,,,,RS12,RS11,RS12,RS11,RS12,354,1416,200,200,2,2,2,4,2,1,5,2,2,2,2,2,2,2,4,2,2,1,1,2,2,2,2,2,2,2,3,3,3,2,3,3,2,2,5,1,1,1,5,30,3,5,9,0,98,231,463,46962,832017,500000,145,6,12,846,946,3,3,1080,1080,240,6000,10,3,250,200,150,150,100,,,,,,,10,100,8,1,200,560,570,560,560
552,6147000,FreeDiamonds,20,,,,,,,,,,,RS11,RS12,RS11,RS12,RS11,354,1416,200,200,2,2,2,4,2,1,5,2,2,2,2,2,2,2,4,2,2,1,1,2,2,2,2,2,2,2,3,3,3,2,3,3,2,2,5,1,1,1,5,30,3,5,9,0,98,231,463,46962,832017,500000,145,6,12,846,946,3,3,1080,1080,240,6000,10,3,250,200,150,150,100,,,,,,,10,100,8,1,200,561,571,561,561
553,6167000,FreeDiamonds,20,,,,,,,,,,,RS12,RS11,RS12,RS11,RS12,355,1420,200,200,2,2,2,4,2,1,5,2,2,2,2,2,2,2,4,2,2,1,1,2,2,2,2,2,2,2,3,3,3,2,3,3,2,2,5,1,1,1,5,30,3,5,9,0,98,231,463,46962,832017,500000,145,6,12,846,946,3,3,1080,1080,240,6000,10,3,250,200,150,150,100,,,,,,,10,100,8,1,200,562,572,562,562
554,6187000,FreeDiamonds,20,,,,,,,,,,,RS11,RS12,RS11,RS12,RS11,355,1420,200,200,2,2,2,4,2,1,5,2,2,2,2,2,2,2,4,2,2,1,1,2,2,2,2,2,2,2,3,3,3,2,3,3,2,2,5,1,1,1,5,30,3,5,9,0,98,231,463,46962,832017,500000,145,6,12,846,946,3,3,1080,1080,240,6000,10,3,250,200,150,150,100,,,,,,,10,100,8,1,200,563,573,563,563
555,6207000,FreeDiamonds,20,,,,,,,,,,,RS12,RS11,RS12,RS11,RS12,356,1424,200,200,2,2,2,4,2,1,5,2,2,2,2,2,2,2,4,2,2,1,1,2,2,2,2,2,2,2,3,3,3,2,3,3,2,2,5,1,1,1,5,30,3,5,9,0,98,231,463,46962,832017,500000,145,6,12,846,946,3,3,1080,1080,240,6000,10,3,250,200,150,150,100,,,,,,,10,100,8,1,200,564,574,564,564
556,6227000,FreeDiamonds,20,,,,,,,,,,,RS11,RS12,RS11,RS12,RS11,356,1424,200,200,2,2,2,4,2,1,5,2,2,2,2,2,2,2,4,2,2,1,1,2,2,2,2,2,2,2,3,3,3,2,3,3,2,2,5,1,1,1,5,30,3,5,9,0,98,231,463,46962,832017,500000,145,6,12,846,946,3,3,1080,1080,240,6000,10,3,250,200,150,150,100,,,,,,,10,100,8,1,200,565,575,565,565
557,6247000,FreeDiamonds,20,,,,,,,,,,,RS12,RS11,RS12,RS11,RS12,357,1428,200,200,2,2,2,4,2,1,5,2,2,2,2,2,2,2,4,2,2,1,1,2,2,2,2,2,2,2,3,3,3,2,3,3,2,2,5,1,1,1,5,30,3,5,9,0,98,231,463,46962,832017,500000,145,6,12,846,946,3,3,1080,1080,240,6000,10,3,250,200,150,150,100,,,,,,,10,100,8,1,200,566,576,566,566
558,6267000,FreeDiamonds,20,,,,,,,,,,,RS11,RS12,RS11,RS12,RS11,357,1428,200,200,2,2,2,4,2,1,5,2,2,2,2,2,2,2,4,2,2,1,1,2,2,2,2,2,2,2,3,3,3,2,3,3,2,2,5,1,1,1,5,30,3,5,9,0,98,231,463,46962,832017,500000,145,6,12,846,946,3,3,1080,1080,240,6000,10,3,250,200,150,150,100,,,,,,,10,100,8,1,200,567,577,567,567
559,6287000,FreeDiamonds,20,,,,,,,,,,,RS12,RS11,RS12,RS11,RS12,358,1432,200,200,2,2,2,4,2,1,5,2,2,2,2,2,2,2,4,2,2,1,1,2,2,2,2,2,2,2,3,3,3,2,3,3,2,2,5,1,1,1,5,30,3,5,9,0,98,231,463,46962,832017,500000,145,6,12,846,946,3,3,1080,1080,240,6000,10,3,250,200,150,150,100,,,,,,,10,100,8,1,200,568,578,568,568
560,6307000,FreeDiamonds,20,,,,,,,,,,,RS11,RS12,RS11,RS12,RS11,358,1432,200,200,2,2,2,4,2,1,5,2,2,2,2,2,2,2,4,2,2,1,1,2,2,2,2,2,2,2,3,3,3,2,3,3,2,2,5,1,1,1,5,30,3,5,9,0,98,231,463,46962,832017,500000,145,6,12,846,946,3,3,1080,1080,240,6000,10,3,250,200,150,150,100,,,,,,,10,100,8,1,200,569,579,569,569
561,6327000,FreeDiamonds,20,,,,,,,,,,,RS12,RS11,RS12,RS11,RS12,359,1436,200,200,2,2,2,4,2,1,5,2,2,2,2,2,2,2,4,2,2,1,1,2,2,2,2,2,2,2,3,3,3,2,3,3,2,2,5,1,1,1,5,30,3,5,9,0,98,231,463,46962,832017,500000,145,6,12,846,946,3,3,1080,1080,240,6000,10,3,250,200,150,150,100,,,,,,,10,100,8,1,200,570,580,570,570
562,6347000,FreeDiamonds,20,,,,,,,,,,,RS11,RS12,RS11,RS12,RS11,359,1436,200,200,2,2,2,4,2,1,5,2,2,2,2,2,2,2,4,2,2,1,1,2,2,2,2,2,2,2,3,3,3,2,3,3,2,2,5,1,1,1,5,30,3,5,9,0,98,231,463,46962,832017,500000,145,6,12,846,946,3,3,1080,1080,240,6000,10,3,250,200,150,150,100,,,,,,,10,100,8,1,200,571,581,571,571
563,6367000,FreeDiamonds,20,,,,,,,,,,,RS12,RS11,RS12,RS11,RS12,360,1440,200,200,2,2,2,4,2,1,5,2,2,2,2,2,2,2,4,2,2,1,1,2,2,2,2,2,2,2,3,3,3,2,3,3,2,2,5,1,1,1,5,30,3,5,9,0,98,231,463,46962,832017,500000,145,6,12,846,946,3,3,1080,1080,240,6000,10,3,250,200,150,150,100,,,,,,,10,100,8,1,200,572,582,572,572
564,6387000,FreeDiamonds,20,,,,,,,,,,,RS11,RS12,RS11,RS12,RS11,360,1440,200,200,2,2,2,4,2,1,5,2,2,2,2,2,2,2,4,2,2,1,1,2,2,2,2,2,2,2,3,3,3,2,3,3,2,2,5,1,1,1,5,30,3,5,9,0,98,231,463,46962,832017,500000,145,6,12,846,946,3,3,1080,1080,240,6000,10,3,250,200,150,150,100,,,,,,,10,100,8,1,200,573,583,573,573
565,6407000,FreeDiamonds,20,,,,,,,,,,,RS12,RS11,RS12,RS11,RS12,361,1444,200,200,2,2,2,4,2,1,5,2,2,2,2,2,2,2,4,2,2,1,1,2,2,2,2,2,2,2,3,3,3,2,3,3,2,2,5,1,1,1,5,30,3,5,9,0,98,231,463,46962,832017,500000,145,6,12,846,946,3,3,1080,1080,240,6000,10,3,250,200,150,150,100,,,,,,,10,100,8,1,200,574,584,574,574
566,6427000,FreeDiamonds,20,,,,,,,,,,,RS11,RS12,RS11,RS12,RS11,361,1444,200,200,2,2,2,4,2,1,5,2,2,2,2,2,2,2,4,2,2,1,1,2,2,2,2,2,2,2,3,3,3,2,3,3,2,2,5,1,1,1,5,30,3,5,9,0,98,231,463,46962,832017,500000,145,6,12,846,946,3,3,1080,1080,240,6000,10,3,250,200,150,150,100,,,,,,,10,100,8,1,200,575,585,575,575
567,6447000,FreeDiamonds,20,,,,,,,,,,,RS12,RS11,RS12,RS11,RS12,362,1448,200,200,2,2,2,4,2,1,5,2,2,2,2,2,2,2,4,2,2,1,1,2,2,2,2,2,2,2,3,3,3,2,3,3,2,2,5,1,1,1,5,30,3,5,9,0,98,231,463,46962,832017,500000,145,6,12,846,946,3,3,1080,1080,240,6000,10,3,250,200,150,150,100,,,,,,,10,100,8,1,200,576,586,576,576
568,6467000,FreeDiamonds,20,,,,,,,,,,,RS11,RS12,RS11,RS12,RS11,362,1448,200,200,2,2,2,4,2,1,5,2,2,2,2,2,2,2,4,2,2,1,1,2,2,2,2,2,2,2,3,3,3,2,3,3,2,2,5,1,1,1,5,30,3,5,9,0,99,231,463,46962,832017,500000,145,6,12,846,946,3,3,1080,1080,240,6000,10,3,250,200,150,150,100,,,,,,,10,100,8,1,200,577,587,577,577
569,6487000,FreeDiamonds,20,,,,,,,,,,,RS12,RS11,RS12,RS11,RS12,363,1452,200,200,2,2,2,4,2,1,5,2,2,2,2,2,2,2,4,2,2,1,1,2,2,2,2,2,2,2,3,3,3,2,3,3,2,2,5,1,1,1,5,30,3,5,9,0,99,231,463,46962,832017,500000,145,6,12,846,946,3,3,1080,1080,240,6000,10,3,250,200,150,150,100,,,,,,,10,100,8,1,200,578,588,578,578
570,6507000,FreeDiamonds,20,,,,,,,,,,,RS11,RS12,RS11,RS12,RS11,363,1452,200,200,2,2,2,4,2,1,5,2,2,2,2,2,2,2,4,2,2,1,1,2,2,2,2,2,2,2,3,3,3,2,3,3,2,2,5,1,1,1,5,30,3,5,9,0,99,231,463,46962,832017,500000,145,6,12,846,946,3,3,1080,1080,240,6000,10,3,250,200,150,150,100,,,,,,,10,100,8,1,200,579,589,579,579
571,6527000,FreeDiamonds,20,,,,,,,,,,,RS12,RS11,RS12,RS11,RS12,364,1456,200,200,2,2,2,4,2,1,5,2,2,2,2,2,2,2,4,2,2,1,1,2,2,2,2,2,2,2,3,3,3,2,3,3,2,2,5,1,1,1,5,30,3,5,9,0,99,231,463,46962,832017,500000,145,6,12,846,946,3,3,1080,1080,240,6000,10,3,250,200,150,150,100,,,,,,,10,100,8,1,200,580,590,580,580
572,6547000,FreeDiamonds,20,,,,,,,,,,,RS11,RS12,RS11,RS12,RS11,364,1456,200,200,2,2,2,4,2,1,5,2,2,2,2,2,2,2,4,2,2,1,1,2,2,2,2,2,2,2,3,3,3,2,3,3,2,2,5,1,1,1,5,30,3,5,9,0,99,231,463,46962,832017,500000,145,6,12,846,946,3,3,1080,1080,240,6000,10,3,250,200,150,150,100,,,,,,,10,100,8,1,200,581,591,581,581
573,6567000,FreeDiamonds,20,,,,,,,,,,,RS12,RS11,RS12,RS11,RS12,365,1460,200,200,2,2,2,4,2,1,5,2,2,2,2,2,2,2,4,2,2,1,1,2,2,2,2,2,2,2,3,3,3,2,3,3,2,2,5,1,1,1,5,30,3,5,9,0,99,231,463,46962,832017,500000,145,6,12,846,946,3,3,1080,1080,240,6000,10,3,250,200,150,150,100,,,,,,,10,100,8,1,200,582,592,582,582
574,6587000,FreeDiamonds,20,,,,,,,,,,,RS11,RS12,RS11,RS12,RS11,365,1460,200,200,2,2,2,4,2,1,5,2,2,2,2,2,2,2,4,2,2,1,1,2,2,2,2,2,2,2,3,3,3,2,3,3,2,2,5,1,1,1,5,30,3,5,9,0,99,231,463,46962,832017,500000,145,6,12,846,946,3,3,1080,1080,240,6000,10,3,250,200,150,150,100,,,,,,,10,100,8,1,200,583,593,583,583
575,6607000,FreeDiamonds,20,,,,,,,,,,,RS12,RS11,RS12,RS11,RS12,366,1464,200,200,2,2,2,4,2,1,5,2,2,2,2,2,2,2,4,2,2,1,1,2,2,2,2,2,2,2,3,3,3,2,3,3,2,2,5,1,1,1,5,30,3,5,9,0,99,231,463,46962,832017,500000,145,6,12,846,946,3,3,1080,1080,240,6000,10,3,250,200,150,150,100,,,,,,,10,100,8,1,200,584,594,584,584
576,6627000,FreeDiamonds,20,,,,,,,,,,,RS11,RS12,RS11,RS12,RS11,366,1464,200,200,2,2,2,4,2,1,5,2,2,2,2,2,2,2,4,2,2,1,1,2,2,2,2,2,2,2,3,3,3,2,3,3,2,2,5,1,1,1,5,30,3,5,9,0,99,231,463,46962,832017,500000,145,6,12,846,946,3,3,1080,1080,240,6000,10,3,250,200,150,150,100,,,,,,,10,100,8,1,200,585,595,585,585
577,6647000,FreeDiamonds,20,,,,,,,,,,,RS12,RS11,RS12,RS11,RS12,367,1468,200,200,2,2,2,4,2,1,5,2,2,2,2,2,2,2,4,2,2,1,1,2,2,2,2,2,2,2,3,3,3,2,3,3,2,2,5,1,1,1,5,30,3,5,9,0,99,231,463,46962,832017,500000,145,6,12,846,946,3,3,1080,1080,240,6000,10,3,250,200,150,150,100,,,,,,,10,100,8,1,200,586,596,586,586
578,6667000,FreeDiamonds,20,,,,,,,,,,,RS11,RS12,RS11,RS12,RS11,367,1468,200,200,2,2,2,4,2,1,5,2,2,2,2,2,2,2,4,2,2,1,1,2,2,2,2,2,2,2,3,3,3,2,3,3,2,2,5,1,1,1,5,30,3,5,9,0,99,231,463,46962,832017,500000,145,6,12,846,946,3,3,1080,1080,240,6000,10,3,250,200,150,150,100,,,,,,,10,100,8,1,200,587,597,587,587
579,6687000,FreeDiamonds,20,,,,,,,,,,,RS12,RS11,RS12,RS11,RS12,368,1472,200,200,2,2,2,4,2,1,5,2,2,2,2,2,2,2,4,2,2,1,1,2,2,2,2,2,2,2,3,3,3,2,3,3,2,2,5,1,1,1,5,30,3,5,9,0,99,231,463,46962,832017,500000,145,6,12,846,946,3,3,1080,1080,240,6000,10,3,250,200,150,150,100,,,,,,,10,100,8,1,200,588,598,588,588
580,6707000,FreeDiamonds,20,,,,,,,,,,,RS11,RS12,RS11,RS12,RS11,368,1472,200,200,2,2,2,4,2,1,5,2,2,2,2,2,2,2,4,2,2,1,1,2,2,2,2,2,2,2,3,3,3,2,3,3,2,2,5,1,1,1,5,30,3,5,9,0,99,231,463,46962,832017,500000,145,6,12,846,946,3,3,1080,1080,240,6000,10,3,250,200,150,150,100,,,,,,,10,100,8,1,200,589,599,589,589
581,6727000,FreeDiamonds,20,,,,,,,,,,,RS12,RS11,RS12,RS11,RS12,369,1476,200,200,2,2,2,4,2,1,5,2,2,2,2,2,2,2,4,2,2,1,1,2,2,2,2,2,2,2,3,3,3,2,3,3,2,2,5,1,1,1,5,30,3,5,9,0,99,231,463,46962,832017,500000,145,6,12,846,946,3,3,1080,1080,240,6000,10,3,250,200,150,150,100,,,,,,,10,100,8,1,200,590,600,590,590
582,6747000,FreeDiamonds,20,,,,,,,,,,,RS11,RS12,RS11,RS12,RS11,369,1476,200,200,2,2,2,4,2,1,5,2,2,2,2,2,2,2,4,2,2,1,1,2,2,2,2,2,2,2,3,3,3,2,3,3,2,2,5,1,1,1,5,30,3,5,9,0,99,231,463,46962,832017,500000,145,6,12,846,946,3,3,1080,1080,240,6000,10,3,250,200,150,150,100,,,,,,,10,100,8,1,200,591,601,591,591
583,6767000,FreeDiamonds,20,,,,,,,,,,,RS12,RS11,RS12,RS11,RS12,370,1480,200,200,2,2,2,4,2,1,5,2,2,2,2,2,2,2,4,2,2,1,1,2,2,2,2,2,2,2,3,3,3,2,3,3,2,2,5,1,1,1,5,30,3,5,9,0,99,231,463,46962,832017,500000,145,6,12,846,946,3,3,1080,1080,240,6000,10,3,250,200,150,150,100,,,,,,,10,100,8,1,200,592,602,592,592
584,6787000,FreeDiamonds,20,,,,,,,,,,,RS11,RS12,RS11,RS12,RS11,370,1480,200,200,2,2,2,4,2,1,5,2,2,2,2,2,2,2,4,2,2,1,1,2,2,2,2,2,2,2,3,3,3,2,3,3,2,2,5,1,1,1,5,30,3,5,9,0,99,231,463,46962,832017,500000,145,6,12,846,946,3,3,1080,1080,240,6000,10,3,250,200,150,150,100,,,,,,,10,100,8,1,200,593,603,593,593
585,6807000,FreeDiamonds,20,,,,,,,,,,,RS12,RS11,RS12,RS11,RS12,371,1484,200,200,2,2,2,4,2,1,5,2,2,2,2,2,2,2,4,2,2,1,1,2,2,2,2,2,2,2,3,3,3,2,3,3,2,2,5,1,1,1,5,30,3,5,9,0,99,231,463,46962,832017,500000,145,6,12,846,946,3,3,1080,1080,240,6000,10,3,250,200,150,150,100,,,,,,,10,100,8,1,200,594,604,594,594
586,6827000,FreeDiamonds,20,,,,,,,,,,,RS11,RS12,RS11,RS12,RS11,371,1484,200,200,2,2,2,4,2,1,5,2,2,2,2,2,2,2,4,2,2,1,1,2,2,2,2,2,2,2,3,3,3,2,3,3,2,2,5,1,1,1,5,30,3,5,9,0,99,231,463,46962,832017,500000,145,6,12,846,946,3,3,1080,1080,240,6000,10,3,250,200,150,150,100,,,,,,,10,100,8,1,200,595,605,595,595
587,6847000,FreeDiamonds,20,,,,,,,,,,,RS12,RS11,RS12,RS11,RS12,372,1488,200,200,2,2,2,4,2,1,5,2,2,2,2,2,2,2,4,2,2,1,1,2,2,2,2,2,2,2,3,3,3,2,3,3,2,2,5,1,1,1,5,30,3,5,9,0,99,231,463,46962,832017,500000,145,6,12,846,946,3,3,1080,1080,240,6000,10,3,250,200,150,150,100,,,,,,,10,100,8,1,200,596,606,596,596
588,6867000,FreeDiamonds,20,,,,,,,,,,,RS11,RS12,RS11,RS12,RS11,372,1488,200,200,2,2,2,4,2,1,5,2,2,2,2,2,2,2,4,2,2,1,1,2,2,2,2,2,2,2,3,3,3,2,3,3,2,2,5,1,1,1,5,30,3,5,9,0,99,231,463,46962,832017,500000,145,6,12,846,946,3,3,1080,1080,240,6000,10,3,250,200,150,150,100,,,,,,,10,100,8,1,200,597,607,597,597
589,6887000,FreeDiamonds,20,,,,,,,,,,,RS12,RS11,RS12,RS11,RS12,373,1492,200,200,2,2,2,4,2,1,5,2,2,2,2,2,2,2,4,2,2,1,1,2,2,2,2,2,2,2,3,3,3,2,3,3,2,2,5,1,1,1,5,30,3,5,9,0,99,231,463,46962,832017,500000,145,6,12,846,946,3,3,1080,1080,240,6000,10,3,250,200,150,150,100,,,,,,,10,100,8,1,200,598,608,598,598
590,6907000,FreeDiamonds,20,,,,,,,,,,,RS11,RS12,RS11,RS12,RS11,373,1492,200,200,2,2,2,4,2,1,5,2,2,2,2,2,2,2,4,2,2,1,1,2,2,2,2,2,2,2,3,3,3,2,3,3,2,2,5,1,1,1,5,30,3,5,9,0,99,231,463,46962,832017,500000,145,6,12,846,946,3,3,1080,1080,240,6000,10,3,250,200,150,150,100,,,,,,,10,100,8,1,200,599,609,599,599
591,6927000,FreeDiamonds,20,,,,,,,,,,,RS12,RS11,RS12,RS11,RS12,374,1496,200,200,2,2,2,4,2,1,5,2,2,2,2,2,2,2,4,2,2,1,1,2,2,2,2,2,2,2,3,3,3,2,3,3,2,2,5,1,1,1,5,30,3,5,9,0,99,231,463,46962,832017,500000,145,6,12,846,946,3,3,1080,1080,240,6000,10,3,250,200,150,150,100,,,,,,,10,100,8,1,200,600,610,600,600
592,6947000,FreeDiamonds,20,,,,,,,,,,,RS11,RS12,RS11,RS12,RS11,374,1496,200,200,2,2,2,4,2,1,5,2,2,2,2,2,2,2,4,2,2,1,1,2,2,2,2,2,2,2,3,3,3,2,3,3,2,2,5,1,1,1,5,30,3,5,9,0,99,231,463,46962,832017,500000,145,6,12,846,946,3,3,1080,1080,240,6000,10,3,250,200,150,150,100,,,,,,,10,100,8,1,200,601,611,601,601
593,6967000,FreeDiamonds,20,,,,,,,,,,,RS12,RS11,RS12,RS11,RS12,375,1500,200,200,2,2,2,4,2,1,5,2,2,2,2,2,2,2,4,2,2,1,1,2,2,2,2,2,2,2,3,3,3,2,3,3,2,2,5,1,1,1,5,30,3,5,9,0,99,231,463,46962,832017,500000,145,6,12,846,946,3,3,1080,1080,240,6000,10,3,250,200,150,150,100,,,,,,,10,100,8,1,200,602,612,602,602
594,6987000,FreeDiamonds,20,,,,,,,,,,,RS11,RS12,RS11,RS12,RS11,375,1500,200,200,2,2,2,4,2,1,5,2,2,2,2,2,2,2,4,2,2,1,1,2,2,2,2,2,2,2,3,3,3,2,3,3,2,2,5,1,1,1,5,30,3,5,9,0,100,231,463,46962,832017,500000,145,6,12,846,946,3,3,1080,1080,240,6000,10,3,250,200,150,150,100,,,,,,,10,100,8,1,200,603,613,603,603
595,7007000,FreeDiamonds,20,,,,,,,,,,,RS12,RS11,RS12,RS11,RS12,376,1504,200,200,2,2,2,4,2,1,5,2,2,2,2,2,2,2,4,2,2,1,1,2,2,2,2,2,2,2,3,3,3,2,3,3,2,2,5,1,1,1,5,30,3,5,9,0,100,231,463,46962,832017,500000,145,6,12,846,946,3,3,1080,1080,240,6000,10,3,250,200,150,150,100,,,,,,,10,100,8,1,200,604,614,604,604
596,7027000,FreeDiamonds,20,,,,,,,,,,,RS11,RS12,RS11,RS12,RS11,376,1504,200,200,2,2,2,4,2,1,5,2,2,2,2,2,2,2,4,2,2,1,1,2,2,2,2,2,2,2,3,3,3,2,3,3,2,2,5,1,1,1,5,30,3,5,9,0,100,231,463,46962,832017,500000,145,6,12,846,946,3,3,1080,1080,240,6000,10,3,250,200,150,150,100,,,,,,,10,100,8,1,200,605,615,605,605
597,7047000,FreeDiamonds,20,,,,,,,,,,,RS12,RS11,RS12,RS11,RS12,377,1508,200,200,2,2,2,4,2,1,5,2,2,2,2,2,2,2,4,2,2,1,1,2,2,2,2,2,2,2,3,3,3,2,3,3,2,2,5,1,1,1,5,30,3,5,9,0,100,231,463,46962,832017,500000,145,6,12,846,946,3,3,1080,1080,240,6000,10,3,250,200,150,150,100,,,,,,,10,100,8,1,200,606,616,606,606
598,7067000,FreeDiamonds,20,,,,,,,,,,,RS11,RS12,RS11,RS12,RS11,377,1508,200,200,2,2,2,4,2,1,5,2,2,2,2,2,2,2,4,2,2,1,1,2,2,2,2,2,2,2,3,3,3,2,3,3,2,2,5,1,1,1,5,30,3,5,9,0,100,231,463,46962,832017,500000,145,6,12,846,946,3,3,1080,1080,240,6000,10,3,250,200,150,150,100,,,,,,,10,100,8,1,200,607,617,607,607
599,7087000,FreeDiamonds,20,,,,,,,,,,,RS12,RS11,RS12,RS11,RS12,378,1512,200,200,2,2,2,4,2,1,5,2,2,2,2,2,2,2,4,2,2,1,1,2,2,2,2,2,2,2,3,3,3,2,3,3,2,2,5,1,1,1,5,30,3,5,9,0,100,231,463,46962,832017,500000,145,6,12,846,946,3,3,1080,1080,240,6000,10,3,250,200,150,150,100,,,,,,,10,100,8,1,200,608,618,608,608
600,7107000,FreeDiamonds,425,,,,,,,,,,,RS11,RS12,RS11,RS12,RS11,378,1512,200,200,2,2,2,4,2,1,5,2,2,2,2,2,2,2,4,2,2,1,1,2,2,2,2,2,2,2,3,3,3,2,3,3,2,2,5,1,1,1,5,30,3,5,9,0,100,231,463,46962,832017,500000,145,6,12,846,946,3,3,1080,1080,240,6000,10,3,250,200,150,150,100,,,,,,,10,100,8,1,200,609,619,609,609
601,7127000,FreeDiamonds,20,,,,,,,,,,,RS12,RS11,RS12,RS11,RS12,379,1516,200,200,2,2,2,4,2,1,5,2,2,2,2,2,2,2,4,2,2,1,1,2,2,2,2,2,2,2,3,3,3,2,3,3,2,2,5,1,1,1,5,30,3,5,9,0,98,231,463,46962,832017,500000,145,6,12,846,946,3,3,1080,1080,240,6000,10,3,250,200,150,150,100,,,,,,,10,100,8,1,200,610,620,610,610
602,7147000,FreeDiamonds,20,,,,,,,,,,,RS11,RS12,RS11,RS12,RS11,379,1516,200,200,2,2,2,4,2,1,5,2,2,2,2,2,2,2,4,2,2,1,1,2,2,2,2,2,2,2,3,3,3,2,3,3,2,2,5,1,1,1,5,30,3,5,9,0,98,231,463,46962,832017,500000,145,6,12,846,946,3,3,1080,1080,240,6000,10,3,250,200,150,150,100,,,,,,,10,100,8,1,200,611,621,611,611
603,7167000,FreeDiamonds,20,,,,,,,,,,,RS12,RS11,RS12,RS11,RS12,380,1520,200,200,2,2,2,4,2,1,5,2,2,2,2,2,2,2,4,2,2,1,1,2,2,2,2,2,2,2,3,3,3,2,3,3,2,2,5,1,1,1,5,30,3,5,9,0,98,231,463,46962,832017,500000,145,6,12,846,946,3,3,1080,1080,240,6000,10,3,250,200,150,150,100,,,,,,,10,100,8,1,200,612,622,612,612
604,7187000,FreeDiamonds,20,,,,,,,,,,,RS11,RS12,RS11,RS12,RS11,380,1520,200,200,2,2,2,4,2,1,5,2,2,2,2,2,2,2,4,2,2,1,1,2,2,2,2,2,2,2,3,3,3,2,3,3,2,2,5,1,1,1,5,30,3,5,9,0,98,231,463,46962,832017,500000,145,6,12,846,946,3,3,1080,1080,240,6000,10,3,250,200,150,150,100,,,,,,,10,100,8,1,200,613,623,613,613
605,7207000,FreeDiamonds,20,,,,,,,,,,,RS12,RS11,RS12,RS11,RS12,381,1524,200,200,2,2,2,4,2,1,5,2,2,2,2,2,2,2,4,2,2,1,1,2,2,2,2,2,2,2,3,3,3,2,3,3,2,2,5,1,1,1,5,30,3,5,9,0,98,231,463,46962,832017,500000,145,6,12,846,946,3,3,1080,1080,240,6000,10,3,250,200,150,150,100,,,,,,,10,100,8,1,200,614,624,614,614
606,7227000,FreeDiamonds,20,,,,,,,,,,,RS11,RS12,RS11,RS12,RS11,381,1524,200,200,2,2,2,4,2,1,5,2,2,2,2,2,2,2,4,2,2,1,1,2,2,2,2,2,2,2,3,3,3,2,3,3,2,2,5,1,1,1,5,30,3,5,9,0,98,231,463,46962,832017,500000,145,6,12,846,946,3,3,1080,1080,240,6000,10,3,250,200,150,150,100,,,,,,,10,100,8,1,200,615,625,615,615
607,7247000,FreeDiamonds,20,,,,,,,,,,,RS12,RS11,RS12,RS11,RS12,382,1528,200,200,2,2,2,4,2,1,5,2,2,2,2,2,2,2,4,2,2,1,1,2,2,2,2,2,2,2,3,3,3,2,3,3,2,2,5,1,1,1,5,30,3,5,9,0,98,231,463,46962,832017,500000,145,6,12,846,946,3,3,1080,1080,240,6000,10,3,250,200,150,150,100,,,,,,,10,100,8,1,200,616,626,616,616
608,7267000,FreeDiamonds,20,,,,,,,,,,,RS11,RS12,RS11,RS12,RS11,382,1528,200,200,2,2,2,4,2,1,5,2,2,2,2,2,2,2,4,2,2,1,1,2,2,2,2,2,2,2,3,3,3,2,3,3,2,2,5,1,1,1,5,30,3,5,9,0,98,231,463,46962,832017,500000,145,6,12,846,946,3,3,1080,1080,240,6000,10,3,250,200,150,150,100,,,,,,,10,100,8,1,200,617,627,617,617
609,7287000,FreeDiamonds,20,,,,,,,,,,,RS12,RS11,RS12,RS11,RS12,383,1532,200,200,2,2,2,4,2,1,5,2,2,2,2,2,2,2,4,2,2,1,1,2,2,2,2,2,2,2,3,3,3,2,3,3,2,2,5,1,1,1,5,30,3,5,9,0,98,231,463,46962,832017,500000,145,6,12,846,946,3,3,1080,1080,240,6000,10,3,250,200,150,150,100,,,,,,,10,100,8,1,200,618,628,618,618
610,7307000,FreeDiamonds,20,,,,,,,,,,,RS11,RS12,RS11,RS12,RS11,383,1532,200,200,2,2,2,4,2,1,5,2,2,2,2,2,2,2,4,2,2,1,1,2,2,2,2,2,2,2,3,3,3,2,3,3,2,2,5,1,1,1,5,30,3,5,9,0,98,231,463,46962,832017,500000,145,6,12,846,946,3,3,1080,1080,240,6000,10,3,250,200,150,150,100,,,,,,,10,100,8,1,200,619,629,619,619
611,7327000,FreeDiamonds,20,,,,,,,,,,,RS12,RS11,RS12,RS11,RS12,384,1536,200,200,2,2,2,4,2,1,5,2,2,2,2,2,2,2,4,2,2,1,1,2,2,2,2,2,2,2,3,3,3,2,3,3,2,2,5,1,1,1,5,30,3,5,9,0,99,231,463,46962,832017,500000,145,6,12,846,946,3,3,1080,1080,240,6000,10,3,250,200,150,150,100,,,,,,,10,100,8,1,200,620,630,620,620
612,7347000,FreeDiamonds,20,,,,,,,,,,,RS11,RS12,RS11,RS12,RS11,384,1536,200,200,2,2,2,4,2,1,5,2,2,2,2,2,2,2,4,2,2,1,1,2,2,2,2,2,2,2,3,3,3,2,3,3,2,2,5,1,1,1,5,30,3,5,9,0,99,231,463,46962,832017,500000,145,6,12,846,946,3,3,1080,1080,240,6000,10,3,250,200,150,150,100,,,,,,,10,100,8,1,200,621,631,621,621
613,7367000,FreeDiamonds,20,,,,,,,,,,,RS12,RS11,RS12,RS11,RS12,385,1540,200,200,2,2,2,4,2,1,5,2,2,2,2,2,2,2,4,2,2,1,1,2,2,2,2,2,2,2,3,3,3,2,3,3,2,2,5,1,1,1,5,30,3,5,9,0,99,231,463,46962,832017,500000,145,6,12,846,946,3,3,1080,1080,240,6000,10,3,250,200,150,150,100,,,,,,,10,100,8,1,200,622,632,622,622
614,7387000,FreeDiamonds,20,,,,,,,,,,,RS11,RS12,RS11,RS12,RS11,385,1540,200,200,2,2,2,4,2,1,5,2,2,2,2,2,2,2,4,2,2,1,1,2,2,2,2,2,2,2,3,3,3,2,3,3,2,2,5,1,1,1,5,30,3,5,9,0,99,231,463,46962,832017,500000,145,6,12,846,946,3,3,1080,1080,240,6000,10,3,250,200,150,150,100,,,,,,,10,100,8,1,200,623,633,623,623
615,7407000,FreeDiamonds,20,,,,,,,,,,,RS12,RS11,RS12,RS11,RS12,386,1544,200,200,2,2,2,4,2,1,5,2,2,2,2,2,2,2,4,2,2,1,1,2,2,2,2,2,2,2,3,3,3,2,3,3,2,2,5,1,1,1,5,30,3,5,9,0,99,231,463,46962,832017,500000,145,6,12,846,946,3,3,1080,1080,240,6000,10,3,250,200,150,150,100,,,,,,,10,100,8,1,200,624,634,624,624
616,7427000,FreeDiamonds,20,,,,,,,,,,,RS11,RS12,RS11,RS12,RS11,386,1544,200,200,2,2,2,4,2,1,5,2,2,2,2,2,2,2,4,2,2,1,1,2,2,2,2,2,2,2,3,3,3,2,3,3,2,2,5,1,1,1,5,30,3,5,9,0,99,231,463,46962,832017,500000,145,6,12,846,946,3,3,1080,1080,240,6000,10,3,250,200,150,150,100,,,,,,,10,100,8,1,200,625,635,625,625
617,7447000,FreeDiamonds,20,,,,,,,,,,,RS12,RS11,RS12,RS11,RS12,387,1548,200,200,2,2,2,4,2,1,5,2,2,2,2,2,2,2,4,2,2,1,1,2,2,2,2,2,2,2,3,3,3,2,3,3,2,2,5,1,1,1,5,30,3,5,9,0,99,231,463,46962,832017,500000,145,6,12,846,946,3,3,1080,1080,240,6000,10,3,250,200,150,150,100,,,,,,,10,100,8,1,200,626,636,626,626
618,7467000,FreeDiamonds,20,,,,,,,,,,,RS11,RS12,RS11,RS12,RS11,387,1548,200,200,2,2,2,4,2,1,5,2,2,2,2,2,2,2,4,2,2,1,1,2,2,2,2,2,2,2,3,3,3,2,3,3,2,2,5,1,1,1,5,30,3,5,9,0,99,231,463,46962,832017,500000,145,6,12,846,946,3,3,1080,1080,240,6000,10,3,250,200,150,150,100,,,,,,,10,100,8,1,200,627,637,627,627
619,7487000,FreeDiamonds,20,,,,,,,,,,,RS12,RS11,RS12,RS11,RS12,388,1552,200,200,2,2,2,4,2,1,5,2,2,2,2,2,2,2,4,2,2,1,1,2,2,2,2,2,2,2,3,3,3,2,3,3,2,2,5,1,1,1,5,30,3,5,9,0,99,231,463,46962,832017,500000,145,6,12,846,946,3,3,1080,1080,240,6000,10,3,250,200,150,150,100,,,,,,,10,100,8,1,200,628,638,628,628
620,7507000,FreeDiamonds,20,,,,,,,,,,,RS11,RS12,RS11,RS12,RS11,388,1552,200,200,2,2,2,4,2,1,5,2,2,2,2,2,2,2,4,2,2,1,1,2,2,2,2,2,2,2,3,3,3,2,3,3,2,2,5,1,1,1,5,30,3,5,9,0,99,231,463,46962,832017,500000,145,6,12,846,946,3,3,1080,1080,240,6000,10,3,250,200,150,150,100,,,,,,,10,100,8,1,200,629,639,629,629
621,7527000,FreeDiamonds,20,,,,,,,,,,,RS12,RS11,RS12,RS11,RS12,389,1556,200,200,2,2,2,4,2,1,5,2,2,2,2,2,2,2,4,2,2,1,1,2,2,2,2,2,2,2,3,3,3,2,3,3,2,2,5,1,1,1,5,30,3,5,9,0,99,231,463,46962,832017,500000,145,6,12,846,946,3,3,1080,1080,240,6000,10,3,250,200,150,150,100,,,,,,,10,100,8,1,200,630,640,630,630
622,7547000,FreeDiamonds,20,,,,,,,,,,,RS11,RS12,RS11,RS12,RS11,389,1556,200,200,2,2,2,4,2,1,5,2,2,2,2,2,2,2,4,2,2,1,1,2,2,2,2,2,2,2,3,3,3,2,3,3,2,2,5,1,1,1,5,30,3,5,9,0,99,231,463,46962,832017,500000,145,6,12,846,946,3,3,1080,1080,240,6000,10,3,250,200,150,150,100,,,,,,,10,100,8,1,200,631,641,631,631
623,7567000,FreeDiamonds,20,,,,,,,,,,,RS12,RS11,RS12,RS11,RS12,390,1560,200,200,2,2,2,4,2,1,5,2,2,2,2,2,2,2,4,2,2,1,1,2,2,2,2,2,2,2,3,3,3,2,3,3,2,2,5,1,1,1,5,30,3,5,9,0,99,231,463,46962,832017,500000,145,6,12,846,946,3,3,1080,1080,240,6000,10,3,250,200,150,150,100,,,,,,,10,100,8,1,200,632,642,632,632
624,7587000,FreeDiamonds,20,,,,,,,,,,,RS11,RS12,RS11,RS12,RS11,390,1560,200,200,2,2,2,4,2,1,5,2,2,2,2,2,2,2,4,2,2,1,1,2,2,2,2,2,2,2,3,3,3,2,3,3,2,2,5,1,1,1,5,30,3,5,9,0,99,231,463,46962,832017,500000,145,6,12,846,946,3,3,1080,1080,240,6000,10,3,250,200,150,150,100,,,,,,,10,100,8,1,200,633,643,633,633
625,7607000,FreeDiamonds,20,,,,,,,,,,,RS12,RS11,RS12,RS11,RS12,391,1564,200,200,2,2,2,4,2,1,5,2,2,2,2,2,2,2,4,2,2,1,1,2,2,2,2,2,2,2,3,3,3,2,3,3,2,2,5,1,1,1,5,30,3,5,9,0,99,231,463,46962,832017,500000,145,6,12,846,946,3,3,1080,1080,240,6000,10,3,250,200,150,150,100,,,,,,,10,100,8,1,200,634,644,634,634
626,7627000,FreeDiamonds,20,,,,,,,,,,,RS11,RS12,RS11,RS12,RS11,391,1564,200,200,2,2,2,4,2,1,5,2,2,2,2,2,2,2,4,2,2,1,1,2,2,2,2,2,2,2,3,3,3,2,3,3,2,2,5,1,1,1,5,30,3,5,9,0,99,231,463,46962,832017,500000,145,6,12,846,946,3,3,1080,1080,240,6000,10,3,250,200,150,150,100,,,,,,,10,100,8,1,200,635,645,635,635
627,7647000,FreeDiamonds,20,,,,,,,,,,,RS12,RS11,RS12,RS11,RS12,392,1568,200,200,2,2,2,4,2,1,5,2,2,2,2,2,2,2,4,2,2,1,1,2,2,2,2,2,2,2,3,3,3,2,3,3,2,2,5,1,1,1,5,30,3,5,9,0,99,231,463,46962,832017,500000,145,6,12,846,946,3,3,1080,1080,240,6000,10,3,250,200,150,150,100,,,,,,,10,100,8,1,200,636,646,636,636
628,7667000,FreeDiamonds,20,,,,,,,,,,,RS11,RS12,RS11,RS12,RS11,392,1568,200,200,2,2,2,4,2,1,5,2,2,2,2,2,2,2,4,2,2,1,1,2,2,2,2,2,2,2,3,3,3,2,3,3,2,2,5,1,1,1,5,30,3,5,9,0,99,231,463,46962,832017,500000,145,6,12,846,946,3,3,1080,1080,240,6000,10,3,250,200,150,150,100,,,,,,,10,100,8,1,200,637,647,637,637
629,7687000,FreeDiamonds,20,,,,,,,,,,,RS12,RS11,RS12,RS11,RS12,393,1572,200,200,2,2,2,4,2,1,5,2,2,2,2,2,2,2,4,2,2,1,1,2,2,2,2,2,2,2,3,3,3,2,3,3,2,2,5,1,1,1,5,30,3,5,9,0,99,231,463,46962,832017,500000,145,6,12,846,946,3,3,1080,1080,240,6000,10,3,250,200,150,150,100,,,,,,,10,100,8,1,200,638,648,638,638
630,7707000,FreeDiamonds,20,,,,,,,,,,,RS11,RS12,RS11,RS12,RS11,393,1572,200,200,2,2,2,4,2,1,5,2,2,2,2,2,2,2,4,2,2,1,1,2,2,2,2,2,2,2,3,3,3,2,3,3,2,2,5,1,1,1,5,30,3,5,9,0,99,231,463,46962,832017,500000,145,6,12,846,946,3,3,1080,1080,240,6000,10,3,250,200,150,150,100,,,,,,,10,100,8,1,200,639,649,639,639
631,7727000,FreeDiamonds,20,,,,,,,,,,,RS12,RS11,RS12,RS11,RS12,394,1576,200,200,2,2,2,4,2,1,5,2,2,2,2,2,2,2,4,2,2,1,1,2,2,2,2,2,2,2,3,3,3,2,3,3,2,2,5,1,1,1,5,30,3,5,9,0,99,231,463,46962,832017,500000,145,6,12,846,946,3,3,1080,1080,240,6000,10,3,250,200,150,150,100,,,,,,,10,100,8,1,200,640,650,640,640
632,7747000,FreeDiamonds,20,,,,,,,,,,,RS11,RS12,RS11,RS12,RS11,394,1576,200,200,2,2,2,4,2,1,5,2,2,2,2,2,2,2,4,2,2,1,1,2,2,2,2,2,2,2,3,3,3,2,3,3,2,2,5,1,1,1,5,30,3,5,9,0,99,231,463,46962,832017,500000,145,6,12,846,946,3,3,1080,1080,240,6000,10,3,250,200,150,150,100,,,,,,,10,100,8,1,200,641,651,641,641
633,7767000,FreeDiamonds,20,,,,,,,,,,,RS12,RS11,RS12,RS11,RS12,395,1580,200,200,2,2,2,4,2,1,5,2,2,2,2,2,2,2,4,2,2,1,1,2,2,2,2,2,2,2,3,3,3,2,3,3,2,2,5,1,1,1,5,30,3,5,9,0,99,231,463,46962,832017,500000,145,6,12,846,946,3,3,1080,1080,240,6000,10,3,250,200,150,150,100,,,,,,,10,100,8,1,200,642,652,642,642
634,7787000,FreeDiamonds,20,,,,,,,,,,,RS11,RS12,RS11,RS12,RS11,395,1580,200,200,2,2,2,4,2,1,5,2,2,2,2,2,2,2,4,2,2,1,1,2,2,2,2,2,2,2,3,3,3,2,3,3,2,2,5,1,1,1,5,30,3,5,9,0,99,231,463,46962,832017,500000,145,6,12,846,946,3,3,1080,1080,240,6000,10,3,250,200,150,150,100,,,,,,,10,100,8,1,200,643,653,643,643
635,7807000,FreeDiamonds,20,,,,,,,,,,,RS12,RS11,RS12,RS11,RS12,396,1584,200,200,2,2,2,4,2,1,5,2,2,2,2,2,2,2,4,2,2,1,1,2,2,2,2,2,2,2,3,3,3,2,3,3,2,2,5,1,1,1,5,30,3,5,9,0,99,231,463,46962,832017,500000,145,6,12,846,946,3,3,1080,1080,240,6000,10,3,250,200,150,150,100,,,,,,,10,100,8,1,200,644,654,644,644
636,7827000,FreeDiamonds,20,,,,,,,,,,,RS11,RS12,RS11,RS12,RS11,396,1584,200,200,2,2,2,4,2,1,5,2,2,2,2,2,2,2,4,2,2,1,1,2,2,2,2,2,2,2,3,3,3,2,3,3,2,2,5,1,1,1,5,30,3,5,9,0,99,231,463,46962,832017,500000,145,6,12,846,946,3,3,1080,1080,240,6000,10,3,250,200,150,150,100,,,,,,,10,100,8,1,200,645,655,645,645
637,7847000,FreeDiamonds,20,,,,,,,,,,,RS12,RS11,RS12,RS11,RS12,397,1588,200,200,2,2,2,4,2,1,5,2,2,2,2,2,2,2,4,2,2,1,1,2,2,2,2,2,2,2,3,3,3,2,3,3,2,2,5,1,1,1,5,30,3,5,9,0,100,231,463,46962,832017,500000,145,6,12,846,946,3,3,1080,1080,240,6000,10,3,250,200,150,150,100,,,,,,,10,100,8,1,200,646,656,646,646
638,7867000,FreeDiamonds,20,,,,,,,,,,,RS11,RS12,RS11,RS12,RS11,397,1588,200,200,2,2,2,4,2,1,5,2,2,2,2,2,2,2,4,2,2,1,1,2,2,2,2,2,2,2,3,3,3,2,3,3,2,2,5,1,1,1,5,30,3,5,9,0,100,231,463,46962,832017,500000,145,6,12,846,946,3,3,1080,1080,240,6000,10,3,250,200,150,150,100,,,,,,,10,100,8,1,200,647,657,647,647
639,7887000,FreeDiamonds,20,,,,,,,,,,,RS12,RS11,RS12,RS11,RS12,398,1592,200,200,2,2,2,4,2,1,5,2,2,2,2,2,2,2,4,2,2,1,1,2,2,2,2,2,2,2,3,3,3,2,3,3,2,2,5,1,1,1,5,30,3,5,9,0,100,231,463,46962,832017,500000,145,6,12,846,946,3,3,1080,1080,240,6000,10,3,250,200,150,150,100,,,,,,,10,100,8,1,200,648,658,648,648
640,7907000,FreeDiamonds,20,,,,,,,,,,,RS11,RS12,RS11,RS12,RS11,398,1592,200,200,2,2,2,4,2,1,5,2,2,2,2,2,2,2,4,2,2,1,1,2,2,2,2,2,2,2,3,3,3,2,3,3,2,2,5,1,1,1,5,30,3,5,9,0,100,231,463,46962,832017,500000,145,6,12,846,946,3,3,1080,1080,240,6000,10,3,250,200,150,150,100,,,,,,,10,100,8,1,200,649,659,649,649
641,7927000,FreeDiamonds,20,,,,,,,,,,,RS12,RS11,RS12,RS11,RS12,399,1596,200,200,2,2,2,4,2,1,5,2,2,2,2,2,2,2,4,2,2,1,1,2,2,2,2,2,2,2,3,3,3,2,3,3,2,2,5,1,1,1,5,30,3,5,9,0,100,231,463,46962,832017,500000,145,6,12,846,946,3,3,1080,1080,240,6000,10,3,250,200,150,150,100,,,,,,,10,100,8,1,200,650,660,650,650
642,7947000,FreeDiamonds,20,,,,,,,,,,,RS11,RS12,RS11,RS12,RS11,399,1596,200,200,2,2,2,4,2,1,5,2,2,2,2,2,2,2,4,2,2,1,1,2,2,2,2,2,2,2,3,3,3,2,3,3,2,2,5,1,1,1,5,30,3,5,9,0,100,231,463,46962,832017,500000,145,6,12,846,946,3,3,1080,1080,240,6000,10,3,250,200,150,150,100,,,,,,,10,100,8,1,200,651,661,651,651
643,7967000,FreeDiamonds,20,,,,,,,,,,,RS12,RS11,RS12,RS11,RS12,400,1600,200,200,2,2,2,4,2,1,5,2,2,2,2,2,2,2,4,2,2,1,1,2,2,2,2,2,2,2,3,3,3,2,3,3,2,2,5,1,1,1,5,30,3,5,9,0,98,231,463,46962,832017,500000,145,6,12,846,946,3,3,1080,1080,240,6000,10,3,250,200,150,150,100,,,,,,,10,100,8,1,200,652,662,652,652
644,7987000,FreeDiamonds,20,,,,,,,,,,,RS11,RS12,RS11,RS12,RS11,400,1600,200,200,2,2,2,4,2,1,5,2,2,2,2,2,2,2,4,2,2,1,1,2,2,2,2,2,2,2,3,3,3,2,3,3,2,2,5,1,1,1,5,30,3,5,9,0,98,231,463,46962,832017,500000,145,6,12,846,946,3,3,1080,1080,240,6000,10,3,250,200,150,150,100,,,,,,,10,100,8,1,200,653,663,653,653
645,8007000,FreeDiamonds,20,,,,,,,,,,,RS12,RS11,RS12,RS11,RS12,401,1604,200,200,2,2,2,4,2,1,5,2,2,2,2,2,2,2,4,2,2,1,1,2,2,2,2,2,2,2,3,3,3,2,3,3,2,2,5,1,1,1,5,30,3,5,9,0,98,231,463,46962,832017,500000,145,6,12,846,946,3,3,1080,1080,240,6000,10,3,250,200,150,150,100,,,,,,,10,100,8,1,200,654,664,654,654
646,8027000,FreeDiamonds,20,,,,,,,,,,,RS11,RS12,RS11,RS12,RS11,401,1604,200,200,2,2,2,4,2,1,5,2,2,2,2,2,2,2,4,2,2,1,1,2,2,2,2,2,2,2,3,3,3,2,3,3,2,2,5,1,1,1,5,30,3,5,9,0,98,231,463,46962,832017,500000,145,6,12,846,946,3,3,1080,1080,240,6000,10,3,250,200,150,150,100,,,,,,,10,100,8,1,200,655,665,655,655
647,8047000,FreeDiamonds,20,,,,,,,,,,,RS12,RS11,RS12,RS11,RS12,402,1608,200,200,2,2,2,4,2,1,5,2,2,2,2,2,2,2,4,2,2,1,1,2,2,2,2,2,2,2,3,3,3,2,3,3,2,2,5,1,1,1,5,30,3,5,9,0,98,231,463,46962,832017,500000,145,6,12,846,946,3,3,1080,1080,240,6000,10,3,250,200,150,150,100,,,,,,,10,100,8,1,200,656,666,656,656
648,8067000,FreeDiamonds,20,,,,,,,,,,,RS11,RS12,RS11,RS12,RS11,402,1608,200,200,2,2,2,4,2,1,5,2,2,2,2,2,2,2,4,2,2,1,1,2,2,2,2,2,2,2,3,3,3,2,3,3,2,2,5,1,1,1,5,30,3,5,9,0,98,231,463,46962,832017,500000,145,6,12,846,946,3,3,1080,1080,240,6000,10,3,250,200,150,150,100,,,,,,,10,100,8,1,200,657,667,657,657
649,8087000,FreeDiamonds,20,,,,,,,,,,,RS12,RS11,RS12,RS11,RS12,403,1612,200,200,2,2,2,4,2,1,5,2,2,2,2,2,2,2,4,2,2,1,1,2,2,2,2,2,2,2,3,3,3,2,3,3,2,2,5,1,1,1,5,30,3,5,9,0,98,231,463,46962,832017,500000,145,6,12,846,946,3,3,1080,1080,240,6000,10,3,250,200,150,150,100,,,,,,,10,100,8,1,200,658,668,658,658
650,8107000,FreeDiamonds,50,,,,,,,,,,,RS11,RS12,RS11,RS12,RS11,403,1612,200,200,2,2,2,4,2,1,5,2,2,2,2,2,2,2,4,2,2,1,1,2,2,2,2,2,2,2,3,3,3,2,3,3,2,2,5,1,1,1,5,30,3,5,9,0,98,231,463,46962,832017,500000,145,6,12,846,946,3,3,1080,1080,240,6000,10,3,250,200,150,150,100,,,,,,,10,100,8,1,200,659,669,659,659
651,8127000,FreeDiamonds,20,,,,,,,,,,,RS12,RS11,RS12,RS11,RS12,404,1616,200,200,2,2,2,4,2,1,5,2,2,2,2,2,2,2,4,2,2,1,1,2,2,2,2,2,2,2,3,3,3,2,3,3,2,2,5,1,1,1,5,30,3,5,9,0,98,231,463,46962,832017,500000,145,6,12,846,946,3,3,1080,1080,240,6000,10,3,250,200,150,150,100,,,,,,,10,100,8,1,200,660,670,660,660
652,8147000,FreeDiamonds,20,,,,,,,,,,,RS11,RS12,RS11,RS12,RS11,404,1616,200,200,2,2,2,4,2,1,5,2,2,2,2,2,2,2,4,2,2,1,1,2,2,2,2,2,2,2,3,3,3,2,3,3,2,2,5,1,1,1,5,30,3,5,9,0,98,231,463,46962,832017,500000,145,6,12,846,946,3,3,1080,1080,240,6000,10,3,250,200,150,150,100,,,,,,,10,100,8,1,200,661,671,661,661
653,8167000,FreeDiamonds,20,,,,,,,,,,,RS12,RS11,RS12,RS11,RS12,405,1620,200,200,2,2,2,4,2,1,5,2,2,2,2,2,2,2,4,2,2,1,1,2,2,2,2,2,2,2,3,3,3,2,3,3,2,2,5,1,1,1,5,30,3,5,9,0,98,231,463,46962,832017,500000,145,6,12,846,946,3,3,1080,1080,240,6000,10,3,250,200,150,150,100,,,,,,,10,100,8,1,200,662,672,662,662
654,8187000,FreeDiamonds,20,,,,,,,,,,,RS11,RS12,RS11,RS12,RS11,405,1620,200,200,2,2,2,4,2,1,5,2,2,2,2,2,2,2,4,2,2,1,1,2,2,2,2,2,2,2,3,3,3,2,3,3,2,2,5,1,1,1,5,30,3,5,9,0,98,231,463,46962,832017,500000,145,6,12,846,946,3,3,1080,1080,240,6000,10,3,250,200,150,150,100,,,,,,,10,100,8,1,200,663,673,663,663
655,8207000,FreeDiamonds,20,,,,,,,,,,,RS12,RS11,RS12,RS11,RS12,406,1624,200,200,2,2,2,4,2,1,5,2,2,2,2,2,2,2,4,2,2,1,1,2,2,2,2,2,2,2,3,3,3,2,3,3,2,2,5,1,1,1,5,30,3,5,9,0,98,231,463,46962,832017,500000,145,6,12,846,946,3,3,1080,1080,240,6000,10,3,250,200,150,150,100,,,,,,,10,100,8,1,200,664,674,664,664
656,8227000,FreeDiamonds,20,,,,,,,,,,,RS11,RS12,RS11,RS12,RS11,406,1624,200,200,2,2,2,4,2,1,5,2,2,2,2,2,2,2,4,2,2,1,1,2,2,2,2,2,2,2,3,3,3,2,3,3,2,2,5,1,1,1,5,30,3,5,9,0,98,231,463,46962,832017,500000,145,6,12,846,946,3,3,1080,1080,240,6000,10,3,250,200,150,150,100,,,,,,,10,100,8,1,200,665,675,665,665
657,8247000,FreeDiamonds,20,,,,,,,,,,,RS12,RS11,RS12,RS11,RS12,407,1628,200,200,2,2,2,4,2,1,5,2,2,2,2,2,2,2,4,2,2,1,1,2,2,2,2,2,2,2,3,3,3,2,3,3,2,2,5,1,1,1,5,30,3,5,9,0,98,231,463,46962,832017,500000,145,6,12,846,946,3,3,1080,1080,240,6000,10,3,250,200,150,150,100,,,,,,,10,100,8,1,200,666,676,666,666
658,8267000,FreeDiamonds,20,,,,,,,,,,,RS11,RS12,RS11,RS12,RS11,407,1628,200,200,2,2,2,4,2,1,5,2,2,2,2,2,2,2,4,2,2,1,1,2,2,2,2,2,2,2,3,3,3,2,3,3,2,2,5,1,1,1,5,30,3,5,9,0,98,231,463,46962,832017,500000,145,6,12,846,946,3,3,1080,1080,240,6000,10,3,250,200,150,150,100,,,,,,,10,100,8,1,200,667,677,667,667
659,8287000,FreeDiamonds,20,,,,,,,,,,,RS12,RS11,RS12,RS11,RS12,408,1632,200,200,2,2,2,4,2,1,5,2,2,2,2,2,2,2,4,2,2,1,1,2,2,2,2,2,2,2,3,3,3,2,3,3,2,2,5,1,1,1,5,30,3,5,9,0,98,231,463,46962,832017,500000,145,6,12,846,946,3,3,1080,1080,240,6000,10,3,250,200,150,150,100,,,,,,,10,100,8,1,200,668,678,668,668
660,8307000,FreeDiamonds,20,,,,,,,,,,,RS11,RS12,RS11,RS12,RS11,408,1632,200,200,2,2,2,4,2,1,5,2,2,2,2,2,2,2,4,2,2,1,1,2,2,2,2,2,2,2,3,3,3,2,3,3,2,2,5,1,1,1,5,30,3,5,9,0,98,231,463,46962,832017,500000,145,6,12,846,946,3,3,1080,1080,240,6000,10,3,250,200,150,150,100,,,,,,,10,100,8,1,200,669,679,669,669
661,8327000,FreeDiamonds,20,,,,,,,,,,,RS12,RS11,RS12,RS11,RS12,409,1636,200,200,2,2,2,4,2,1,5,2,2,2,2,2,2,2,4,2,2,1,1,2,2,2,2,2,2,2,3,3,3,2,3,3,2,2,5,1,1,1,5,30,3,5,9,0,98,231,463,46962,832017,500000,145,6,12,846,946,3,3,1080,1080,240,6000,10,3,250,200,150,150,100,,,,,,,10,100,8,1,200,670,680,670,670
662,8347000,FreeDiamonds,20,,,,,,,,,,,RS11,RS12,RS11,RS12,RS11,409,1636,200,200,2,2,2,4,2,1,5,2,2,2,2,2,2,2,4,2,2,1,1,2,2,2,2,2,2,2,3,3,3,2,3,3,2,2,5,1,1,1,5,30,3,5,9,0,98,231,463,46962,832017,500000,145,6,12,846,946,3,3,1080,1080,240,6000,10,3,250,200,150,150,100,,,,,,,10,100,8,1,200,671,681,671,671
663,8367000,FreeDiamonds,20,,,,,,,,,,,RS12,RS11,RS12,RS11,RS12,410,1640,200,200,2,2,2,4,2,1,5,2,2,2,2,2,2,2,4,2,2,1,1,2,2,2,2,2,2,2,3,3,3,2,3,3,2,2,5,1,1,1,5,30,3,5,9,0,98,231,463,46962,832017,500000,145,6,12,846,946,3,3,1080,1080,240,6000,10,3,250,200,150,150,100,,,,,,,10,100,8,1,200,672,682,672,672
664,8387000,FreeDiamonds,20,,,,,,,,,,,RS11,RS12,RS11,RS12,RS11,410,1640,200,200,2,2,2,4,2,1,5,2,2,2,2,2,2,2,4,2,2,1,1,2,2,2,2,2,2,2,3,3,3,2,3,3,2,2,5,1,1,1,5,30,3,5,9,0,98,231,463,46962,832017,500000,145,6,12,846,946,3,3,1080,1080,240,6000,10,3,250,200,150,150,100,,,,,,,10,100,8,1,200,673,683,673,673
665,8407000,FreeDiamonds,20,,,,,,,,,,,RS12,RS11,RS12,RS11,RS12,411,1644,200,200,2,2,2,4,2,1,5,2,2,2,2,2,2,2,4,2,2,1,1,2,2,2,2,2,2,2,3,3,3,2,3,3,2,2,5,1,1,1,5,30,3,5,9,0,98,231,463,46962,832017,500000,145,6,12,846,946,3,3,1080,1080,240,6000,10,3,250,200,150,150,100,,,,,,,10,100,8,1,200,674,684,674,674
666,8427000,FreeDiamonds,20,,,,,,,,,,,RS11,RS12,RS11,RS12,RS11,411,1644,200,200,2,2,2,4,2,1,5,2,2,2,2,2,2,2,4,2,2,1,1,2,2,2,2,2,2,2,3,3,3,2,3,3,2,2,5,1,1,1,5,30,3,5,9,0,98,231,463,46962,832017,500000,145,6,12,846,946,3,3,1080,1080,240,6000,10,3,250,200,150,150,100,,,,,,,10,100,8,1,200,675,685,675,675
667,8447000,FreeDiamonds,20,,,,,,,,,,,RS12,RS11,RS12,RS11,RS12,412,1648,200,200,2,2,2,4,2,1,5,2,2,2,2,2,2,2,4,2,2,1,1,2,2,2,2,2,2,2,3,3,3,2,3,3,2,2,5,1,1,1,5,30,3,5,9,0,98,231,463,46962,832017,500000,145,6,12,846,946,3,3,1080,1080,240,6000,10,3,250,200,150,150,100,,,,,,,10,100,8,1,200,676,686,676,676
668,8467000,FreeDiamonds,20,,,,,,,,,,,RS11,RS12,RS11,RS12,RS11,412,1648,200,200,2,2,2,4,2,1,5,2,2,2,2,2,2,2,4,2,2,1,1,2,2,2,2,2,2,2,3,3,3,2,3,3,2,2,5,1,1,1,5,30,3,5,9,0,99,231,463,46962,832017,500000,145,6,12,846,946,3,3,1080,1080,240,6000,10,3,250,200,150,150,100,,,,,,,10,100,8,1,200,677,687,677,677
669,8487000,FreeDiamonds,20,,,,,,,,,,,RS12,RS11,RS12,RS11,RS12,413,1652,200,200,2,2,2,4,2,1,5,2,2,2,2,2,2,2,4,2,2,1,1,2,2,2,2,2,2,2,3,3,3,2,3,3,2,2,5,1,1,1,5,30,3,5,9,0,99,231,463,46962,832017,500000,145,6,12,846,946,3,3,1080,1080,240,6000,10,3,250,200,150,150,100,,,,,,,10,100,8,1,200,678,688,678,678
670,8507000,FreeDiamonds,20,,,,,,,,,,,RS11,RS12,RS11,RS12,RS11,413,1652,200,200,2,2,2,4,2,1,5,2,2,2,2,2,2,2,4,2,2,1,1,2,2,2,2,2,2,2,3,3,3,2,3,3,2,2,5,1,1,1,5,30,3,5,9,0,99,231,463,46962,832017,500000,145,6,12,846,946,3,3,1080,1080,240,6000,10,3,250,200,150,150,100,,,,,,,10,100,8,1,200,679,689,679,679
671,8527000,FreeDiamonds,20,,,,,,,,,,,RS12,RS11,RS12,RS11,RS12,414,1656,200,200,2,2,2,4,2,1,5,2,2,2,2,2,2,2,4,2,2,1,1,2,2,2,2,2,2,2,3,3,3,2,3,3,2,2,5,1,1,1,5,30,3,5,9,0,99,231,463,46962,832017,500000,145,6,12,846,946,3,3,1080,1080,240,6000,10,3,250,200,150,150,100,,,,,,,10,100,8,1,200,680,690,680,680
672,8547000,FreeDiamonds,20,,,,,,,,,,,RS11,RS12,RS11,RS12,RS11,414,1656,200,200,2,2,2,4,2,1,5,2,2,2,2,2,2,2,4,2,2,1,1,2,2,2,2,2,2,2,3,3,3,2,3,3,2,2,5,1,1,1,5,30,3,5,9,0,99,231,463,46962,832017,500000,145,6,12,846,946,3,3,1080,1080,240,6000,10,3,250,200,150,150,100,,,,,,,10,100,8,1,200,681,691,681,681
673,8567000,FreeDiamonds,20,,,,,,,,,,,RS12,RS11,RS12,RS11,RS12,415,1660,200,200,2,2,2,4,2,1,5,2,2,2,2,2,2,2,4,2,2,1,1,2,2,2,2,2,2,2,3,3,3,2,3,3,2,2,5,1,1,1,5,30,3,5,9,0,99,231,463,46962,832017,500000,145,6,12,846,946,3,3,1080,1080,240,6000,10,3,250,200,150,150,100,,,,,,,10,100,8,1,200,682,692,682,682
674,8587000,FreeDiamonds,20,,,,,,,,,,,RS11,RS12,RS11,RS12,RS11,415,1660,200,200,2,2,2,4,2,1,5,2,2,2,2,2,2,2,4,2,2,1,1,2,2,2,2,2,2,2,3,3,3,2,3,3,2,2,5,1,1,1,5,30,3,5,9,0,99,231,463,46962,832017,500000,145,6,12,846,946,3,3,1080,1080,240,6000,10,3,250,200,150,150,100,,,,,,,10,100,8,1,200,683,693,683,683
675,8607000,FreeDiamonds,20,,,,,,,,,,,RS12,RS11,RS12,RS11,RS12,416,1664,200,200,2,2,2,4,2,1,5,2,2,2,2,2,2,2,4,2,2,1,1,2,2,2,2,2,2,2,3,3,3,2,3,3,2,2,5,1,1,1,5,30,3,5,9,0,99,231,463,46962,832017,500000,145,6,12,846,946,3,3,1080,1080,240,6000,10,3,250,200,150,150,100,,,,,,,10,100,8,1,200,684,694,684,684
676,8627000,FreeDiamonds,20,,,,,,,,,,,RS11,RS12,RS11,RS12,RS11,416,1664,200,200,2,2,2,4,2,1,5,2,2,2,2,2,2,2,4,2,2,1,1,2,2,2,2,2,2,2,3,3,3,2,3,3,2,2,5,1,1,1,5,30,3,5,9,0,99,231,463,46962,832017,500000,145,6,12,846,946,3,3,1080,1080,240,6000,10,3,250,200,150,150,100,,,,,,,10,100,8,1,200,685,695,685,685
677,8647000,FreeDiamonds,20,,,,,,,,,,,RS12,RS11,RS12,RS11,RS12,417,1668,200,200,2,2,2,4,2,1,5,2,2,2,2,2,2,2,4,2,2,1,1,2,2,2,2,2,2,2,3,3,3,2,3,3,2,2,5,1,1,1,5,30,3,5,9,0,99,231,463,46962,832017,500000,145,6,12,846,946,3,3,1080,1080,240,6000,10,3,250,200,150,150,100,,,,,,,10,100,8,1,200,686,696,686,686
678,8667000,FreeDiamonds,20,,,,,,,,,,,RS11,RS12,RS11,RS12,RS11,417,1668,200,200,2,2,2,4,2,1,5,2,2,2,2,2,2,2,4,2,2,1,1,2,2,2,2,2,2,2,3,3,3,2,3,3,2,2,5,1,1,1,5,30,3,5,9,0,99,231,463,46962,832017,500000,145,6,12,846,946,3,3,1080,1080,240,6000,10,3,250,200,150,150,100,,,,,,,10,100,8,1,200,687,697,687,687
679,8687000,FreeDiamonds,20,,,,,,,,,,,RS12,RS11,RS12,RS11,RS12,418,1672,200,200,2,2,2,4,2,1,5,2,2,2,2,2,2,2,4,2,2,1,1,2,2,2,2,2,2,2,3,3,3,2,3,3,2,2,5,1,1,1,5,30,3,5,9,0,99,231,463,46962,832017,500000,145,6,12,846,946,3,3,1080,1080,240,6000,10,3,250,200,150,150,100,,,,,,,10,100,8,1,200,688,698,688,688
680,8707000,FreeDiamonds,20,,,,,,,,,,,RS11,RS12,RS11,RS12,RS11,418,1672,200,200,2,2,2,4,2,1,5,2,2,2,2,2,2,2,4,2,2,1,1,2,2,2,2,2,2,2,3,3,3,2,3,3,2,2,5,1,1,1,5,30,3,5,9,0,99,231,463,46962,832017,500000,145,6,12,846,946,3,3,1080,1080,240,6000,10,3,250,200,150,150,100,,,,,,,10,100,8,1,200,689,699,689,689
681,8727000,FreeDiamonds,20,,,,,,,,,,,RS12,RS11,RS12,RS11,RS12,419,1676,200,200,2,2,2,4,2,1,5,2,2,2,2,2,2,2,4,2,2,1,1,2,2,2,2,2,2,2,3,3,3,2,3,3,2,2,5,1,1,1,5,30,3,5,9,0,99,231,463,46962,832017,500000,145,6,12,846,946,3,3,1080,1080,240,6000,10,3,250,200,150,150,100,,,,,,,10,100,8,1,200,690,700,690,690
682,8747000,FreeDiamonds,20,,,,,,,,,,,RS11,RS12,RS11,RS12,RS11,419,1676,200,200,2,2,2,4,2,1,5,2,2,2,2,2,2,2,4,2,2,1,1,2,2,2,2,2,2,2,3,3,3,2,3,3,2,2,5,1,1,1,5,30,3,5,9,0,99,231,463,46962,832017,500000,145,6,12,846,946,3,3,1080,1080,240,6000,10,3,250,200,150,150,100,,,,,,,10,100,8,1,200,691,701,691,691
683,8767000,FreeDiamonds,20,,,,,,,,,,,RS12,RS11,RS12,RS11,RS12,420,1680,200,200,2,2,2,4,2,1,5,2,2,2,2,2,2,2,4,2,2,1,1,2,2,2,2,2,2,2,3,3,3,2,3,3,2,2,5,1,1,1,5,30,3,5,9,0,99,231,463,46962,832017,500000,145,6,12,846,946,3,3,1080,1080,240,6000,10,3,250,200,150,150,100,,,,,,,10,100,8,1,200,692,702,692,692
684,8787000,FreeDiamonds,20,,,,,,,,,,,RS11,RS12,RS11,RS12,RS11,420,1680,200,200,2,2,2,4,2,1,5,2,2,2,2,2,2,2,4,2,2,1,1,2,2,2,2,2,2,2,3,3,3,2,3,3,2,2,5,1,1,1,5,30,3,5,9,0,99,231,463,46962,832017,500000,145,6,12,846,946,3,3,1080,1080,240,6000,10,3,250,200,150,150,100,,,,,,,10,100,8,1,200,693,703,693,693
685,8807000,FreeDiamonds,20,,,,,,,,,,,RS12,RS11,RS12,RS11,RS12,421,1684,200,200,2,2,2,4,2,1,5,2,2,2,2,2,2,2,4,2,2,1,1,2,2,2,2,2,2,2,3,3,3,2,3,3,2,2,5,1,1,1,5,30,3,5,9,0,99,231,463,46962,832017,500000,145,6,12,846,946,3,3,1080,1080,240,6000,10,3,250,200,150,150,100,,,,,,,10,100,8,1,200,694,704,694,694
686,8827000,FreeDiamonds,20,,,,,,,,,,,RS11,RS12,RS11,RS12,RS11,421,1684,200,200,2,2,2,4,2,1,5,2,2,2,2,2,2,2,4,2,2,1,1,2,2,2,2,2,2,2,3,3,3,2,3,3,2,2,5,1,1,1,5,30,3,5,9,0,99,231,463,46962,832017,500000,145,6,12,846,946,3,3,1080,1080,240,6000,10,3,250,200,150,150,100,,,,,,,10,100,8,1,200,695,705,695,695
687,8847000,FreeDiamonds,20,,,,,,,,,,,RS12,RS11,RS12,RS11,RS12,422,1688,200,200,2,2,2,4,2,1,5,2,2,2,2,2,2,2,4,2,2,1,1,2,2,2,2,2,2,2,3,3,3,2,3,3,2,2,5,1,1,1,5,30,3,5,9,0,99,231,463,46962,832017,500000,145,6,12,846,946,3,3,1080,1080,240,6000,10,3,250,200,150,150,100,,,,,,,10,100,8,1,200,696,706,696,696
688,8867000,FreeDiamonds,20,,,,,,,,,,,RS11,RS12,RS11,RS12,RS11,422,1688,200,200,2,2,2,4,2,1,5,2,2,2,2,2,2,2,4,2,2,1,1,2,2,2,2,2,2,2,3,3,3,2,3,3,2,2,5,1,1,1,5,30,3,5,9,0,99,231,463,46962,832017,500000,145,6,12,846,946,3,3,1080,1080,240,6000,10,3,250,200,150,150,100,,,,,,,10,100,8,1,200,697,707,697,697
689,8887000,FreeDiamonds,20,,,,,,,,,,,RS12,RS11,RS12,RS11,RS12,423,1692,200,200,2,2,2,4,2,1,5,2,2,2,2,2,2,2,4,2,2,1,1,2,2,2,2,2,2,2,3,3,3,2,3,3,2,2,5,1,1,1,5,30,3,5,9,0,99,231,463,46962,832017,500000,145,6,12,846,946,3,3,1080,1080,240,6000,10,3,250,200,150,150,100,,,,,,,10,100,8,1,200,698,708,698,698
690,8907000,FreeDiamonds,20,,,,,,,,,,,RS11,RS12,RS11,RS12,RS11,423,1692,200,200,2,2,2,4,2,1,5,2,2,2,2,2,2,2,4,2,2,1,1,2,2,2,2,2,2,2,3,3,3,2,3,3,2,2,5,1,1,1,5,30,3,5,9,0,99,231,463,46962,832017,500000,145,6,12,846,946,3,3,1080,1080,240,6000,10,3,250,200,150,150,100,,,,,,,10,100,8,1,200,699,709,699,699
691,8927000,FreeDiamonds,20,,,,,,,,,,,RS12,RS11,RS12,RS11,RS12,424,1696,200,200,2,2,2,4,2,1,5,2,2,2,2,2,2,2,4,2,2,1,1,2,2,2,2,2,2,2,3,3,3,2,3,3,2,2,5,1,1,1,5,30,3,5,9,0,99,231,463,46962,832017,500000,145,6,12,846,946,3,3,1080,1080,240,6000,10,3,250,200,150,150,100,,,,,,,10,100,8,1,200,700,710,700,700
692,8947000,FreeDiamonds,20,,,,,,,,,,,RS11,RS12,RS11,RS12,RS11,424,1696,200,200,2,2,2,4,2,1,5,2,2,2,2,2,2,2,4,2,2,1,1,2,2,2,2,2,2,2,3,3,3,2,3,3,2,2,5,1,1,1,5,30,3,5,9,0,99,231,463,46962,832017,500000,145,6,12,846,946,3,3,1080,1080,240,6000,10,3,250,200,150,150,100,,,,,,,10,100,8,1,200,701,711,701,701
693,8967000,FreeDiamonds,20,,,,,,,,,,,RS12,RS11,RS12,RS11,RS12,425,1700,200,200,2,2,2,4,2,1,5,2,2,2,2,2,2,2,4,2,2,1,1,2,2,2,2,2,2,2,3,3,3,2,3,3,2,2,5,1,1,1,5,30,3,5,9,0,99,231,463,46962,832017,500000,145,6,12,846,946,3,3,1080,1080,240,6000,10,3,250,200,150,150,100,,,,,,,10,100,8,1,200,702,712,702,702
694,8987000,FreeDiamonds,20,,,,,,,,,,,RS11,RS12,RS11,RS12,RS11,425,1700,200,200,2,2,2,4,2,1,5,2,2,2,2,2,2,2,4,2,2,1,1,2,2,2,2,2,2,2,3,3,3,2,3,3,2,2,5,1,1,1,5,30,3,5,9,0,100,231,463,46962,832017,500000,145,6,12,846,946,3,3,1080,1080,240,6000,10,3,250,200,150,150,100,,,,,,,10,100,8,1,200,703,713,703,703
695,9007000,FreeDiamonds,20,,,,,,,,,,,RS12,RS11,RS12,RS11,RS12,426,1704,200,200,2,2,2,4,2,1,5,2,2,2,2,2,2,2,4,2,2,1,1,2,2,2,2,2,2,2,3,3,3,2,3,3,2,2,5,1,1,1,5,30,3,5,9,0,100,231,463,46962,832017,500000,145,6,12,846,946,3,3,1080,1080,240,6000,10,3,250,200,150,150,100,,,,,,,10,100,8,1,200,704,714,704,704
696,9027000,FreeDiamonds,20,,,,,,,,,,,RS11,RS12,RS11,RS12,RS11,426,1704,200,200,2,2,2,4,2,1,5,2,2,2,2,2,2,2,4,2,2,1,1,2,2,2,2,2,2,2,3,3,3,2,3,3,2,2,5,1,1,1,5,30,3,5,9,0,100,231,463,46962,832017,500000,145,6,12,846,946,3,3,1080,1080,240,6000,10,3,250,200,150,150,100,,,,,,,10,100,8,1,200,705,715,705,705
697,9047000,FreeDiamonds,20,,,,,,,,,,,RS12,RS11,RS12,RS11,RS12,427,1708,200,200,2,2,2,4,2,1,5,2,2,2,2,2,2,2,4,2,2,1,1,2,2,2,2,2,2,2,3,3,3,2,3,3,2,2,5,1,1,1,5,30,3,5,9,0,100,231,463,46962,832017,500000,145,6,12,846,946,3,3,1080,1080,240,6000,10,3,250,200,150,150,100,,,,,,,10,100,8,1,200,706,716,706,706
698,9067000,FreeDiamonds,20,,,,,,,,,,,RS11,RS12,RS11,RS12,RS11,427,1708,200,200,2,2,2,4,2,1,5,2,2,2,2,2,2,2,4,2,2,1,1,2,2,2,2,2,2,2,3,3,3,2,3,3,2,2,5,1,1,1,5,30,3,5,9,0,100,231,463,46962,832017,500000,145,6,12,846,946,3,3,1080,1080,240,6000,10,3,250,200,150,150,100,,,,,,,10,100,8,1,200,707,717,707,707
699,9087000,FreeDiamonds,20,,,,,,,,,,,RS12,RS11,RS12,RS11,RS12,428,1712,200,200,2,2,2,4,2,1,5,2,2,2,2,2,2,2,4,2,2,1,1,2,2,2,2,2,2,2,3,3,3,2,3,3,2,2,5,1,1,1,5,30,3,5,9,0,100,231,463,46962,832017,500000,145,6,12,846,946,3,3,1080,1080,240,6000,10,3,250,200,150,150,100,,,,,,,10,100,8,1,200,708,718,708,708
700,9107000,FreeDiamonds,425,,,,,,,,,,,RS11,RS12,RS11,RS12,RS11,428,1712,200,200,2,2,2,4,2,1,5,2,2,2,2,2,2,2,4,2,2,1,1,2,2,2,2,2,2,2,3,3,3,2,3,3,2,2,5,1,1,1,5,30,3,5,9,0,100,231,463,46962,832017,500000,145,6,12,846,946,3,3,1080,1080,240,6000,10,3,250,200,150,150,100,,,,,,,10,100,8,1,200,709,719,709,709
701,9127000,FreeDiamonds,20,,,,,,,,,,,RS12,RS11,RS12,RS11,RS12,429,1712,200,200,2,2,2,4,2,1,5,2,2,2,2,2,2,2,4,2,2,1,1,2,2,2,2,2,2,2,3,3,3,2,3,3,2,2,5,1,1,1,5,30,3,5,9,0,98,231,463,46962,832017,500000,145,6,12,846,946,3,3,1080,1080,240,6000,10,3,250,200,150,150,100,,,,,,,10,100,8,1,200,710,720,710,710
702,9147000,FreeDiamonds,20,,,,,,,,,,,RS11,RS12,RS11,RS12,RS11,429,1712,200,200,2,2,2,4,2,1,5,2,2,2,2,2,2,2,4,2,2,1,1,2,2,2,2,2,2,2,3,3,3,2,3,3,2,2,5,1,1,1,5,30,3,5,9,0,98,231,463,46962,832017,500000,145,6,12,846,946,3,3,1080,1080,240,6000,10,3,250,200,150,150,100,,,,,,,10,100,8,1,200,711,721,711,711
703,9167000,FreeDiamonds,20,,,,,,,,,,,RS12,RS11,RS12,RS11,RS12,429,1712,200,200,2,2,2,4,2,1,5,2,2,2,2,2,2,2,4,2,2,1,1,2,2,2,2,2,2,2,3,3,3,2,3,3,2,2,5,1,1,1,5,30,3,5,9,0,98,231,463,46962,832017,500000,145,6,12,846,946,3,3,1080,1080,240,6000,10,3,250,200,150,150,100,,,,,,,10,100,8,1,200,712,722,712,712
704,9187000,FreeDiamonds,20,,,,,,,,,,,RS11,RS12,RS11,RS12,RS11,429,1712,200,200,2,2,2,4,2,1,5,2,2,2,2,2,2,2,4,2,2,1,1,2,2,2,2,2,2,2,3,3,3,2,3,3,2,2,5,1,1,1,5,30,3,5,9,0,98,231,463,46962,832017,500000,145,6,12,846,946,3,3,1080,1080,240,6000,10,3,250,200,150,150,100,,,,,,,10,100,8,1,200,713,723,713,713
705,9207000,FreeDiamonds,20,,,,,,,,,,,RS12,RS11,RS12,RS11,RS12,430,1712,200,200,2,2,2,4,2,1,5,2,2,2,2,2,2,2,4,2,2,1,1,2,2,2,2,2,2,2,3,3,3,2,3,3,2,2,5,1,1,1,5,30,3,5,9,0,98,231,463,46962,832017,500000,145,6,12,846,946,3,3,1080,1080,240,6000,10,3,250,200,150,150,100,,,,,,,10,100,8,1,200,714,724,714,714
706,9227000,FreeDiamonds,20,,,,,,,,,,,RS11,RS12,RS11,RS12,RS11,430,1712,200,200,2,2,2,4,2,1,5,2,2,2,2,2,2,2,4,2,2,1,1,2,2,2,2,2,2,2,3,3,3,2,3,3,2,2,5,1,1,1,5,30,3,5,9,0,98,231,463,46962,832017,500000,145,6,12,846,946,3,3,1080,1080,240,6000,10,3,250,200,150,150,100,,,,,,,10,100,8,1,200,715,725,715,715
707,9247000,FreeDiamonds,20,,,,,,,,,,,RS12,RS11,RS12,RS11,RS12,430,1712,200,200,2,2,2,4,2,1,5,2,2,2,2,2,2,2,4,2,2,1,1,2,2,2,2,2,2,2,3,3,3,2,3,3,2,2,5,1,1,1,5,30,3,5,9,0,98,231,463,46962,832017,500000,145,6,12,846,946,3,3,1080,1080,240,6000,10,3,250,200,150,150,100,,,,,,,10,100,8,1,200,716,726,716,716
708,9267000,FreeDiamonds,20,,,,,,,,,,,RS11,RS12,RS11,RS12,RS11,430,1712,200,200,2,2,2,4,2,1,5,2,2,2,2,2,2,2,4,2,2,1,1,2,2,2,2,2,2,2,3,3,3,2,3,3,2,2,5,1,1,1,5,30,3,5,9,0,98,231,463,46962,832017,500000,145,6,12,846,946,3,3,1080,1080,240,6000,10,3,250,200,150,150,100,,,,,,,10,100,8,1,200,717,727,717,717
709,9287000,FreeDiamonds,20,,,,,,,,,,,RS12,RS11,RS12,RS11,RS12,431,1712,200,200,2,2,2,4,2,1,5,2,2,2,2,2,2,2,4,2,2,1,1,2,2,2,2,2,2,2,3,3,3,2,3,3,2,2,5,1,1,1,5,30,3,5,9,0,98,231,463,46962,832017,500000,145,6,12,846,946,3,3,1080,1080,240,6000,10,3,250,200,150,150,100,,,,,,,10,100,8,1,200,718,728,718,718
710,9307000,FreeDiamonds,20,,,,,,,,,,,RS11,RS12,RS11,RS12,RS11,431,1712,200,200,2,2,2,4,2,1,5,2,2,2,2,2,2,2,4,2,2,1,1,2,2,2,2,2,2,2,3,3,3,2,3,3,2,2,5,1,1,1,5,30,3,5,9,0,98,231,463,46962,832017,500000,145,6,12,846,946,3,3,1080,1080,240,6000,10,3,250,200,150,150,100,,,,,,,10,100,8,1,200,719,729,719,719
711,9327000,FreeDiamonds,20,,,,,,,,,,,RS12,RS11,RS12,RS11,RS12,431,1712,200,200,2,2,2,4,2,1,5,2,2,2,2,2,2,2,4,2,2,1,1,2,2,2,2,2,2,2,3,3,3,2,3,3,2,2,5,1,1,1,5,30,3,5,9,0,99,231,463,46962,832017,500000,145,6,12,846,946,3,3,1080,1080,240,6000,10,3,250,200,150,150,100,,,,,,,10,100,8,1,200,720,730,720,720
712,9347000,FreeDiamonds,20,,,,,,,,,,,RS11,RS12,RS11,RS12,RS11,431,1712,200,200,2,2,2,4,2,1,5,2,2,2,2,2,2,2,4,2,2,1,1,2,2,2,2,2,2,2,3,3,3,2,3,3,2,2,5,1,1,1,5,30,3,5,9,0,99,231,463,46962,832017,500000,145,6,12,846,946,3,3,1080,1080,240,6000,10,3,250,200,150,150,100,,,,,,,10,100,8,1,200,721,731,721,721
713,9367000,FreeDiamonds,20,,,,,,,,,,,RS12,RS11,RS12,RS11,RS12,432,1712,200,200,2,2,2,4,2,1,5,2,2,2,2,2,2,2,4,2,2,1,1,2,2,2,2,2,2,2,3,3,3,2,3,3,2,2,5,1,1,1,5,30,3,5,9,0,99,231,463,46962,832017,500000,145,6,12,846,946,3,3,1080,1080,240,6000,10,3,250,200,150,150,100,,,,,,,10,100,8,1,200,722,732,722,722
714,9387000,FreeDiamonds,20,,,,,,,,,,,RS11,RS12,RS11,RS12,RS11,432,1712,200,200,2,2,2,4,2,1,5,2,2,2,2,2,2,2,4,2,2,1,1,2,2,2,2,2,2,2,3,3,3,2,3,3,2,2,5,1,1,1,5,30,3,5,9,0,99,231,463,46962,832017,500000,145,6,12,846,946,3,3,1080,1080,240,6000,10,3,250,200,150,150,100,,,,,,,10,100,8,1,200,723,733,723,723
715,9407000,FreeDiamonds,20,,,,,,,,,,,RS12,RS11,RS12,RS11,RS12,432,1712,200,200,2,2,2,4,2,1,5,2,2,2,2,2,2,2,4,2,2,1,1,2,2,2,2,2,2,2,3,3,3,2,3,3,2,2,5,1,1,1,5,30,3,5,9,0,99,231,463,46962,832017,500000,145,6,12,846,946,3,3,1080,1080,240,6000,10,3,250,200,150,150,100,,,,,,,10,100,8,1,200,724,734,724,724
716,9427000,FreeDiamonds,20,,,,,,,,,,,RS11,RS12,RS11,RS12,RS11,432,1712,200,200,2,2,2,4,2,1,5,2,2,2,2,2,2,2,4,2,2,1,1,2,2,2,2,2,2,2,3,3,3,2,3,3,2,2,5,1,1,1,5,30,3,5,9,0,99,231,463,46962,832017,500000,145,6,12,846,946,3,3,1080,1080,240,6000,10,3,250,200,150,150,100,,,,,,,10,100,8,1,200,725,735,725,725
717,9447000,FreeDiamonds,20,,,,,,,,,,,RS12,RS11,RS12,RS11,RS12,433,1712,200,200,2,2,2,4,2,1,5,2,2,2,2,2,2,2,4,2,2,1,1,2,2,2,2,2,2,2,3,3,3,2,3,3,2,2,5,1,1,1,5,30,3,5,9,0,99,231,463,46962,832017,500000,145,6,12,846,946,3,3,1080,1080,240,6000,10,3,250,200,150,150,100,,,,,,,10,100,8,1,200,726,736,726,726
718,9467000,FreeDiamonds,20,,,,,,,,,,,RS11,RS12,RS11,RS12,RS11,433,1712,200,200,2,2,2,4,2,1,5,2,2,2,2,2,2,2,4,2,2,1,1,2,2,2,2,2,2,2,3,3,3,2,3,3,2,2,5,1,1,1,5,30,3,5,9,0,99,231,463,46962,832017,500000,145,6,12,846,946,3,3,1080,1080,240,6000,10,3,250,200,150,150,100,,,,,,,10,100,8,1,200,727,737,727,727
719,9487000,FreeDiamonds,20,,,,,,,,,,,RS12,RS11,RS12,RS11,RS12,433,1712,200,200,2,2,2,4,2,1,5,2,2,2,2,2,2,2,4,2,2,1,1,2,2,2,2,2,2,2,3,3,3,2,3,3,2,2,5,1,1,1,5,30,3,5,9,0,99,231,463,46962,832017,500000,145,6,12,846,946,3,3,1080,1080,240,6000,10,3,250,200,150,150,100,,,,,,,10,100,8,1,200,728,738,728,728
720,9507000,FreeDiamonds,20,,,,,,,,,,,RS11,RS12,RS11,RS12,RS11,433,1712,200,200,2,2,2,4,2,1,5,2,2,2,2,2,2,2,4,2,2,1,1,2,2,2,2,2,2,2,3,3,3,2,3,3,2,2,5,1,1,1,5,30,3,5,9,0,99,231,463,46962,832017,500000,145,6,12,846,946,3,3,1080,1080,240,6000,10,3,250,200,150,150,100,,,,,,,10,100,8,1,200,729,739,729,729
721,9527000,FreeDiamonds,20,,,,,,,,,,,RS12,RS11,RS12,RS11,RS12,434,1712,200,200,2,2,2,4,2,1,5,2,2,2,2,2,2,2,4,2,2,1,1,2,2,2,2,2,2,2,3,3,3,2,3,3,2,2,5,1,1,1,5,30,3,5,9,0,99,231,463,46962,832017,500000,145,6,12,846,946,3,3,1080,1080,240,6000,10,3,250,200,150,150,100,,,,,,,10,100,8,1,200,730,740,730,730
722,9547000,FreeDiamonds,20,,,,,,,,,,,RS11,RS12,RS11,RS12,RS11,434,1712,200,200,2,2,2,4,2,1,5,2,2,2,2,2,2,2,4,2,2,1,1,2,2,2,2,2,2,2,3,3,3,2,3,3,2,2,5,1,1,1,5,30,3,5,9,0,99,231,463,46962,832017,500000,145,6,12,846,946,3,3,1080,1080,240,6000,10,3,250,200,150,150,100,,,,,,,10,100,8,1,200,731,741,731,731
723,9567000,FreeDiamonds,20,,,,,,,,,,,RS12,RS11,RS12,RS11,RS12,434,1712,200,200,2,2,2,4,2,1,5,2,2,2,2,2,2,2,4,2,2,1,1,2,2,2,2,2,2,2,3,3,3,2,3,3,2,2,5,1,1,1,5,30,3,5,9,0,99,231,463,46962,832017,500000,145,6,12,846,946,3,3,1080,1080,240,6000,10,3,250,200,150,150,100,,,,,,,10,100,8,1,200,732,742,732,732
724,9587000,FreeDiamonds,20,,,,,,,,,,,RS11,RS12,RS11,RS12,RS11,434,1712,200,200,2,2,2,4,2,1,5,2,2,2,2,2,2,2,4,2,2,1,1,2,2,2,2,2,2,2,3,3,3,2,3,3,2,2,5,1,1,1,5,30,3,5,9,0,99,231,463,46962,832017,500000,145,6,12,846,946,3,3,1080,1080,240,6000,10,3,250,200,150,150,100,,,,,,,10,100,8,1,200,733,743,733,733
725,9607000,FreeDiamonds,20,,,,,,,,,,,RS12,RS11,RS12,RS11,RS12,435,1712,200,200,2,2,2,4,2,1,5,2,2,2,2,2,2,2,4,2,2,1,1,2,2,2,2,2,2,2,3,3,3,2,3,3,2,2,5,1,1,1,5,30,3,5,9,0,99,231,463,46962,832017,500000,145,6,12,846,946,3,3,1080,1080,240,6000,10,3,250,200,150,150,100,,,,,,,10,100,8,1,200,734,744,734,734
726,9627000,FreeDiamonds,20,,,,,,,,,,,RS11,RS12,RS11,RS12,RS11,435,1712,200,200,2,2,2,4,2,1,5,2,2,2,2,2,2,2,4,2,2,1,1,2,2,2,2,2,2,2,3,3,3,2,3,3,2,2,5,1,1,1,5,30,3,5,9,0,99,231,463,46962,832017,500000,145,6,12,846,946,3,3,1080,1080,240,6000,10,3,250,200,150,150,100,,,,,,,10,100,8,1,200,735,745,735,735
727,9647000,FreeDiamonds,20,,,,,,,,,,,RS12,RS11,RS12,RS11,RS12,435,1712,200,200,2,2,2,4,2,1,5,2,2,2,2,2,2,2,4,2,2,1,1,2,2,2,2,2,2,2,3,3,3,2,3,3,2,2,5,1,1,1,5,30,3,5,9,0,99,231,463,46962,832017,500000,145,6,12,846,946,3,3,1080,1080,240,6000,10,3,250,200,150,150,100,,,,,,,10,100,8,1,200,736,746,736,736
728,9667000,FreeDiamonds,20,,,,,,,,,,,RS11,RS12,RS11,RS12,RS11,435,1712,200,200,2,2,2,4,2,1,5,2,2,2,2,2,2,2,4,2,2,1,1,2,2,2,2,2,2,2,3,3,3,2,3,3,2,2,5,1,1,1,5,30,3,5,9,0,99,231,463,46962,832017,500000,145,6,12,846,946,3,3,1080,1080,240,6000,10,3,250,200,150,150,100,,,,,,,10,100,8,1,200,737,747,737,737
729,9687000,FreeDiamonds,20,,,,,,,,,,,RS12,RS11,RS12,RS11,RS12,436,1712,200,200,2,2,2,4,2,1,5,2,2,2,2,2,2,2,4,2,2,1,1,2,2,2,2,2,2,2,3,3,3,2,3,3,2,2,5,1,1,1,5,30,3,5,9,0,99,231,463,46962,832017,500000,145,6,12,846,946,3,3,1080,1080,240,6000,10,3,250,200,150,150,100,,,,,,,10,100,8,1,200,738,748,738,738
730,9707000,FreeDiamonds,20,,,,,,,,,,,RS11,RS12,RS11,RS12,RS11,436,1712,200,200,2,2,2,4,2,1,5,2,2,2,2,2,2,2,4,2,2,1,1,2,2,2,2,2,2,2,3,3,3,2,3,3,2,2,5,1,1,1,5,30,3,5,9,0,99,231,463,46962,832017,500000,145,6,12,846,946,3,3,1080,1080,240,6000,10,3,250,200,150,150,100,,,,,,,10,100,8,1,200,739,749,739,739
731,9727000,FreeDiamonds,20,,,,,,,,,,,RS12,RS11,RS12,RS11,RS12,436,1712,200,200,2,2,2,4,2,1,5,2,2,2,2,2,2,2,4,2,2,1,1,2,2,2,2,2,2,2,3,3,3,2,3,3,2,2,5,1,1,1,5,30,3,5,9,0,99,231,463,46962,832017,500000,145,6,12,846,946,3,3,1080,1080,240,6000,10,3,250,200,150,150,100,,,,,,,10,100,8,1,200,740,750,740,740
732,9747000,FreeDiamonds,20,,,,,,,,,,,RS11,RS12,RS11,RS12,RS11,436,1712,200,200,2,2,2,4,2,1,5,2,2,2,2,2,2,2,4,2,2,1,1,2,2,2,2,2,2,2,3,3,3,2,3,3,2,2,5,1,1,1,5,30,3,5,9,0,99,231,463,46962,832017,500000,145,6,12,846,946,3,3,1080,1080,240,6000,10,3,250,200,150,150,100,,,,,,,10,100,8,1,200,741,751,741,741
733,9767000,FreeDiamonds,20,,,,,,,,,,,RS12,RS11,RS12,RS11,RS12,437,1712,200,200,2,2,2,4,2,1,5,2,2,2,2,2,2,2,4,2,2,1,1,2,2,2,2,2,2,2,3,3,3,2,3,3,2,2,5,1,1,1,5,30,3,5,9,0,99,231,463,46962,832017,500000,145,6,12,846,946,3,3,1080,1080,240,6000,10,3,250,200,150,150,100,,,,,,,10,100,8,1,200,742,752,742,742
734,9787000,FreeDiamonds,20,,,,,,,,,,,RS11,RS12,RS11,RS12,RS11,437,1712,200,200,2,2,2,4,2,1,5,2,2,2,2,2,2,2,4,2,2,1,1,2,2,2,2,2,2,2,3,3,3,2,3,3,2,2,5,1,1,1,5,30,3,5,9,0,99,231,463,46962,832017,500000,145,6,12,846,946,3,3,1080,1080,240,6000,10,3,250,200,150,150,100,,,,,,,10,100,8,1,200,743,753,743,743
735,9807000,FreeDiamonds,20,,,,,,,,,,,RS12,RS11,RS12,RS11,RS12,437,1712,200,200,2,2,2,4,2,1,5,2,2,2,2,2,2,2,4,2,2,1,1,2,2,2,2,2,2,2,3,3,3,2,3,3,2,2,5,1,1,1,5,30,3,5,9,0,99,231,463,46962,832017,500000,145,6,12,846,946,3,3,1080,1080,240,6000,10,3,250,200,150,150,100,,,,,,,10,100,8,1,200,744,754,744,744
736,9827000,FreeDiamonds,20,,,,,,,,,,,RS11,RS12,RS11,RS12,RS11,437,1712,200,200,2,2,2,4,2,1,5,2,2,2,2,2,2,2,4,2,2,1,1,2,2,2,2,2,2,2,3,3,3,2,3,3,2,2,5,1,1,1,5,30,3,5,9,0,99,231,463,46962,832017,500000,145,6,12,846,946,3,3,1080,1080,240,6000,10,3,250,200,150,150,100,,,,,,,10,100,8,1,200,745,755,745,745
737,9847000,FreeDiamonds,20,,,,,,,,,,,RS12,RS11,RS12,RS11,RS12,438,1712,200,200,2,2,2,4,2,1,5,2,2,2,2,2,2,2,4,2,2,1,1,2,2,2,2,2,2,2,3,3,3,2,3,3,2,2,5,1,1,1,5,30,3,5,9,0,100,231,463,46962,832017,500000,145,6,12,846,946,3,3,1080,1080,240,6000,10,3,250,200,150,150,100,,,,,,,10,100,8,1,200,746,756,746,746
738,9867000,FreeDiamonds,20,,,,,,,,,,,RS11,RS12,RS11,RS12,RS11,438,1712,200,200,2,2,2,4,2,1,5,2,2,2,2,2,2,2,4,2,2,1,1,2,2,2,2,2,2,2,3,3,3,2,3,3,2,2,5,1,1,1,5,30,3,5,9,0,100,231,463,46962,832017,500000,145,6,12,846,946,3,3,1080,1080,240,6000,10,3,250,200,150,150,100,,,,,,,10,100,8,1,200,747,757,747,747
739,9887000,FreeDiamonds,20,,,,,,,,,,,RS12,RS11,RS12,RS11,RS12,438,1712,200,200,2,2,2,4,2,1,5,2,2,2,2,2,2,2,4,2,2,1,1,2,2,2,2,2,2,2,3,3,3,2,3,3,2,2,5,1,1,1,5,30,3,5,9,0,100,231,463,46962,832017,500000,145,6,12,846,946,3,3,1080,1080,240,6000,10,3,250,200,150,150,100,,,,,,,10,100,8,1,200,748,758,748,748
740,9907000,FreeDiamonds,20,,,,,,,,,,,RS11,RS12,RS11,RS12,RS11,438,1712,200,200,2,2,2,4,2,1,5,2,2,2,2,2,2,2,4,2,2,1,1,2,2,2,2,2,2,2,3,3,3,2,3,3,2,2,5,1,1,1,5,30,3,5,9,0,100,231,463,46962,832017,500000,145,6,12,846,946,3,3,1080,1080,240,6000,10,3,250,200,150,150,100,,,,,,,10,100,8,1,200,749,759,749,749
741,9927000,FreeDiamonds,20,,,,,,,,,,,RS12,RS11,RS12,RS11,RS12,439,1712,200,200,2,2,2,4,2,1,5,2,2,2,2,2,2,2,4,2,2,1,1,2,2,2,2,2,2,2,3,3,3,2,3,3,2,2,5,1,1,1,5,30,3,5,9,0,100,231,463,46962,832017,500000,145,6,12,846,946,3,3,1080,1080,240,6000,10,3,250,200,150,150,100,,,,,,,10,100,8,1,200,750,760,750,750
742,9947000,FreeDiamonds,20,,,,,,,,,,,RS11,RS12,RS11,RS12,RS11,439,1712,200,200,2,2,2,4,2,1,5,2,2,2,2,2,2,2,4,2,2,1,1,2,2,2,2,2,2,2,3,3,3,2,3,3,2,2,5,1,1,1,5,30,3,5,9,0,100,231,463,46962,832017,500000,145,6,12,846,946,3,3,1080,1080,240,6000,10,3,250,200,150,150,100,,,,,,,10,100,8,1,200,751,761,751,751
743,9967000,FreeDiamonds,20,,,,,,,,,,,RS12,RS11,RS12,RS11,RS12,439,1712,200,200,2,2,2,4,2,1,5,2,2,2,2,2,2,2,4,2,2,1,1,2,2,2,2,2,2,2,3,3,3,2,3,3,2,2,5,1,1,1,5,30,3,5,9,0,98,231,463,46962,832017,500000,145,6,12,846,946,3,3,1080,1080,240,6000,10,3,250,200,150,150,100,,,,,,,10,100,8,1,200,752,762,752,752
744,9987000,FreeDiamonds,20,,,,,,,,,,,RS11,RS12,RS11,RS12,RS11,439,1712,200,200,2,2,2,4,2,1,5,2,2,2,2,2,2,2,4,2,2,1,1,2,2,2,2,2,2,2,3,3,3,2,3,3,2,2,5,1,1,1,5,30,3,5,9,0,98,231,463,46962,832017,500000,145,6,12,846,946,3,3,1080,1080,240,6000,10,3,250,200,150,150,100,,,,,,,10,100,8,1,200,753,763,753,753
745,10007000,FreeDiamonds,20,,,,,,,,,,,RS12,RS11,RS12,RS11,RS12,440,1712,200,200,2,2,2,4,2,1,5,2,2,2,2,2,2,2,4,2,2,1,1,2,2,2,2,2,2,2,3,3,3,2,3,3,2,2,5,1,1,1,5,30,3,5,9,0,98,231,463,46962,832017,500000,145,6,12,846,946,3,3,1080,1080,240,6000,10,3,250,200,150,150,100,,,,,,,10,100,8,1,200,754,764,754,754
746,10027000,FreeDiamonds,20,,,,,,,,,,,RS11,RS12,RS11,RS12,RS11,440,1712,200,200,2,2,2,4,2,1,5,2,2,2,2,2,2,2,4,2,2,1,1,2,2,2,2,2,2,2,3,3,3,2,3,3,2,2,5,1,1,1,5,30,3,5,9,0,98,231,463,46962,832017,500000,145,6,12,846,946,3,3,1080,1080,240,6000,10,3,250,200,150,150,100,,,,,,,10,100,8,1,200,755,765,755,755
747,10047000,FreeDiamonds,20,,,,,,,,,,,RS12,RS11,RS12,RS11,RS12,440,1712,200,200,2,2,2,4,2,1,5,2,2,2,2,2,2,2,4,2,2,1,1,2,2,2,2,2,2,2,3,3,3,2,3,3,2,2,5,1,1,1,5,30,3,5,9,0,98,231,463,46962,832017,500000,145,6,12,846,946,3,3,1080,1080,240,6000,10,3,250,200,150,150,100,,,,,,,10,100,8,1,200,756,766,756,756
748,10067000,FreeDiamonds,20,,,,,,,,,,,RS11,RS12,RS11,RS12,RS11,440,1712,200,200,2,2,2,4,2,1,5,2,2,2,2,2,2,2,4,2,2,1,1,2,2,2,2,2,2,2,3,3,3,2,3,3,2,2,5,1,1,1,5,30,3,5,9,0,98,231,463,46962,832017,500000,145,6,12,846,946,3,3,1080,1080,240,6000,10,3,250,200,150,150,100,,,,,,,10,100,8,1,200,757,767,757,757
749,10087000,FreeDiamonds,20,,,,,,,,,,,RS12,RS11,RS12,RS11,RS12,441,1712,200,200,2,2,2,4,2,1,5,2,2,2,2,2,2,2,4,2,2,1,1,2,2,2,2,2,2,2,3,3,3,2,3,3,2,2,5,1,1,1,5,30,3,5,9,0,98,231,463,46962,832017,500000,145,6,12,846,946,3,3,1080,1080,240,6000,10,3,250,200,150,150,100,,,,,,,10,100,8,1,200,758,768,758,758
750,10107000,FreeDiamonds,50,,,,,,,,,,,RS11,RS12,RS11,RS12,RS11,441,1712,200,200,2,2,2,4,2,1,5,2,2,2,2,2,2,2,4,2,2,1,1,2,2,2,2,2,2,2,3,3,3,2,3,3,2,2,5,1,1,1,5,30,3,5,9,0,98,231,463,46962,832017,500000,145,6,12,846,946,3,3,1080,1080,240,6000,10,3,250,200,150,150,100,,,,,,,10,100,8,1,200,759,769,759,759
751,10127000,FreeDiamonds,20,,,,,,,,,,,RS12,RS11,RS12,RS11,RS12,441,1712,200,200,2,2,2,4,2,1,5,2,2,2,2,2,2,2,4,2,2,1,1,2,2,2,2,2,2,2,3,3,3,2,3,3,2,2,5,1,1,1,5,30,3,5,9,0,98,231,463,46962,832017,500000,145,6,12,846,946,3,3,1080,1080,240,6000,10,3,250,200,150,150,100,,,,,,,10,100,8,1,200,760,770,760,760
752,10147000,FreeDiamonds,20,,,,,,,,,,,RS11,RS12,RS11,RS12,RS11,441,1712,200,200,2,2,2,4,2,1,5,2,2,2,2,2,2,2,4,2,2,1,1,2,2,2,2,2,2,2,3,3,3,2,3,3,2,2,5,1,1,1,5,30,3,5,9,0,98,231,463,46962,832017,500000,145,6,12,846,946,3,3,1080,1080,240,6000,10,3,250,200,150,150,100,,,,,,,10,100,8,1,200,761,771,761,761
753,10167000,FreeDiamonds,20,,,,,,,,,,,RS12,RS11,RS12,RS11,RS12,442,1712,200,200,2,2,2,4,2,1,5,2,2,2,2,2,2,2,4,2,2,1,1,2,2,2,2,2,2,2,3,3,3,2,3,3,2,2,5,1,1,1,5,30,3,5,9,0,98,231,463,46962,832017,500000,145,6,12,846,946,3,3,1080,1080,240,6000,10,3,250,200,150,150,100,,,,,,,10,100,8,1,200,762,772,762,762
754,10187000,FreeDiamonds,20,,,,,,,,,,,RS11,RS12,RS11,RS12,RS11,442,1712,200,200,2,2,2,4,2,1,5,2,2,2,2,2,2,2,4,2,2,1,1,2,2,2,2,2,2,2,3,3,3,2,3,3,2,2,5,1,1,1,5,30,3,5,9,0,98,231,463,46962,832017,500000,145,6,12,846,946,3,3,1080,1080,240,6000,10,3,250,200,150,150,100,,,,,,,10,100,8,1,200,763,773,763,763
755,10207000,FreeDiamonds,20,,,,,,,,,,,RS12,RS11,RS12,RS11,RS12,442,1712,200,200,2,2,2,4,2,1,5,2,2,2,2,2,2,2,4,2,2,1,1,2,2,2,2,2,2,2,3,3,3,2,3,3,2,2,5,1,1,1,5,30,3,5,9,0,98,231,463,46962,832017,500000,145,6,12,846,946,3,3,1080,1080,240,6000,10,3,250,200,150,150,100,,,,,,,10,100,8,1,200,764,774,764,764
756,10227000,FreeDiamonds,20,,,,,,,,,,,RS11,RS12,RS11,RS12,RS11,442,1712,200,200,2,2,2,4,2,1,5,2,2,2,2,2,2,2,4,2,2,1,1,2,2,2,2,2,2,2,3,3,3,2,3,3,2,2,5,1,1,1,5,30,3,5,9,0,98,231,463,46962,832017,500000,145,6,12,846,946,3,3,1080,1080,240,6000,10,3,250,200,150,150,100,,,,,,,10,100,8,1,200,765,775,765,765
757,10247000,FreeDiamonds,20,,,,,,,,,,,RS12,RS11,RS12,RS11,RS12,443,1712,200,200,2,2,2,4,2,1,5,2,2,2,2,2,2,2,4,2,2,1,1,2,2,2,2,2,2,2,3,3,3,2,3,3,2,2,5,1,1,1,5,30,3,5,9,0,98,231,463,46962,832017,500000,145,6,12,846,946,3,3,1080,1080,240,6000,10,3,250,200,150,150,100,,,,,,,10,100,8,1,200,766,776,766,766
758,10267000,FreeDiamonds,20,,,,,,,,,,,RS11,RS12,RS11,RS12,RS11,443,1712,200,200,2,2,2,4,2,1,5,2,2,2,2,2,2,2,4,2,2,1,1,2,2,2,2,2,2,2,3,3,3,2,3,3,2,2,5,1,1,1,5,30,3,5,9,0,98,231,463,46962,832017,500000,145,6,12,846,946,3,3,1080,1080,240,6000,10,3,250,200,150,150,100,,,,,,,10,100,8,1,200,767,777,767,767
759,10287000,FreeDiamonds,20,,,,,,,,,,,RS12,RS11,RS12,RS11,RS12,443,1712,200,200,2,2,2,4,2,1,5,2,2,2,2,2,2,2,4,2,2,1,1,2,2,2,2,2,2,2,3,3,3,2,3,3,2,2,5,1,1,1,5,30,3,5,9,0,98,231,463,46962,832017,500000,145,6,12,846,946,3,3,1080,1080,240,6000,10,3,250,200,150,150,100,,,,,,,10,100,8,1,200,768,778,768,768
760,10307000,FreeDiamonds,20,,,,,,,,,,,RS11,RS12,RS11,RS12,RS11,443,1712,200,200,2,2,2,4,2,1,5,2,2,2,2,2,2,2,4,2,2,1,1,2,2,2,2,2,2,2,3,3,3,2,3,3,2,2,5,1,1,1,5,30,3,5,9,0,98,231,463,46962,832017,500000,145,6,12,846,946,3,3,1080,1080,240,6000,10,3,250,200,150,150,100,,,,,,,10,100,8,1,200,769,779,769,769
761,10327000,FreeDiamonds,20,,,,,,,,,,,RS12,RS11,RS12,RS11,RS12,444,1712,200,200,2,2,2,4,2,1,5,2,2,2,2,2,2,2,4,2,2,1,1,2,2,2,2,2,2,2,3,3,3,2,3,3,2,2,5,1,1,1,5,30,3,5,9,0,98,231,463,46962,832017,500000,145,6,12,846,946,3,3,1080,1080,240,6000,10,3,250,200,150,150,100,,,,,,,10,100,8,1,200,770,780,770,770
762,10347000,FreeDiamonds,20,,,,,,,,,,,RS11,RS12,RS11,RS12,RS11,444,1712,200,200,2,2,2,4,2,1,5,2,2,2,2,2,2,2,4,2,2,1,1,2,2,2,2,2,2,2,3,3,3,2,3,3,2,2,5,1,1,1,5,30,3,5,9,0,98,231,463,46962,832017,500000,145,6,12,846,946,3,3,1080,1080,240,6000,10,3,250,200,150,150,100,,,,,,,10,100,8,1,200,771,781,771,771
763,10367000,FreeDiamonds,20,,,,,,,,,,,RS12,RS11,RS12,RS11,RS12,444,1712,200,200,2,2,2,4,2,1,5,2,2,2,2,2,2,2,4,2,2,1,1,2,2,2,2,2,2,2,3,3,3,2,3,3,2,2,5,1,1,1,5,30,3,5,9,0,98,231,463,46962,832017,500000,145,6,12,846,946,3,3,1080,1080,240,6000,10,3,250,200,150,150,100,,,,,,,10,100,8,1,200,772,782,772,772
764,10387000,FreeDiamonds,20,,,,,,,,,,,RS11,RS12,RS11,RS12,RS11,444,1712,200,200,2,2,2,4,2,1,5,2,2,2,2,2,2,2,4,2,2,1,1,2,2,2,2,2,2,2,3,3,3,2,3,3,2,2,5,1,1,1,5,30,3,5,9,0,98,231,463,46962,832017,500000,145,6,12,846,946,3,3,1080,1080,240,6000,10,3,250,200,150,150,100,,,,,,,10,100,8,1,200,773,783,773,773
765,10407000,FreeDiamonds,20,,,,,,,,,,,RS12,RS11,RS12,RS11,RS12,445,1712,200,200,2,2,2,4,2,1,5,2,2,2,2,2,2,2,4,2,2,1,1,2,2,2,2,2,2,2,3,3,3,2,3,3,2,2,5,1,1,1,5,30,3,5,9,0,98,231,463,46962,832017,500000,145,6,12,846,946,3,3,1080,1080,240,6000,10,3,250,200,150,150,100,,,,,,,10,100,8,1,200,774,784,774,774
766,10427000,FreeDiamonds,20,,,,,,,,,,,RS11,RS12,RS11,RS12,RS11,445,1712,200,200,2,2,2,4,2,1,5,2,2,2,2,2,2,2,4,2,2,1,1,2,2,2,2,2,2,2,3,3,3,2,3,3,2,2,5,1,1,1,5,30,3,5,9,0,98,231,463,46962,832017,500000,145,6,12,846,946,3,3,1080,1080,240,6000,10,3,250,200,150,150,100,,,,,,,10,100,8,1,200,775,785,775,775
767,10447000,FreeDiamonds,20,,,,,,,,,,,RS12,RS11,RS12,RS11,RS12,445,1712,200,200,2,2,2,4,2,1,5,2,2,2,2,2,2,2,4,2,2,1,1,2,2,2,2,2,2,2,3,3,3,2,3,3,2,2,5,1,1,1,5,30,3,5,9,0,98,231,463,46962,832017,500000,145,6,12,846,946,3,3,1080,1080,240,6000,10,3,250,200,150,150,100,,,,,,,10,100,8,1,200,776,786,776,776
768,10467000,FreeDiamonds,20,,,,,,,,,,,RS11,RS12,RS11,RS12,RS11,445,1712,200,200,2,2,2,4,2,1,5,2,2,2,2,2,2,2,4,2,2,1,1,2,2,2,2,2,2,2,3,3,3,2,3,3,2,2,5,1,1,1,5,30,3,5,9,0,99,231,463,46962,832017,500000,145,6,12,846,946,3,3,1080,1080,240,6000,10,3,250,200,150,150,100,,,,,,,10,100,8,1,200,777,787,777,777
769,10487000,FreeDiamonds,20,,,,,,,,,,,RS12,RS11,RS12,RS11,RS12,446,1712,200,200,2,2,2,4,2,1,5,2,2,2,2,2,2,2,4,2,2,1,1,2,2,2,2,2,2,2,3,3,3,2,3,3,2,2,5,1,1,1,5,30,3,5,9,0,99,231,463,46962,832017,500000,145,6,12,846,946,3,3,1080,1080,240,6000,10,3,250,200,150,150,100,,,,,,,10,100,8,1,200,778,788,778,778
770,10507000,FreeDiamonds,20,,,,,,,,,,,RS11,RS12,RS11,RS12,RS11,446,1712,200,200,2,2,2,4,2,1,5,2,2,2,2,2,2,2,4,2,2,1,1,2,2,2,2,2,2,2,3,3,3,2,3,3,2,2,5,1,1,1,5,30,3,5,9,0,99,231,463,46962,832017,500000,145,6,12,846,946,3,3,1080,1080,240,6000,10,3,250,200,150,150,100,,,,,,,10,100,8,1,200,779,789,779,779
771,10527000,FreeDiamonds,20,,,,,,,,,,,RS12,RS11,RS12,RS11,RS12,446,1712,200,200,2,2,2,4,2,1,5,2,2,2,2,2,2,2,4,2,2,1,1,2,2,2,2,2,2,2,3,3,3,2,3,3,2,2,5,1,1,1,5,30,3,5,9,0,99,231,463,46962,832017,500000,145,6,12,846,946,3,3,1080,1080,240,6000,10,3,250,200,150,150,100,,,,,,,10,100,8,1,200,780,790,780,780
772,10547000,FreeDiamonds,20,,,,,,,,,,,RS11,RS12,RS11,RS12,RS11,446,1712,200,200,2,2,2,4,2,1,5,2,2,2,2,2,2,2,4,2,2,1,1,2,2,2,2,2,2,2,3,3,3,2,3,3,2,2,5,1,1,1,5,30,3,5,9,0,99,231,463,46962,832017,500000,145,6,12,846,946,3,3,1080,1080,240,6000,10,3,250,200,150,150,100,,,,,,,10,100,8,1,200,781,791,781,781
773,10567000,FreeDiamonds,20,,,,,,,,,,,RS12,RS11,RS12,RS11,RS12,447,1712,200,200,2,2,2,4,2,1,5,2,2,2,2,2,2,2,4,2,2,1,1,2,2,2,2,2,2,2,3,3,3,2,3,3,2,2,5,1,1,1,5,30,3,5,9,0,99,231,463,46962,832017,500000,145,6,12,846,946,3,3,1080,1080,240,6000,10,3,250,200,150,150,100,,,,,,,10,100,8,1,200,782,792,782,782
774,10587000,FreeDiamonds,20,,,,,,,,,,,RS11,RS12,RS11,RS12,RS11,447,1712,200,200,2,2,2,4,2,1,5,2,2,2,2,2,2,2,4,2,2,1,1,2,2,2,2,2,2,2,3,3,3,2,3,3,2,2,5,1,1,1,5,30,3,5,9,0,99,231,463,46962,832017,500000,145,6,12,846,946,3,3,1080,1080,240,6000,10,3,250,200,150,150,100,,,,,,,10,100,8,1,200,783,793,783,783
775,10607000,FreeDiamonds,20,,,,,,,,,,,RS12,RS11,RS12,RS11,RS12,447,1712,200,200,2,2,2,4,2,1,5,2,2,2,2,2,2,2,4,2,2,1,1,2,2,2,2,2,2,2,3,3,3,2,3,3,2,2,5,1,1,1,5,30,3,5,9,0,99,231,463,46962,832017,500000,145,6,12,846,946,3,3,1080,1080,240,6000,10,3,250,200,150,150,100,,,,,,,10,100,8,1,200,784,794,784,784
776,10627000,FreeDiamonds,20,,,,,,,,,,,RS11,RS12,RS11,RS12,RS11,447,1712,200,200,2,2,2,4,2,1,5,2,2,2,2,2,2,2,4,2,2,1,1,2,2,2,2,2,2,2,3,3,3,2,3,3,2,2,5,1,1,1,5,30,3,5,9,0,99,231,463,46962,832017,500000,145,6,12,846,946,3,3,1080,1080,240,6000,10,3,250,200,150,150,100,,,,,,,10,100,8,1,200,785,795,785,785
777,10647000,FreeDiamonds,20,,,,,,,,,,,RS12,RS11,RS12,RS11,RS12,448,1712,200,200,2,2,2,4,2,1,5,2,2,2,2,2,2,2,4,2,2,1,1,2,2,2,2,2,2,2,3,3,3,2,3,3,2,2,5,1,1,1,5,30,3,5,9,0,99,231,463,46962,832017,500000,145,6,12,846,946,3,3,1080,1080,240,6000,10,3,250,200,150,150,100,,,,,,,10,100,8,1,200,786,796,786,786
778,10667000,FreeDiamonds,20,,,,,,,,,,,RS11,RS12,RS11,RS12,RS11,448,1712,200,200,2,2,2,4,2,1,5,2,2,2,2,2,2,2,4,2,2,1,1,2,2,2,2,2,2,2,3,3,3,2,3,3,2,2,5,1,1,1,5,30,3,5,9,0,99,231,463,46962,832017,500000,145,6,12,846,946,3,3,1080,1080,240,6000,10,3,250,200,150,150,100,,,,,,,10,100,8,1,200,787,797,787,787
779,10687000,FreeDiamonds,20,,,,,,,,,,,RS12,RS11,RS12,RS11,RS12,448,1712,200,200,2,2,2,4,2,1,5,2,2,2,2,2,2,2,4,2,2,1,1,2,2,2,2,2,2,2,3,3,3,2,3,3,2,2,5,1,1,1,5,30,3,5,9,0,99,231,463,46962,832017,500000,145,6,12,846,946,3,3,1080,1080,240,6000,10,3,250,200,150,150,100,,,,,,,10,100,8,1,200,788,798,788,788
780,10707000,FreeDiamonds,20,,,,,,,,,,,RS11,RS12,RS11,RS12,RS11,448,1712,200,200,2,2,2,4,2,1,5,2,2,2,2,2,2,2,4,2,2,1,1,2,2,2,2,2,2,2,3,3,3,2,3,3,2,2,5,1,1,1,5,30,3,5,9,0,99,231,463,46962,832017,500000,145,6,12,846,946,3,3,1080,1080,240,6000,10,3,250,200,150,150,100,,,,,,,10,100,8,1,200,789,799,789,789
781,10727000,FreeDiamonds,20,,,,,,,,,,,RS12,RS11,RS12,RS11,RS12,449,1712,200,200,2,2,2,4,2,1,5,2,2,2,2,2,2,2,4,2,2,1,1,2,2,2,2,2,2,2,3,3,3,2,3,3,2,2,5,1,1,1,5,30,3,5,9,0,99,231,463,46962,832017,500000,145,6,12,846,946,3,3,1080,1080,240,6000,10,3,250,200,150,150,100,,,,,,,10,100,8,1,200,790,800,790,790
782,10747000,FreeDiamonds,20,,,,,,,,,,,RS11,RS12,RS11,RS12,RS11,449,1712,200,200,2,2,2,4,2,1,5,2,2,2,2,2,2,2,4,2,2,1,1,2,2,2,2,2,2,2,3,3,3,2,3,3,2,2,5,1,1,1,5,30,3,5,9,0,99,231,463,46962,832017,500000,145,6,12,846,946,3,3,1080,1080,240,6000,10,3,250,200,150,150,100,,,,,,,10,100,8,1,200,791,801,791,791
783,10767000,FreeDiamonds,20,,,,,,,,,,,RS12,RS11,RS12,RS11,RS12,449,1712,200,200,2,2,2,4,2,1,5,2,2,2,2,2,2,2,4,2,2,1,1,2,2,2,2,2,2,2,3,3,3,2,3,3,2,2,5,1,1,1,5,30,3,5,9,0,99,231,463,46962,832017,500000,145,6,12,846,946,3,3,1080,1080,240,6000,10,3,250,200,150,150,100,,,,,,,10,100,8,1,200,792,802,792,792
784,10787000,FreeDiamonds,20,,,,,,,,,,,RS11,RS12,RS11,RS12,RS11,449,1712,200,200,2,2,2,4,2,1,5,2,2,2,2,2,2,2,4,2,2,1,1,2,2,2,2,2,2,2,3,3,3,2,3,3,2,2,5,1,1,1,5,30,3,5,9,0,99,231,463,46962,832017,500000,145,6,12,846,946,3,3,1080,1080,240,6000,10,3,250,200,150,150,100,,,,,,,10,100,8,1,200,793,803,793,793
785,10807000,FreeDiamonds,20,,,,,,,,,,,RS12,RS11,RS12,RS11,RS12,450,1712,200,200,2,2,2,4,2,1,5,2,2,2,2,2,2,2,4,2,2,1,1,2,2,2,2,2,2,2,3,3,3,2,3,3,2,2,5,1,1,1,5,30,3,5,9,0,99,231,463,46962,832017,500000,145,6,12,846,946,3,3,1080,1080,240,6000,10,3,250,200,150,150,100,,,,,,,10,100,8,1,200,794,804,794,794
786,10827000,FreeDiamonds,20,,,,,,,,,,,RS11,RS12,RS11,RS12,RS11,450,1712,200,200,2,2,2,4,2,1,5,2,2,2,2,2,2,2,4,2,2,1,1,2,2,2,2,2,2,2,3,3,3,2,3,3,2,2,5,1,1,1,5,30,3,5,9,0,99,231,463,46962,832017,500000,145,6,12,846,946,3,3,1080,1080,240,6000,10,3,250,200,150,150,100,,,,,,,10,100,8,1,200,795,805,795,795
787,10847000,FreeDiamonds,20,,,,,,,,,,,RS12,RS11,RS12,RS11,RS12,450,1712,200,200,2,2,2,4,2,1,5,2,2,2,2,2,2,2,4,2,2,1,1,2,2,2,2,2,2,2,3,3,3,2,3,3,2,2,5,1,1,1,5,30,3,5,9,0,99,231,463,46962,832017,500000,145,6,12,846,946,3,3,1080,1080,240,6000,10,3,250,200,150,150,100,,,,,,,10,100,8,1,200,796,806,796,796
788,10867000,FreeDiamonds,20,,,,,,,,,,,RS11,RS12,RS11,RS12,RS11,450,1712,200,200,2,2,2,4,2,1,5,2,2,2,2,2,2,2,4,2,2,1,1,2,2,2,2,2,2,2,3,3,3,2,3,3,2,2,5,1,1,1,5,30,3,5,9,0,99,231,463,46962,832017,500000,145,6,12,846,946,3,3,1080,1080,240,6000,10,3,250,200,150,150,100,,,,,,,10,100,8,1,200,797,807,797,797
789,10887000,FreeDiamonds,20,,,,,,,,,,,RS12,RS11,RS12,RS11,RS12,451,1712,200,200,2,2,2,4,2,1,5,2,2,2,2,2,2,2,4,2,2,1,1,2,2,2,2,2,2,2,3,3,3,2,3,3,2,2,5,1,1,1,5,30,3,5,9,0,99,231,463,46962,832017,500000,145,6,12,846,946,3,3,1080,1080,240,6000,10,3,250,200,150,150,100,,,,,,,10,100,8,1,200,798,808,798,798
790,10907000,FreeDiamonds,20,,,,,,,,,,,RS11,RS12,RS11,RS12,RS11,451,1712,200,200,2,2,2,4,2,1,5,2,2,2,2,2,2,2,4,2,2,1,1,2,2,2,2,2,2,2,3,3,3,2,3,3,2,2,5,1,1,1,5,30,3,5,9,0,99,231,463,46962,832017,500000,145,6,12,846,946,3,3,1080,1080,240,6000,10,3,250,200,150,150,100,,,,,,,10,100,8,1,200,799,809,799,799
791,10927000,FreeDiamonds,20,,,,,,,,,,,RS12,RS11,RS12,RS11,RS12,451,1712,200,200,2,2,2,4,2,1,5,2,2,2,2,2,2,2,4,2,2,1,1,2,2,2,2,2,2,2,3,3,3,2,3,3,2,2,5,1,1,1,5,30,3,5,9,0,99,231,463,46962,832017,500000,145,6,12,846,946,3,3,1080,1080,240,6000,10,3,250,200,150,150,100,,,,,,,10,100,8,1,200,800,810,800,800
792,10947000,FreeDiamonds,20,,,,,,,,,,,RS11,RS12,RS11,RS12,RS11,451,1712,200,200,2,2,2,4,2,1,5,2,2,2,2,2,2,2,4,2,2,1,1,2,2,2,2,2,2,2,3,3,3,2,3,3,2,2,5,1,1,1,5,30,3,5,9,0,99,231,463,46962,832017,500000,145,6,12,846,946,3,3,1080,1080,240,6000,10,3,250,200,150,150,100,,,,,,,10,100,8,1,200,801,811,801,801
793,10967000,FreeDiamonds,20,,,,,,,,,,,RS12,RS11,RS12,RS11,RS12,452,1712,200,200,2,2,2,4,2,1,5,2,2,2,2,2,2,2,4,2,2,1,1,2,2,2,2,2,2,2,3,3,3,2,3,3,2,2,5,1,1,1,5,30,3,5,9,0,99,231,463,46962,832017,500000,145,6,12,846,946,3,3,1080,1080,240,6000,10,3,250,200,150,150,100,,,,,,,10,100,8,1,200,802,812,802,802
794,10987000,FreeDiamonds,20,,,,,,,,,,,RS11,RS12,RS11,RS12,RS11,452,1712,200,200,2,2,2,4,2,1,5,2,2,2,2,2,2,2,4,2,2,1,1,2,2,2,2,2,2,2,3,3,3,2,3,3,2,2,5,1,1,1,5,30,3,5,9,0,100,231,463,46962,832017,500000,145,6,12,846,946,3,3,1080,1080,240,6000,10,3,250,200,150,150,100,,,,,,,10,100,8,1,200,803,813,803,803
795,11007000,FreeDiamonds,20,,,,,,,,,,,RS12,RS11,RS12,RS11,RS12,452,1712,200,200,2,2,2,4,2,1,5,2,2,2,2,2,2,2,4,2,2,1,1,2,2,2,2,2,2,2,3,3,3,2,3,3,2,2,5,1,1,1,5,30,3,5,9,0,100,231,463,46962,832017,500000,145,6,12,846,946,3,3,1080,1080,240,6000,10,3,250,200,150,150,100,,,,,,,10,100,8,1,200,804,814,804,804
796,11027000,FreeDiamonds,20,,,,,,,,,,,RS11,RS12,RS11,RS12,RS11,452,1712,200,200,2,2,2,4,2,1,5,2,2,2,2,2,2,2,4,2,2,1,1,2,2,2,2,2,2,2,3,3,3,2,3,3,2,2,5,1,1,1,5,30,3,5,9,0,100,231,463,46962,832017,500000,145,6,12,846,946,3,3,1080,1080,240,6000,10,3,250,200,150,150,100,,,,,,,10,100,8,1,200,805,815,805,805
797,11047000,FreeDiamonds,20,,,,,,,,,,,RS12,RS11,RS12,RS11,RS12,453,1712,200,200,2,2,2,4,2,1,5,2,2,2,2,2,2,2,4,2,2,1,1,2,2,2,2,2,2,2,3,3,3,2,3,3,2,2,5,1,1,1,5,30,3,5,9,0,100,231,463,46962,832017,500000,145,6,12,846,946,3,3,1080,1080,240,6000,10,3,250,200,150,150,100,,,,,,,10,100,8,1,200,806,816,806,806
798,11067000,FreeDiamonds,20,,,,,,,,,,,RS11,RS12,RS11,RS12,RS11,453,1712,200,200,2,2,2,4,2,1,5,2,2,2,2,2,2,2,4,2,2,1,1,2,2,2,2,2,2,2,3,3,3,2,3,3,2,2,5,1,1,1,5,30,3,5,9,0,100,231,463,46962,832017,500000,145,6,12,846,946,3,3,1080,1080,240,6000,10,3,250,200,150,150,100,,,,,,,10,100,8,1,200,807,817,807,807
799,11087000,FreeDiamonds,20,,,,,,,,,,,RS12,RS11,RS12,RS11,RS12,453,1712,200,200,2,2,2,4,2,1,5,2,2,2,2,2,2,2,4,2,2,1,1,2,2,2,2,2,2,2,3,3,3,2,3,3,2,2,5,1,1,1,5,30,3,5,9,0,100,231,463,46962,832017,500000,145,6,12,846,946,3,3,1080,1080,240,6000,10,3,250,200,150,150,100,,,,,,,10,100,8,1,200,808,818,808,808
800,11107000,FreeDiamonds,425,,,,,,,,,,,RS11,RS12,RS11,RS12,RS11,453,1712,200,200,2,2,2,4,2,1,5,2,2,2,2,2,2,2,4,2,2,1,1,2,2,2,2,2,2,2,3,3,3,2,3,3,2,2,5,1,1,1,5,30,3,5,9,0,100,231,463,46962,832017,500000,145,6,12,846,946,3,3,1080,1080,240,6000,10,3,250,200,150,150,100,,,,,,,10,100,8,1,200,809,819,809,809
801,11127000,FreeDiamonds,20,,,,,,,,,,,RS12,RS11,RS12,RS11,RS12,454,1712,200,200,2,2,2,4,2,1,5,2,2,2,2,2,2,2,4,2,2,1,1,2,2,2,2,2,2,2,3,3,3,2,3,3,2,2,5,1,1,1,5,30,3,5,9,0,98,231,463,46962,832017,500000,145,6,12,846,946,3,3,1080,1080,240,6000,10,3,250,200,150,150,100,,,,,,,10,100,8,1,200,810,820,810,810
802,11147000,FreeDiamonds,20,,,,,,,,,,,RS11,RS12,RS11,RS12,RS11,454,1712,200,200,2,2,2,4,2,1,5,2,2,2,2,2,2,2,4,2,2,1,1,2,2,2,2,2,2,2,3,3,3,2,3,3,2,2,5,1,1,1,5,30,3,5,9,0,98,231,463,46962,832017,500000,145,6,12,846,946,3,3,1080,1080,240,6000,10,3,250,200,150,150,100,,,,,,,10,100,8,1,200,811,821,811,811
803,11167000,FreeDiamonds,20,,,,,,,,,,,RS12,RS11,RS12,RS11,RS12,454,1712,200,200,2,2,2,4,2,1,5,2,2,2,2,2,2,2,4,2,2,1,1,2,2,2,2,2,2,2,3,3,3,2,3,3,2,2,5,1,1,1,5,30,3,5,9,0,98,231,463,46962,832017,500000,145,6,12,846,946,3,3,1080,1080,240,6000,10,3,250,200,150,150,100,,,,,,,10,100,8,1,200,812,822,812,812
804,11187000,FreeDiamonds,20,,,,,,,,,,,RS11,RS12,RS11,RS12,RS11,454,1712,200,200,2,2,2,4,2,1,5,2,2,2,2,2,2,2,4,2,2,1,1,2,2,2,2,2,2,2,3,3,3,2,3,3,2,2,5,1,1,1,5,30,3,5,9,0,98,231,463,46962,832017,500000,145,6,12,846,946,3,3,1080,1080,240,6000,10,3,250,200,150,150,100,,,,,,,10,100,8,1,200,813,823,813,813
805,11207000,FreeDiamonds,20,,,,,,,,,,,RS12,RS11,RS12,RS11,RS12,454,1712,200,200,2,2,2,4,2,1,5,2,2,2,2,2,2,2,4,2,2,1,1,2,2,2,2,2,2,2,3,3,3,2,3,3,2,2,5,1,1,1,5,30,3,5,9,0,98,231,463,46962,832017,500000,145,6,12,846,946,3,3,1080,1080,240,6000,10,3,250,200,150,150,100,,,,,,,10,100,8,1,200,814,824,814,814
806,11227000,FreeDiamonds,20,,,,,,,,,,,RS11,RS12,RS11,RS12,RS11,454,1712,200,200,2,2,2,4,2,1,5,2,2,2,2,2,2,2,4,2,2,1,1,2,2,2,2,2,2,2,3,3,3,2,3,3,2,2,5,1,1,1,5,30,3,5,9,0,98,231,463,46962,832017,500000,145,6,12,846,946,3,3,1080,1080,240,6000,10,3,250,200,150,150,100,,,,,,,10,100,8,1,200,815,825,815,815
807,11247000,FreeDiamonds,20,,,,,,,,,,,RS12,RS11,RS12,RS11,RS12,454,1712,200,200,2,2,2,4,2,1,5,2,2,2,2,2,2,2,4,2,2,1,1,2,2,2,2,2,2,2,3,3,3,2,3,3,2,2,5,1,1,1,5,30,3,5,9,0,98,231,463,46962,832017,500000,145,6,12,846,946,3,3,1080,1080,240,6000,10,3,250,200,150,150,100,,,,,,,10,100,8,1,200,816,826,816,816
808,11267000,FreeDiamonds,20,,,,,,,,,,,RS11,RS12,RS11,RS12,RS11,454,1712,200,200,2,2,2,4,2,1,5,2,2,2,2,2,2,2,4,2,2,1,1,2,2,2,2,2,2,2,3,3,3,2,3,3,2,2,5,1,1,1,5,30,3,5,9,0,98,231,463,46962,832017,500000,145,6,12,846,946,3,3,1080,1080,240,6000,10,3,250,200,150,150,100,,,,,,,10,100,8,1,200,817,827,817,817
809,11287000,FreeDiamonds,20,,,,,,,,,,,RS12,RS11,RS12,RS11,RS12,454,1712,200,200,2,2,2,4,2,1,5,2,2,2,2,2,2,2,4,2,2,1,1,2,2,2,2,2,2,2,3,3,3,2,3,3,2,2,5,1,1,1,5,30,3,5,9,0,98,231,463,46962,832017,500000,145,6,12,846,946,3,3,1080,1080,240,6000,10,3,250,200,150,150,100,,,,,,,10,100,8,1,200,818,828,818,818
810,11307000,FreeDiamonds,20,,,,,,,,,,,RS11,RS12,RS11,RS12,RS11,454,1712,200,200,2,2,2,4,2,1,5,2,2,2,2,2,2,2,4,2,2,1,1,2,2,2,2,2,2,2,3,3,3,2,3,3,2,2,5,1,1,1,5,30,3,5,9,0,98,231,463,46962,832017,500000,145,6,12,846,946,3,3,1080,1080,240,6000,10,3,250,200,150,150,100,,,,,,,10,100,8,1,200,819,829,819,819
811,11327000,FreeDiamonds,20,,,,,,,,,,,RS12,RS11,RS12,RS11,RS12,455,1712,200,200,2,2,2,4,2,1,5,2,2,2,2,2,2,2,4,2,2,1,1,2,2,2,2,2,2,2,3,3,3,2,3,3,2,2,5,1,1,1,5,30,3,5,9,0,99,231,463,46962,832017,500000,145,6,12,846,946,3,3,1080,1080,240,6000,10,3,250,200,150,150,100,,,,,,,10,100,8,1,200,820,830,820,820
812,11347000,FreeDiamonds,20,,,,,,,,,,,RS11,RS12,RS11,RS12,RS11,455,1712,200,200,2,2,2,4,2,1,5,2,2,2,2,2,2,2,4,2,2,1,1,2,2,2,2,2,2,2,3,3,3,2,3,3,2,2,5,1,1,1,5,30,3,5,9,0,99,231,463,46962,832017,500000,145,6,12,846,946,3,3,1080,1080,240,6000,10,3,250,200,150,150,100,,,,,,,10,100,8,1,200,821,831,821,821
813,11367000,FreeDiamonds,20,,,,,,,,,,,RS12,RS11,RS12,RS11,RS12,455,1712,200,200,2,2,2,4,2,1,5,2,2,2,2,2,2,2,4,2,2,1,1,2,2,2,2,2,2,2,3,3,3,2,3,3,2,2,5,1,1,1,5,30,3,5,9,0,99,231,463,46962,832017,500000,145,6,12,846,946,3,3,1080,1080,240,6000,10,3,250,200,150,150,100,,,,,,,10,100,8,1,200,822,832,822,822
814,11387000,FreeDiamonds,20,,,,,,,,,,,RS11,RS12,RS11,RS12,RS11,455,1712,200,200,2,2,2,4,2,1,5,2,2,2,2,2,2,2,4,2,2,1,1,2,2,2,2,2,2,2,3,3,3,2,3,3,2,2,5,1,1,1,5,30,3,5,9,0,99,231,463,46962,832017,500000,145,6,12,846,946,3,3,1080,1080,240,6000,10,3,250,200,150,150,100,,,,,,,10,100,8,1,200,823,833,823,823
815,11407000,FreeDiamonds,20,,,,,,,,,,,RS12,RS11,RS12,RS11,RS12,455,1712,200,200,2,2,2,4,2,1,5,2,2,2,2,2,2,2,4,2,2,1,1,2,2,2,2,2,2,2,3,3,3,2,3,3,2,2,5,1,1,1,5,30,3,5,9,0,99,231,463,46962,832017,500000,145,6,12,846,946,3,3,1080,1080,240,6000,10,3,250,200,150,150,100,,,,,,,10,100,8,1,200,824,834,824,824
816,11427000,FreeDiamonds,20,,,,,,,,,,,RS11,RS12,RS11,RS12,RS11,455,1712,200,200,2,2,2,4,2,1,5,2,2,2,2,2,2,2,4,2,2,1,1,2,2,2,2,2,2,2,3,3,3,2,3,3,2,2,5,1,1,1,5,30,3,5,9,0,99,231,463,46962,832017,500000,145,6,12,846,946,3,3,1080,1080,240,6000,10,3,250,200,150,150,100,,,,,,,10,100,8,1,200,825,835,825,825
817,11447000,FreeDiamonds,20,,,,,,,,,,,RS12,RS11,RS12,RS11,RS12,455,1712,200,200,2,2,2,4,2,1,5,2,2,2,2,2,2,2,4,2,2,1,1,2,2,2,2,2,2,2,3,3,3,2,3,3,2,2,5,1,1,1,5,30,3,5,9,0,99,231,463,46962,832017,500000,145,6,12,846,946,3,3,1080,1080,240,6000,10,3,250,200,150,150,100,,,,,,,10,100,8,1,200,826,836,826,826
818,11467000,FreeDiamonds,20,,,,,,,,,,,RS11,RS12,RS11,RS12,RS11,455,1712,200,200,2,2,2,4,2,1,5,2,2,2,2,2,2,2,4,2,2,1,1,2,2,2,2,2,2,2,3,3,3,2,3,3,2,2,5,1,1,1,5,30,3,5,9,0,99,231,463,46962,832017,500000,145,6,12,846,946,3,3,1080,1080,240,6000,10,3,250,200,150,150,100,,,,,,,10,100,8,1,200,827,837,827,827
819,11487000,FreeDiamonds,20,,,,,,,,,,,RS12,RS11,RS12,RS11,RS12,455,1712,200,200,2,2,2,4,2,1,5,2,2,2,2,2,2,2,4,2,2,1,1,2,2,2,2,2,2,2,3,3,3,2,3,3,2,2,5,1,1,1,5,30,3,5,9,0,99,231,463,46962,832017,500000,145,6,12,846,946,3,3,1080,1080,240,6000,10,3,250,200,150,150,100,,,,,,,10,100,8,1,200,828,838,828,828
820,11507000,FreeDiamonds,20,,,,,,,,,,,RS11,RS12,RS11,RS12,RS11,455,1712,200,200,2,2,2,4,2,1,5,2,2,2,2,2,2,2,4,2,2,1,1,2,2,2,2,2,2,2,3,3,3,2,3,3,2,2,5,1,1,1,5,30,3,5,9,0,99,231,463,46962,832017,500000,145,6,12,846,946,3,3,1080,1080,240,6000,10,3,250,200,150,150,100,,,,,,,10,100,8,1,200,829,839,829,829
821,11527000,FreeDiamonds,20,,,,,,,,,,,RS12,RS11,RS12,RS11,RS12,456,1712,200,200,2,2,2,4,2,1,5,2,2,2,2,2,2,2,4,2,2,1,1,2,2,2,2,2,2,2,3,3,3,2,3,3,2,2,5,1,1,1,5,30,3,5,9,0,99,231,463,46962,832017,500000,145,6,12,846,946,3,3,1080,1080,240,6000,10,3,250,200,150,150,100,,,,,,,10,100,8,1,200,830,840,830,830
822,11547000,FreeDiamonds,20,,,,,,,,,,,RS11,RS12,RS11,RS12,RS11,456,1712,200,200,2,2,2,4,2,1,5,2,2,2,2,2,2,2,4,2,2,1,1,2,2,2,2,2,2,2,3,3,3,2,3,3,2,2,5,1,1,1,5,30,3,5,9,0,99,231,463,46962,832017,500000,145,6,12,846,946,3,3,1080,1080,240,6000,10,3,250,200,150,150,100,,,,,,,10,100,8,1,200,831,841,831,831
823,11567000,FreeDiamonds,20,,,,,,,,,,,RS12,RS11,RS12,RS11,RS12,456,1712,200,200,2,2,2,4,2,1,5,2,2,2,2,2,2,2,4,2,2,1,1,2,2,2,2,2,2,2,3,3,3,2,3,3,2,2,5,1,1,1,5,30,3,5,9,0,99,231,463,46962,832017,500000,145,6,12,846,946,3,3,1080,1080,240,6000,10,3,250,200,150,150,100,,,,,,,10,100,8,1,200,832,842,832,832
824,11587000,FreeDiamonds,20,,,,,,,,,,,RS11,RS12,RS11,RS12,RS11,456,1712,200,200,2,2,2,4,2,1,5,2,2,2,2,2,2,2,4,2,2,1,1,2,2,2,2,2,2,2,3,3,3,2,3,3,2,2,5,1,1,1,5,30,3,5,9,0,99,231,463,46962,832017,500000,145,6,12,846,946,3,3,1080,1080,240,6000,10,3,250,200,150,150,100,,,,,,,10,100,8,1,200,833,843,833,833
825,11607000,FreeDiamonds,20,,,,,,,,,,,RS12,RS11,RS12,RS11,RS12,456,1712,200,200,2,2,2,4,2,1,5,2,2,2,2,2,2,2,4,2,2,1,1,2,2,2,2,2,2,2,3,3,3,2,3,3,2,2,5,1,1,1,5,30,3,5,9,0,99,231,463,46962,832017,500000,145,6,12,846,946,3,3,1080,1080,240,6000,10,3,250,200,150,150,100,,,,,,,10,100,8,1,200,834,844,834,834
826,11627000,FreeDiamonds,20,,,,,,,,,,,RS11,RS12,RS11,RS12,RS11,456,1712,200,200,2,2,2,4,2,1,5,2,2,2,2,2,2,2,4,2,2,1,1,2,2,2,2,2,2,2,3,3,3,2,3,3,2,2,5,1,1,1,5,30,3,5,9,0,99,231,463,46962,832017,500000,145,6,12,846,946,3,3,1080,1080,240,6000,10,3,250,200,150,150,100,,,,,,,10,100,8,1,200,835,845,835,835
827,11647000,FreeDiamonds,20,,,,,,,,,,,RS12,RS11,RS12,RS11,RS12,456,1712,200,200,2,2,2,4,2,1,5,2,2,2,2,2,2,2,4,2,2,1,1,2,2,2,2,2,2,2,3,3,3,2,3,3,2,2,5,1,1,1,5,30,3,5,9,0,99,231,463,46962,832017,500000,145,6,12,846,946,3,3,1080,1080,240,6000,10,3,250,200,150,150,100,,,,,,,10,100,8,1,200,836,846,836,836
828,11667000,FreeDiamonds,20,,,,,,,,,,,RS11,RS12,RS11,RS12,RS11,456,1712,200,200,2,2,2,4,2,1,5,2,2,2,2,2,2,2,4,2,2,1,1,2,2,2,2,2,2,2,3,3,3,2,3,3,2,2,5,1,1,1,5,30,3,5,9,0,99,231,463,46962,832017,500000,145,6,12,846,946,3,3,1080,1080,240,6000,10,3,250,200,150,150,100,,,,,,,10,100,8,1,200,837,847,837,837
829,11687000,FreeDiamonds,20,,,,,,,,,,,RS12,RS11,RS12,RS11,RS12,456,1712,200,200,2,2,2,4,2,1,5,2,2,2,2,2,2,2,4,2,2,1,1,2,2,2,2,2,2,2,3,3,3,2,3,3,2,2,5,1,1,1,5,30,3,5,9,0,99,231,463,46962,832017,500000,145,6,12,846,946,3,3,1080,1080,240,6000,10,3,250,200,150,150,100,,,,,,,10,100,8,1,200,838,848,838,838
830,11707000,FreeDiamonds,20,,,,,,,,,,,RS11,RS12,RS11,RS12,RS11,456,1712,200,200,2,2,2,4,2,1,5,2,2,2,2,2,2,2,4,2,2,1,1,2,2,2,2,2,2,2,3,3,3,2,3,3,2,2,5,1,1,1,5,30,3,5,9,0,99,231,463,46962,832017,500000,145,6,12,846,946,3,3,1080,1080,240,6000,10,3,250,200,150,150,100,,,,,,,10,100,8,1,200,839,849,839,839
831,11727000,FreeDiamonds,20,,,,,,,,,,,RS12,RS11,RS12,RS11,RS12,457,1712,200,200,2,2,2,4,2,1,5,2,2,2,2,2,2,2,4,2,2,1,1,2,2,2,2,2,2,2,3,3,3,2,3,3,2,2,5,1,1,1,5,30,3,5,9,0,99,231,463,46962,832017,500000,145,6,12,846,946,3,3,1080,1080,240,6000,10,3,250,200,150,150,100,,,,,,,10,100,8,1,200,840,850,840,840
832,11747000,FreeDiamonds,20,,,,,,,,,,,RS11,RS12,RS11,RS12,RS11,457,1712,200,200,2,2,2,4,2,1,5,2,2,2,2,2,2,2,4,2,2,1,1,2,2,2,2,2,2,2,3,3,3,2,3,3,2,2,5,1,1,1,5,30,3,5,9,0,99,231,463,46962,832017,500000,145,6,12,846,946,3,3,1080,1080,240,6000,10,3,250,200,150,150,100,,,,,,,10,100,8,1,200,841,851,841,841
833,11767000,FreeDiamonds,20,,,,,,,,,,,RS12,RS11,RS12,RS11,RS12,457,1712,200,200,2,2,2,4,2,1,5,2,2,2,2,2,2,2,4,2,2,1,1,2,2,2,2,2,2,2,3,3,3,2,3,3,2,2,5,1,1,1,5,30,3,5,9,0,99,231,463,46962,832017,500000,145,6,12,846,946,3,3,1080,1080,240,6000,10,3,250,200,150,150,100,,,,,,,10,100,8,1,200,842,852,842,842
834,11787000,FreeDiamonds,20,,,,,,,,,,,RS11,RS12,RS11,RS12,RS11,457,1712,200,200,2,2,2,4,2,1,5,2,2,2,2,2,2,2,4,2,2,1,1,2,2,2,2,2,2,2,3,3,3,2,3,3,2,2,5,1,1,1,5,30,3,5,9,0,99,231,463,46962,832017,500000,145,6,12,846,946,3,3,1080,1080,240,6000,10,3,250,200,150,150,100,,,,,,,10,100,8,1,200,843,853,843,843
835,11807000,FreeDiamonds,20,,,,,,,,,,,RS12,RS11,RS12,RS11,RS12,457,1712,200,200,2,2,2,4,2,1,5,2,2,2,2,2,2,2,4,2,2,1,1,2,2,2,2,2,2,2,3,3,3,2,3,3,2,2,5,1,1,1,5,30,3,5,9,0,99,231,463,46962,832017,500000,145,6,12,846,946,3,3,1080,1080,240,6000,10,3,250,200,150,150,100,,,,,,,10,100,8,1,200,844,854,844,844
836,11827000,FreeDiamonds,20,,,,,,,,,,,RS11,RS12,RS11,RS12,RS11,457,1712,200,200,2,2,2,4,2,1,5,2,2,2,2,2,2,2,4,2,2,1,1,2,2,2,2,2,2,2,3,3,3,2,3,3,2,2,5,1,1,1,5,30,3,5,9,0,99,231,463,46962,832017,500000,145,6,12,846,946,3,3,1080,1080,240,6000,10,3,250,200,150,150,100,,,,,,,10,100,8,1,200,845,855,845,845
837,11847000,FreeDiamonds,20,,,,,,,,,,,RS12,RS11,RS12,RS11,RS12,457,1712,200,200,2,2,2,4,2,1,5,2,2,2,2,2,2,2,4,2,2,1,1,2,2,2,2,2,2,2,3,3,3,2,3,3,2,2,5,1,1,1,5,30,3,5,9,0,100,231,463,46962,832017,500000,145,6,12,846,946,3,3,1080,1080,240,6000,10,3,250,200,150,150,100,,,,,,,10,100,8,1,200,846,856,846,846
838,11867000,FreeDiamonds,20,,,,,,,,,,,RS11,RS12,RS11,RS12,RS11,457,1712,200,200,2,2,2,4,2,1,5,2,2,2,2,2,2,2,4,2,2,1,1,2,2,2,2,2,2,2,3,3,3,2,3,3,2,2,5,1,1,1,5,30,3,5,9,0,100,231,463,46962,832017,500000,145,6,12,846,946,3,3,1080,1080,240,6000,10,3,250,200,150,150,100,,,,,,,10,100,8,1,200,847,857,847,847
839,11887000,FreeDiamonds,20,,,,,,,,,,,RS12,RS11,RS12,RS11,RS12,457,1712,200,200,2,2,2,4,2,1,5,2,2,2,2,2,2,2,4,2,2,1,1,2,2,2,2,2,2,2,3,3,3,2,3,3,2,2,5,1,1,1,5,30,3,5,9,0,100,231,463,46962,832017,500000,145,6,12,846,946,3,3,1080,1080,240,6000,10,3,250,200,150,150,100,,,,,,,10,100,8,1,200,848,858,848,848
840,11907000,FreeDiamonds,20,,,,,,,,,,,RS11,RS12,RS11,RS12,RS11,457,1712,200,200,2,2,2,4,2,1,5,2,2,2,2,2,2,2,4,2,2,1,1,2,2,2,2,2,2,2,3,3,3,2,3,3,2,2,5,1,1,1,5,30,3,5,9,0,100,231,463,46962,832017,500000,145,6,12,846,946,3,3,1080,1080,240,6000,10,3,250,200,150,150,100,,,,,,,10,100,8,1,200,849,859,849,849
841,11927000,FreeDiamonds,20,,,,,,,,,,,RS12,RS11,RS12,RS11,RS12,458,1712,200,200,2,2,2,4,2,1,5,2,2,2,2,2,2,2,4,2,2,1,1,2,2,2,2,2,2,2,3,3,3,2,3,3,2,2,5,1,1,1,5,30,3,5,9,0,100,231,463,46962,832017,500000,145,6,12,846,946,3,3,1080,1080,240,6000,10,3,250,200,150,150,100,,,,,,,10,100,8,1,200,850,860,850,850
842,11947000,FreeDiamonds,20,,,,,,,,,,,RS11,RS12,RS11,RS12,RS11,458,1712,200,200,2,2,2,4,2,1,5,2,2,2,2,2,2,2,4,2,2,1,1,2,2,2,2,2,2,2,3,3,3,2,3,3,2,2,5,1,1,1,5,30,3,5,9,0,100,231,463,46962,832017,500000,145,6,12,846,946,3,3,1080,1080,240,6000,10,3,250,200,150,150,100,,,,,,,10,100,8,1,200,851,861,851,851
843,11967000,FreeDiamonds,20,,,,,,,,,,,RS12,RS11,RS12,RS11,RS12,458,1712,200,200,2,2,2,4,2,1,5,2,2,2,2,2,2,2,4,2,2,1,1,2,2,2,2,2,2,2,3,3,3,2,3,3,2,2,5,1,1,1,5,30,3,5,9,0,98,231,463,46962,832017,500000,145,6,12,846,946,3,3,1080,1080,240,6000,10,3,250,200,150,150,100,,,,,,,10,100,8,1,200,852,862,852,852
844,11987000,FreeDiamonds,20,,,,,,,,,,,RS11,RS12,RS11,RS12,RS11,458,1712,200,200,2,2,2,4,2,1,5,2,2,2,2,2,2,2,4,2,2,1,1,2,2,2,2,2,2,2,3,3,3,2,3,3,2,2,5,1,1,1,5,30,3,5,9,0,98,231,463,46962,832017,500000,145,6,12,846,946,3,3,1080,1080,240,6000,10,3,250,200,150,150,100,,,,,,,10,100,8,1,200,853,863,853,853
845,12007000,FreeDiamonds,20,,,,,,,,,,,RS12,RS11,RS12,RS11,RS12,458,1712,200,200,2,2,2,4,2,1,5,2,2,2,2,2,2,2,4,2,2,1,1,2,2,2,2,2,2,2,3,3,3,2,3,3,2,2,5,1,1,1,5,30,3,5,9,0,98,231,463,46962,832017,500000,145,6,12,846,946,3,3,1080,1080,240,6000,10,3,250,200,150,150,100,,,,,,,10,100,8,1,200,854,864,854,854
846,12027000,FreeDiamonds,20,,,,,,,,,,,RS11,RS12,RS11,RS12,RS11,458,1712,200,200,2,2,2,4,2,1,5,2,2,2,2,2,2,2,4,2,2,1,1,2,2,2,2,2,2,2,3,3,3,2,3,3,2,2,5,1,1,1,5,30,3,5,9,0,98,231,463,46962,832017,500000,145,6,12,846,946,3,3,1080,1080,240,6000,10,3,250,200,150,150,100,,,,,,,10,100,8,1,200,855,865,855,855
847,12047000,FreeDiamonds,20,,,,,,,,,,,RS12,RS11,RS12,RS11,RS12,458,1712,200,200,2,2,2,4,2,1,5,2,2,2,2,2,2,2,4,2,2,1,1,2,2,2,2,2,2,2,3,3,3,2,3,3,2,2,5,1,1,1,5,30,3,5,9,0,98,231,463,46962,832017,500000,145,6,12,846,946,3,3,1080,1080,240,6000,10,3,250,200,150,150,100,,,,,,,10,100,8,1,200,856,866,856,856
848,12067000,FreeDiamonds,20,,,,,,,,,,,RS11,RS12,RS11,RS12,RS11,458,1712,200,200,2,2,2,4,2,1,5,2,2,2,2,2,2,2,4,2,2,1,1,2,2,2,2,2,2,2,3,3,3,2,3,3,2,2,5,1,1,1,5,30,3,5,9,0,98,231,463,46962,832017,500000,145,6,12,846,946,3,3,1080,1080,240,6000,10,3,250,200,150,150,100,,,,,,,10,100,8,1,200,857,867,857,857
849,12087000,FreeDiamonds,20,,,,,,,,,,,RS12,RS11,RS12,RS11,RS12,458,1712,200,200,2,2,2,4,2,1,5,2,2,2,2,2,2,2,4,2,2,1,1,2,2,2,2,2,2,2,3,3,3,2,3,3,2,2,5,1,1,1,5,30,3,5,9,0,98,231,463,46962,832017,500000,145,6,12,846,946,3,3,1080,1080,240,6000,10,3,250,200,150,150,100,,,,,,,10,100,8,1,200,858,868,858,858
850,12107000,FreeDiamonds,50,,,,,,,,,,,RS11,RS12,RS11,RS12,RS11,458,1712,200,200,2,2,2,4,2,1,5,2,2,2,2,2,2,2,4,2,2,1,1,2,2,2,2,2,2,2,3,3,3,2,3,3,2,2,5,1,1,1,5,30,3,5,9,0,98,231,463,46962,832017,500000,145,6,12,846,946,3,3,1080,1080,240,6000,10,3,250,200,150,150,100,,,,,,,10,100,8,1,200,859,869,859,859
851,12127000,FreeDiamonds,20,,,,,,,,,,,RS12,RS11,RS12,RS11,RS12,459,1712,200,200,2,2,2,4,2,1,5,2,2,2,2,2,2,2,4,2,2,1,1,2,2,2,2,2,2,2,3,3,3,2,3,3,2,2,5,1,1,1,5,30,3,5,9,0,98,231,463,46962,832017,500000,145,6,12,846,946,3,3,1080,1080,240,6000,10,3,250,200,150,150,100,,,,,,,10,100,8,1,200,860,870,860,860
852,12147000,FreeDiamonds,20,,,,,,,,,,,RS11,RS12,RS11,RS12,RS11,459,1712,200,200,2,2,2,4,2,1,5,2,2,2,2,2,2,2,4,2,2,1,1,2,2,2,2,2,2,2,3,3,3,2,3,3,2,2,5,1,1,1,5,30,3,5,9,0,98,231,463,46962,832017,500000,145,6,12,846,946,3,3,1080,1080,240,6000,10,3,250,200,150,150,100,,,,,,,10,100,8,1,200,861,871,861,861
853,12167000,FreeDiamonds,20,,,,,,,,,,,RS12,RS11,RS12,RS11,RS12,459,1712,200,200,2,2,2,4,2,1,5,2,2,2,2,2,2,2,4,2,2,1,1,2,2,2,2,2,2,2,3,3,3,2,3,3,2,2,5,1,1,1,5,30,3,5,9,0,98,231,463,46962,832017,500000,145,6,12,846,946,3,3,1080,1080,240,6000,10,3,250,200,150,150,100,,,,,,,10,100,8,1,200,862,872,862,862
854,12187000,FreeDiamonds,20,,,,,,,,,,,RS11,RS12,RS11,RS12,RS11,459,1712,200,200,2,2,2,4,2,1,5,2,2,2,2,2,2,2,4,2,2,1,1,2,2,2,2,2,2,2,3,3,3,2,3,3,2,2,5,1,1,1,5,30,3,5,9,0,98,231,463,46962,832017,500000,145,6,12,846,946,3,3,1080,1080,240,6000,10,3,250,200,150,150,100,,,,,,,10,100,8,1,200,863,873,863,863
855,12207000,FreeDiamonds,20,,,,,,,,,,,RS12,RS11,RS12,RS11,RS12,459,1712,200,200,2,2,2,4,2,1,5,2,2,2,2,2,2,2,4,2,2,1,1,2,2,2,2,2,2,2,3,3,3,2,3,3,2,2,5,1,1,1,5,30,3,5,9,0,98,231,463,46962,832017,500000,145,6,12,846,946,3,3,1080,1080,240,6000,10,3,250,200,150,150,100,,,,,,,10,100,8,1,200,864,874,864,864
856,12227000,FreeDiamonds,20,,,,,,,,,,,RS11,RS12,RS11,RS12,RS11,459,1712,200,200,2,2,2,4,2,1,5,2,2,2,2,2,2,2,4,2,2,1,1,2,2,2,2,2,2,2,3,3,3,2,3,3,2,2,5,1,1,1,5,30,3,5,9,0,98,231,463,46962,832017,500000,145,6,12,846,946,3,3,1080,1080,240,6000,10,3,250,200,150,150,100,,,,,,,10,100,8,1,200,865,875,865,865
857,12247000,FreeDiamonds,20,,,,,,,,,,,RS12,RS11,RS12,RS11,RS12,459,1712,200,200,2,2,2,4,2,1,5,2,2,2,2,2,2,2,4,2,2,1,1,2,2,2,2,2,2,2,3,3,3,2,3,3,2,2,5,1,1,1,5,30,3,5,9,0,98,231,463,46962,832017,500000,145,6,12,846,946,3,3,1080,1080,240,6000,10,3,250,200,150,150,100,,,,,,,10,100,8,1,200,866,876,866,866
858,12267000,FreeDiamonds,20,,,,,,,,,,,RS11,RS12,RS11,RS12,RS11,459,1712,200,200,2,2,2,4,2,1,5,2,2,2,2,2,2,2,4,2,2,1,1,2,2,2,2,2,2,2,3,3,3,2,3,3,2,2,5,1,1,1,5,30,3,5,9,0,98,231,463,46962,832017,500000,145,6,12,846,946,3,3,1080,1080,240,6000,10,3,250,200,150,150,100,,,,,,,10,100,8,1,200,867,877,867,867
859,12287000,FreeDiamonds,20,,,,,,,,,,,RS12,RS11,RS12,RS11,RS12,459,1712,200,200,2,2,2,4,2,1,5,2,2,2,2,2,2,2,4,2,2,1,1,2,2,2,2,2,2,2,3,3,3,2,3,3,2,2,5,1,1,1,5,30,3,5,9,0,98,231,463,46962,832017,500000,145,6,12,846,946,3,3,1080,1080,240,6000,10,3,250,200,150,150,100,,,,,,,10,100,8,1,200,868,878,868,868
860,12307000,FreeDiamonds,20,,,,,,,,,,,RS11,RS12,RS11,RS12,RS11,459,1712,200,200,2,2,2,4,2,1,5,2,2,2,2,2,2,2,4,2,2,1,1,2,2,2,2,2,2,2,3,3,3,2,3,3,2,2,5,1,1,1,5,30,3,5,9,0,98,231,463,46962,832017,500000,145,6,12,846,946,3,3,1080,1080,240,6000,10,3,250,200,150,150,100,,,,,,,10,100,8,1,200,869,879,869,869
861,12327000,FreeDiamonds,20,,,,,,,,,,,RS12,RS11,RS12,RS11,RS12,460,1712,200,200,2,2,2,4,2,1,5,2,2,2,2,2,2,2,4,2,2,1,1,2,2,2,2,2,2,2,3,3,3,2,3,3,2,2,5,1,1,1,5,30,3,5,9,0,98,231,463,46962,832017,500000,145,6,12,846,946,3,3,1080,1080,240,6000,10,3,250,200,150,150,100,,,,,,,10,100,8,1,200,870,880,870,870
862,12347000,FreeDiamonds,20,,,,,,,,,,,RS11,RS12,RS11,RS12,RS11,460,1712,200,200,2,2,2,4,2,1,5,2,2,2,2,2,2,2,4,2,2,1,1,2,2,2,2,2,2,2,3,3,3,2,3,3,2,2,5,1,1,1,5,30,3,5,9,0,98,231,463,46962,832017,500000,145,6,12,846,946,3,3,1080,1080,240,6000,10,3,250,200,150,150,100,,,,,,,10,100,8,1,200,871,881,871,871
863,12367000,FreeDiamonds,20,,,,,,,,,,,RS12,RS11,RS12,RS11,RS12,460,1712,200,200,2,2,2,4,2,1,5,2,2,2,2,2,2,2,4,2,2,1,1,2,2,2,2,2,2,2,3,3,3,2,3,3,2,2,5,1,1,1,5,30,3,5,9,0,98,231,463,46962,832017,500000,145,6,12,846,946,3,3,1080,1080,240,6000,10,3,250,200,150,150,100,,,,,,,10,100,8,1,200,872,882,872,872
864,12387000,FreeDiamonds,20,,,,,,,,,,,RS11,RS12,RS11,RS12,RS11,460,1712,200,200,2,2,2,4,2,1,5,2,2,2,2,2,2,2,4,2,2,1,1,2,2,2,2,2,2,2,3,3,3,2,3,3,2,2,5,1,1,1,5,30,3,5,9,0,98,231,463,46962,832017,500000,145,6,12,846,946,3,3,1080,1080,240,6000,10,3,250,200,150,150,100,,,,,,,10,100,8,1,200,873,883,873,873
865,12407000,FreeDiamonds,20,,,,,,,,,,,RS12,RS11,RS12,RS11,RS12,460,1712,200,200,2,2,2,4,2,1,5,2,2,2,2,2,2,2,4,2,2,1,1,2,2,2,2,2,2,2,3,3,3,2,3,3,2,2,5,1,1,1,5,30,3,5,9,0,98,231,463,46962,832017,500000,145,6,12,846,946,3,3,1080,1080,240,6000,10,3,250,200,150,150,100,,,,,,,10,100,8,1,200,874,884,874,874
866,12427000,FreeDiamonds,20,,,,,,,,,,,RS11,RS12,RS11,RS12,RS11,460,1712,200,200,2,2,2,4,2,1,5,2,2,2,2,2,2,2,4,2,2,1,1,2,2,2,2,2,2,2,3,3,3,2,3,3,2,2,5,1,1,1,5,30,3,5,9,0,98,231,463,46962,832017,500000,145,6,12,846,946,3,3,1080,1080,240,6000,10,3,250,200,150,150,100,,,,,,,10,100,8,1,200,875,885,875,875
867,12447000,FreeDiamonds,20,,,,,,,,,,,RS12,RS11,RS12,RS11,RS12,460,1712,200,200,2,2,2,4,2,1,5,2,2,2,2,2,2,2,4,2,2,1,1,2,2,2,2,2,2,2,3,3,3,2,3,3,2,2,5,1,1,1,5,30,3,5,9,0,98,231,463,46962,832017,500000,145,6,12,846,946,3,3,1080,1080,240,6000,10,3,250,200,150,150,100,,,,,,,10,100,8,1,200,876,886,876,876
868,12467000,FreeDiamonds,20,,,,,,,,,,,RS11,RS12,RS11,RS12,RS11,460,1712,200,200,2,2,2,4,2,1,5,2,2,2,2,2,2,2,4,2,2,1,1,2,2,2,2,2,2,2,3,3,3,2,3,3,2,2,5,1,1,1,5,30,3,5,9,0,99,231,463,46962,832017,500000,145,6,12,846,946,3,3,1080,1080,240,6000,10,3,250,200,150,150,100,,,,,,,10,100,8,1,200,877,887,877,877
869,12487000,FreeDiamonds,20,,,,,,,,,,,RS12,RS11,RS12,RS11,RS12,460,1712,200,200,2,2,2,4,2,1,5,2,2,2,2,2,2,2,4,2,2,1,1,2,2,2,2,2,2,2,3,3,3,2,3,3,2,2,5,1,1,1,5,30,3,5,9,0,99,231,463,46962,832017,500000,145,6,12,846,946,3,3,1080,1080,240,6000,10,3,250,200,150,150,100,,,,,,,10,100,8,1,200,878,888,878,878
870,12507000,FreeDiamonds,20,,,,,,,,,,,RS11,RS12,RS11,RS12,RS11,460,1712,200,200,2,2,2,4,2,1,5,2,2,2,2,2,2,2,4,2,2,1,1,2,2,2,2,2,2,2,3,3,3,2,3,3,2,2,5,1,1,1,5,30,3,5,9,0,99,231,463,46962,832017,500000,145,6,12,846,946,3,3,1080,1080,240,6000,10,3,250,200,150,150,100,,,,,,,10,100,8,1,200,879,889,879,879
871,12527000,FreeDiamonds,20,,,,,,,,,,,RS12,RS11,RS12,RS11,RS12,461,1712,200,200,2,2,2,4,2,1,5,2,2,2,2,2,2,2,4,2,2,1,1,2,2,2,2,2,2,2,3,3,3,2,3,3,2,2,5,1,1,1,5,30,3,5,9,0,99,231,463,46962,832017,500000,145,6,12,846,946,3,3,1080,1080,240,6000,10,3,250,200,150,150,100,,,,,,,10,100,8,1,200,880,890,880,880
872,12547000,FreeDiamonds,20,,,,,,,,,,,RS11,RS12,RS11,RS12,RS11,461,1712,200,200,2,2,2,4,2,1,5,2,2,2,2,2,2,2,4,2,2,1,1,2,2,2,2,2,2,2,3,3,3,2,3,3,2,2,5,1,1,1,5,30,3,5,9,0,99,231,463,46962,832017,500000,145,6,12,846,946,3,3,1080,1080,240,6000,10,3,250,200,150,150,100,,,,,,,10,100,8,1,200,881,891,881,881
873,12567000,FreeDiamonds,20,,,,,,,,,,,RS12,RS11,RS12,RS11,RS12,461,1712,200,200,2,2,2,4,2,1,5,2,2,2,2,2,2,2,4,2,2,1,1,2,2,2,2,2,2,2,3,3,3,2,3,3,2,2,5,1,1,1,5,30,3,5,9,0,99,231,463,46962,832017,500000,145,6,12,846,946,3,3,1080,1080,240,6000,10,3,250,200,150,150,100,,,,,,,10,100,8,1,200,882,892,882,882
874,12587000,FreeDiamonds,20,,,,,,,,,,,RS11,RS12,RS11,RS12,RS11,461,1712,200,200,2,2,2,4,2,1,5,2,2,2,2,2,2,2,4,2,2,1,1,2,2,2,2,2,2,2,3,3,3,2,3,3,2,2,5,1,1,1,5,30,3,5,9,0,99,231,463,46962,832017,500000,145,6,12,846,946,3,3,1080,1080,240,6000,10,3,250,200,150,150,100,,,,,,,10,100,8,1,200,883,893,883,883
875,12607000,FreeDiamonds,20,,,,,,,,,,,RS12,RS11,RS12,RS11,RS12,461,1712,200,200,2,2,2,4,2,1,5,2,2,2,2,2,2,2,4,2,2,1,1,2,2,2,2,2,2,2,3,3,3,2,3,3,2,2,5,1,1,1,5,30,3,5,9,0,99,231,463,46962,832017,500000,145,6,12,846,946,3,3,1080,1080,240,6000,10,3,250,200,150,150,100,,,,,,,10,100,8,1,200,884,894,884,884
876,12627000,FreeDiamonds,20,,,,,,,,,,,RS11,RS12,RS11,RS12,RS11,461,1712,200,200,2,2,2,4,2,1,5,2,2,2,2,2,2,2,4,2,2,1,1,2,2,2,2,2,2,2,3,3,3,2,3,3,2,2,5,1,1,1,5,30,3,5,9,0,99,231,463,46962,832017,500000,145,6,12,846,946,3,3,1080,1080,240,6000,10,3,250,200,150,150,100,,,,,,,10,100,8,1,200,885,895,885,885
877,12647000,FreeDiamonds,20,,,,,,,,,,,RS12,RS11,RS12,RS11,RS12,461,1712,200,200,2,2,2,4,2,1,5,2,2,2,2,2,2,2,4,2,2,1,1,2,2,2,2,2,2,2,3,3,3,2,3,3,2,2,5,1,1,1,5,30,3,5,9,0,99,231,463,46962,832017,500000,145,6,12,846,946,3,3,1080,1080,240,6000,10,3,250,200,150,150,100,,,,,,,10,100,8,1,200,886,896,886,886
878,12667000,FreeDiamonds,20,,,,,,,,,,,RS11,RS12,RS11,RS12,RS11,461,1712,200,200,2,2,2,4,2,1,5,2,2,2,2,2,2,2,4,2,2,1,1,2,2,2,2,2,2,2,3,3,3,2,3,3,2,2,5,1,1,1,5,30,3,5,9,0,99,231,463,46962,832017,500000,145,6,12,846,946,3,3,1080,1080,240,6000,10,3,250,200,150,150,100,,,,,,,10,100,8,1,200,887,897,887,887
879,12687000,FreeDiamonds,20,,,,,,,,,,,RS12,RS11,RS12,RS11,RS12,461,1712,200,200,2,2,2,4,2,1,5,2,2,2,2,2,2,2,4,2,2,1,1,2,2,2,2,2,2,2,3,3,3,2,3,3,2,2,5,1,1,1,5,30,3,5,9,0,99,231,463,46962,832017,500000,145,6,12,846,946,3,3,1080,1080,240,6000,10,3,250,200,150,150,100,,,,,,,10,100,8,1,200,888,898,888,888
880,12707000,FreeDiamonds,20,,,,,,,,,,,RS11,RS12,RS11,RS12,RS11,461,1712,200,200,2,2,2,4,2,1,5,2,2,2,2,2,2,2,4,2,2,1,1,2,2,2,2,2,2,2,3,3,3,2,3,3,2,2,5,1,1,1,5,30,3,5,9,0,99,231,463,46962,832017,500000,145,6,12,846,946,3,3,1080,1080,240,6000,10,3,250,200,150,150,100,,,,,,,10,100,8,1,200,889,899,889,889
881,12727000,FreeDiamonds,20,,,,,,,,,,,RS12,RS11,RS12,RS11,RS12,462,1712,200,200,2,2,2,4,2,1,5,2,2,2,2,2,2,2,4,2,2,1,1,2,2,2,2,2,2,2,3,3,3,2,3,3,2,2,5,1,1,1,5,30,3,5,9,0,99,231,463,46962,832017,500000,145,6,12,846,946,3,3,1080,1080,240,6000,10,3,250,200,150,150,100,,,,,,,10,100,8,1,200,890,900,890,890
882,12747000,FreeDiamonds,20,,,,,,,,,,,RS11,RS12,RS11,RS12,RS11,462,1712,200,200,2,2,2,4,2,1,5,2,2,2,2,2,2,2,4,2,2,1,1,2,2,2,2,2,2,2,3,3,3,2,3,3,2,2,5,1,1,1,5,30,3,5,9,0,99,231,463,46962,832017,500000,145,6,12,846,946,3,3,1080,1080,240,6000,10,3,250,200,150,150,100,,,,,,,10,100,8,1,200,891,901,891,891
883,12767000,FreeDiamonds,20,,,,,,,,,,,RS12,RS11,RS12,RS11,RS12,462,1712,200,200,2,2,2,4,2,1,5,2,2,2,2,2,2,2,4,2,2,1,1,2,2,2,2,2,2,2,3,3,3,2,3,3,2,2,5,1,1,1,5,30,3,5,9,0,99,231,463,46962,832017,500000,145,6,12,846,946,3,3,1080,1080,240,6000,10,3,250,200,150,150,100,,,,,,,10,100,8,1,200,892,902,892,892
884,12787000,FreeDiamonds,20,,,,,,,,,,,RS11,RS12,RS11,RS12,RS11,462,1712,200,200,2,2,2,4,2,1,5,2,2,2,2,2,2,2,4,2,2,1,1,2,2,2,2,2,2,2,3,3,3,2,3,3,2,2,5,1,1,1,5,30,3,5,9,0,99,231,463,46962,832017,500000,145,6,12,846,946,3,3,1080,1080,240,6000,10,3,250,200,150,150,100,,,,,,,10,100,8,1,200,893,903,893,893
885,12807000,FreeDiamonds,20,,,,,,,,,,,RS12,RS11,RS12,RS11,RS12,462,1712,200,200,2,2,2,4,2,1,5,2,2,2,2,2,2,2,4,2,2,1,1,2,2,2,2,2,2,2,3,3,3,2,3,3,2,2,5,1,1,1,5,30,3,5,9,0,99,231,463,46962,832017,500000,145,6,12,846,946,3,3,1080,1080,240,6000,10,3,250,200,150,150,100,,,,,,,10,100,8,1,200,894,904,894,894
886,12827000,FreeDiamonds,20,,,,,,,,,,,RS11,RS12,RS11,RS12,RS11,462,1712,200,200,2,2,2,4,2,1,5,2,2,2,2,2,2,2,4,2,2,1,1,2,2,2,2,2,2,2,3,3,3,2,3,3,2,2,5,1,1,1,5,30,3,5,9,0,99,231,463,46962,832017,500000,145,6,12,846,946,3,3,1080,1080,240,6000,10,3,250,200,150,150,100,,,,,,,10,100,8,1,200,895,905,895,895
887,12847000,FreeDiamonds,20,,,,,,,,,,,RS12,RS11,RS12,RS11,RS12,462,1712,200,200,2,2,2,4,2,1,5,2,2,2,2,2,2,2,4,2,2,1,1,2,2,2,2,2,2,2,3,3,3,2,3,3,2,2,5,1,1,1,5,30,3,5,9,0,99,231,463,46962,832017,500000,145,6,12,846,946,3,3,1080,1080,240,6000,10,3,250,200,150,150,100,,,,,,,10,100,8,1,200,896,906,896,896
888,12867000,FreeDiamonds,20,,,,,,,,,,,RS11,RS12,RS11,RS12,RS11,462,1712,200,200,2,2,2,4,2,1,5,2,2,2,2,2,2,2,4,2,2,1,1,2,2,2,2,2,2,2,3,3,3,2,3,3,2,2,5,1,1,1,5,30,3,5,9,0,99,231,463,46962,832017,500000,145,6,12,846,946,3,3,1080,1080,240,6000,10,3,250,200,150,150,100,,,,,,,10,100,8,1,200,897,907,897,897
889,12887000,FreeDiamonds,20,,,,,,,,,,,RS12,RS11,RS12,RS11,RS12,462,1712,200,200,2,2,2,4,2,1,5,2,2,2,2,2,2,2,4,2,2,1,1,2,2,2,2,2,2,2,3,3,3,2,3,3,2,2,5,1,1,1,5,30,3,5,9,0,99,231,463,46962,832017,500000,145,6,12,846,946,3,3,1080,1080,240,6000,10,3,250,200,150,150,100,,,,,,,10,100,8,1,200,898,908,898,898
890,12907000,FreeDiamonds,20,,,,,,,,,,,RS11,RS12,RS11,RS12,RS11,462,1712,200,200,2,2,2,4,2,1,5,2,2,2,2,2,2,2,4,2,2,1,1,2,2,2,2,2,2,2,3,3,3,2,3,3,2,2,5,1,1,1,5,30,3,5,9,0,99,231,463,46962,832017,500000,145,6,12,846,946,3,3,1080,1080,240,6000,10,3,250,200,150,150,100,,,,,,,10,100,8,1,200,899,909,899,899
891,12927000,FreeDiamonds,20,,,,,,,,,,,RS12,RS11,RS12,RS11,RS12,463,1712,200,200,2,2,2,4,2,1,5,2,2,2,2,2,2,2,4,2,2,1,1,2,2,2,2,2,2,2,3,3,3,2,3,3,2,2,5,1,1,1,5,30,3,5,9,0,99,231,463,46962,832017,500000,145,6,12,846,946,3,3,1080,1080,240,6000,10,3,250,200,150,150,100,,,,,,,10,100,8,1,200,900,910,900,900
892,12947000,FreeDiamonds,20,,,,,,,,,,,RS11,RS12,RS11,RS12,RS11,463,1712,200,200,2,2,2,4,2,1,5,2,2,2,2,2,2,2,4,2,2,1,1,2,2,2,2,2,2,2,3,3,3,2,3,3,2,2,5,1,1,1,5,30,3,5,9,0,99,231,463,46962,832017,500000,145,6,12,846,946,3,3,1080,1080,240,6000,10,3,250,200,150,150,100,,,,,,,10,100,8,1,200,901,911,901,901
893,12967000,FreeDiamonds,20,,,,,,,,,,,RS12,RS11,RS12,RS11,RS12,463,1712,200,200,2,2,2,4,2,1,5,2,2,2,2,2,2,2,4,2,2,1,1,2,2,2,2,2,2,2,3,3,3,2,3,3,2,2,5,1,1,1,5,30,3,5,9,0,99,231,463,46962,832017,500000,145,6,12,846,946,3,3,1080,1080,240,6000,10,3,250,200,150,150,100,,,,,,,10,100,8,1,200,902,912,902,902
894,12987000,FreeDiamonds,20,,,,,,,,,,,RS11,RS12,RS11,RS12,RS11,463,1712,200,200,2,2,2,4,2,1,5,2,2,2,2,2,2,2,4,2,2,1,1,2,2,2,2,2,2,2,3,3,3,2,3,3,2,2,5,1,1,1,5,30,3,5,9,0,100,231,463,46962,832017,500000,145,6,12,846,946,3,3,1080,1080,240,6000,10,3,250,200,150,150,100,,,,,,,10,100,8,1,200,903,913,903,903
895,13007000,FreeDiamonds,20,,,,,,,,,,,RS12,RS11,RS12,RS11,RS12,463,1712,200,200,2,2,2,4,2,1,5,2,2,2,2,2,2,2,4,2,2,1,1,2,2,2,2,2,2,2,3,3,3,2,3,3,2,2,5,1,1,1,5,30,3,5,9,0,100,231,463,46962,832017,500000,145,6,12,846,946,3,3,1080,1080,240,6000,10,3,250,200,150,150,100,,,,,,,10,100,8,1,200,904,914,904,904
896,13027000,FreeDiamonds,20,,,,,,,,,,,RS11,RS12,RS11,RS12,RS11,463,1712,200,200,2,2,2,4,2,1,5,2,2,2,2,2,2,2,4,2,2,1,1,2,2,2,2,2,2,2,3,3,3,2,3,3,2,2,5,1,1,1,5,30,3,5,9,0,100,231,463,46962,832017,500000,145,6,12,846,946,3,3,1080,1080,240,6000,10,3,250,200,150,150,100,,,,,,,10,100,8,1,200,905,915,905,905
897,13047000,FreeDiamonds,20,,,,,,,,,,,RS12,RS11,RS12,RS11,RS12,463,1712,200,200,2,2,2,4,2,1,5,2,2,2,2,2,2,2,4,2,2,1,1,2,2,2,2,2,2,2,3,3,3,2,3,3,2,2,5,1,1,1,5,30,3,5,9,0,100,231,463,46962,832017,500000,145,6,12,846,946,3,3,1080,1080,240,6000,10,3,250,200,150,150,100,,,,,,,10,100,8,1,200,906,916,906,906
898,13067000,FreeDiamonds,20,,,,,,,,,,,RS11,RS12,RS11,RS12,RS11,463,1712,200,200,2,2,2,4,2,1,5,2,2,2,2,2,2,2,4,2,2,1,1,2,2,2,2,2,2,2,3,3,3,2,3,3,2,2,5,1,1,1,5,30,3,5,9,0,100,231,463,46962,832017,500000,145,6,12,846,946,3,3,1080,1080,240,6000,10,3,250,200,150,150,100,,,,,,,10,100,8,1,200,907,917,907,907
899,13087000,FreeDiamonds,20,,,,,,,,,,,RS12,RS11,RS12,RS11,RS12,463,1712,200,200,2,2,2,4,2,1,5,2,2,2,2,2,2,2,4,2,2,1,1,2,2,2,2,2,2,2,3,3,3,2,3,3,2,2,5,1,1,1,5,30,3,5,9,0,100,231,463,46962,832017,500000,145,6,12,846,946,3,3,1080,1080,240,6000,10,3,250,200,150,150,100,,,,,,,10,100,8,1,200,908,918,908,908
900,13107000,FreeDiamonds,425,,,,,,,,,,,RS11,RS12,RS11,RS12,RS11,463,1712,200,200,2,2,2,4,2,1,5,2,2,2,2,2,2,2,4,2,2,1,1,2,2,2,2,2,2,2,3,3,3,2,3,3,2,2,5,1,1,1,5,30,3,5,9,0,100,231,463,46962,832017,500000,145,6,12,846,946,3,3,1080,1080,240,6000,10,3,250,200,150,150,100,,,,,,,10,100,8,1,200,909,919,909,909
901,13127000,FreeDiamonds,20,,,,,,,,,,,RS12,RS11,RS12,RS11,RS12,464,1712,200,200,2,2,2,4,2,1,5,2,2,2,2,2,2,2,4,2,2,1,1,2,2,2,2,2,2,2,3,3,3,2,3,3,2,2,5,1,1,1,5,30,3,5,9,0,98,231,463,46962,832017,500000,145,6,12,846,946,3,3,1080,1080,240,6000,10,3,250,200,150,150,100,,,,,,,10,100,8,1,200,910,920,910,910
902,13147000,FreeDiamonds,20,,,,,,,,,,,RS11,RS12,RS11,RS12,RS11,464,1712,200,200,2,2,2,4,2,1,5,2,2,2,2,2,2,2,4,2,2,1,1,2,2,2,2,2,2,2,3,3,3,2,3,3,2,2,5,1,1,1,5,30,3,5,9,0,98,231,463,46962,832017,500000,145,6,12,846,946,3,3,1080,1080,240,6000,10,3,250,200,150,150,100,,,,,,,10,100,8,1,200,911,921,911,911
903,13167000,FreeDiamonds,20,,,,,,,,,,,RS12,RS11,RS12,RS11,RS12,464,1712,200,200,2,2,2,4,2,1,5,2,2,2,2,2,2,2,4,2,2,1,1,2,2,2,2,2,2,2,3,3,3,2,3,3,2,2,5,1,1,1,5,30,3,5,9,0,98,231,463,46962,832017,500000,145,6,12,846,946,3,3,1080,1080,240,6000,10,3,250,200,150,150,100,,,,,,,10,100,8,1,200,912,922,912,912
904,13187000,FreeDiamonds,20,,,,,,,,,,,RS11,RS12,RS11,RS12,RS11,464,1712,200,200,2,2,2,4,2,1,5,2,2,2,2,2,2,2,4,2,2,1,1,2,2,2,2,2,2,2,3,3,3,2,3,3,2,2,5,1,1,1,5,30,3,5,9,0,98,231,463,46962,832017,500000,145,6,12,846,946,3,3,1080,1080,240,6000,10,3,250,200,150,150,100,,,,,,,10,100,8,1,200,913,923,913,913
905,13207000,FreeDiamonds,20,,,,,,,,,,,RS12,RS11,RS12,RS11,RS12,464,1712,200,200,2,2,2,4,2,1,5,2,2,2,2,2,2,2,4,2,2,1,1,2,2,2,2,2,2,2,3,3,3,2,3,3,2,2,5,1,1,1,5,30,3,5,9,0,98,231,463,46962,832017,500000,145,6,12,846,946,3,3,1080,1080,240,6000,10,3,250,200,150,150,100,,,,,,,10,100,8,1,200,914,924,914,914
906,13227000,FreeDiamonds,20,,,,,,,,,,,RS11,RS12,RS11,RS12,RS11,464,1712,200,200,2,2,2,4,2,1,5,2,2,2,2,2,2,2,4,2,2,1,1,2,2,2,2,2,2,2,3,3,3,2,3,3,2,2,5,1,1,1,5,30,3,5,9,0,98,231,463,46962,832017,500000,145,6,12,846,946,3,3,1080,1080,240,6000,10,3,250,200,150,150,100,,,,,,,10,100,8,1,200,915,925,915,915
907,13247000,FreeDiamonds,20,,,,,,,,,,,RS12,RS11,RS12,RS11,RS12,464,1712,200,200,2,2,2,4,2,1,5,2,2,2,2,2,2,2,4,2,2,1,1,2,2,2,2,2,2,2,3,3,3,2,3,3,2,2,5,1,1,1,5,30,3,5,9,0,98,231,463,46962,832017,500000,145,6,12,846,946,3,3,1080,1080,240,6000,10,3,250,200,150,150,100,,,,,,,10,100,8,1,200,916,926,916,916
908,13267000,FreeDiamonds,20,,,,,,,,,,,RS11,RS12,RS11,RS12,RS11,464,1712,200,200,2,2,2,4,2,1,5,2,2,2,2,2,2,2,4,2,2,1,1,2,2,2,2,2,2,2,3,3,3,2,3,3,2,2,5,1,1,1,5,30,3,5,9,0,98,231,463,46962,832017,500000,145,6,12,846,946,3,3,1080,1080,240,6000,10,3,250,200,150,150,100,,,,,,,10,100,8,1,200,917,927,917,917
909,13287000,FreeDiamonds,20,,,,,,,,,,,RS12,RS11,RS12,RS11,RS12,464,1712,200,200,2,2,2,4,2,1,5,2,2,2,2,2,2,2,4,2,2,1,1,2,2,2,2,2,2,2,3,3,3,2,3,3,2,2,5,1,1,1,5,30,3,5,9,0,98,231,463,46962,832017,500000,145,6,12,846,946,3,3,1080,1080,240,6000,10,3,250,200,150,150,100,,,,,,,10,100,8,1,200,918,928,918,918
910,13307000,FreeDiamonds,20,,,,,,,,,,,RS11,RS12,RS11,RS12,RS11,464,1712,200,200,2,2,2,4,2,1,5,2,2,2,2,2,2,2,4,2,2,1,1,2,2,2,2,2,2,2,3,3,3,2,3,3,2,2,5,1,1,1,5,30,3,5,9,0,98,231,463,46962,832017,500000,145,6,12,846,946,3,3,1080,1080,240,6000,10,3,250,200,150,150,100,,,,,,,10,100,8,1,200,919,929,919,919
911,13327000,FreeDiamonds,20,,,,,,,,,,,RS12,RS11,RS12,RS11,RS12,465,1712,200,200,2,2,2,4,2,1,5,2,2,2,2,2,2,2,4,2,2,1,1,2,2,2,2,2,2,2,3,3,3,2,3,3,2,2,5,1,1,1,5,30,3,5,9,0,99,231,463,46962,832017,500000,145,6,12,846,946,3,3,1080,1080,240,6000,10,3,250,200,150,150,100,,,,,,,10,100,8,1,200,920,930,920,920
912,13347000,FreeDiamonds,20,,,,,,,,,,,RS11,RS12,RS11,RS12,RS11,465,1712,200,200,2,2,2,4,2,1,5,2,2,2,2,2,2,2,4,2,2,1,1,2,2,2,2,2,2,2,3,3,3,2,3,3,2,2,5,1,1,1,5,30,3,5,9,0,99,231,463,46962,832017,500000,145,6,12,846,946,3,3,1080,1080,240,6000,10,3,250,200,150,150,100,,,,,,,10,100,8,1,200,921,931,921,921
913,13367000,FreeDiamonds,20,,,,,,,,,,,RS12,RS11,RS12,RS11,RS12,465,1712,200,200,2,2,2,4,2,1,5,2,2,2,2,2,2,2,4,2,2,1,1,2,2,2,2,2,2,2,3,3,3,2,3,3,2,2,5,1,1,1,5,30,3,5,9,0,99,231,463,46962,832017,500000,145,6,12,846,946,3,3,1080,1080,240,6000,10,3,250,200,150,150,100,,,,,,,10,100,8,1,200,922,932,922,922
914,13387000,FreeDiamonds,20,,,,,,,,,,,RS11,RS12,RS11,RS12,RS11,465,1712,200,200,2,2,2,4,2,1,5,2,2,2,2,2,2,2,4,2,2,1,1,2,2,2,2,2,2,2,3,3,3,2,3,3,2,2,5,1,1,1,5,30,3,5,9,0,99,231,463,46962,832017,500000,145,6,12,846,946,3,3,1080,1080,240,6000,10,3,250,200,150,150,100,,,,,,,10,100,8,1,200,923,933,923,923
915,13407000,FreeDiamonds,20,,,,,,,,,,,RS12,RS11,RS12,RS11,RS12,465,1712,200,200,2,2,2,4,2,1,5,2,2,2,2,2,2,2,4,2,2,1,1,2,2,2,2,2,2,2,3,3,3,2,3,3,2,2,5,1,1,1,5,30,3,5,9,0,99,231,463,46962,832017,500000,145,6,12,846,946,3,3,1080,1080,240,6000,10,3,250,200,150,150,100,,,,,,,10,100,8,1,200,924,934,924,924
916,13427000,FreeDiamonds,20,,,,,,,,,,,RS11,RS12,RS11,RS12,RS11,465,1712,200,200,2,2,2,4,2,1,5,2,2,2,2,2,2,2,4,2,2,1,1,2,2,2,2,2,2,2,3,3,3,2,3,3,2,2,5,1,1,1,5,30,3,5,9,0,99,231,463,46962,832017,500000,145,6,12,846,946,3,3,1080,1080,240,6000,10,3,250,200,150,150,100,,,,,,,10,100,8,1,200,925,935,925,925
917,13447000,FreeDiamonds,20,,,,,,,,,,,RS12,RS11,RS12,RS11,RS12,465,1712,200,200,2,2,2,4,2,1,5,2,2,2,2,2,2,2,4,2,2,1,1,2,2,2,2,2,2,2,3,3,3,2,3,3,2,2,5,1,1,1,5,30,3,5,9,0,99,231,463,46962,832017,500000,145,6,12,846,946,3,3,1080,1080,240,6000,10,3,250,200,150,150,100,,,,,,,10,100,8,1,200,926,936,926,926
918,13467000,FreeDiamonds,20,,,,,,,,,,,RS11,RS12,RS11,RS12,RS11,465,1712,200,200,2,2,2,4,2,1,5,2,2,2,2,2,2,2,4,2,2,1,1,2,2,2,2,2,2,2,3,3,3,2,3,3,2,2,5,1,1,1,5,30,3,5,9,0,99,231,463,46962,832017,500000,145,6,12,846,946,3,3,1080,1080,240,6000,10,3,250,200,150,150,100,,,,,,,10,100,8,1,200,927,937,927,927
919,13487000,FreeDiamonds,20,,,,,,,,,,,RS12,RS11,RS12,RS11,RS12,465,1712,200,200,2,2,2,4,2,1,5,2,2,2,2,2,2,2,4,2,2,1,1,2,2,2,2,2,2,2,3,3,3,2,3,3,2,2,5,1,1,1,5,30,3,5,9,0,99,231,463,46962,832017,500000,145,6,12,846,946,3,3,1080,1080,240,6000,10,3,250,200,150,150,100,,,,,,,10,100,8,1,200,928,938,928,928
920,13507000,FreeDiamonds,20,,,,,,,,,,,RS11,RS12,RS11,RS12,RS11,465,1712,200,200,2,2,2,4,2,1,5,2,2,2,2,2,2,2,4,2,2,1,1,2,2,2,2,2,2,2,3,3,3,2,3,3,2,2,5,1,1,1,5,30,3,5,9,0,99,231,463,46962,832017,500000,145,6,12,846,946,3,3,1080,1080,240,6000,10,3,250,200,150,150,100,,,,,,,10,100,8,1,200,929,939,929,929
921,13527000,FreeDiamonds,20,,,,,,,,,,,RS12,RS11,RS12,RS11,RS12,466,1712,200,200,2,2,2,4,2,1,5,2,2,2,2,2,2,2,4,2,2,1,1,2,2,2,2,2,2,2,3,3,3,2,3,3,2,2,5,1,1,1,5,30,3,5,9,0,99,231,463,46962,832017,500000,145,6,12,846,946,3,3,1080,1080,240,6000,10,3,250,200,150,150,100,,,,,,,10,100,8,1,200,930,940,930,930
922,13547000,FreeDiamonds,20,,,,,,,,,,,RS11,RS12,RS11,RS12,RS11,466,1712,200,200,2,2,2,4,2,1,5,2,2,2,2,2,2,2,4,2,2,1,1,2,2,2,2,2,2,2,3,3,3,2,3,3,2,2,5,1,1,1,5,30,3,5,9,0,99,231,463,46962,832017,500000,145,6,12,846,946,3,3,1080,1080,240,6000,10,3,250,200,150,150,100,,,,,,,10,100,8,1,200,931,941,931,931
923,13567000,FreeDiamonds,20,,,,,,,,,,,RS12,RS11,RS12,RS11,RS12,466,1712,200,200,2,2,2,4,2,1,5,2,2,2,2,2,2,2,4,2,2,1,1,2,2,2,2,2,2,2,3,3,3,2,3,3,2,2,5,1,1,1,5,30,3,5,9,0,99,231,463,46962,832017,500000,145,6,12,846,946,3,3,1080,1080,240,6000,10,3,250,200,150,150,100,,,,,,,10,100,8,1,200,932,942,932,932
924,13587000,FreeDiamonds,20,,,,,,,,,,,RS11,RS12,RS11,RS12,RS11,466,1712,200,200,2,2,2,4,2,1,5,2,2,2,2,2,2,2,4,2,2,1,1,2,2,2,2,2,2,2,3,3,3,2,3,3,2,2,5,1,1,1,5,30,3,5,9,0,99,231,463,46962,832017,500000,145,6,12,846,946,3,3,1080,1080,240,6000,10,3,250,200,150,150,100,,,,,,,10,100,8,1,200,933,943,933,933
925,13607000,FreeDiamonds,20,,,,,,,,,,,RS12,RS11,RS12,RS11,RS12,466,1712,200,200,2,2,2,4,2,1,5,2,2,2,2,2,2,2,4,2,2,1,1,2,2,2,2,2,2,2,3,3,3,2,3,3,2,2,5,1,1,1,5,30,3,5,9,0,99,231,463,46962,832017,500000,145,6,12,846,946,3,3,1080,1080,240,6000,10,3,250,200,150,150,100,,,,,,,10,100,8,1,200,934,944,934,934
926,13627000,FreeDiamonds,20,,,,,,,,,,,RS11,RS12,RS11,RS12,RS11,466,1712,200,200,2,2,2,4,2,1,5,2,2,2,2,2,2,2,4,2,2,1,1,2,2,2,2,2,2,2,3,3,3,2,3,3,2,2,5,1,1,1,5,30,3,5,9,0,99,231,463,46962,832017,500000,145,6,12,846,946,3,3,1080,1080,240,6000,10,3,250,200,150,150,100,,,,,,,10,100,8,1,200,935,945,935,935
927,13647000,FreeDiamonds,20,,,,,,,,,,,RS12,RS11,RS12,RS11,RS12,466,1712,200,200,2,2,2,4,2,1,5,2,2,2,2,2,2,2,4,2,2,1,1,2,2,2,2,2,2,2,3,3,3,2,3,3,2,2,5,1,1,1,5,30,3,5,9,0,99,231,463,46962,832017,500000,145,6,12,846,946,3,3,1080,1080,240,6000,10,3,250,200,150,150,100,,,,,,,10,100,8,1,200,936,946,936,936
928,13667000,FreeDiamonds,20,,,,,,,,,,,RS11,RS12,RS11,RS12,RS11,466,1712,200,200,2,2,2,4,2,1,5,2,2,2,2,2,2,2,4,2,2,1,1,2,2,2,2,2,2,2,3,3,3,2,3,3,2,2,5,1,1,1,5,30,3,5,9,0,99,231,463,46962,832017,500000,145,6,12,846,946,3,3,1080,1080,240,6000,10,3,250,200,150,150,100,,,,,,,10,100,8,1,200,937,947,937,937
929,13687000,FreeDiamonds,20,,,,,,,,,,,RS12,RS11,RS12,RS11,RS12,466,1712,200,200,2,2,2,4,2,1,5,2,2,2,2,2,2,2,4,2,2,1,1,2,2,2,2,2,2,2,3,3,3,2,3,3,2,2,5,1,1,1,5,30,3,5,9,0,99,231,463,46962,832017,500000,145,6,12,846,946,3,3,1080,1080,240,6000,10,3,250,200,150,150,100,,,,,,,10,100,8,1,200,938,948,938,938
930,13707000,FreeDiamonds,20,,,,,,,,,,,RS11,RS12,RS11,RS12,RS11,466,1712,200,200,2,2,2,4,2,1,5,2,2,2,2,2,2,2,4,2,2,1,1,2,2,2,2,2,2,2,3,3,3,2,3,3,2,2,5,1,1,1,5,30,3,5,9,0,99,231,463,46962,832017,500000,145,6,12,846,946,3,3,1080,1080,240,6000,10,3,250,200,150,150,100,,,,,,,10,100,8,1,200,939,949,939,939
931,13727000,FreeDiamonds,20,,,,,,,,,,,RS12,RS11,RS12,RS11,RS12,467,1712,200,200,2,2,2,4,2,1,5,2,2,2,2,2,2,2,4,2,2,1,1,2,2,2,2,2,2,2,3,3,3,2,3,3,2,2,5,1,1,1,5,30,3,5,9,0,99,231,463,46962,832017,500000,145,6,12,846,946,3,3,1080,1080,240,6000,10,3,250,200,150,150,100,,,,,,,10,100,8,1,200,940,950,940,940
932,13747000,FreeDiamonds,20,,,,,,,,,,,RS11,RS12,RS11,RS12,RS11,467,1712,200,200,2,2,2,4,2,1,5,2,2,2,2,2,2,2,4,2,2,1,1,2,2,2,2,2,2,2,3,3,3,2,3,3,2,2,5,1,1,1,5,30,3,5,9,0,99,231,463,46962,832017,500000,145,6,12,846,946,3,3,1080,1080,240,6000,10,3,250,200,150,150,100,,,,,,,10,100,8,1,200,941,951,941,941
933,13767000,FreeDiamonds,20,,,,,,,,,,,RS12,RS11,RS12,RS11,RS12,467,1712,200,200,2,2,2,4,2,1,5,2,2,2,2,2,2,2,4,2,2,1,1,2,2,2,2,2,2,2,3,3,3,2,3,3,2,2,5,1,1,1,5,30,3,5,9,0,99,231,463,46962,832017,500000,145,6,12,846,946,3,3,1080,1080,240,6000,10,3,250,200,150,150,100,,,,,,,10,100,8,1,200,942,952,942,942
934,13787000,FreeDiamonds,20,,,,,,,,,,,RS11,RS12,RS11,RS12,RS11,467,1712,200,200,2,2,2,4,2,1,5,2,2,2,2,2,2,2,4,2,2,1,1,2,2,2,2,2,2,2,3,3,3,2,3,3,2,2,5,1,1,1,5,30,3,5,9,0,99,231,463,46962,832017,500000,145,6,12,846,946,3,3,1080,1080,240,6000,10,3,250,200,150,150,100,,,,,,,10,100,8,1,200,943,953,943,943
935,13807000,FreeDiamonds,20,,,,,,,,,,,RS12,RS11,RS12,RS11,RS12,467,1712,200,200,2,2,2,4,2,1,5,2,2,2,2,2,2,2,4,2,2,1,1,2,2,2,2,2,2,2,3,3,3,2,3,3,2,2,5,1,1,1,5,30,3,5,9,0,99,231,463,46962,832017,500000,145,6,12,846,946,3,3,1080,1080,240,6000,10,3,250,200,150,150,100,,,,,,,10,100,8,1,200,944,954,944,944
936,13827000,FreeDiamonds,20,,,,,,,,,,,RS11,RS12,RS11,RS12,RS11,467,1712,200,200,2,2,2,4,2,1,5,2,2,2,2,2,2,2,4,2,2,1,1,2,2,2,2,2,2,2,3,3,3,2,3,3,2,2,5,1,1,1,5,30,3,5,9,0,99,231,463,46962,832017,500000,145,6,12,846,946,3,3,1080,1080,240,6000,10,3,250,200,150,150,100,,,,,,,10,100,8,1,200,945,955,945,945
937,13847000,FreeDiamonds,20,,,,,,,,,,,RS12,RS11,RS12,RS11,RS12,467,1712,200,200,2,2,2,4,2,1,5,2,2,2,2,2,2,2,4,2,2,1,1,2,2,2,2,2,2,2,3,3,3,2,3,3,2,2,5,1,1,1,5,30,3,5,9,0,100,231,463,46962,832017,500000,145,6,12,846,946,3,3,1080,1080,240,6000,10,3,250,200,150,150,100,,,,,,,10,100,8,1,200,946,956,946,946
938,13867000,FreeDiamonds,20,,,,,,,,,,,RS11,RS12,RS11,RS12,RS11,467,1712,200,200,2,2,2,4,2,1,5,2,2,2,2,2,2,2,4,2,2,1,1,2,2,2,2,2,2,2,3,3,3,2,3,3,2,2,5,1,1,1,5,30,3,5,9,0,100,231,463,46962,832017,500000,145,6,12,846,946,3,3,1080,1080,240,6000,10,3,250,200,150,150,100,,,,,,,10,100,8,1,200,947,957,947,947
939,13887000,FreeDiamonds,20,,,,,,,,,,,RS12,RS11,RS12,RS11,RS12,467,1712,200,200,2,2,2,4,2,1,5,2,2,2,2,2,2,2,4,2,2,1,1,2,2,2,2,2,2,2,3,3,3,2,3,3,2,2,5,1,1,1,5,30,3,5,9,0,100,231,463,46962,832017,500000,145,6,12,846,946,3,3,1080,1080,240,6000,10,3,250,200,150,150,100,,,,,,,10,100,8,1,200,948,958,948,948
940,13907000,FreeDiamonds,20,,,,,,,,,,,RS11,RS12,RS11,RS12,RS11,467,1712,200,200,2,2,2,4,2,1,5,2,2,2,2,2,2,2,4,2,2,1,1,2,2,2,2,2,2,2,3,3,3,2,3,3,2,2,5,1,1,1,5,30,3,5,9,0,100,231,463,46962,832017,500000,145,6,12,846,946,3,3,1080,1080,240,6000,10,3,250,200,150,150,100,,,,,,,10,100,8,1,200,949,959,949,949
941,13927000,FreeDiamonds,20,,,,,,,,,,,RS12,RS11,RS12,RS11,RS12,468,1712,200,200,2,2,2,4,2,1,5,2,2,2,2,2,2,2,4,2,2,1,1,2,2,2,2,2,2,2,3,3,3,2,3,3,2,2,5,1,1,1,5,30,3,5,9,0,100,231,463,46962,832017,500000,145,6,12,846,946,3,3,1080,1080,240,6000,10,3,250,200,150,150,100,,,,,,,10,100,8,1,200,950,960,950,950
942,13947000,FreeDiamonds,20,,,,,,,,,,,RS11,RS12,RS11,RS12,RS11,468,1712,200,200,2,2,2,4,2,1,5,2,2,2,2,2,2,2,4,2,2,1,1,2,2,2,2,2,2,2,3,3,3,2,3,3,2,2,5,1,1,1,5,30,3,5,9,0,100,231,463,46962,832017,500000,145,6,12,846,946,3,3,1080,1080,240,6000,10,3,250,200,150,150,100,,,,,,,10,100,8,1,200,951,961,951,951
943,13967000,FreeDiamonds,20,,,,,,,,,,,RS12,RS11,RS12,RS11,RS12,468,1712,200,200,2,2,2,4,2,1,5,2,2,2,2,2,2,2,4,2,2,1,1,2,2,2,2,2,2,2,3,3,3,2,3,3,2,2,5,1,1,1,5,30,3,5,9,0,98,231,463,46962,832017,500000,145,6,12,846,946,3,3,1080,1080,240,6000,10,3,250,200,150,150,100,,,,,,,10,100,8,1,200,952,962,952,952
944,13987000,FreeDiamonds,20,,,,,,,,,,,RS11,RS12,RS11,RS12,RS11,468,1712,200,200,2,2,2,4,2,1,5,2,2,2,2,2,2,2,4,2,2,1,1,2,2,2,2,2,2,2,3,3,3,2,3,3,2,2,5,1,1,1,5,30,3,5,9,0,98,231,463,46962,832017,500000,145,6,12,846,946,3,3,1080,1080,240,6000,10,3,250,200,150,150,100,,,,,,,10,100,8,1,200,953,963,953,953
945,14007000,FreeDiamonds,20,,,,,,,,,,,RS12,RS11,RS12,RS11,RS12,468,1712,200,200,2,2,2,4,2,1,5,2,2,2,2,2,2,2,4,2,2,1,1,2,2,2,2,2,2,2,3,3,3,2,3,3,2,2,5,1,1,1,5,30,3,5,9,0,98,231,463,46962,832017,500000,145,6,12,846,946,3,3,1080,1080,240,6000,10,3,250,200,150,150,100,,,,,,,10,100,8,1,200,954,964,954,954
946,14027000,FreeDiamonds,20,,,,,,,,,,,RS11,RS12,RS11,RS12,RS11,468,1712,200,200,2,2,2,4,2,1,5,2,2,2,2,2,2,2,4,2,2,1,1,2,2,2,2,2,2,2,3,3,3,2,3,3,2,2,5,1,1,1,5,30,3,5,9,0,98,231,463,46962,832017,500000,145,6,12,846,946,3,3,1080,1080,240,6000,10,3,250,200,150,150,100,,,,,,,10,100,8,1,200,955,965,955,955
947,14047000,FreeDiamonds,20,,,,,,,,,,,RS12,RS11,RS12,RS11,RS12,468,1712,200,200,2,2,2,4,2,1,5,2,2,2,2,2,2,2,4,2,2,1,1,2,2,2,2,2,2,2,3,3,3,2,3,3,2,2,5,1,1,1,5,30,3,5,9,0,98,231,463,46962,832017,500000,145,6,12,846,946,3,3,1080,1080,240,6000,10,3,250,200,150,150,100,,,,,,,10,100,8,1,200,956,966,956,956
948,14067000,FreeDiamonds,20,,,,,,,,,,,RS11,RS12,RS11,RS12,RS11,468,1712,200,200,2,2,2,4,2,1,5,2,2,2,2,2,2,2,4,2,2,1,1,2,2,2,2,2,2,2,3,3,3,2,3,3,2,2,5,1,1,1,5,30,3,5,9,0,98,231,463,46962,832017,500000,145,6,12,846,946,3,3,1080,1080,240,6000,10,3,250,200,150,150,100,,,,,,,10,100,8,1,200,957,967,957,957
949,14087000,FreeDiamonds,20,,,,,,,,,,,RS12,RS11,RS12,RS11,RS12,468,1712,200,200,2,2,2,4,2,1,5,2,2,2,2,2,2,2,4,2,2,1,1,2,2,2,2,2,2,2,3,3,3,2,3,3,2,2,5,1,1,1,5,30,3,5,9,0,98,231,463,46962,832017,500000,145,6,12,846,946,3,3,1080,1080,240,6000,10,3,250,200,150,150,100,,,,,,,10,100,8,1,200,958,968,958,958
950,14107000,FreeDiamonds,50,,,,,,,,,,,RS11,RS12,RS11,RS12,RS11,468,1712,200,200,2,2,2,4,2,1,5,2,2,2,2,2,2,2,4,2,2,1,1,2,2,2,2,2,2,2,3,3,3,2,3,3,2,2,5,1,1,1,5,30,3,5,9,0,98,231,463,46962,832017,500000,145,6,12,846,946,3,3,1080,1080,240,6000,10,3,250,200,150,150,100,,,,,,,10,100,8,1,200,959,969,959,959
951,14127000,FreeDiamonds,20,,,,,,,,,,,RS12,RS11,RS12,RS11,RS12,469,1712,200,200,2,2,2,4,2,1,5,2,2,2,2,2,2,2,4,2,2,1,1,2,2,2,2,2,2,2,3,3,3,2,3,3,2,2,5,1,1,1,5,30,3,5,9,0,98,231,463,46962,832017,500000,145,6,12,846,946,3,3,1080,1080,240,6000,10,3,250,200,150,150,100,,,,,,,10,100,8,1,200,960,970,960,960
952,14147000,FreeDiamonds,20,,,,,,,,,,,RS11,RS12,RS11,RS12,RS11,469,1712,200,200,2,2,2,4,2,1,5,2,2,2,2,2,2,2,4,2,2,1,1,2,2,2,2,2,2,2,3,3,3,2,3,3,2,2,5,1,1,1,5,30,3,5,9,0,98,231,463,46962,832017,500000,145,6,12,846,946,3,3,1080,1080,240,6000,10,3,250,200,150,150,100,,,,,,,10,100,8,1,200,961,971,961,961
953,14167000,FreeDiamonds,20,,,,,,,,,,,RS12,RS11,RS12,RS11,RS12,469,1712,200,200,2,2,2,4,2,1,5,2,2,2,2,2,2,2,4,2,2,1,1,2,2,2,2,2,2,2,3,3,3,2,3,3,2,2,5,1,1,1,5,30,3,5,9,0,98,231,463,46962,832017,500000,145,6,12,846,946,3,3,1080,1080,240,6000,10,3,250,200,150,150,100,,,,,,,10,100,8,1,200,962,972,962,962
954,14187000,FreeDiamonds,20,,,,,,,,,,,RS11,RS12,RS11,RS12,RS11,469,1712,200,200,2,2,2,4,2,1,5,2,2,2,2,2,2,2,4,2,2,1,1,2,2,2,2,2,2,2,3,3,3,2,3,3,2,2,5,1,1,1,5,30,3,5,9,0,98,231,463,46962,832017,500000,145,6,12,846,946,3,3,1080,1080,240,6000,10,3,250,200,150,150,100,,,,,,,10,100,8,1,200,963,973,963,963
955,14207000,FreeDiamonds,20,,,,,,,,,,,RS12,RS11,RS12,RS11,RS12,469,1712,200,200,2,2,2,4,2,1,5,2,2,2,2,2,2,2,4,2,2,1,1,2,2,2,2,2,2,2,3,3,3,2,3,3,2,2,5,1,1,1,5,30,3,5,9,0,98,231,463,46962,832017,500000,145,6,12,846,946,3,3,1080,1080,240,6000,10,3,250,200,150,150,100,,,,,,,10,100,8,1,200,964,974,964,964
956,14227000,FreeDiamonds,20,,,,,,,,,,,RS11,RS12,RS11,RS12,RS11,469,1712,200,200,2,2,2,4,2,1,5,2,2,2,2,2,2,2,4,2,2,1,1,2,2,2,2,2,2,2,3,3,3,2,3,3,2,2,5,1,1,1,5,30,3,5,9,0,98,231,463,46962,832017,500000,145,6,12,846,946,3,3,1080,1080,240,6000,10,3,250,200,150,150,100,,,,,,,10,100,8,1,200,965,975,965,965
957,14247000,FreeDiamonds,20,,,,,,,,,,,RS12,RS11,RS12,RS11,RS12,469,1712,200,200,2,2,2,4,2,1,5,2,2,2,2,2,2,2,4,2,2,1,1,2,2,2,2,2,2,2,3,3,3,2,3,3,2,2,5,1,1,1,5,30,3,5,9,0,98,231,463,46962,832017,500000,145,6,12,846,946,3,3,1080,1080,240,6000,10,3,250,200,150,150,100,,,,,,,10,100,8,1,200,966,976,966,966
958,14267000,FreeDiamonds,20,,,,,,,,,,,RS11,RS12,RS11,RS12,RS11,469,1712,200,200,2,2,2,4,2,1,5,2,2,2,2,2,2,2,4,2,2,1,1,2,2,2,2,2,2,2,3,3,3,2,3,3,2,2,5,1,1,1,5,30,3,5,9,0,98,231,463,46962,832017,500000,145,6,12,846,946,3,3,1080,1080,240,6000,10,3,250,200,150,150,100,,,,,,,10,100,8,1,200,967,977,967,967
959,14287000,FreeDiamonds,20,,,,,,,,,,,RS12,RS11,RS12,RS11,RS12,469,1712,200,200,2,2,2,4,2,1,5,2,2,2,2,2,2,2,4,2,2,1,1,2,2,2,2,2,2,2,3,3,3,2,3,3,2,2,5,1,1,1,5,30,3,5,9,0,98,231,463,46962,832017,500000,145,6,12,846,946,3,3,1080,1080,240,6000,10,3,250,200,150,150,100,,,,,,,10,100,8,1,200,968,978,968,968
960,14307000,FreeDiamonds,20,,,,,,,,,,,RS11,RS12,RS11,RS12,RS11,469,1712,200,200,2,2,2,4,2,1,5,2,2,2,2,2,2,2,4,2,2,1,1,2,2,2,2,2,2,2,3,3,3,2,3,3,2,2,5,1,1,1,5,30,3,5,9,0,98,231,463,46962,832017,500000,145,6,12,846,946,3,3,1080,1080,240,6000,10,3,250,200,150,150,100,,,,,,,10,100,8,1,200,969,979,969,969
961,14327000,FreeDiamonds,20,,,,,,,,,,,RS12,RS11,RS12,RS11,RS12,470,1712,200,200,2,2,2,4,2,1,5,2,2,2,2,2,2,2,4,2,2,1,1,2,2,2,2,2,2,2,3,3,3,2,3,3,2,2,5,1,1,1,5,30,3,5,9,0,98,231,463,46962,832017,500000,145,6,12,846,946,3,3,1080,1080,240,6000,10,3,250,200,150,150,100,,,,,,,10,100,8,1,200,970,980,970,970
962,14347000,FreeDiamonds,20,,,,,,,,,,,RS11,RS12,RS11,RS12,RS11,470,1712,200,200,2,2,2,4,2,1,5,2,2,2,2,2,2,2,4,2,2,1,1,2,2,2,2,2,2,2,3,3,3,2,3,3,2,2,5,1,1,1,5,30,3,5,9,0,98,231,463,46962,832017,500000,145,6,12,846,946,3,3,1080,1080,240,6000,10,3,250,200,150,150,100,,,,,,,10,100,8,1,200,971,981,971,971
963,14367000,FreeDiamonds,20,,,,,,,,,,,RS12,RS11,RS12,RS11,RS12,470,1712,200,200,2,2,2,4,2,1,5,2,2,2,2,2,2,2,4,2,2,1,1,2,2,2,2,2,2,2,3,3,3,2,3,3,2,2,5,1,1,1,5,30,3,5,9,0,98,231,463,46962,832017,500000,145,6,12,846,946,3,3,1080,1080,240,6000,10,3,250,200,150,150,100,,,,,,,10,100,8,1,200,972,982,972,972
964,14387000,FreeDiamonds,20,,,,,,,,,,,RS11,RS12,RS11,RS12,RS11,470,1712,200,200,2,2,2,4,2,1,5,2,2,2,2,2,2,2,4,2,2,1,1,2,2,2,2,2,2,2,3,3,3,2,3,3,2,2,5,1,1,1,5,30,3,5,9,0,98,231,463,46962,832017,500000,145,6,12,846,946,3,3,1080,1080,240,6000,10,3,250,200,150,150,100,,,,,,,10,100,8,1,200,973,983,973,973
965,14407000,FreeDiamonds,20,,,,,,,,,,,RS12,RS11,RS12,RS11,RS12,470,1712,200,200,2,2,2,4,2,1,5,2,2,2,2,2,2,2,4,2,2,1,1,2,2,2,2,2,2,2,3,3,3,2,3,3,2,2,5,1,1,1,5,30,3,5,9,0,98,231,463,46962,832017,500000,145,6,12,846,946,3,3,1080,1080,240,6000,10,3,250,200,150,150,100,,,,,,,10,100,8,1,200,974,984,974,974
966,14427000,FreeDiamonds,20,,,,,,,,,,,RS11,RS12,RS11,RS12,RS11,470,1712,200,200,2,2,2,4,2,1,5,2,2,2,2,2,2,2,4,2,2,1,1,2,2,2,2,2,2,2,3,3,3,2,3,3,2,2,5,1,1,1,5,30,3,5,9,0,98,231,463,46962,832017,500000,145,6,12,846,946,3,3,1080,1080,240,6000,10,3,250,200,150,150,100,,,,,,,10,100,8,1,200,975,985,975,975
967,14447000,FreeDiamonds,20,,,,,,,,,,,RS12,RS11,RS12,RS11,RS12,470,1712,200,200,2,2,2,4,2,1,5,2,2,2,2,2,2,2,4,2,2,1,1,2,2,2,2,2,2,2,3,3,3,2,3,3,2,2,5,1,1,1,5,30,3,5,9,0,98,231,463,46962,832017,500000,145,6,12,846,946,3,3,1080,1080,240,6000,10,3,250,200,150,150,100,,,,,,,10,100,8,1,200,976,986,976,976
968,14467000,FreeDiamonds,20,,,,,,,,,,,RS11,RS12,RS11,RS12,RS11,470,1712,200,200,2,2,2,4,2,1,5,2,2,2,2,2,2,2,4,2,2,1,1,2,2,2,2,2,2,2,3,3,3,2,3,3,2,2,5,1,1,1,5,30,3,5,9,0,99,231,463,46962,832017,500000,145,6,12,846,946,3,3,1080,1080,240,6000,10,3,250,200,150,150,100,,,,,,,10,100,8,1,200,977,987,977,977
969,14487000,FreeDiamonds,20,,,,,,,,,,,RS12,RS11,RS12,RS11,RS12,470,1712,200,200,2,2,2,4,2,1,5,2,2,2,2,2,2,2,4,2,2,1,1,2,2,2,2,2,2,2,3,3,3,2,3,3,2,2,5,1,1,1,5,30,3,5,9,0,99,231,463,46962,832017,500000,145,6,12,846,946,3,3,1080,1080,240,6000,10,3,250,200,150,150,100,,,,,,,10,100,8,1,200,978,988,978,978
970,14507000,FreeDiamonds,20,,,,,,,,,,,RS11,RS12,RS11,RS12,RS11,470,1712,200,200,2,2,2,4,2,1,5,2,2,2,2,2,2,2,4,2,2,1,1,2,2,2,2,2,2,2,3,3,3,2,3,3,2,2,5,1,1,1,5,30,3,5,9,0,99,231,463,46962,832017,500000,145,6,12,846,946,3,3,1080,1080,240,6000,10,3,250,200,150,150,100,,,,,,,10,100,8,1,200,979,989,979,979
971,14527000,FreeDiamonds,20,,,,,,,,,,,RS12,RS11,RS12,RS11,RS12,471,1712,200,200,2,2,2,4,2,1,5,2,2,2,2,2,2,2,4,2,2,1,1,2,2,2,2,2,2,2,3,3,3,2,3,3,2,2,5,1,1,1,5,30,3,5,9,0,99,231,463,46962,832017,500000,145,6,12,846,946,3,3,1080,1080,240,6000,10,3,250,200,150,150,100,,,,,,,10,100,8,1,200,980,990,980,980
972,14547000,FreeDiamonds,20,,,,,,,,,,,RS11,RS12,RS11,RS12,RS11,471,1712,200,200,2,2,2,4,2,1,5,2,2,2,2,2,2,2,4,2,2,1,1,2,2,2,2,2,2,2,3,3,3,2,3,3,2,2,5,1,1,1,5,30,3,5,9,0,99,231,463,46962,832017,500000,145,6,12,846,946,3,3,1080,1080,240,6000,10,3,250,200,150,150,100,,,,,,,10,100,8,1,200,981,991,981,981
973,14567000,FreeDiamonds,20,,,,,,,,,,,RS12,RS11,RS12,RS11,RS12,471,1712,200,200,2,2,2,4,2,1,5,2,2,2,2,2,2,2,4,2,2,1,1,2,2,2,2,2,2,2,3,3,3,2,3,3,2,2,5,1,1,1,5,30,3,5,9,0,99,231,463,46962,832017,500000,145,6,12,846,946,3,3,1080,1080,240,6000,10,3,250,200,150,150,100,,,,,,,10,100,8,1,200,982,992,982,982
974,14587000,FreeDiamonds,20,,,,,,,,,,,RS11,RS12,RS11,RS12,RS11,471,1712,200,200,2,2,2,4,2,1,5,2,2,2,2,2,2,2,4,2,2,1,1,2,2,2,2,2,2,2,3,3,3,2,3,3,2,2,5,1,1,1,5,30,3,5,9,0,99,231,463,46962,832017,500000,145,6,12,846,946,3,3,1080,1080,240,6000,10,3,250,200,150,150,100,,,,,,,10,100,8,1,200,983,993,983,983
975,14607000,FreeDiamonds,20,,,,,,,,,,,RS12,RS11,RS12,RS11,RS12,471,1712,200,200,2,2,2,4,2,1,5,2,2,2,2,2,2,2,4,2,2,1,1,2,2,2,2,2,2,2,3,3,3,2,3,3,2,2,5,1,1,1,5,30,3,5,9,0,99,231,463,46962,832017,500000,145,6,12,846,946,3,3,1080,1080,240,6000,10,3,250,200,150,150,100,,,,,,,10,100,8,1,200,984,994,984,984
976,14627000,FreeDiamonds,20,,,,,,,,,,,RS11,RS12,RS11,RS12,RS11,471,1712,200,200,2,2,2,4,2,1,5,2,2,2,2,2,2,2,4,2,2,1,1,2,2,2,2,2,2,2,3,3,3,2,3,3,2,2,5,1,1,1,5,30,3,5,9,0,99,231,463,46962,832017,500000,145,6,12,846,946,3,3,1080,1080,240,6000,10,3,250,200,150,150,100,,,,,,,10,100,8,1,200,985,995,985,985
977,14647000,FreeDiamonds,20,,,,,,,,,,,RS12,RS11,RS12,RS11,RS12,471,1712,200,200,2,2,2,4,2,1,5,2,2,2,2,2,2,2,4,2,2,1,1,2,2,2,2,2,2,2,3,3,3,2,3,3,2,2,5,1,1,1,5,30,3,5,9,0,99,231,463,46962,832017,500000,145,6,12,846,946,3,3,1080,1080,240,6000,10,3,250,200,150,150,100,,,,,,,10,100,8,1,200,986,996,986,986
978,14667000,FreeDiamonds,20,,,,,,,,,,,RS11,RS12,RS11,RS12,RS11,471,1712,200,200,2,2,2,4,2,1,5,2,2,2,2,2,2,2,4,2,2,1,1,2,2,2,2,2,2,2,3,3,3,2,3,3,2,2,5,1,1,1,5,30,3,5,9,0,99,231,463,46962,832017,500000,145,6,12,846,946,3,3,1080,1080,240,6000,10,3,250,200,150,150,100,,,,,,,10,100,8,1,200,987,997,987,987
979,14687000,FreeDiamonds,20,,,,,,,,,,,RS12,RS11,RS12,RS11,RS12,471,1712,200,200,2,2,2,4,2,1,5,2,2,2,2,2,2,2,4,2,2,1,1,2,2,2,2,2,2,2,3,3,3,2,3,3,2,2,5,1,1,1,5,30,3,5,9,0,99,231,463,46962,832017,500000,145,6,12,846,946,3,3,1080,1080,240,6000,10,3,250,200,150,150,100,,,,,,,10,100,8,1,200,988,998,988,988
980,14707000,FreeDiamonds,20,,,,,,,,,,,RS11,RS12,RS11,RS12,RS11,471,1712,200,200,2,2,2,4,2,1,5,2,2,2,2,2,2,2,4,2,2,1,1,2,2,2,2,2,2,2,3,3,3,2,3,3,2,2,5,1,1,1,5,30,3,5,9,0,99,231,463,46962,832017,500000,145,6,12,846,946,3,3,1080,1080,240,6000,10,3,250,200,150,150,100,,,,,,,10,100,8,1,200,989,999,989,989
981,14727000,FreeDiamonds,20,,,,,,,,,,,RS12,RS11,RS12,RS11,RS12,472,1712,200,200,2,2,2,4,2,1,5,2,2,2,2,2,2,2,4,2,2,1,1,2,2,2,2,2,2,2,3,3,3,2,3,3,2,2,5,1,1,1,5,30,3,5,9,0,99,231,463,46962,832017,500000,145,6,12,846,946,3,3,1080,1080,240,6000,10,3,250,200,150,150,100,,,,,,,10,100,8,1,200,990,1000,990,990
982,14747000,FreeDiamonds,20,,,,,,,,,,,RS11,RS12,RS11,RS12,RS11,472,1712,200,200,2,2,2,4,2,1,5,2,2,2,2,2,2,2,4,2,2,1,1,2,2,2,2,2,2,2,3,3,3,2,3,3,2,2,5,1,1,1,5,30,3,5,9,0,99,231,463,46962,832017,500000,145,6,12,846,946,3,3,1080,1080,240,6000,10,3,250,200,150,150,100,,,,,,,10,100,8,1,200,991,1001,991,991
983,14767000,FreeDiamonds,20,,,,,,,,,,,RS12,RS11,RS12,RS11,RS12,472,1712,200,200,2,2,2,4,2,1,5,2,2,2,2,2,2,2,4,2,2,1,1,2,2,2,2,2,2,2,3,3,3,2,3,3,2,2,5,1,1,1,5,30,3,5,9,0,99,231,463,46962,832017,500000,145,6,12,846,946,3,3,1080,1080,240,6000,10,3,250,200,150,150,100,,,,,,,10,100,8,1,200,992,1002,992,992
984,14787000,FreeDiamonds,20,,,,,,,,,,,RS11,RS12,RS11,RS12,RS11,472,1712,200,200,2,2,2,4,2,1,5,2,2,2,2,2,2,2,4,2,2,1,1,2,2,2,2,2,2,2,3,3,3,2,3,3,2,2,5,1,1,1,5,30,3,5,9,0,99,231,463,46962,832017,500000,145,6,12,846,946,3,3,1080,1080,240,6000,10,3,250,200,150,150,100,,,,,,,10,100,8,1,200,993,1003,993,993
985,14807000,FreeDiamonds,20,,,,,,,,,,,RS12,RS11,RS12,RS11,RS12,472,1712,200,200,2,2,2,4,2,1,5,2,2,2,2,2,2,2,4,2,2,1,1,2,2,2,2,2,2,2,3,3,3,2,3,3,2,2,5,1,1,1,5,30,3,5,9,0,99,231,463,46962,832017,500000,145,6,12,846,946,3,3,1080,1080,240,6000,10,3,250,200,150,150,100,,,,,,,10,100,8,1,200,994,1004,994,994
986,14827000,FreeDiamonds,20,,,,,,,,,,,RS11,RS12,RS11,RS12,RS11,472,1712,200,200,2,2,2,4,2,1,5,2,2,2,2,2,2,2,4,2,2,1,1,2,2,2,2,2,2,2,3,3,3,2,3,3,2,2,5,1,1,1,5,30,3,5,9,0,99,231,463,46962,832017,500000,145,6,12,846,946,3,3,1080,1080,240,6000,10,3,250,200,150,150,100,,,,,,,10,100,8,1,200,995,1005,995,995
987,14847000,FreeDiamonds,20,,,,,,,,,,,RS12,RS11,RS12,RS11,RS12,472,1712,200,200,2,2,2,4,2,1,5,2,2,2,2,2,2,2,4,2,2,1,1,2,2,2,2,2,2,2,3,3,3,2,3,3,2,2,5,1,1,1,5,30,3,5,9,0,99,231,463,46962,832017,500000,145,6,12,846,946,3,3,1080,1080,240,6000,10,3,250,200,150,150,100,,,,,,,10,100,8,1,200,996,1006,996,996
988,14867000,FreeDiamonds,20,,,,,,,,,,,RS11,RS12,RS11,RS12,RS11,472,1712,200,200,2,2,2,4,2,1,5,2,2,2,2,2,2,2,4,2,2,1,1,2,2,2,2,2,2,2,3,3,3,2,3,3,2,2,5,1,1,1,5,30,3,5,9,0,99,231,463,46962,832017,500000,145,6,12,846,946,3,3,1080,1080,240,6000,10,3,250,200,150,150,100,,,,,,,10,100,8,1,200,997,1007,997,997
989,14887000,FreeDiamonds,20,,,,,,,,,,,RS12,RS11,RS12,RS11,RS12,472,1712,200,200,2,2,2,4,2,1,5,2,2,2,2,2,2,2,4,2,2,1,1,2,2,2,2,2,2,2,3,3,3,2,3,3,2,2,5,1,1,1,5,30,3,5,9,0,99,231,463,46962,832017,500000,145,6,12,846,946,3,3,1080,1080,240,6000,10,3,250,200,150,150,100,,,,,,,10,100,8,1,200,998,1008,998,998
990,14907000,FreeDiamonds,20,,,,,,,,,,,RS11,RS12,RS11,RS12,RS11,472,1712,200,200,2,2,2,4,2,1,5,2,2,2,2,2,2,2,4,2,2,1,1,2,2,2,2,2,2,2,3,3,3,2,3,3,2,2,5,1,1,1,5,30,3,5,9,0,99,231,463,46962,832017,500000,145,6,12,846,946,3,3,1080,1080,240,6000,10,3,250,200,150,150,100,,,,,,,10,100,8,1,200,999,1009,999,999
991,14927000,FreeDiamonds,20,,,,,,,,,,,RS12,RS11,RS12,RS11,RS12,473,1712,200,200,2,2,2,4,2,1,5,2,2,2,2,2,2,2,4,2,2,1,1,2,2,2,2,2,2,2,3,3,3,2,3,3,2,2,5,1,1,1,5,30,3,5,9,0,99,231,463,46962,832017,500000,145,6,12,846,946,3,3,1080,1080,240,6000,10,3,250,200,150,150,100,,,,,,,10,100,8,1,200,1000,1010,1000,1000
992,14947000,FreeDiamonds,20,,,,,,,,,,,RS11,RS12,RS11,RS12,RS11,473,1712,200,200,2,2,2,4,2,1,5,2,2,2,2,2,2,2,4,2,2,1,1,2,2,2,2,2,2,2,3,3,3,2,3,3,2,2,5,1,1,1,5,30,3,5,9,0,99,231,463,46962,832017,500000,145,6,12,846,946,3,3,1080,1080,240,6000,10,3,250,200,150,150,100,,,,,,,10,100,8,1,200,1001,1011,1001,1001
993,14967000,FreeDiamonds,20,,,,,,,,,,,RS12,RS11,RS12,RS11,RS12,473,1712,200,200,2,2,2,4,2,1,5,2,2,2,2,2,2,2,4,2,2,1,1,2,2,2,2,2,2,2,3,3,3,2,3,3,2,2,5,1,1,1,5,30,3,5,9,0,99,231,463,46962,832017,500000,145,6,12,846,946,3,3,1080,1080,240,6000,10,3,250,200,150,150,100,,,,,,,10,100,8,1,200,1002,1012,1002,1002
994,14987000,FreeDiamonds,20,,,,,,,,,,,RS11,RS12,RS11,RS12,RS11,473,1712,200,200,2,2,2,4,2,1,5,2,2,2,2,2,2,2,4,2,2,1,1,2,2,2,2,2,2,2,3,3,3,2,3,3,2,2,5,1,1,1,5,30,3,5,9,0,100,231,463,46962,832017,500000,145,6,12,846,946,3,3,1080,1080,240,6000,10,3,250,200,150,150,100,,,,,,,10,100,8,1,200,1003,1013,1003,1003
995,15007000,FreeDiamonds,20,,,,,,,,,,,RS12,RS11,RS12,RS11,RS12,473,1712,200,200,2,2,2,4,2,1,5,2,2,2,2,2,2,2,4,2,2,1,1,2,2,2,2,2,2,2,3,3,3,2,3,3,2,2,5,1,1,1,5,30,3,5,9,0,100,231,463,46962,832017,500000,145,6,12,846,946,3,3,1080,1080,240,6000,10,3,250,200,150,150,100,,,,,,,10,100,8,1,200,1004,1014,1004,1004
996,15027000,FreeDiamonds,20,,,,,,,,,,,RS11,RS12,RS11,RS12,RS11,473,1712,200,200,2,2,2,4,2,1,5,2,2,2,2,2,2,2,4,2,2,1,1,2,2,2,2,2,2,2,3,3,3,2,3,3,2,2,5,1,1,1,5,30,3,5,9,0,100,231,463,46962,832017,500000,145,6,12,846,946,3,3,1080,1080,240,6000,10,3,250,200,150,150,100,,,,,,,10,100,8,1,200,1005,1015,1005,1005
997,15047000,FreeDiamonds,20,,,,,,,,,,,RS12,RS11,RS12,RS11,RS12,473,1712,200,200,2,2,2,4,2,1,5,2,2,2,2,2,2,2,4,2,2,1,1,2,2,2,2,2,2,2,3,3,3,2,3,3,2,2,5,1,1,1,5,30,3,5,9,0,100,231,463,46962,832017,500000,145,6,12,846,946,3,3,1080,1080,240,6000,10,3,250,200,150,150,100,,,,,,,10,100,8,1,200,1006,1016,1006,1006
998,15067000,FreeDiamonds,20,,,,,,,,,,,RS11,RS12,RS11,RS12,RS11,473,1712,200,200,2,2,2,4,2,1,5,2,2,2,2,2,2,2,4,2,2,1,1,2,2,2,2,2,2,2,3,3,3,2,3,3,2,2,5,1,1,1,5,30,3,5,9,0,100,231,463,46962,832017,500000,145,6,12,846,946,3,3,1080,1080,240,6000,10,3,250,200,150,150,100,,,,,,,10,100,8,1,200,1007,1017,1007,1007
999,15087000,FreeDiamonds,20,,,,,,,,,,,RS12,RS11,RS12,RS11,RS12,473,1712,200,200,2,2,2,4,2,1,5,2,2,2,2,2,2,2,4,2,2,1,1,2,2,2,2,2,2,2,3,3,3,2,3,3,2,2,5,1,1,1,5,30,3,5,9,0,100,231,463,46962,832017,500000,145,6,12,846,946,3,3,1080,1080,240,6000,10,3,250,200,150,150,100,,,,,,,10,100,8,1,200,1008,1018,1008,1008
1000,15107000,FreeDiamonds,450,,,,,,,,,,,RS11,RS12,RS11,RS12,RS11,473,1712,200,200,2,2,2,4,2,1,5,2,2,2,2,2,2,2,4,2,2,1,1,2,2,2,2,2,2,2,3,3,3,2,3,3,2,2,5,1,1,1,5,30,3,5,9,0,100,231,463,46962,832017,500000,145,6,12,846,946,3,3,1080,1080,240,6000,10,3,250,200,150,150,100,,,,,,,10,100,8,1,200,1009,1019,1009,1009
1001,15127000,FreeDiamonds,25,,,,,,,,,,,RS12,RS11,RS12,RS11,RS12,474,1712,200,200,2,2,2,4,2,1,5,2,2,2,2,2,2,2,4,2,2,1,1,2,2,2,2,2,2,2,3,3,3,2,3,3,2,2,5,1,1,1,5,30,3,5,9,0,98,231,463,46962,832017,500000,145,6,12,846,946,3,3,1080,1080,240,6000,10,3,250,200,150,150,100,,,,,,,10,100,8,1,200,1010,1020,1010,1010
1002,15147000,FreeDiamonds,25,,,,,,,,,,,RS11,RS12,RS11,RS12,RS11,474,1712,200,200,2,2,2,4,2,1,5,2,2,2,2,2,2,2,4,2,2,1,1,2,2,2,2,2,2,2,3,3,3,2,3,3,2,2,5,1,1,1,5,30,3,5,9,0,98,231,463,46962,832017,500000,145,6,12,846,946,3,3,1080,1080,240,6000,10,3,250,200,150,150,100,,,,,,,10,100,8,1,200,1011,1021,1011,1011
1003,15167000,FreeDiamonds,25,,,,,,,,,,,RS12,RS11,RS12,RS11,RS12,474,1712,200,200,2,2,2,4,2,1,5,2,2,2,2,2,2,2,4,2,2,1,1,2,2,2,2,2,2,2,3,3,3,2,3,3,2,2,5,1,1,1,5,30,3,5,9,0,98,231,463,46962,832017,500000,145,6,12,846,946,3,3,1080,1080,240,6000,10,3,250,200,150,150,100,,,,,,,10,100,8,1,200,1012,1022,1012,1012
1004,15187000,FreeDiamonds,25,,,,,,,,,,,RS11,RS12,RS11,RS12,RS11,474,1712,200,200,2,2,2,4,2,1,5,2,2,2,2,2,2,2,4,2,2,1,1,2,2,2,2,2,2,2,3,3,3,2,3,3,2,2,5,1,1,1,5,30,3,5,9,0,98,231,463,46962,832017,500000,145,6,12,846,946,3,3,1080,1080,240,6000,10,3,250,200,150,150,100,,,,,,,10,100,8,1,200,1013,1023,1013,1013
1005,15207000,FreeDiamonds,25,,,,,,,,,,,RS12,RS11,RS12,RS11,RS12,474,1712,200,200,2,2,2,4,2,1,5,2,2,2,2,2,2,2,4,2,2,1,1,2,2,2,2,2,2,2,3,3,3,2,3,3,2,2,5,1,1,1,5,30,3,5,9,0,98,231,463,46962,832017,500000,145,6,12,846,946,3,3,1080,1080,240,6000,10,3,250,200,150,150,100,,,,,,,10,100,8,1,200,1014,1024,1014,1014
1006,15227000,FreeDiamonds,25,,,,,,,,,,,RS11,RS12,RS11,RS12,RS11,474,1712,200,200,2,2,2,4,2,1,5,2,2,2,2,2,2,2,4,2,2,1,1,2,2,2,2,2,2,2,3,3,3,2,3,3,2,2,5,1,1,1,5,30,3,5,9,0,98,231,463,46962,832017,500000,145,6,12,846,946,3,3,1080,1080,240,6000,10,3,250,200,150,150,100,,,,,,,10,100,8,1,200,1015,1025,1015,1015
1007,15247000,FreeDiamonds,25,,,,,,,,,,,RS12,RS11,RS12,RS11,RS12,474,1712,200,200,2,2,2,4,2,1,5,2,2,2,2,2,2,2,4,2,2,1,1,2,2,2,2,2,2,2,3,3,3,2,3,3,2,2,5,1,1,1,5,30,3,5,9,0,98,231,463,46962,832017,500000,145,6,12,846,946,3,3,1080,1080,240,6000,10,3,250,200,150,150,100,,,,,,,10,100,8,1,200,1016,1026,1016,1016
1008,15267000,FreeDiamonds,25,,,,,,,,,,,RS11,RS12,RS11,RS12,RS11,474,1712,200,200,2,2,2,4,2,1,5,2,2,2,2,2,2,2,4,2,2,1,1,2,2,2,2,2,2,2,3,3,3,2,3,3,2,2,5,1,1,1,5,30,3,5,9,0,98,231,463,46962,832017,500000,145,6,12,846,946,3,3,1080,1080,240,6000,10,3,250,200,150,150,100,,,,,,,10,100,8,1,200,1017,1027,1017,1017
1009,15287000,FreeDiamonds,25,,,,,,,,,,,RS12,RS11,RS12,RS11,RS12,474,1712,200,200,2,2,2,4,2,1,5,2,2,2,2,2,2,2,4,2,2,1,1,2,2,2,2,2,2,2,3,3,3,2,3,3,2,2,5,1,1,1,5,30,3,5,9,0,98,231,463,46962,832017,500000,145,6,12,846,946,3,3,1080,1080,240,6000,10,3,250,200,150,150,100,,,,,,,10,100,8,1,200,1018,1028,1018,1018
1010,15307000,FreeDiamonds,25,,,,,,,,,,,RS11,RS12,RS11,RS12,RS11,474,1712,200,200,2,2,2,4,2,1,5,2,2,2,2,2,2,2,4,2,2,1,1,2,2,2,2,2,2,2,3,3,3,2,3,3,2,2,5,1,1,1,5,30,3,5,9,0,98,231,463,46962,832017,500000,145,6,12,846,946,3,3,1080,1080,240,6000,10,3,250,200,150,150,100,,,,,,,10,100,8,1,200,1019,1029,1019,1019
1011,15327000,FreeDiamonds,25,,,,,,,,,,,RS12,RS11,RS12,RS11,RS12,475,1712,200,200,2,2,2,4,2,1,5,2,2,2,2,2,2,2,4,2,2,1,1,2,2,2,2,2,2,2,3,3,3,2,3,3,2,2,5,1,1,1,5,30,3,5,9,0,99,231,463,46962,832017,500000,145,6,12,846,946,3,3,1080,1080,240,6000,10,3,250,200,150,150,100,,,,,,,10,100,8,1,200,1020,1030,1020,1020
1012,15347000,FreeDiamonds,25,,,,,,,,,,,RS11,RS12,RS11,RS12,RS11,475,1712,200,200,2,2,2,4,2,1,5,2,2,2,2,2,2,2,4,2,2,1,1,2,2,2,2,2,2,2,3,3,3,2,3,3,2,2,5,1,1,1,5,30,3,5,9,0,99,231,463,46962,832017,500000,145,6,12,846,946,3,3,1080,1080,240,6000,10,3,250,200,150,150,100,,,,,,,10,100,8,1,200,1021,1031,1021,1021
1013,15367000,FreeDiamonds,25,,,,,,,,,,,RS12,RS11,RS12,RS11,RS12,475,1712,200,200,2,2,2,4,2,1,5,2,2,2,2,2,2,2,4,2,2,1,1,2,2,2,2,2,2,2,3,3,3,2,3,3,2,2,5,1,1,1,5,30,3,5,9,0,99,231,463,46962,832017,500000,145,6,12,846,946,3,3,1080,1080,240,6000,10,3,250,200,150,150,100,,,,,,,10,100,8,1,200,1022,1032,1022,1022
1014,15387000,FreeDiamonds,25,,,,,,,,,,,RS11,RS12,RS11,RS12,RS11,475,1712,200,200,2,2,2,4,2,1,5,2,2,2,2,2,2,2,4,2,2,1,1,2,2,2,2,2,2,2,3,3,3,2,3,3,2,2,5,1,1,1,5,30,3,5,9,0,99,231,463,46962,832017,500000,145,6,12,846,946,3,3,1080,1080,240,6000,10,3,250,200,150,150,100,,,,,,,10,100,8,1,200,1023,1033,1023,1023
1015,15407000,FreeDiamonds,25,,,,,,,,,,,RS12,RS11,RS12,RS11,RS12,475,1712,200,200,2,2,2,4,2,1,5,2,2,2,2,2,2,2,4,2,2,1,1,2,2,2,2,2,2,2,3,3,3,2,3,3,2,2,5,1,1,1,5,30,3,5,9,0,99,231,463,46962,832017,500000,145,6,12,846,946,3,3,1080,1080,240,6000,10,3,250,200,150,150,100,,,,,,,10,100,8,1,200,1024,1034,1024,1024
1016,15427000,FreeDiamonds,25,,,,,,,,,,,RS11,RS12,RS11,RS12,RS11,475,1712,200,200,2,2,2,4,2,1,5,2,2,2,2,2,2,2,4,2,2,1,1,2,2,2,2,2,2,2,3,3,3,2,3,3,2,2,5,1,1,1,5,30,3,5,9,0,99,231,463,46962,832017,500000,145,6,12,846,946,3,3,1080,1080,240,6000,10,3,250,200,150,150,100,,,,,,,10,100,8,1,200,1025,1035,1025,1025
1017,15447000,FreeDiamonds,25,,,,,,,,,,,RS12,RS11,RS12,RS11,RS12,475,1712,200,200,2,2,2,4,2,1,5,2,2,2,2,2,2,2,4,2,2,1,1,2,2,2,2,2,2,2,3,3,3,2,3,3,2,2,5,1,1,1,5,30,3,5,9,0,99,231,463,46962,832017,500000,145,6,12,846,946,3,3,1080,1080,240,6000,10,3,250,200,150,150,100,,,,,,,10,100,8,1,200,1026,1036,1026,1026
1018,15467000,FreeDiamonds,25,,,,,,,,,,,RS11,RS12,RS11,RS12,RS11,475,1712,200,200,2,2,2,4,2,1,5,2,2,2,2,2,2,2,4,2,2,1,1,2,2,2,2,2,2,2,3,3,3,2,3,3,2,2,5,1,1,1,5,30,3,5,9,0,99,231,463,46962,832017,500000,145,6,12,846,946,3,3,1080,1080,240,6000,10,3,250,200,150,150,100,,,,,,,10,100,8,1,200,1027,1037,1027,1027
1019,15487000,FreeDiamonds,25,,,,,,,,,,,RS12,RS11,RS12,RS11,RS12,475,1712,200,200,2,2,2,4,2,1,5,2,2,2,2,2,2,2,4,2,2,1,1,2,2,2,2,2,2,2,3,3,3,2,3,3,2,2,5,1,1,1,5,30,3,5,9,0,99,231,463,46962,832017,500000,145,6,12,846,946,3,3,1080,1080,240,6000,10,3,250,200,150,150,100,,,,,,,10,100,8,1,200,1028,1038,1028,1028
1020,15507000,FreeDiamonds,25,,,,,,,,,,,RS11,RS12,RS11,RS12,RS11,475,1712,200,200,2,2,2,4,2,1,5,2,2,2,2,2,2,2,4,2,2,1,1,2,2,2,2,2,2,2,3,3,3,2,3,3,2,2,5,1,1,1,5,30,3,5,9,0,99,231,463,46962,832017,500000,145,6,12,846,946,3,3,1080,1080,240,6000,10,3,250,200,150,150,100,,,,,,,10,100,8,1,200,1029,1039,1029,1029
1021,15527000,FreeDiamonds,25,,,,,,,,,,,RS12,RS11,RS12,RS11,RS12,476,1712,200,200,2,2,2,4,2,1,5,2,2,2,2,2,2,2,4,2,2,1,1,2,2,2,2,2,2,2,3,3,3,2,3,3,2,2,5,1,1,1,5,30,3,5,9,0,99,231,463,46962,832017,500000,145,6,12,846,946,3,3,1080,1080,240,6000,10,3,250,200,150,150,100,,,,,,,10,100,8,1,200,1030,1040,1030,1030
1022,15547000,FreeDiamonds,25,,,,,,,,,,,RS11,RS12,RS11,RS12,RS11,476,1712,200,200,2,2,2,4,2,1,5,2,2,2,2,2,2,2,4,2,2,1,1,2,2,2,2,2,2,2,3,3,3,2,3,3,2,2,5,1,1,1,5,30,3,5,9,0,99,231,463,46962,832017,500000,145,6,12,846,946,3,3,1080,1080,240,6000,10,3,250,200,150,150,100,,,,,,,10,100,8,1,200,1031,1041,1031,1031
1023,15567000,FreeDiamonds,25,,,,,,,,,,,RS12,RS11,RS12,RS11,RS12,476,1712,200,200,2,2,2,4,2,1,5,2,2,2,2,2,2,2,4,2,2,1,1,2,2,2,2,2,2,2,3,3,3,2,3,3,2,2,5,1,1,1,5,30,3,5,9,0,99,231,463,46962,832017,500000,145,6,12,846,946,3,3,1080,1080,240,6000,10,3,250,200,150,150,100,,,,,,,10,100,8,1,200,1032,1042,1032,1032
1024,15587000,FreeDiamonds,25,,,,,,,,,,,RS11,RS12,RS11,RS12,RS11,476,1712,200,200,2,2,2,4,2,1,5,2,2,2,2,2,2,2,4,2,2,1,1,2,2,2,2,2,2,2,3,3,3,2,3,3,2,2,5,1,1,1,5,30,3,5,9,0,99,231,463,46962,832017,500000,145,6,12,846,946,3,3,1080,1080,240,6000,10,3,250,200,150,150,100,,,,,,,10,100,8,1,200,1033,1043,1033,1033
1025,15607000,FreeDiamonds,25,,,,,,,,,,,RS12,RS11,RS12,RS11,RS12,476,1712,200,200,2,2,2,4,2,1,5,2,2,2,2,2,2,2,4,2,2,1,1,2,2,2,2,2,2,2,3,3,3,2,3,3,2,2,5,1,1,1,5,30,3,5,9,0,99,231,463,46962,832017,500000,145,6,12,846,946,3,3,1080,1080,240,6000,10,3,250,200,150,150,100,,,,,,,10,100,8,1,200,1034,1044,1034,1034
1026,15627000,FreeDiamonds,25,,,,,,,,,,,RS11,RS12,RS11,RS12,RS11,476,1712,200,200,2,2,2,4,2,1,5,2,2,2,2,2,2,2,4,2,2,1,1,2,2,2,2,2,2,2,3,3,3,2,3,3,2,2,5,1,1,1,5,30,3,5,9,0,99,231,463,46962,832017,500000,145,6,12,846,946,3,3,1080,1080,240,6000,10,3,250,200,150,150,100,,,,,,,10,100,8,1,200,1035,1045,1035,1035
1027,15647000,FreeDiamonds,25,,,,,,,,,,,RS12,RS11,RS12,RS11,RS12,476,1712,200,200,2,2,2,4,2,1,5,2,2,2,2,2,2,2,4,2,2,1,1,2,2,2,2,2,2,2,3,3,3,2,3,3,2,2,5,1,1,1,5,30,3,5,9,0,99,231,463,46962,832017,500000,145,6,12,846,946,3,3,1080,1080,240,6000,10,3,250,200,150,150,100,,,,,,,10,100,8,1,200,1036,1046,1036,1036
1028,15667000,FreeDiamonds,25,,,,,,,,,,,RS11,RS12,RS11,RS12,RS11,476,1712,200,200,2,2,2,4,2,1,5,2,2,2,2,2,2,2,4,2,2,1,1,2,2,2,2,2,2,2,3,3,3,2,3,3,2,2,5,1,1,1,5,30,3,5,9,0,99,231,463,46962,832017,500000,145,6,12,846,946,3,3,1080,1080,240,6000,10,3,250,200,150,150,100,,,,,,,10,100,8,1,200,1037,1047,1037,1037
1029,15687000,FreeDiamonds,25,,,,,,,,,,,RS12,RS11,RS12,RS11,RS12,476,1712,200,200,2,2,2,4,2,1,5,2,2,2,2,2,2,2,4,2,2,1,1,2,2,2,2,2,2,2,3,3,3,2,3,3,2,2,5,1,1,1,5,30,3,5,9,0,99,231,463,46962,832017,500000,145,6,12,846,946,3,3,1080,1080,240,6000,10,3,250,200,150,150,100,,,,,,,10,100,8,1,200,1038,1048,1038,1038
1030,15707000,FreeDiamonds,25,,,,,,,,,,,RS11,RS12,RS11,RS12,RS11,476,1712,200,200,2,2,2,4,2,1,5,2,2,2,2,2,2,2,4,2,2,1,1,2,2,2,2,2,2,2,3,3,3,2,3,3,2,2,5,1,1,1,5,30,3,5,9,0,99,231,463,46962,832017,500000,145,6,12,846,946,3,3,1080,1080,240,6000,10,3,250,200,150,150,100,,,,,,,10,100,8,1,200,1039,1049,1039,1039
1031,15727000,FreeDiamonds,25,,,,,,,,,,,RS12,RS11,RS12,RS11,RS12,477,1712,200,200,2,2,2,4,2,1,5,2,2,2,2,2,2,2,4,2,2,1,1,2,2,2,2,2,2,2,3,3,3,2,3,3,2,2,5,1,1,1,5,30,3,5,9,0,99,231,463,46962,832017,500000,145,6,12,846,946,3,3,1080,1080,240,6000,10,3,250,200,150,150,100,,,,,,,10,100,8,1,200,1040,1050,1040,1040
1032,15747000,FreeDiamonds,25,,,,,,,,,,,RS11,RS12,RS11,RS12,RS11,477,1712,200,200,2,2,2,4,2,1,5,2,2,2,2,2,2,2,4,2,2,1,1,2,2,2,2,2,2,2,3,3,3,2,3,3,2,2,5,1,1,1,5,30,3,5,9,0,99,231,463,46962,832017,500000,145,6,12,846,946,3,3,1080,1080,240,6000,10,3,250,200,150,150,100,,,,,,,10,100,8,1,200,1041,1051,1041,1041
1033,15767000,FreeDiamonds,25,,,,,,,,,,,RS12,RS11,RS12,RS11,RS12,477,1712,200,200,2,2,2,4,2,1,5,2,2,2,2,2,2,2,4,2,2,1,1,2,2,2,2,2,2,2,3,3,3,2,3,3,2,2,5,1,1,1,5,30,3,5,9,0,99,231,463,46962,832017,500000,145,6,12,846,946,3,3,1080,1080,240,6000,10,3,250,200,150,150,100,,,,,,,10,100,8,1,200,1042,1052,1042,1042
1034,15787000,FreeDiamonds,25,,,,,,,,,,,RS11,RS12,RS11,RS12,RS11,477,1712,200,200,2,2,2,4,2,1,5,2,2,2,2,2,2,2,4,2,2,1,1,2,2,2,2,2,2,2,3,3,3,2,3,3,2,2,5,1,1,1,5,30,3,5,9,0,99,231,463,46962,832017,500000,145,6,12,846,946,3,3,1080,1080,240,6000,10,3,250,200,150,150,100,,,,,,,10,100,8,1,200,1043,1053,1043,1043
1035,15807000,FreeDiamonds,25,,,,,,,,,,,RS12,RS11,RS12,RS11,RS12,477,1712,200,200,2,2,2,4,2,1,5,2,2,2,2,2,2,2,4,2,2,1,1,2,2,2,2,2,2,2,3,3,3,2,3,3,2,2,5,1,1,1,5,30,3,5,9,0,99,231,463,46962,832017,500000,145,6,12,846,946,3,3,1080,1080,240,6000,10,3,250,200,150,150,100,,,,,,,10,100,8,1,200,1044,1054,1044,1044
1036,15827000,FreeDiamonds,25,,,,,,,,,,,RS11,RS12,RS11,RS12,RS11,477,1712,200,200,2,2,2,4,2,1,5,2,2,2,2,2,2,2,4,2,2,1,1,2,2,2,2,2,2,2,3,3,3,2,3,3,2,2,5,1,1,1,5,30,3,5,9,0,99,231,463,46962,832017,500000,145,6,12,846,946,3,3,1080,1080,240,6000,10,3,250,200,150,150,100,,,,,,,10,100,8,1,200,1045,1055,1045,1045
1037,15847000,FreeDiamonds,25,,,,,,,,,,,RS12,RS11,RS12,RS11,RS12,477,1712,200,200,2,2,2,4,2,1,5,2,2,2,2,2,2,2,4,2,2,1,1,2,2,2,2,2,2,2,3,3,3,2,3,3,2,2,5,1,1,1,5,30,3,5,9,0,100,231,463,46962,832017,500000,145,6,12,846,946,3,3,1080,1080,240,6000,10,3,250,200,150,150,100,,,,,,,10,100,8,1,200,1046,1056,1046,1046
1038,15867000,FreeDiamonds,25,,,,,,,,,,,RS11,RS12,RS11,RS12,RS11,477,1712,200,200,2,2,2,4,2,1,5,2,2,2,2,2,2,2,4,2,2,1,1,2,2,2,2,2,2,2,3,3,3,2,3,3,2,2,5,1,1,1,5,30,3,5,9,0,100,231,463,46962,832017,500000,145,6,12,846,946,3,3,1080,1080,240,6000,10,3,250,200,150,150,100,,,,,,,10,100,8,1,200,1047,1057,1047,1047
1039,15887000,FreeDiamonds,25,,,,,,,,,,,RS12,RS11,RS12,RS11,RS12,477,1712,200,200,2,2,2,4,2,1,5,2,2,2,2,2,2,2,4,2,2,1,1,2,2,2,2,2,2,2,3,3,3,2,3,3,2,2,5,1,1,1,5,30,3,5,9,0,100,231,463,46962,832017,500000,145,6,12,846,946,3,3,1080,1080,240,6000,10,3,250,200,150,150,100,,,,,,,10,100,8,1,200,1048,1058,1048,1048
1040,15907000,FreeDiamonds,25,,,,,,,,,,,RS11,RS12,RS11,RS12,RS11,477,1712,200,200,2,2,2,4,2,1,5,2,2,2,2,2,2,2,4,2,2,1,1,2,2,2,2,2,2,2,3,3,3,2,3,3,2,2,5,1,1,1,5,30,3,5,9,0,100,231,463,46962,832017,500000,145,6,12,846,946,3,3,1080,1080,240,6000,10,3,250,200,150,150,100,,,,,,,10,100,8,1,200,1049,1059,1049,1049
1041,15927000,FreeDiamonds,25,,,,,,,,,,,RS12,RS11,RS12,RS11,RS12,478,1712,200,200,2,2,2,4,2,1,5,2,2,2,2,2,2,2,4,2,2,1,1,2,2,2,2,2,2,2,3,3,3,2,3,3,2,2,5,1,1,1,5,30,3,5,9,0,100,231,463,46962,832017,500000,145,6,12,846,946,3,3,1080,1080,240,6000,10,3,250,200,150,150,100,,,,,,,10,100,8,1,200,1050,1060,1050,1050
1042,15947000,FreeDiamonds,25,,,,,,,,,,,RS11,RS12,RS11,RS12,RS11,478,1712,200,200,2,2,2,4,2,1,5,2,2,2,2,2,2,2,4,2,2,1,1,2,2,2,2,2,2,2,3,3,3,2,3,3,2,2,5,1,1,1,5,30,3,5,9,0,100,231,463,46962,832017,500000,145,6,12,846,946,3,3,1080,1080,240,6000,10,3,250,200,150,150,100,,,,,,,10,100,8,1,200,1051,1061,1051,1051
1043,15967000,FreeDiamonds,25,,,,,,,,,,,RS12,RS11,RS12,RS11,RS12,478,1712,200,200,2,2,2,4,2,1,5,2,2,2,2,2,2,2,4,2,2,1,1,2,2,2,2,2,2,2,3,3,3,2,3,3,2,2,5,1,1,1,5,30,3,5,9,0,98,231,463,46962,832017,500000,145,6,12,846,946,3,3,1080,1080,240,6000,10,3,250,200,150,150,100,,,,,,,10,100,8,1,200,1052,1062,1052,1052
1044,15987000,FreeDiamonds,25,,,,,,,,,,,RS11,RS12,RS11,RS12,RS11,478,1712,200,200,2,2,2,4,2,1,5,2,2,2,2,2,2,2,4,2,2,1,1,2,2,2,2,2,2,2,3,3,3,2,3,3,2,2,5,1,1,1,5,30,3,5,9,0,98,231,463,46962,832017,500000,145,6,12,846,946,3,3,1080,1080,240,6000,10,3,250,200,150,150,100,,,,,,,10,100,8,1,200,1053,1063,1053,1053
1045,16007000,FreeDiamonds,25,,,,,,,,,,,RS12,RS11,RS12,RS11,RS12,478,1712,200,200,2,2,2,4,2,1,5,2,2,2,2,2,2,2,4,2,2,1,1,2,2,2,2,2,2,2,3,3,3,2,3,3,2,2,5,1,1,1,5,30,3,5,9,0,98,231,463,46962,832017,500000,145,6,12,846,946,3,3,1080,1080,240,6000,10,3,250,200,150,150,100,,,,,,,10,100,8,1,200,1054,1064,1054,1054
1046,16027000,FreeDiamonds,25,,,,,,,,,,,RS11,RS12,RS11,RS12,RS11,478,1712,200,200,2,2,2,4,2,1,5,2,2,2,2,2,2,2,4,2,2,1,1,2,2,2,2,2,2,2,3,3,3,2,3,3,2,2,5,1,1,1,5,30,3,5,9,0,98,231,463,46962,832017,500000,145,6,12,846,946,3,3,1080,1080,240,6000,10,3,250,200,150,150,100,,,,,,,10,100,8,1,200,1055,1065,1055,1055
1047,16047000,FreeDiamonds,25,,,,,,,,,,,RS12,RS11,RS12,RS11,RS12,478,1712,200,200,2,2,2,4,2,1,5,2,2,2,2,2,2,2,4,2,2,1,1,2,2,2,2,2,2,2,3,3,3,2,3,3,2,2,5,1,1,1,5,30,3,5,9,0,98,231,463,46962,832017,500000,145,6,12,846,946,3,3,1080,1080,240,6000,10,3,250,200,150,150,100,,,,,,,10,100,8,1,200,1056,1066,1056,1056
1048,16067000,FreeDiamonds,25,,,,,,,,,,,RS11,RS12,RS11,RS12,RS11,478,1712,200,200,2,2,2,4,2,1,5,2,2,2,2,2,2,2,4,2,2,1,1,2,2,2,2,2,2,2,3,3,3,2,3,3,2,2,5,1,1,1,5,30,3,5,9,0,98,231,463,46962,832017,500000,145,6,12,846,946,3,3,1080,1080,240,6000,10,3,250,200,150,150,100,,,,,,,10,100,8,1,200,1057,1067,1057,1057
1049,16087000,FreeDiamonds,25,,,,,,,,,,,RS12,RS11,RS12,RS11,RS12,478,1712,200,200,2,2,2,4,2,1,5,2,2,2,2,2,2,2,4,2,2,1,1,2,2,2,2,2,2,2,3,3,3,2,3,3,2,2,5,1,1,1,5,30,3,5,9,0,98,231,463,46962,832017,500000,145,6,12,846,946,3,3,1080,1080,240,6000,10,3,250,200,150,150,100,,,,,,,10,100,8,1,200,1058,1068,1058,1058
1050,16107000,FreeDiamonds,50,,,,,,,,,,,RS11,RS12,RS11,RS12,RS11,478,1712,200,200,2,2,2,4,2,1,5,2,2,2,2,2,2,2,4,2,2,1,1,2,2,2,2,2,2,2,3,3,3,2,3,3,2,2,5,1,1,1,5,30,3,5,9,0,98,231,463,46962,832017,500000,145,6,12,846,946,3,3,1080,1080,240,6000,10,3,250,200,150,150,100,,,,,,,10,100,8,1,200,1059,1069,1059,1059
1051,16127000,FreeDiamonds,25,,,,,,,,,,,RS12,RS11,RS12,RS11,RS12,479,1712,200,200,2,2,2,4,2,1,5,2,2,2,2,2,2,2,4,2,2,1,1,2,2,2,2,2,2,2,3,3,3,2,3,3,2,2,5,1,1,1,5,30,3,5,9,0,98,231,463,46962,832017,500000,145,6,12,846,946,3,3,1080,1080,240,6000,10,3,250,200,150,150,100,,,,,,,10,100,8,1,200,1060,1070,1060,1060
1052,16147000,FreeDiamonds,25,,,,,,,,,,,RS11,RS12,RS11,RS12,RS11,479,1712,200,200,2,2,2,4,2,1,5,2,2,2,2,2,2,2,4,2,2,1,1,2,2,2,2,2,2,2,3,3,3,2,3,3,2,2,5,1,1,1,5,30,3,5,9,0,98,231,463,46962,832017,500000,145,6,12,846,946,3,3,1080,1080,240,6000,10,3,250,200,150,150,100,,,,,,,10,100,8,1,200,1061,1071,1061,1061
1053,16167000,FreeDiamonds,25,,,,,,,,,,,RS12,RS11,RS12,RS11,RS12,479,1712,200,200,2,2,2,4,2,1,5,2,2,2,2,2,2,2,4,2,2,1,1,2,2,2,2,2,2,2,3,3,3,2,3,3,2,2,5,1,1,1,5,30,3,5,9,0,98,231,463,46962,832017,500000,145,6,12,846,946,3,3,1080,1080,240,6000,10,3,250,200,150,150,100,,,,,,,10,100,8,1,200,1062,1072,1062,1062
1054,16187000,FreeDiamonds,25,,,,,,,,,,,RS11,RS12,RS11,RS12,RS11,479,1712,200,200,2,2,2,4,2,1,5,2,2,2,2,2,2,2,4,2,2,1,1,2,2,2,2,2,2,2,3,3,3,2,3,3,2,2,5,1,1,1,5,30,3,5,9,0,98,231,463,46962,832017,500000,145,6,12,846,946,3,3,1080,1080,240,6000,10,3,250,200,150,150,100,,,,,,,10,100,8,1,200,1063,1073,1063,1063
1055,16207000,FreeDiamonds,25,,,,,,,,,,,RS12,RS11,RS12,RS11,RS12,479,1712,200,200,2,2,2,4,2,1,5,2,2,2,2,2,2,2,4,2,2,1,1,2,2,2,2,2,2,2,3,3,3,2,3,3,2,2,5,1,1,1,5,30,3,5,9,0,98,231,463,46962,832017,500000,145,6,12,846,946,3,3,1080,1080,240,6000,10,3,250,200,150,150,100,,,,,,,10,100,8,1,200,1064,1074,1064,1064
1056,16227000,FreeDiamonds,25,,,,,,,,,,,RS11,RS12,RS11,RS12,RS11,479,1712,200,200,2,2,2,4,2,1,5,2,2,2,2,2,2,2,4,2,2,1,1,2,2,2,2,2,2,2,3,3,3,2,3,3,2,2,5,1,1,1,5,30,3,5,9,0,98,231,463,46962,832017,500000,145,6,12,846,946,3,3,1080,1080,240,6000,10,3,250,200,150,150,100,,,,,,,10,100,8,1,200,1065,1075,1065,1065
1057,16247000,FreeDiamonds,25,,,,,,,,,,,RS12,RS11,RS12,RS11,RS12,479,1712,200,200,2,2,2,4,2,1,5,2,2,2,2,2,2,2,4,2,2,1,1,2,2,2,2,2,2,2,3,3,3,2,3,3,2,2,5,1,1,1,5,30,3,5,9,0,98,231,463,46962,832017,500000,145,6,12,846,946,3,3,1080,1080,240,6000,10,3,250,200,150,150,100,,,,,,,10,100,8,1,200,1066,1076,1066,1066
1058,16267000,FreeDiamonds,25,,,,,,,,,,,RS11,RS12,RS11,RS12,RS11,479,1712,200,200,2,2,2,4,2,1,5,2,2,2,2,2,2,2,4,2,2,1,1,2,2,2,2,2,2,2,3,3,3,2,3,3,2,2,5,1,1,1,5,30,3,5,9,0,98,231,463,46962,832017,500000,145,6,12,846,946,3,3,1080,1080,240,6000,10,3,250,200,150,150,100,,,,,,,10,100,8,1,200,1067,1077,1067,1067
1059,16287000,FreeDiamonds,25,,,,,,,,,,,RS12,RS11,RS12,RS11,RS12,479,1712,200,200,2,2,2,4,2,1,5,2,2,2,2,2,2,2,4,2,2,1,1,2,2,2,2,2,2,2,3,3,3,2,3,3,2,2,5,1,1,1,5,30,3,5,9,0,98,231,463,46962,832017,500000,145,6,12,846,946,3,3,1080,1080,240,6000,10,3,250,200,150,150,100,,,,,,,10,100,8,1,200,1068,1078,1068,1068
1060,16307000,FreeDiamonds,25,,,,,,,,,,,RS11,RS12,RS11,RS12,RS11,479,1712,200,200,2,2,2,4,2,1,5,2,2,2,2,2,2,2,4,2,2,1,1,2,2,2,2,2,2,2,3,3,3,2,3,3,2,2,5,1,1,1,5,30,3,5,9,0,98,231,463,46962,832017,500000,145,6,12,846,946,3,3,1080,1080,240,6000,10,3,250,200,150,150,100,,,,,,,10,100,8,1,200,1069,1079,1069,1069
1061,16327000,FreeDiamonds,25,,,,,,,,,,,RS12,RS11,RS12,RS11,RS12,480,1712,200,200,2,2,2,4,2,1,5,2,2,2,2,2,2,2,4,2,2,1,1,2,2,2,2,2,2,2,3,3,3,2,3,3,2,2,5,1,1,1,5,30,3,5,9,0,98,231,463,46962,832017,500000,145,6,12,846,946,3,3,1080,1080,240,6000,10,3,250,200,150,150,100,,,,,,,10,100,8,1,200,1070,1080,1070,1070
1062,16347000,FreeDiamonds,25,,,,,,,,,,,RS11,RS12,RS11,RS12,RS11,480,1712,200,200,2,2,2,4,2,1,5,2,2,2,2,2,2,2,4,2,2,1,1,2,2,2,2,2,2,2,3,3,3,2,3,3,2,2,5,1,1,1,5,30,3,5,9,0,98,231,463,46962,832017,500000,145,6,12,846,946,3,3,1080,1080,240,6000,10,3,250,200,150,150,100,,,,,,,10,100,8,1,200,1071,1081,1071,1071
1063,16367000,FreeDiamonds,25,,,,,,,,,,,RS12,RS11,RS12,RS11,RS12,480,1712,200,200,2,2,2,4,2,1,5,2,2,2,2,2,2,2,4,2,2,1,1,2,2,2,2,2,2,2,3,3,3,2,3,3,2,2,5,1,1,1,5,30,3,5,9,0,98,231,463,46962,832017,500000,145,6,12,846,946,3,3,1080,1080,240,6000,10,3,250,200,150,150,100,,,,,,,10,100,8,1,200,1072,1082,1072,1072
1064,16387000,FreeDiamonds,25,,,,,,,,,,,RS11,RS12,RS11,RS12,RS11,480,1712,200,200,2,2,2,4,2,1,5,2,2,2,2,2,2,2,4,2,2,1,1,2,2,2,2,2,2,2,3,3,3,2,3,3,2,2,5,1,1,1,5,30,3,5,9,0,98,231,463,46962,832017,500000,145,6,12,846,946,3,3,1080,1080,240,6000,10,3,250,200,150,150,100,,,,,,,10,100,8,1,200,1073,1083,1073,1073
1065,16407000,FreeDiamonds,25,,,,,,,,,,,RS12,RS11,RS12,RS11,RS12,480,1712,200,200,2,2,2,4,2,1,5,2,2,2,2,2,2,2,4,2,2,1,1,2,2,2,2,2,2,2,3,3,3,2,3,3,2,2,5,1,1,1,5,30,3,5,9,0,98,231,463,46962,832017,500000,145,6,12,846,946,3,3,1080,1080,240,6000,10,3,250,200,150,150,100,,,,,,,10,100,8,1,200,1074,1084,1074,1074
1066,16427000,FreeDiamonds,25,,,,,,,,,,,RS11,RS12,RS11,RS12,RS11,480,1712,200,200,2,2,2,4,2,1,5,2,2,2,2,2,2,2,4,2,2,1,1,2,2,2,2,2,2,2,3,3,3,2,3,3,2,2,5,1,1,1,5,30,3,5,9,0,98,231,463,46962,832017,500000,145,6,12,846,946,3,3,1080,1080,240,6000,10,3,250,200,150,150,100,,,,,,,10,100,8,1,200,1075,1085,1075,1075
1067,16447000,FreeDiamonds,25,,,,,,,,,,,RS12,RS11,RS12,RS11,RS12,480,1712,200,200,2,2,2,4,2,1,5,2,2,2,2,2,2,2,4,2,2,1,1,2,2,2,2,2,2,2,3,3,3,2,3,3,2,2,5,1,1,1,5,30,3,5,9,0,98,231,463,46962,832017,500000,145,6,12,846,946,3,3,1080,1080,240,6000,10,3,250,200,150,150,100,,,,,,,10,100,8,1,200,1076,1086,1076,1076
1068,16467000,FreeDiamonds,25,,,,,,,,,,,RS11,RS12,RS11,RS12,RS11,480,1712,200,200,2,2,2,4,2,1,5,2,2,2,2,2,2,2,4,2,2,1,1,2,2,2,2,2,2,2,3,3,3,2,3,3,2,2,5,1,1,1,5,30,3,5,9,0,99,231,463,46962,832017,500000,145,6,12,846,946,3,3,1080,1080,240,6000,10,3,250,200,150,150,100,,,,,,,10,100,8,1,200,1077,1087,1077,1077
1069,16487000,FreeDiamonds,25,,,,,,,,,,,RS12,RS11,RS12,RS11,RS12,480,1712,200,200,2,2,2,4,2,1,5,2,2,2,2,2,2,2,4,2,2,1,1,2,2,2,2,2,2,2,3,3,3,2,3,3,2,2,5,1,1,1,5,30,3,5,9,0,99,231,463,46962,832017,500000,145,6,12,846,946,3,3,1080,1080,240,6000,10,3,250,200,150,150,100,,,,,,,10,100,8,1,200,1078,1088,1078,1078
1070,16507000,FreeDiamonds,25,,,,,,,,,,,RS11,RS12,RS11,RS12,RS11,480,1712,200,200,2,2,2,4,2,1,5,2,2,2,2,2,2,2,4,2,2,1,1,2,2,2,2,2,2,2,3,3,3,2,3,3,2,2,5,1,1,1,5,30,3,5,9,0,99,231,463,46962,832017,500000,145,6,12,846,946,3,3,1080,1080,240,6000,10,3,250,200,150,150,100,,,,,,,10,100,8,1,200,1079,1089,1079,1079
1071,16527000,FreeDiamonds,25,,,,,,,,,,,RS12,RS11,RS12,RS11,RS12,481,1712,200,200,2,2,2,4,2,1,5,2,2,2,2,2,2,2,4,2,2,1,1,2,2,2,2,2,2,2,3,3,3,2,3,3,2,2,5,1,1,1,5,30,3,5,9,0,99,231,463,46962,832017,500000,145,6,12,846,946,3,3,1080,1080,240,6000,10,3,250,200,150,150,100,,,,,,,10,100,8,1,200,1080,1090,1080,1080
1072,16547000,FreeDiamonds,25,,,,,,,,,,,RS11,RS12,RS11,RS12,RS11,481,1712,200,200,2,2,2,4,2,1,5,2,2,2,2,2,2,2,4,2,2,1,1,2,2,2,2,2,2,2,3,3,3,2,3,3,2,2,5,1,1,1,5,30,3,5,9,0,99,231,463,46962,832017,500000,145,6,12,846,946,3,3,1080,1080,240,6000,10,3,250,200,150,150,100,,,,,,,10,100,8,1,200,1081,1091,1081,1081
1073,16567000,FreeDiamonds,25,,,,,,,,,,,RS12,RS11,RS12,RS11,RS12,481,1712,200,200,2,2,2,4,2,1,5,2,2,2,2,2,2,2,4,2,2,1,1,2,2,2,2,2,2,2,3,3,3,2,3,3,2,2,5,1,1,1,5,30,3,5,9,0,99,231,463,46962,832017,500000,145,6,12,846,946,3,3,1080,1080,240,6000,10,3,250,200,150,150,100,,,,,,,10,100,8,1,200,1082,1092,1082,1082
1074,16587000,FreeDiamonds,25,,,,,,,,,,,RS11,RS12,RS11,RS12,RS11,481,1712,200,200,2,2,2,4,2,1,5,2,2,2,2,2,2,2,4,2,2,1,1,2,2,2,2,2,2,2,3,3,3,2,3,3,2,2,5,1,1,1,5,30,3,5,9,0,99,231,463,46962,832017,500000,145,6,12,846,946,3,3,1080,1080,240,6000,10,3,250,200,150,150,100,,,,,,,10,100,8,1,200,1083,1093,1083,1083
1075,16607000,FreeDiamonds,25,,,,,,,,,,,RS12,RS11,RS12,RS11,RS12,481,1712,200,200,2,2,2,4,2,1,5,2,2,2,2,2,2,2,4,2,2,1,1,2,2,2,2,2,2,2,3,3,3,2,3,3,2,2,5,1,1,1,5,30,3,5,9,0,99,231,463,46962,832017,500000,145,6,12,846,946,3,3,1080,1080,240,6000,10,3,250,200,150,150,100,,,,,,,10,100,8,1,200,1084,1094,1084,1084
1076,16627000,FreeDiamonds,25,,,,,,,,,,,RS11,RS12,RS11,RS12,RS11,481,1712,200,200,2,2,2,4,2,1,5,2,2,2,2,2,2,2,4,2,2,1,1,2,2,2,2,2,2,2,3,3,3,2,3,3,2,2,5,1,1,1,5,30,3,5,9,0,99,231,463,46962,832017,500000,145,6,12,846,946,3,3,1080,1080,240,6000,10,3,250,200,150,150,100,,,,,,,10,100,8,1,200,1085,1095,1085,1085
1077,16647000,FreeDiamonds,25,,,,,,,,,,,RS12,RS11,RS12,RS11,RS12,481,1712,200,200,2,2,2,4,2,1,5,2,2,2,2,2,2,2,4,2,2,1,1,2,2,2,2,2,2,2,3,3,3,2,3,3,2,2,5,1,1,1,5,30,3,5,9,0,99,231,463,46962,832017,500000,145,6,12,846,946,3,3,1080,1080,240,6000,10,3,250,200,150,150,100,,,,,,,10,100,8,1,200,1086,1096,1086,1086
1078,16667000,FreeDiamonds,25,,,,,,,,,,,RS11,RS12,RS11,RS12,RS11,481,1712,200,200,2,2,2,4,2,1,5,2,2,2,2,2,2,2,4,2,2,1,1,2,2,2,2,2,2,2,3,3,3,2,3,3,2,2,5,1,1,1,5,30,3,5,9,0,99,231,463,46962,832017,500000,145,6,12,846,946,3,3,1080,1080,240,6000,10,3,250,200,150,150,100,,,,,,,10,100,8,1,200,1087,1097,1087,1087
1079,16687000,FreeDiamonds,25,,,,,,,,,,,RS12,RS11,RS12,RS11,RS12,481,1712,200,200,2,2,2,4,2,1,5,2,2,2,2,2,2,2,4,2,2,1,1,2,2,2,2,2,2,2,3,3,3,2,3,3,2,2,5,1,1,1,5,30,3,5,9,0,99,231,463,46962,832017,500000,145,6,12,846,946,3,3,1080,1080,240,6000,10,3,250,200,150,150,100,,,,,,,10,100,8,1,200,1088,1098,1088,1088
1080,16707000,FreeDiamonds,25,,,,,,,,,,,RS11,RS12,RS11,RS12,RS11,481,1712,200,200,2,2,2,4,2,1,5,2,2,2,2,2,2,2,4,2,2,1,1,2,2,2,2,2,2,2,3,3,3,2,3,3,2,2,5,1,1,1,5,30,3,5,9,0,99,231,463,46962,832017,500000,145,6,12,846,946,3,3,1080,1080,240,6000,10,3,250,200,150,150,100,,,,,,,10,100,8,1,200,1089,1099,1089,1089
1081,16727000,FreeDiamonds,25,,,,,,,,,,,RS12,RS11,RS12,RS11,RS12,482,1712,200,200,2,2,2,4,2,1,5,2,2,2,2,2,2,2,4,2,2,1,1,2,2,2,2,2,2,2,3,3,3,2,3,3,2,2,5,1,1,1,5,30,3,5,9,0,99,231,463,46962,832017,500000,145,6,12,846,946,3,3,1080,1080,240,6000,10,3,250,200,150,150,100,,,,,,,10,100,8,1,200,1090,1100,1090,1090
1082,16747000,FreeDiamonds,25,,,,,,,,,,,RS11,RS12,RS11,RS12,RS11,482,1712,200,200,2,2,2,4,2,1,5,2,2,2,2,2,2,2,4,2,2,1,1,2,2,2,2,2,2,2,3,3,3,2,3,3,2,2,5,1,1,1,5,30,3,5,9,0,99,231,463,46962,832017,500000,145,6,12,846,946,3,3,1080,1080,240,6000,10,3,250,200,150,150,100,,,,,,,10,100,8,1,200,1091,1101,1091,1091
1083,16767000,FreeDiamonds,25,,,,,,,,,,,RS12,RS11,RS12,RS11,RS12,482,1712,200,200,2,2,2,4,2,1,5,2,2,2,2,2,2,2,4,2,2,1,1,2,2,2,2,2,2,2,3,3,3,2,3,3,2,2,5,1,1,1,5,30,3,5,9,0,99,231,463,46962,832017,500000,145,6,12,846,946,3,3,1080,1080,240,6000,10,3,250,200,150,150,100,,,,,,,10,100,8,1,200,1092,1102,1092,1092
1084,16787000,FreeDiamonds,25,,,,,,,,,,,RS11,RS12,RS11,RS12,RS11,482,1712,200,200,2,2,2,4,2,1,5,2,2,2,2,2,2,2,4,2,2,1,1,2,2,2,2,2,2,2,3,3,3,2,3,3,2,2,5,1,1,1,5,30,3,5,9,0,99,231,463,46962,832017,500000,145,6,12,846,946,3,3,1080,1080,240,6000,10,3,250,200,150,150,100,,,,,,,10,100,8,1,200,1093,1103,1093,1093
1085,16807000,FreeDiamonds,25,,,,,,,,,,,RS12,RS11,RS12,RS11,RS12,482,1712,200,200,2,2,2,4,2,1,5,2,2,2,2,2,2,2,4,2,2,1,1,2,2,2,2,2,2,2,3,3,3,2,3,3,2,2,5,1,1,1,5,30,3,5,9,0,99,231,463,46962,832017,500000,145,6,12,846,946,3,3,1080,1080,240,6000,10,3,250,200,150,150,100,,,,,,,10,100,8,1,200,1094,1104,1094,1094
1086,16827000,FreeDiamonds,25,,,,,,,,,,,RS11,RS12,RS11,RS12,RS11,482,1712,200,200,2,2,2,4,2,1,5,2,2,2,2,2,2,2,4,2,2,1,1,2,2,2,2,2,2,2,3,3,3,2,3,3,2,2,5,1,1,1,5,30,3,5,9,0,99,231,463,46962,832017,500000,145,6,12,846,946,3,3,1080,1080,240,6000,10,3,250,200,150,150,100,,,,,,,10,100,8,1,200,1095,1105,1095,1095
1087,16847000,FreeDiamonds,25,,,,,,,,,,,RS12,RS11,RS12,RS11,RS12,482,1712,200,200,2,2,2,4,2,1,5,2,2,2,2,2,2,2,4,2,2,1,1,2,2,2,2,2,2,2,3,3,3,2,3,3,2,2,5,1,1,1,5,30,3,5,9,0,99,231,463,46962,832017,500000,145,6,12,846,946,3,3,1080,1080,240,6000,10,3,250,200,150,150,100,,,,,,,10,100,8,1,200,1096,1106,1096,1096
1088,16867000,FreeDiamonds,25,,,,,,,,,,,RS11,RS12,RS11,RS12,RS11,482,1712,200,200,2,2,2,4,2,1,5,2,2,2,2,2,2,2,4,2,2,1,1,2,2,2,2,2,2,2,3,3,3,2,3,3,2,2,5,1,1,1,5,30,3,5,9,0,99,231,463,46962,832017,500000,145,6,12,846,946,3,3,1080,1080,240,6000,10,3,250,200,150,150,100,,,,,,,10,100,8,1,200,1097,1107,1097,1097
1089,16887000,FreeDiamonds,25,,,,,,,,,,,RS12,RS11,RS12,RS11,RS12,482,1712,200,200,2,2,2,4,2,1,5,2,2,2,2,2,2,2,4,2,2,1,1,2,2,2,2,2,2,2,3,3,3,2,3,3,2,2,5,1,1,1,5,30,3,5,9,0,99,231,463,46962,832017,500000,145,6,12,846,946,3,3,1080,1080,240,6000,10,3,250,200,150,150,100,,,,,,,10,100,8,1,200,1098,1108,1098,1098
1090,16907000,FreeDiamonds,25,,,,,,,,,,,RS11,RS12,RS11,RS12,RS11,482,1712,200,200,2,2,2,4,2,1,5,2,2,2,2,2,2,2,4,2,2,1,1,2,2,2,2,2,2,2,3,3,3,2,3,3,2,2,5,1,1,1,5,30,3,5,9,0,99,231,463,46962,832017,500000,145,6,12,846,946,3,3,1080,1080,240,6000,10,3,250,200,150,150,100,,,,,,,10,100,8,1,200,1099,1109,1099,1099
1091,16927000,FreeDiamonds,25,,,,,,,,,,,RS12,RS11,RS12,RS11,RS12,483,1712,200,200,2,2,2,4,2,1,5,2,2,2,2,2,2,2,4,2,2,1,1,2,2,2,2,2,2,2,3,3,3,2,3,3,2,2,5,1,1,1,5,30,3,5,9,0,99,231,463,46962,832017,500000,145,6,12,846,946,3,3,1080,1080,240,6000,10,3,250,200,150,150,100,,,,,,,10,100,8,1,200,1100,1110,1100,1100
1092,16947000,FreeDiamonds,25,,,,,,,,,,,RS11,RS12,RS11,RS12,RS11,483,1712,200,200,2,2,2,4,2,1,5,2,2,2,2,2,2,2,4,2,2,1,1,2,2,2,2,2,2,2,3,3,3,2,3,3,2,2,5,1,1,1,5,30,3,5,9,0,99,231,463,46962,832017,500000,145,6,12,846,946,3,3,1080,1080,240,6000,10,3,250,200,150,150,100,,,,,,,10,100,8,1,200,1101,1111,1101,1101
1093,16967000,FreeDiamonds,25,,,,,,,,,,,RS12,RS11,RS12,RS11,RS12,483,1712,200,200,2,2,2,4,2,1,5,2,2,2,2,2,2,2,4,2,2,1,1,2,2,2,2,2,2,2,3,3,3,2,3,3,2,2,5,1,1,1,5,30,3,5,9,0,99,231,463,46962,832017,500000,145,6,12,846,946,3,3,1080,1080,240,6000,10,3,250,200,150,150,100,,,,,,,10,100,8,1,200,1102,1112,1102,1102
1094,16987000,FreeDiamonds,25,,,,,,,,,,,RS11,RS12,RS11,RS12,RS11,483,1712,200,200,2,2,2,4,2,1,5,2,2,2,2,2,2,2,4,2,2,1,1,2,2,2,2,2,2,2,3,3,3,2,3,3,2,2,5,1,1,1,5,30,3,5,9,0,100,231,463,46962,832017,500000,145,6,12,846,946,3,3,1080,1080,240,6000,10,3,250,200,150,150,100,,,,,,,10,100,8,1,200,1103,1113,1103,1103
1095,17007000,FreeDiamonds,25,,,,,,,,,,,RS12,RS11,RS12,RS11,RS12,483,1712,200,200,2,2,2,4,2,1,5,2,2,2,2,2,2,2,4,2,2,1,1,2,2,2,2,2,2,2,3,3,3,2,3,3,2,2,5,1,1,1,5,30,3,5,9,0,100,231,463,46962,832017,500000,145,6,12,846,946,3,3,1080,1080,240,6000,10,3,250,200,150,150,100,,,,,,,10,100,8,1,200,1104,1114,1104,1104
1096,17027000,FreeDiamonds,25,,,,,,,,,,,RS11,RS12,RS11,RS12,RS11,483,1712,200,200,2,2,2,4,2,1,5,2,2,2,2,2,2,2,4,2,2,1,1,2,2,2,2,2,2,2,3,3,3,2,3,3,2,2,5,1,1,1,5,30,3,5,9,0,100,231,463,46962,832017,500000,145,6,12,846,946,3,3,1080,1080,240,6000,10,3,250,200,150,150,100,,,,,,,10,100,8,1,200,1105,1115,1105,1105
1097,17047000,FreeDiamonds,25,,,,,,,,,,,RS12,RS11,RS12,RS11,RS12,483,1712,200,200,2,2,2,4,2,1,5,2,2,2,2,2,2,2,4,2,2,1,1,2,2,2,2,2,2,2,3,3,3,2,3,3,2,2,5,1,1,1,5,30,3,5,9,0,100,231,463,46962,832017,500000,145,6,12,846,946,3,3,1080,1080,240,6000,10,3,250,200,150,150,100,,,,,,,10,100,8,1,200,1106,1116,1106,1106
1098,17067000,FreeDiamonds,25,,,,,,,,,,,RS11,RS12,RS11,RS12,RS11,483,1712,200,200,2,2,2,4,2,1,5,2,2,2,2,2,2,2,4,2,2,1,1,2,2,2,2,2,2,2,3,3,3,2,3,3,2,2,5,1,1,1,5,30,3,5,9,0,100,231,463,46962,832017,500000,145,6,12,846,946,3,3,1080,1080,240,6000,10,3,250,200,150,150,100,,,,,,,10,100,8,1,200,1107,1117,1107,1107
1099,17087000,FreeDiamonds,25,,,,,,,,,,,RS12,RS11,RS12,RS11,RS12,483,1712,200,200,2,2,2,4,2,1,5,2,2,2,2,2,2,2,4,2,2,1,1,2,2,2,2,2,2,2,3,3,3,2,3,3,2,2,5,1,1,1,5,30,3,5,9,0,100,231,463,46962,832017,500000,145,6,12,846,946,3,3,1080,1080,240,6000,10,3,250,200,150,150,100,,,,,,,10,100,8,1,200,1108,1118,1108,1108
1100,17107000,FreeDiamonds,475,,,,,,,,,,,RS11,RS12,RS11,RS12,RS11,483,1712,200,200,2,2,2,4,2,1,5,2,2,2,2,2,2,2,4,2,2,1,1,2,2,2,2,2,2,2,3,3,3,2,3,3,2,2,5,1,1,1,5,30,3,5,9,0,100,231,463,46962,832017,500000,145,6,12,846,946,3,3,1080,1080,240,6000,10,3,250,200,150,150,100,,,,,,,10,100,8,1,200,1109,1119,1109,1109
1101,17127000,FreeDiamonds,25,,,,,,,,,,,RS12,RS11,RS12,RS11,RS12,484,1712,200,200,2,2,2,4,2,1,5,2,2,2,2,2,2,2,4,2,2,1,1,2,2,2,2,2,2,2,3,3,3,2,3,3,2,2,5,1,1,1,5,30,3,5,9,0,98,231,463,46962,832017,500000,145,6,12,846,946,3,3,1080,1080,240,6000,10,3,250,200,150,150,100,,,,,,,10,100,8,1,200,1110,1120,1110,1110
1102,17147000,FreeDiamonds,25,,,,,,,,,,,RS11,RS12,RS11,RS12,RS11,484,1712,200,200,2,2,2,4,2,1,5,2,2,2,2,2,2,2,4,2,2,1,1,2,2,2,2,2,2,2,3,3,3,2,3,3,2,2,5,1,1,1,5,30,3,5,9,0,98,231,463,46962,832017,500000,145,6,12,846,946,3,3,1080,1080,240,6000,10,3,250,200,150,150,100,,,,,,,10,100,8,1,200,1111,1121,1111,1111
1103,17167000,FreeDiamonds,25,,,,,,,,,,,RS12,RS11,RS12,RS11,RS12,484,1712,200,200,2,2,2,4,2,1,5,2,2,2,2,2,2,2,4,2,2,1,1,2,2,2,2,2,2,2,3,3,3,2,3,3,2,2,5,1,1,1,5,30,3,5,9,0,98,231,463,46962,832017,500000,145,6,12,846,946,3,3,1080,1080,240,6000,10,3,250,200,150,150,100,,,,,,,10,100,8,1,200,1112,1122,1112,1112
1104,17187000,FreeDiamonds,25,,,,,,,,,,,RS11,RS12,RS11,RS12,RS11,484,1712,200,200,2,2,2,4,2,1,5,2,2,2,2,2,2,2,4,2,2,1,1,2,2,2,2,2,2,2,3,3,3,2,3,3,2,2,5,1,1,1,5,30,3,5,9,0,98,231,463,46962,832017,500000,145,6,12,846,946,3,3,1080,1080,240,6000,10,3,250,200,150,150,100,,,,,,,10,100,8,1,200,1113,1123,1113,1113
1105,17207000,FreeDiamonds,25,,,,,,,,,,,RS12,RS11,RS12,RS11,RS12,484,1712,200,200,2,2,2,4,2,1,5,2,2,2,2,2,2,2,4,2,2,1,1,2,2,2,2,2,2,2,3,3,3,2,3,3,2,2,5,1,1,1,5,30,3,5,9,0,98,231,463,46962,832017,500000,145,6,12,846,946,3,3,1080,1080,240,6000,10,3,250,200,150,150,100,,,,,,,10,100,8,1,200,1114,1124,1114,1114
1106,17227000,FreeDiamonds,25,,,,,,,,,,,RS11,RS12,RS11,RS12,RS11,484,1712,200,200,2,2,2,4,2,1,5,2,2,2,2,2,2,2,4,2,2,1,1,2,2,2,2,2,2,2,3,3,3,2,3,3,2,2,5,1,1,1,5,30,3,5,9,0,98,231,463,46962,832017,500000,145,6,12,846,946,3,3,1080,1080,240,6000,10,3,250,200,150,150,100,,,,,,,10,100,8,1,200,1115,1125,1115,1115
1107,17247000,FreeDiamonds,25,,,,,,,,,,,RS12,RS11,RS12,RS11,RS12,484,1712,200,200,2,2,2,4,2,1,5,2,2,2,2,2,2,2,4,2,2,1,1,2,2,2,2,2,2,2,3,3,3,2,3,3,2,2,5,1,1,1,5,30,3,5,9,0,98,231,463,46962,832017,500000,145,6,12,846,946,3,3,1080,1080,240,6000,10,3,250,200,150,150,100,,,,,,,10,100,8,1,200,1116,1126,1116,1116
1108,17267000,FreeDiamonds,25,,,,,,,,,,,RS11,RS12,RS11,RS12,RS11,484,1712,200,200,2,2,2,4,2,1,5,2,2,2,2,2,2,2,4,2,2,1,1,2,2,2,2,2,2,2,3,3,3,2,3,3,2,2,5,1,1,1,5,30,3,5,9,0,98,231,463,46962,832017,500000,145,6,12,846,946,3,3,1080,1080,240,6000,10,3,250,200,150,150,100,,,,,,,10,100,8,1,200,1117,1127,1117,1117
1109,17287000,FreeDiamonds,25,,,,,,,,,,,RS12,RS11,RS12,RS11,RS12,484,1712,200,200,2,2,2,4,2,1,5,2,2,2,2,2,2,2,4,2,2,1,1,2,2,2,2,2,2,2,3,3,3,2,3,3,2,2,5,1,1,1,5,30,3,5,9,0,98,231,463,46962,832017,500000,145,6,12,846,946,3,3,1080,1080,240,6000,10,3,250,200,150,150,100,,,,,,,10,100,8,1,200,1118,1128,1118,1118
1110,17307000,FreeDiamonds,25,,,,,,,,,,,RS11,RS12,RS11,RS12,RS11,484,1712,200,200,2,2,2,4,2,1,5,2,2,2,2,2,2,2,4,2,2,1,1,2,2,2,2,2,2,2,3,3,3,2,3,3,2,2,5,1,1,1,5,30,3,5,9,0,98,231,463,46962,832017,500000,145,6,12,846,946,3,3,1080,1080,240,6000,10,3,250,200,150,150,100,,,,,,,10,100,8,1,200,1119,1129,1119,1119
1111,17327000,FreeDiamonds,25,,,,,,,,,,,RS12,RS11,RS12,RS11,RS12,485,1712,200,200,2,2,2,4,2,1,5,2,2,2,2,2,2,2,4,2,2,1,1,2,2,2,2,2,2,2,3,3,3,2,3,3,2,2,5,1,1,1,5,30,3,5,9,0,99,231,463,46962,832017,500000,145,6,12,846,946,3,3,1080,1080,240,6000,10,3,250,200,150,150,100,,,,,,,10,100,8,1,200,1120,1130,1120,1120
1112,17347000,FreeDiamonds,25,,,,,,,,,,,RS11,RS12,RS11,RS12,RS11,485,1712,200,200,2,2,2,4,2,1,5,2,2,2,2,2,2,2,4,2,2,1,1,2,2,2,2,2,2,2,3,3,3,2,3,3,2,2,5,1,1,1,5,30,3,5,9,0,99,231,463,46962,832017,500000,145,6,12,846,946,3,3,1080,1080,240,6000,10,3,250,200,150,150,100,,,,,,,10,100,8,1,200,1121,1131,1121,1121
1113,17367000,FreeDiamonds,25,,,,,,,,,,,RS12,RS11,RS12,RS11,RS12,485,1712,200,200,2,2,2,4,2,1,5,2,2,2,2,2,2,2,4,2,2,1,1,2,2,2,2,2,2,2,3,3,3,2,3,3,2,2,5,1,1,1,5,30,3,5,9,0,99,231,463,46962,832017,500000,145,6,12,846,946,3,3,1080,1080,240,6000,10,3,250,200,150,150,100,,,,,,,10,100,8,1,200,1122,1132,1122,1122
1114,17387000,FreeDiamonds,25,,,,,,,,,,,RS11,RS12,RS11,RS12,RS11,485,1712,200,200,2,2,2,4,2,1,5,2,2,2,2,2,2,2,4,2,2,1,1,2,2,2,2,2,2,2,3,3,3,2,3,3,2,2,5,1,1,1,5,30,3,5,9,0,99,231,463,46962,832017,500000,145,6,12,846,946,3,3,1080,1080,240,6000,10,3,250,200,150,150,100,,,,,,,10,100,8,1,200,1123,1133,1123,1123
1115,17407000,FreeDiamonds,25,,,,,,,,,,,RS12,RS11,RS12,RS11,RS12,485,1712,200,200,2,2,2,4,2,1,5,2,2,2,2,2,2,2,4,2,2,1,1,2,2,2,2,2,2,2,3,3,3,2,3,3,2,2,5,1,1,1,5,30,3,5,9,0,99,231,463,46962,832017,500000,145,6,12,846,946,3,3,1080,1080,240,6000,10,3,250,200,150,150,100,,,,,,,10,100,8,1,200,1124,1134,1124,1124
1116,17427000,FreeDiamonds,25,,,,,,,,,,,RS11,RS12,RS11,RS12,RS11,485,1712,200,200,2,2,2,4,2,1,5,2,2,2,2,2,2,2,4,2,2,1,1,2,2,2,2,2,2,2,3,3,3,2,3,3,2,2,5,1,1,1,5,30,3,5,9,0,99,231,463,46962,832017,500000,145,6,12,846,946,3,3,1080,1080,240,6000,10,3,250,200,150,150,100,,,,,,,10,100,8,1,200,1125,1135,1125,1125
1117,17447000,FreeDiamonds,25,,,,,,,,,,,RS12,RS11,RS12,RS11,RS12,485,1712,200,200,2,2,2,4,2,1,5,2,2,2,2,2,2,2,4,2,2,1,1,2,2,2,2,2,2,2,3,3,3,2,3,3,2,2,5,1,1,1,5,30,3,5,9,0,99,231,463,46962,832017,500000,145,6,12,846,946,3,3,1080,1080,240,6000,10,3,250,200,150,150,100,,,,,,,10,100,8,1,200,1126,1136,1126,1126
1118,17467000,FreeDiamonds,25,,,,,,,,,,,RS11,RS12,RS11,RS12,RS11,485,1712,200,200,2,2,2,4,2,1,5,2,2,2,2,2,2,2,4,2,2,1,1,2,2,2,2,2,2,2,3,3,3,2,3,3,2,2,5,1,1,1,5,30,3,5,9,0,99,231,463,46962,832017,500000,145,6,12,846,946,3,3,1080,1080,240,6000,10,3,250,200,150,150,100,,,,,,,10,100,8,1,200,1127,1137,1127,1127
1119,17487000,FreeDiamonds,25,,,,,,,,,,,RS12,RS11,RS12,RS11,RS12,485,1712,200,200,2,2,2,4,2,1,5,2,2,2,2,2,2,2,4,2,2,1,1,2,2,2,2,2,2,2,3,3,3,2,3,3,2,2,5,1,1,1,5,30,3,5,9,0,99,231,463,46962,832017,500000,145,6,12,846,946,3,3,1080,1080,240,6000,10,3,250,200,150,150,100,,,,,,,10,100,8,1,200,1128,1138,1128,1128
1120,17507000,FreeDiamonds,25,,,,,,,,,,,RS11,RS12,RS11,RS12,RS11,485,1712,200,200,2,2,2,4,2,1,5,2,2,2,2,2,2,2,4,2,2,1,1,2,2,2,2,2,2,2,3,3,3,2,3,3,2,2,5,1,1,1,5,30,3,5,9,0,99,231,463,46962,832017,500000,145,6,12,846,946,3,3,1080,1080,240,6000,10,3,250,200,150,150,100,,,,,,,10,100,8,1,200,1129,1139,1129,1129
1121,17527000,FreeDiamonds,25,,,,,,,,,,,RS12,RS11,RS12,RS11,RS12,486,1712,200,200,2,2,2,4,2,1,5,2,2,2,2,2,2,2,4,2,2,1,1,2,2,2,2,2,2,2,3,3,3,2,3,3,2,2,5,1,1,1,5,30,3,5,9,0,99,231,463,46962,832017,500000,145,6,12,846,946,3,3,1080,1080,240,6000,10,3,250,200,150,150,100,,,,,,,10,100,8,1,200,1130,1140,1130,1130
1122,17547000,FreeDiamonds,25,,,,,,,,,,,RS11,RS12,RS11,RS12,RS11,486,1712,200,200,2,2,2,4,2,1,5,2,2,2,2,2,2,2,4,2,2,1,1,2,2,2,2,2,2,2,3,3,3,2,3,3,2,2,5,1,1,1,5,30,3,5,9,0,99,231,463,46962,832017,500000,145,6,12,846,946,3,3,1080,1080,240,6000,10,3,250,200,150,150,100,,,,,,,10,100,8,1,200,1131,1141,1131,1131
1123,17567000,FreeDiamonds,25,,,,,,,,,,,RS12,RS11,RS12,RS11,RS12,486,1712,200,200,2,2,2,4,2,1,5,2,2,2,2,2,2,2,4,2,2,1,1,2,2,2,2,2,2,2,3,3,3,2,3,3,2,2,5,1,1,1,5,30,3,5,9,0,99,231,463,46962,832017,500000,145,6,12,846,946,3,3,1080,1080,240,6000,10,3,250,200,150,150,100,,,,,,,10,100,8,1,200,1132,1142,1132,1132
1124,17587000,FreeDiamonds,25,,,,,,,,,,,RS11,RS12,RS11,RS12,RS11,486,1712,200,200,2,2,2,4,2,1,5,2,2,2,2,2,2,2,4,2,2,1,1,2,2,2,2,2,2,2,3,3,3,2,3,3,2,2,5,1,1,1,5,30,3,5,9,0,99,231,463,46962,832017,500000,145,6,12,846,946,3,3,1080,1080,240,6000,10,3,250,200,150,150,100,,,,,,,10,100,8,1,200,1133,1143,1133,1133
1125,17607000,FreeDiamonds,25,,,,,,,,,,,RS12,RS11,RS12,RS11,RS12,486,1712,200,200,2,2,2,4,2,1,5,2,2,2,2,2,2,2,4,2,2,1,1,2,2,2,2,2,2,2,3,3,3,2,3,3,2,2,5,1,1,1,5,30,3,5,9,0,99,231,463,46962,832017,500000,145,6,12,846,946,3,3,1080,1080,240,6000,10,3,250,200,150,150,100,,,,,,,10,100,8,1,200,1134,1144,1134,1134
1126,17627000,FreeDiamonds,25,,,,,,,,,,,RS11,RS12,RS11,RS12,RS11,486,1712,200,200,2,2,2,4,2,1,5,2,2,2,2,2,2,2,4,2,2,1,1,2,2,2,2,2,2,2,3,3,3,2,3,3,2,2,5,1,1,1,5,30,3,5,9,0,99,231,463,46962,832017,500000,145,6,12,846,946,3,3,1080,1080,240,6000,10,3,250,200,150,150,100,,,,,,,10,100,8,1,200,1135,1145,1135,1135
1127,17647000,FreeDiamonds,25,,,,,,,,,,,RS12,RS11,RS12,RS11,RS12,486,1712,200,200,2,2,2,4,2,1,5,2,2,2,2,2,2,2,4,2,2,1,1,2,2,2,2,2,2,2,3,3,3,2,3,3,2,2,5,1,1,1,5,30,3,5,9,0,99,231,463,46962,832017,500000,145,6,12,846,946,3,3,1080,1080,240,6000,10,3,250,200,150,150,100,,,,,,,10,100,8,1,200,1136,1146,1136,1136
1128,17667000,FreeDiamonds,25,,,,,,,,,,,RS11,RS12,RS11,RS12,RS11,486,1712,200,200,2,2,2,4,2,1,5,2,2,2,2,2,2,2,4,2,2,1,1,2,2,2,2,2,2,2,3,3,3,2,3,3,2,2,5,1,1,1,5,30,3,5,9,0,99,231,463,46962,832017,500000,145,6,12,846,946,3,3,1080,1080,240,6000,10,3,250,200,150,150,100,,,,,,,10,100,8,1,200,1137,1147,1137,1137
1129,17687000,FreeDiamonds,25,,,,,,,,,,,RS12,RS11,RS12,RS11,RS12,486,1712,200,200,2,2,2,4,2,1,5,2,2,2,2,2,2,2,4,2,2,1,1,2,2,2,2,2,2,2,3,3,3,2,3,3,2,2,5,1,1,1,5,30,3,5,9,0,99,231,463,46962,832017,500000,145,6,12,846,946,3,3,1080,1080,240,6000,10,3,250,200,150,150,100,,,,,,,10,100,8,1,200,1138,1148,1138,1138
1130,17707000,FreeDiamonds,25,,,,,,,,,,,RS11,RS12,RS11,RS12,RS11,486,1712,200,200,2,2,2,4,2,1,5,2,2,2,2,2,2,2,4,2,2,1,1,2,2,2,2,2,2,2,3,3,3,2,3,3,2,2,5,1,1,1,5,30,3,5,9,0,99,231,463,46962,832017,500000,145,6,12,846,946,3,3,1080,1080,240,6000,10,3,250,200,150,150,100,,,,,,,10,100,8,1,200,1139,1149,1139,1139
1131,17727000,FreeDiamonds,25,,,,,,,,,,,RS12,RS11,RS12,RS11,RS12,487,1712,200,200,2,2,2,4,2,1,5,2,2,2,2,2,2,2,4,2,2,1,1,2,2,2,2,2,2,2,3,3,3,2,3,3,2,2,5,1,1,1,5,30,3,5,9,0,99,231,463,46962,832017,500000,145,6,12,846,946,3,3,1080,1080,240,6000,10,3,250,200,150,150,100,,,,,,,10,100,8,1,200,1140,1150,1140,1140
1132,17747000,FreeDiamonds,25,,,,,,,,,,,RS11,RS12,RS11,RS12,RS11,487,1712,200,200,2,2,2,4,2,1,5,2,2,2,2,2,2,2,4,2,2,1,1,2,2,2,2,2,2,2,3,3,3,2,3,3,2,2,5,1,1,1,5,30,3,5,9,0,99,231,463,46962,832017,500000,145,6,12,846,946,3,3,1080,1080,240,6000,10,3,250,200,150,150,100,,,,,,,10,100,8,1,200,1141,1151,1141,1141
1133,17767000,FreeDiamonds,25,,,,,,,,,,,RS12,RS11,RS12,RS11,RS12,487,1712,200,200,2,2,2,4,2,1,5,2,2,2,2,2,2,2,4,2,2,1,1,2,2,2,2,2,2,2,3,3,3,2,3,3,2,2,5,1,1,1,5,30,3,5,9,0,99,231,463,46962,832017,500000,145,6,12,846,946,3,3,1080,1080,240,6000,10,3,250,200,150,150,100,,,,,,,10,100,8,1,200,1142,1152,1142,1142
1134,17787000,FreeDiamonds,25,,,,,,,,,,,RS11,RS12,RS11,RS12,RS11,487,1712,200,200,2,2,2,4,2,1,5,2,2,2,2,2,2,2,4,2,2,1,1,2,2,2,2,2,2,2,3,3,3,2,3,3,2,2,5,1,1,1,5,30,3,5,9,0,99,231,463,46962,832017,500000,145,6,12,846,946,3,3,1080,1080,240,6000,10,3,250,200,150,150,100,,,,,,,10,100,8,1,200,1143,1153,1143,1143
1135,17807000,FreeDiamonds,25,,,,,,,,,,,RS12,RS11,RS12,RS11,RS12,487,1712,200,200,2,2,2,4,2,1,5,2,2,2,2,2,2,2,4,2,2,1,1,2,2,2,2,2,2,2,3,3,3,2,3,3,2,2,5,1,1,1,5,30,3,5,9,0,99,231,463,46962,832017,500000,145,6,12,846,946,3,3,1080,1080,240,6000,10,3,250,200,150,150,100,,,,,,,10,100,8,1,200,1144,1154,1144,1144
1136,17827000,FreeDiamonds,25,,,,,,,,,,,RS11,RS12,RS11,RS12,RS11,487,1712,200,200,2,2,2,4,2,1,5,2,2,2,2,2,2,2,4,2,2,1,1,2,2,2,2,2,2,2,3,3,3,2,3,3,2,2,5,1,1,1,5,30,3,5,9,0,99,231,463,46962,832017,500000,145,6,12,846,946,3,3,1080,1080,240,6000,10,3,250,200,150,150,100,,,,,,,10,100,8,1,200,1145,1155,1145,1145
1137,17847000,FreeDiamonds,25,,,,,,,,,,,RS12,RS11,RS12,RS11,RS12,487,1712,200,200,2,2,2,4,2,1,5,2,2,2,2,2,2,2,4,2,2,1,1,2,2,2,2,2,2,2,3,3,3,2,3,3,2,2,5,1,1,1,5,30,3,5,9,0,100,231,463,46962,832017,500000,145,6,12,846,946,3,3,1080,1080,240,6000,10,3,250,200,150,150,100,,,,,,,10,100,8,1,200,1146,1156,1146,1146
1138,17867000,FreeDiamonds,25,,,,,,,,,,,RS11,RS12,RS11,RS12,RS11,487,1712,200,200,2,2,2,4,2,1,5,2,2,2,2,2,2,2,4,2,2,1,1,2,2,2,2,2,2,2,3,3,3,2,3,3,2,2,5,1,1,1,5,30,3,5,9,0,100,231,463,46962,832017,500000,145,6,12,846,946,3,3,1080,1080,240,6000,10,3,250,200,150,150,100,,,,,,,10,100,8,1,200,1147,1157,1147,1147
1139,17887000,FreeDiamonds,25,,,,,,,,,,,RS12,RS11,RS12,RS11,RS12,487,1712,200,200,2,2,2,4,2,1,5,2,2,2,2,2,2,2,4,2,2,1,1,2,2,2,2,2,2,2,3,3,3,2,3,3,2,2,5,1,1,1,5,30,3,5,9,0,100,231,463,46962,832017,500000,145,6,12,846,946,3,3,1080,1080,240,6000,10,3,250,200,150,150,100,,,,,,,10,100,8,1,200,1148,1158,1148,1148
1140,17907000,FreeDiamonds,25,,,,,,,,,,,RS11,RS12,RS11,RS12,RS11,487,1712,200,200,2,2,2,4,2,1,5,2,2,2,2,2,2,2,4,2,2,1,1,2,2,2,2,2,2,2,3,3,3,2,3,3,2,2,5,1,1,1,5,30,3,5,9,0,100,231,463,46962,832017,500000,145,6,12,846,946,3,3,1080,1080,240,6000,10,3,250,200,150,150,100,,,,,,,10,100,8,1,200,1149,1159,1149,1149
1141,17927000,FreeDiamonds,25,,,,,,,,,,,RS12,RS11,RS12,RS11,RS12,488,1712,200,200,2,2,2,4,2,1,5,2,2,2,2,2,2,2,4,2,2,1,1,2,2,2,2,2,2,2,3,3,3,2,3,3,2,2,5,1,1,1,5,30,3,5,9,0,100,231,463,46962,832017,500000,145,6,12,846,946,3,3,1080,1080,240,6000,10,3,250,200,150,150,100,,,,,,,10,100,8,1,200,1150,1160,1150,1150
1142,17947000,FreeDiamonds,25,,,,,,,,,,,RS11,RS12,RS11,RS12,RS11,488,1712,200,200,2,2,2,4,2,1,5,2,2,2,2,2,2,2,4,2,2,1,1,2,2,2,2,2,2,2,3,3,3,2,3,3,2,2,5,1,1,1,5,30,3,5,9,0,100,231,463,46962,832017,500000,145,6,12,846,946,3,3,1080,1080,240,6000,10,3,250,200,150,150,100,,,,,,,10,100,8,1,200,1151,1161,1151,1151
1143,17967000,FreeDiamonds,25,,,,,,,,,,,RS12,RS11,RS12,RS11,RS12,488,1712,200,200,2,2,2,4,2,1,5,2,2,2,2,2,2,2,4,2,2,1,1,2,2,2,2,2,2,2,3,3,3,2,3,3,2,2,5,1,1,1,5,30,3,5,9,0,98,231,463,46962,832017,500000,145,6,12,846,946,3,3,1080,1080,240,6000,10,3,250,200,150,150,100,,,,,,,10,100,8,1,200,1152,1162,1152,1152
1144,17987000,FreeDiamonds,25,,,,,,,,,,,RS11,RS12,RS11,RS12,RS11,488,1712,200,200,2,2,2,4,2,1,5,2,2,2,2,2,2,2,4,2,2,1,1,2,2,2,2,2,2,2,3,3,3,2,3,3,2,2,5,1,1,1,5,30,3,5,9,0,98,231,463,46962,832017,500000,145,6,12,846,946,3,3,1080,1080,240,6000,10,3,250,200,150,150,100,,,,,,,10,100,8,1,200,1153,1163,1153,1153
1145,18007000,FreeDiamonds,25,,,,,,,,,,,RS12,RS11,RS12,RS11,RS12,488,1712,200,200,2,2,2,4,2,1,5,2,2,2,2,2,2,2,4,2,2,1,1,2,2,2,2,2,2,2,3,3,3,2,3,3,2,2,5,1,1,1,5,30,3,5,9,0,98,231,463,46962,832017,500000,145,6,12,846,946,3,3,1080,1080,240,6000,10,3,250,200,150,150,100,,,,,,,10,100,8,1,200,1154,1164,1154,1154
1146,18027000,FreeDiamonds,25,,,,,,,,,,,RS11,RS12,RS11,RS12,RS11,488,1712,200,200,2,2,2,4,2,1,5,2,2,2,2,2,2,2,4,2,2,1,1,2,2,2,2,2,2,2,3,3,3,2,3,3,2,2,5,1,1,1,5,30,3,5,9,0,98,231,463,46962,832017,500000,145,6,12,846,946,3,3,1080,1080,240,6000,10,3,250,200,150,150,100,,,,,,,10,100,8,1,200,1155,1165,1155,1155
1147,18047000,FreeDiamonds,25,,,,,,,,,,,RS12,RS11,RS12,RS11,RS12,488,1712,200,200,2,2,2,4,2,1,5,2,2,2,2,2,2,2,4,2,2,1,1,2,2,2,2,2,2,2,3,3,3,2,3,3,2,2,5,1,1,1,5,30,3,5,9,0,98,231,463,46962,832017,500000,145,6,12,846,946,3,3,1080,1080,240,6000,10,3,250,200,150,150,100,,,,,,,10,100,8,1,200,1156,1166,1156,1156
1148,18067000,FreeDiamonds,25,,,,,,,,,,,RS11,RS12,RS11,RS12,RS11,488,1712,200,200,2,2,2,4,2,1,5,2,2,2,2,2,2,2,4,2,2,1,1,2,2,2,2,2,2,2,3,3,3,2,3,3,2,2,5,1,1,1,5,30,3,5,9,0,98,231,463,46962,832017,500000,145,6,12,846,946,3,3,1080,1080,240,6000,10,3,250,200,150,150,100,,,,,,,10,100,8,1,200,1157,1167,1157,1157
1149,18087000,FreeDiamonds,25,,,,,,,,,,,RS12,RS11,RS12,RS11,RS12,488,1712,200,200,2,2,2,4,2,1,5,2,2,2,2,2,2,2,4,2,2,1,1,2,2,2,2,2,2,2,3,3,3,2,3,3,2,2,5,1,1,1,5,30,3,5,9,0,98,231,463,46962,832017,500000,145,6,12,846,946,3,3,1080,1080,240,6000,10,3,250,200,150,150,100,,,,,,,10,100,8,1,200,1158,1168,1158,1158
1150,18107000,FreeDiamonds,50,,,,,,,,,,,RS11,RS12,RS11,RS12,RS11,488,1712,200,200,2,2,2,4,2,1,5,2,2,2,2,2,2,2,4,2,2,1,1,2,2,2,2,2,2,2,3,3,3,2,3,3,2,2,5,1,1,1,5,30,3,5,9,0,98,231,463,46962,832017,500000,145,6,12,846,946,3,3,1080,1080,240,6000,10,3,250,200,150,150,100,,,,,,,10,100,8,1,200,1159,1169,1159,1159
1151,18127000,FreeDiamonds,25,,,,,,,,,,,RS12,RS11,RS12,RS11,RS12,489,1712,200,200,2,2,2,4,2,1,5,2,2,2,2,2,2,2,4,2,2,1,1,2,2,2,2,2,2,2,3,3,3,2,3,3,2,2,5,1,1,1,5,30,3,5,9,0,98,231,463,46962,832017,500000,145,6,12,846,946,3,3,1080,1080,240,6000,10,3,250,200,150,150,100,,,,,,,10,100,8,1,200,1160,1170,1160,1160
1152,18147000,FreeDiamonds,25,,,,,,,,,,,RS11,RS12,RS11,RS12,RS11,489,1712,200,200,2,2,2,4,2,1,5,2,2,2,2,2,2,2,4,2,2,1,1,2,2,2,2,2,2,2,3,3,3,2,3,3,2,2,5,1,1,1,5,30,3,5,9,0,98,231,463,46962,832017,500000,145,6,12,846,946,3,3,1080,1080,240,6000,10,3,250,200,150,150,100,,,,,,,10,100,8,1,200,1161,1171,1161,1161
1153,18167000,FreeDiamonds,25,,,,,,,,,,,RS12,RS11,RS12,RS11,RS12,489,1712,200,200,2,2,2,4,2,1,5,2,2,2,2,2,2,2,4,2,2,1,1,2,2,2,2,2,2,2,3,3,3,2,3,3,2,2,5,1,1,1,5,30,3,5,9,0,98,231,463,46962,832017,500000,145,6,12,846,946,3,3,1080,1080,240,6000,10,3,250,200,150,150,100,,,,,,,10,100,8,1,200,1162,1172,1162,1162
1154,18187000,FreeDiamonds,25,,,,,,,,,,,RS11,RS12,RS11,RS12,RS11,489,1712,200,200,2,2,2,4,2,1,5,2,2,2,2,2,2,2,4,2,2,1,1,2,2,2,2,2,2,2,3,3,3,2,3,3,2,2,5,1,1,1,5,30,3,5,9,0,98,231,463,46962,832017,500000,145,6,12,846,946,3,3,1080,1080,240,6000,10,3,250,200,150,150,100,,,,,,,10,100,8,1,200,1163,1173,1163,1163
1155,18207000,FreeDiamonds,25,,,,,,,,,,,RS12,RS11,RS12,RS11,RS12,489,1712,200,200,2,2,2,4,2,1,5,2,2,2,2,2,2,2,4,2,2,1,1,2,2,2,2,2,2,2,3,3,3,2,3,3,2,2,5,1,1,1,5,30,3,5,9,0,98,231,463,46962,832017,500000,145,6,12,846,946,3,3,1080,1080,240,6000,10,3,250,200,150,150,100,,,,,,,10,100,8,1,200,1164,1174,1164,1164
1156,18227000,FreeDiamonds,25,,,,,,,,,,,RS11,RS12,RS11,RS12,RS11,489,1712,200,200,2,2,2,4,2,1,5,2,2,2,2,2,2,2,4,2,2,1,1,2,2,2,2,2,2,2,3,3,3,2,3,3,2,2,5,1,1,1,5,30,3,5,9,0,98,231,463,46962,832017,500000,145,6,12,846,946,3,3,1080,1080,240,6000,10,3,250,200,150,150,100,,,,,,,10,100,8,1,200,1165,1175,1165,1165
1157,18247000,FreeDiamonds,25,,,,,,,,,,,RS12,RS11,RS12,RS11,RS12,489,1712,200,200,2,2,2,4,2,1,5,2,2,2,2,2,2,2,4,2,2,1,1,2,2,2,2,2,2,2,3,3,3,2,3,3,2,2,5,1,1,1,5,30,3,5,9,0,98,231,463,46962,832017,500000,145,6,12,846,946,3,3,1080,1080,240,6000,10,3,250,200,150,150,100,,,,,,,10,100,8,1,200,1166,1176,1166,1166
1158,18267000,FreeDiamonds,25,,,,,,,,,,,RS11,RS12,RS11,RS12,RS11,489,1712,200,200,2,2,2,4,2,1,5,2,2,2,2,2,2,2,4,2,2,1,1,2,2,2,2,2,2,2,3,3,3,2,3,3,2,2,5,1,1,1,5,30,3,5,9,0,98,231,463,46962,832017,500000,145,6,12,846,946,3,3,1080,1080,240,6000,10,3,250,200,150,150,100,,,,,,,10,100,8,1,200,1167,1177,1167,1167
1159,18287000,FreeDiamonds,25,,,,,,,,,,,RS12,RS11,RS12,RS11,RS12,489,1712,200,200,2,2,2,4,2,1,5,2,2,2,2,2,2,2,4,2,2,1,1,2,2,2,2,2,2,2,3,3,3,2,3,3,2,2,5,1,1,1,5,30,3,5,9,0,98,231,463,46962,832017,500000,145,6,12,846,946,3,3,1080,1080,240,6000,10,3,250,200,150,150,100,,,,,,,10,100,8,1,200,1168,1178,1168,1168
1160,18307000,FreeDiamonds,25,,,,,,,,,,,RS11,RS12,RS11,RS12,RS11,489,1712,200,200,2,2,2,4,2,1,5,2,2,2,2,2,2,2,4,2,2,1,1,2,2,2,2,2,2,2,3,3,3,2,3,3,2,2,5,1,1,1,5,30,3,5,9,0,98,231,463,46962,832017,500000,145,6,12,846,946,3,3,1080,1080,240,6000,10,3,250,200,150,150,100,,,,,,,10,100,8,1,200,1169,1179,1169,1169
1161,18327000,FreeDiamonds,25,,,,,,,,,,,RS12,RS11,RS12,RS11,RS12,490,1712,200,200,2,2,2,4,2,1,5,2,2,2,2,2,2,2,4,2,2,1,1,2,2,2,2,2,2,2,3,3,3,2,3,3,2,2,5,1,1,1,5,30,3,5,9,0,98,231,463,46962,832017,500000,145,6,12,846,946,3,3,1080,1080,240,6000,10,3,250,200,150,150,100,,,,,,,10,100,8,1,200,1170,1180,1170,1170
1162,18347000,FreeDiamonds,25,,,,,,,,,,,RS11,RS12,RS11,RS12,RS11,490,1712,200,200,2,2,2,4,2,1,5,2,2,2,2,2,2,2,4,2,2,1,1,2,2,2,2,2,2,2,3,3,3,2,3,3,2,2,5,1,1,1,5,30,3,5,9,0,98,231,463,46962,832017,500000,145,6,12,846,946,3,3,1080,1080,240,6000,10,3,250,200,150,150,100,,,,,,,10,100,8,1,200,1171,1181,1171,1171
1163,18367000,FreeDiamonds,25,,,,,,,,,,,RS12,RS11,RS12,RS11,RS12,490,1712,200,200,2,2,2,4,2,1,5,2,2,2,2,2,2,2,4,2,2,1,1,2,2,2,2,2,2,2,3,3,3,2,3,3,2,2,5,1,1,1,5,30,3,5,9,0,98,231,463,46962,832017,500000,145,6,12,846,946,3,3,1080,1080,240,6000,10,3,250,200,150,150,100,,,,,,,10,100,8,1,200,1172,1182,1172,1172
1164,18387000,FreeDiamonds,25,,,,,,,,,,,RS11,RS12,RS11,RS12,RS11,490,1712,200,200,2,2,2,4,2,1,5,2,2,2,2,2,2,2,4,2,2,1,1,2,2,2,2,2,2,2,3,3,3,2,3,3,2,2,5,1,1,1,5,30,3,5,9,0,98,231,463,46962,832017,500000,145,6,12,846,946,3,3,1080,1080,240,6000,10,3,250,200,150,150,100,,,,,,,10,100,8,1,200,1173,1183,1173,1173
1165,18407000,FreeDiamonds,25,,,,,,,,,,,RS12,RS11,RS12,RS11,RS12,490,1712,200,200,2,2,2,4,2,1,5,2,2,2,2,2,2,2,4,2,2,1,1,2,2,2,2,2,2,2,3,3,3,2,3,3,2,2,5,1,1,1,5,30,3,5,9,0,98,231,463,46962,832017,500000,145,6,12,846,946,3,3,1080,1080,240,6000,10,3,250,200,150,150,100,,,,,,,10,100,8,1,200,1174,1184,1174,1174
1166,18427000,FreeDiamonds,25,,,,,,,,,,,RS11,RS12,RS11,RS12,RS11,490,1712,200,200,2,2,2,4,2,1,5,2,2,2,2,2,2,2,4,2,2,1,1,2,2,2,2,2,2,2,3,3,3,2,3,3,2,2,5,1,1,1,5,30,3,5,9,0,98,231,463,46962,832017,500000,145,6,12,846,946,3,3,1080,1080,240,6000,10,3,250,200,150,150,100,,,,,,,10,100,8,1,200,1175,1185,1175,1175
1167,18447000,FreeDiamonds,25,,,,,,,,,,,RS12,RS11,RS12,RS11,RS12,490,1712,200,200,2,2,2,4,2,1,5,2,2,2,2,2,2,2,4,2,2,1,1,2,2,2,2,2,2,2,3,3,3,2,3,3,2,2,5,1,1,1,5,30,3,5,9,0,98,231,463,46962,832017,500000,145,6,12,846,946,3,3,1080,1080,240,6000,10,3,250,200,150,150,100,,,,,,,10,100,8,1,200,1176,1186,1176,1176
1168,18467000,FreeDiamonds,25,,,,,,,,,,,RS11,RS12,RS11,RS12,RS11,490,1712,200,200,2,2,2,4,2,1,5,2,2,2,2,2,2,2,4,2,2,1,1,2,2,2,2,2,2,2,3,3,3,2,3,3,2,2,5,1,1,1,5,30,3,5,9,0,99,231,463,46962,832017,500000,145,6,12,846,946,3,3,1080,1080,240,6000,10,3,250,200,150,150,100,,,,,,,10,100,8,1,200,1177,1187,1177,1177
1169,18487000,FreeDiamonds,25,,,,,,,,,,,RS12,RS11,RS12,RS11,RS12,490,1712,200,200,2,2,2,4,2,1,5,2,2,2,2,2,2,2,4,2,2,1,1,2,2,2,2,2,2,2,3,3,3,2,3,3,2,2,5,1,1,1,5,30,3,5,9,0,99,231,463,46962,832017,500000,145,6,12,846,946,3,3,1080,1080,240,6000,10,3,250,200,150,150,100,,,,,,,10,100,8,1,200,1178,1188,1178,1178
1170,18507000,FreeDiamonds,25,,,,,,,,,,,RS11,RS12,RS11,RS12,RS11,490,1712,200,200,2,2,2,4,2,1,5,2,2,2,2,2,2,2,4,2,2,1,1,2,2,2,2,2,2,2,3,3,3,2,3,3,2,2,5,1,1,1,5,30,3,5,9,0,99,231,463,46962,832017,500000,145,6,12,846,946,3,3,1080,1080,240,6000,10,3,250,200,150,150,100,,,,,,,10,100,8,1,200,1179,1189,1179,1179
1171,18527000,FreeDiamonds,25,,,,,,,,,,,RS12,RS11,RS12,RS11,RS12,491,1712,200,200,2,2,2,4,2,1,5,2,2,2,2,2,2,2,4,2,2,1,1,2,2,2,2,2,2,2,3,3,3,2,3,3,2,2,5,1,1,1,5,30,3,5,9,0,99,231,463,46962,832017,500000,145,6,12,846,946,3,3,1080,1080,240,6000,10,3,250,200,150,150,100,,,,,,,10,100,8,1,200,1180,1190,1180,1180
1172,18547000,FreeDiamonds,25,,,,,,,,,,,RS11,RS12,RS11,RS12,RS11,491,1712,200,200,2,2,2,4,2,1,5,2,2,2,2,2,2,2,4,2,2,1,1,2,2,2,2,2,2,2,3,3,3,2,3,3,2,2,5,1,1,1,5,30,3,5,9,0,99,231,463,46962,832017,500000,145,6,12,846,946,3,3,1080,1080,240,6000,10,3,250,200,150,150,100,,,,,,,10,100,8,1,200,1181,1191,1181,1181
1173,18567000,FreeDiamonds,25,,,,,,,,,,,RS12,RS11,RS12,RS11,RS12,491,1712,200,200,2,2,2,4,2,1,5,2,2,2,2,2,2,2,4,2,2,1,1,2,2,2,2,2,2,2,3,3,3,2,3,3,2,2,5,1,1,1,5,30,3,5,9,0,99,231,463,46962,832017,500000,145,6,12,846,946,3,3,1080,1080,240,6000,10,3,250,200,150,150,100,,,,,,,10,100,8,1,200,1182,1192,1182,1182
1174,18587000,FreeDiamonds,25,,,,,,,,,,,RS11,RS12,RS11,RS12,RS11,491,1712,200,200,2,2,2,4,2,1,5,2,2,2,2,2,2,2,4,2,2,1,1,2,2,2,2,2,2,2,3,3,3,2,3,3,2,2,5,1,1,1,5,30,3,5,9,0,99,231,463,46962,832017,500000,145,6,12,846,946,3,3,1080,1080,240,6000,10,3,250,200,150,150,100,,,,,,,10,100,8,1,200,1183,1193,1183,1183
1175,18607000,FreeDiamonds,25,,,,,,,,,,,RS12,RS11,RS12,RS11,RS12,491,1712,200,200,2,2,2,4,2,1,5,2,2,2,2,2,2,2,4,2,2,1,1,2,2,2,2,2,2,2,3,3,3,2,3,3,2,2,5,1,1,1,5,30,3,5,9,0,99,231,463,46962,832017,500000,145,6,12,846,946,3,3,1080,1080,240,6000,10,3,250,200,150,150,100,,,,,,,10,100,8,1,200,1184,1194,1184,1184
1176,18627000,FreeDiamonds,25,,,,,,,,,,,RS11,RS12,RS11,RS12,RS11,491,1712,200,200,2,2,2,4,2,1,5,2,2,2,2,2,2,2,4,2,2,1,1,2,2,2,2,2,2,2,3,3,3,2,3,3,2,2,5,1,1,1,5,30,3,5,9,0,99,231,463,46962,832017,500000,145,6,12,846,946,3,3,1080,1080,240,6000,10,3,250,200,150,150,100,,,,,,,10,100,8,1,200,1185,1195,1185,1185
1177,18647000,FreeDiamonds,25,,,,,,,,,,,RS12,RS11,RS12,RS11,RS12,491,1712,200,200,2,2,2,4,2,1,5,2,2,2,2,2,2,2,4,2,2,1,1,2,2,2,2,2,2,2,3,3,3,2,3,3,2,2,5,1,1,1,5,30,3,5,9,0,99,231,463,46962,832017,500000,145,6,12,846,946,3,3,1080,1080,240,6000,10,3,250,200,150,150,100,,,,,,,10,100,8,1,200,1186,1196,1186,1186
1178,18667000,FreeDiamonds,25,,,,,,,,,,,RS11,RS12,RS11,RS12,RS11,491,1712,200,200,2,2,2,4,2,1,5,2,2,2,2,2,2,2,4,2,2,1,1,2,2,2,2,2,2,2,3,3,3,2,3,3,2,2,5,1,1,1,5,30,3,5,9,0,99,231,463,46962,832017,500000,145,6,12,846,946,3,3,1080,1080,240,6000,10,3,250,200,150,150,100,,,,,,,10,100,8,1,200,1187,1197,1187,1187
1179,18687000,FreeDiamonds,25,,,,,,,,,,,RS12,RS11,RS12,RS11,RS12,491,1712,200,200,2,2,2,4,2,1,5,2,2,2,2,2,2,2,4,2,2,1,1,2,2,2,2,2,2,2,3,3,3,2,3,3,2,2,5,1,1,1,5,30,3,5,9,0,99,231,463,46962,832017,500000,145,6,12,846,946,3,3,1080,1080,240,6000,10,3,250,200,150,150,100,,,,,,,10,100,8,1,200,1188,1198,1188,1188
1180,18707000,FreeDiamonds,25,,,,,,,,,,,RS11,RS12,RS11,RS12,RS11,491,1712,200,200,2,2,2,4,2,1,5,2,2,2,2,2,2,2,4,2,2,1,1,2,2,2,2,2,2,2,3,3,3,2,3,3,2,2,5,1,1,1,5,30,3,5,9,0,99,231,463,46962,832017,500000,145,6,12,846,946,3,3,1080,1080,240,6000,10,3,250,200,150,150,100,,,,,,,10,100,8,1,200,1189,1199,1189,1189
1181,18727000,FreeDiamonds,25,,,,,,,,,,,RS12,RS11,RS12,RS11,RS12,492,1712,200,200,2,2,2,4,2,1,5,2,2,2,2,2,2,2,4,2,2,1,1,2,2,2,2,2,2,2,3,3,3,2,3,3,2,2,5,1,1,1,5,30,3,5,9,0,99,231,463,46962,832017,500000,145,6,12,846,946,3,3,1080,1080,240,6000,10,3,250,200,150,150,100,,,,,,,10,100,8,1,200,1190,1200,1190,1190
1182,18747000,FreeDiamonds,25,,,,,,,,,,,RS11,RS12,RS11,RS12,RS11,492,1712,200,200,2,2,2,4,2,1,5,2,2,2,2,2,2,2,4,2,2,1,1,2,2,2,2,2,2,2,3,3,3,2,3,3,2,2,5,1,1,1,5,30,3,5,9,0,99,231,463,46962,832017,500000,145,6,12,846,946,3,3,1080,1080,240,6000,10,3,250,200,150,150,100,,,,,,,10,100,8,1,200,1191,1201,1191,1191
1183,18767000,FreeDiamonds,25,,,,,,,,,,,RS12,RS11,RS12,RS11,RS12,492,1712,200,200,2,2,2,4,2,1,5,2,2,2,2,2,2,2,4,2,2,1,1,2,2,2,2,2,2,2,3,3,3,2,3,3,2,2,5,1,1,1,5,30,3,5,9,0,99,231,463,46962,832017,500000,145,6,12,846,946,3,3,1080,1080,240,6000,10,3,250,200,150,150,100,,,,,,,10,100,8,1,200,1192,1202,1192,1192
1184,18787000,FreeDiamonds,25,,,,,,,,,,,RS11,RS12,RS11,RS12,RS11,492,1712,200,200,2,2,2,4,2,1,5,2,2,2,2,2,2,2,4,2,2,1,1,2,2,2,2,2,2,2,3,3,3,2,3,3,2,2,5,1,1,1,5,30,3,5,9,0,99,231,463,46962,832017,500000,145,6,12,846,946,3,3,1080,1080,240,6000,10,3,250,200,150,150,100,,,,,,,10,100,8,1,200,1193,1203,1193,1193
1185,18807000,FreeDiamonds,25,,,,,,,,,,,RS12,RS11,RS12,RS11,RS12,492,1712,200,200,2,2,2,4,2,1,5,2,2,2,2,2,2,2,4,2,2,1,1,2,2,2,2,2,2,2,3,3,3,2,3,3,2,2,5,1,1,1,5,30,3,5,9,0,99,231,463,46962,832017,500000,145,6,12,846,946,3,3,1080,1080,240,6000,10,3,250,200,150,150,100,,,,,,,10,100,8,1,200,1194,1204,1194,1194
1186,18827000,FreeDiamonds,25,,,,,,,,,,,RS11,RS12,RS11,RS12,RS11,492,1712,200,200,2,2,2,4,2,1,5,2,2,2,2,2,2,2,4,2,2,1,1,2,2,2,2,2,2,2,3,3,3,2,3,3,2,2,5,1,1,1,5,30,3,5,9,0,99,231,463,46962,832017,500000,145,6,12,846,946,3,3,1080,1080,240,6000,10,3,250,200,150,150,100,,,,,,,10,100,8,1,200,1195,1205,1195,1195
1187,18847000,FreeDiamonds,25,,,,,,,,,,,RS12,RS11,RS12,RS11,RS12,492,1712,200,200,2,2,2,4,2,1,5,2,2,2,2,2,2,2,4,2,2,1,1,2,2,2,2,2,2,2,3,3,3,2,3,3,2,2,5,1,1,1,5,30,3,5,9,0,99,231,463,46962,832017,500000,145,6,12,846,946,3,3,1080,1080,240,6000,10,3,250,200,150,150,100,,,,,,,10,100,8,1,200,1196,1206,1196,1196
1188,18867000,FreeDiamonds,25,,,,,,,,,,,RS11,RS12,RS11,RS12,RS11,492,1712,200,200,2,2,2,4,2,1,5,2,2,2,2,2,2,2,4,2,2,1,1,2,2,2,2,2,2,2,3,3,3,2,3,3,2,2,5,1,1,1,5,30,3,5,9,0,99,231,463,46962,832017,500000,145,6,12,846,946,3,3,1080,1080,240,6000,10,3,250,200,150,150,100,,,,,,,10,100,8,1,200,1197,1207,1197,1197
1189,18887000,FreeDiamonds,25,,,,,,,,,,,RS12,RS11,RS12,RS11,RS12,492,1712,200,200,2,2,2,4,2,1,5,2,2,2,2,2,2,2,4,2,2,1,1,2,2,2,2,2,2,2,3,3,3,2,3,3,2,2,5,1,1,1,5,30,3,5,9,0,99,231,463,46962,832017,500000,145,6,12,846,946,3,3,1080,1080,240,6000,10,3,250,200,150,150,100,,,,,,,10,100,8,1,200,1198,1208,1198,1198
1190,18907000,FreeDiamonds,25,,,,,,,,,,,RS11,RS12,RS11,RS12,RS11,492,1712,200,200,2,2,2,4,2,1,5,2,2,2,2,2,2,2,4,2,2,1,1,2,2,2,2,2,2,2,3,3,3,2,3,3,2,2,5,1,1,1,5,30,3,5,9,0,99,231,463,46962,832017,500000,145,6,12,846,946,3,3,1080,1080,240,6000,10,3,250,200,150,150,100,,,,,,,10,100,8,1,200,1199,1209,1199,1199
1191,18927000,FreeDiamonds,25,,,,,,,,,,,RS12,RS11,RS12,RS11,RS12,493,1712,200,200,2,2,2,4,2,1,5,2,2,2,2,2,2,2,4,2,2,1,1,2,2,2,2,2,2,2,3,3,3,2,3,3,2,2,5,1,1,1,5,30,3,5,9,0,99,231,463,46962,832017,500000,145,6,12,846,946,3,3,1080,1080,240,6000,10,3,250,200,150,150,100,,,,,,,10,100,8,1,200,1200,1210,1200,1200
1192,18947000,FreeDiamonds,25,,,,,,,,,,,RS11,RS12,RS11,RS12,RS11,493,1712,200,200,2,2,2,4,2,1,5,2,2,2,2,2,2,2,4,2,2,1,1,2,2,2,2,2,2,2,3,3,3,2,3,3,2,2,5,1,1,1,5,30,3,5,9,0,99,231,463,46962,832017,500000,145,6,12,846,946,3,3,1080,1080,240,6000,10,3,250,200,150,150,100,,,,,,,10,100,8,1,200,1201,1211,1201,1201
1193,18967000,FreeDiamonds,25,,,,,,,,,,,RS12,RS11,RS12,RS11,RS12,493,1712,200,200,2,2,2,4,2,1,5,2,2,2,2,2,2,2,4,2,2,1,1,2,2,2,2,2,2,2,3,3,3,2,3,3,2,2,5,1,1,1,5,30,3,5,9,0,99,231,463,46962,832017,500000,145,6,12,846,946,3,3,1080,1080,240,6000,10,3,250,200,150,150,100,,,,,,,10,100,8,1,200,1202,1212,1202,1202
1194,18987000,FreeDiamonds,25,,,,,,,,,,,RS11,RS12,RS11,RS12,RS11,493,1712,200,200,2,2,2,4,2,1,5,2,2,2,2,2,2,2,4,2,2,1,1,2,2,2,2,2,2,2,3,3,3,2,3,3,2,2,5,1,1,1,5,30,3,5,9,0,100,231,463,46962,832017,500000,145,6,12,846,946,3,3,1080,1080,240,6000,10,3,250,200,150,150,100,,,,,,,10,100,8,1,200,1203,1213,1203,1203
1195,19007000,FreeDiamonds,25,,,,,,,,,,,RS12,RS11,RS12,RS11,RS12,493,1712,200,200,2,2,2,4,2,1,5,2,2,2,2,2,2,2,4,2,2,1,1,2,2,2,2,2,2,2,3,3,3,2,3,3,2,2,5,1,1,1,5,30,3,5,9,0,100,231,463,46962,832017,500000,145,6,12,846,946,3,3,1080,1080,240,6000,10,3,250,200,150,150,100,,,,,,,10,100,8,1,200,1204,1214,1204,1204
1196,19027000,FreeDiamonds,25,,,,,,,,,,,RS11,RS12,RS11,RS12,RS11,493,1712,200,200,2,2,2,4,2,1,5,2,2,2,2,2,2,2,4,2,2,1,1,2,2,2,2,2,2,2,3,3,3,2,3,3,2,2,5,1,1,1,5,30,3,5,9,0,100,231,463,46962,832017,500000,145,6,12,846,946,3,3,1080,1080,240,6000,10,3,250,200,150,150,100,,,,,,,10,100,8,1,200,1205,1215,1205,1205
1197,19047000,FreeDiamonds,25,,,,,,,,,,,RS12,RS11,RS12,RS11,RS12,493,1712,200,200,2,2,2,4,2,1,5,2,2,2,2,2,2,2,4,2,2,1,1,2,2,2,2,2,2,2,3,3,3,2,3,3,2,2,5,1,1,1,5,30,3,5,9,0,100,231,463,46962,832017,500000,145,6,12,846,946,3,3,1080,1080,240,6000,10,3,250,200,150,150,100,,,,,,,10,100,8,1,200,1206,1216,1206,1206
1198,19067000,FreeDiamonds,25,,,,,,,,,,,RS11,RS12,RS11,RS12,RS11,493,1712,200,200,2,2,2,4,2,1,5,2,2,2,2,2,2,2,4,2,2,1,1,2,2,2,2,2,2,2,3,3,3,2,3,3,2,2,5,1,1,1,5,30,3,5,9,0,100,231,463,46962,832017,500000,145,6,12,846,946,3,3,1080,1080,240,6000,10,3,250,200,150,150,100,,,,,,,10,100,8,1,200,1207,1217,1207,1207
1199,19087000,FreeDiamonds,25,,,,,,,,,,,RS12,RS11,RS12,RS11,RS12,493,1712,200,200,2,2,2,4,2,1,5,2,2,2,2,2,2,2,4,2,2,1,1,2,2,2,2,2,2,2,3,3,3,2,3,3,2,2,5,1,1,1,5,30,3,5,9,0,100,231,463,46962,832017,500000,145,6,12,846,946,3,3,1080,1080,240,6000,10,3,250,200,150,150,100,,,,,,,10,100,8,1,200,1208,1218,1208,1208
1200,19107000,FreeDiamonds,500,,,,,,,,,,,RS11,RS12,RS11,RS12,RS11,493,1712,200,200,2,2,2,4,2,1,5,2,2,2,2,2,2,2,4,2,2,1,1,2,2,2,2,2,2,2,3,3,3,2,3,3,2,2,5,1,1,1,5,30,3,5,9,0,100,231,463,46962,832017,500000,145,6,12,846,946,3,3,1080,1080,240,6000,10,3,250,200,150,150,100,,,,,,,10,100,8,1,200,1209,1219,1209,1209
1201,19127000,FreeDiamonds,25,,,,,,,,,,,RS12,RS11,RS12,RS11,RS12,494,1712,200,200,2,2,2,4,2,1,5,2,2,2,2,2,2,2,4,2,2,1,1,2,2,2,2,2,2,2,3,3,3,2,3,3,2,2,5,1,1,1,5,30,3,5,9,0,98,231,463,46962,832017,500000,145,6,12,846,946,3,3,1080,1080,240,6000,10,3,250,200,150,150,100,,,,,,,10,100,8,1,200,1210,1220,1210,1210
1202,19147000,FreeDiamonds,25,,,,,,,,,,,RS11,RS12,RS11,RS12,RS11,494,1712,200,200,2,2,2,4,2,1,5,2,2,2,2,2,2,2,4,2,2,1,1,2,2,2,2,2,2,2,3,3,3,2,3,3,2,2,5,1,1,1,5,30,3,5,9,0,98,231,463,46962,832017,500000,145,6,12,846,946,3,3,1080,1080,240,6000,10,3,250,200,150,150,100,,,,,,,10,100,8,1,200,1211,1221,1211,1211
1203,19167000,FreeDiamonds,25,,,,,,,,,,,RS12,RS11,RS12,RS11,RS12,494,1712,200,200,2,2,2,4,2,1,5,2,2,2,2,2,2,2,4,2,2,1,1,2,2,2,2,2,2,2,3,3,3,2,3,3,2,2,5,1,1,1,5,30,3,5,9,0,98,231,463,46962,832017,500000,145,6,12,846,946,3,3,1080,1080,240,6000,10,3,250,200,150,150,100,,,,,,,10,100,8,1,200,1212,1222,1212,1212
1204,19187000,FreeDiamonds,25,,,,,,,,,,,RS11,RS12,RS11,RS12,RS11,494,1712,200,200,2,2,2,4,2,1,5,2,2,2,2,2,2,2,4,2,2,1,1,2,2,2,2,2,2,2,3,3,3,2,3,3,2,2,5,1,1,1,5,30,3,5,9,0,98,231,463,46962,832017,500000,145,6,12,846,946,3,3,1080,1080,240,6000,10,3,250,200,150,150,100,,,,,,,10,100,8,1,200,1213,1223,1213,1213
1205,19207000,FreeDiamonds,25,,,,,,,,,,,RS12,RS11,RS12,RS11,RS12,494,1712,200,200,2,2,2,4,2,1,5,2,2,2,2,2,2,2,4,2,2,1,1,2,2,2,2,2,2,2,3,3,3,2,3,3,2,2,5,1,1,1,5,30,3,5,9,0,98,231,463,46962,832017,500000,145,6,12,846,946,3,3,1080,1080,240,6000,10,3,250,200,150,150,100,,,,,,,10,100,8,1,200,1214,1224,1214,1214
1206,19227000,FreeDiamonds,25,,,,,,,,,,,RS11,RS12,RS11,RS12,RS11,494,1712,200,200,2,2,2,4,2,1,5,2,2,2,2,2,2,2,4,2,2,1,1,2,2,2,2,2,2,2,3,3,3,2,3,3,2,2,5,1,1,1,5,30,3,5,9,0,98,231,463,46962,832017,500000,145,6,12,846,946,3,3,1080,1080,240,6000,10,3,250,200,150,150,100,,,,,,,10,100,8,1,200,1215,1225,1215,1215
1207,19247000,FreeDiamonds,25,,,,,,,,,,,RS12,RS11,RS12,RS11,RS12,494,1712,200,200,2,2,2,4,2,1,5,2,2,2,2,2,2,2,4,2,2,1,1,2,2,2,2,2,2,2,3,3,3,2,3,3,2,2,5,1,1,1,5,30,3,5,9,0,98,231,463,46962,832017,500000,145,6,12,846,946,3,3,1080,1080,240,6000,10,3,250,200,150,150,100,,,,,,,10,100,8,1,200,1216,1226,1216,1216
1208,19267000,FreeDiamonds,25,,,,,,,,,,,RS11,RS12,RS11,RS12,RS11,494,1712,200,200,2,2,2,4,2,1,5,2,2,2,2,2,2,2,4,2,2,1,1,2,2,2,2,2,2,2,3,3,3,2,3,3,2,2,5,1,1,1,5,30,3,5,9,0,98,231,463,46962,832017,500000,145,6,12,846,946,3,3,1080,1080,240,6000,10,3,250,200,150,150,100,,,,,,,10,100,8,1,200,1217,1227,1217,1217
1209,19287000,FreeDiamonds,25,,,,,,,,,,,RS12,RS11,RS12,RS11,RS12,494,1712,200,200,2,2,2,4,2,1,5,2,2,2,2,2,2,2,4,2,2,1,1,2,2,2,2,2,2,2,3,3,3,2,3,3,2,2,5,1,1,1,5,30,3,5,9,0,98,231,463,46962,832017,500000,145,6,12,846,946,3,3,1080,1080,240,6000,10,3,250,200,150,150,100,,,,,,,10,100,8,1,200,1218,1228,1218,1218
1210,19307000,FreeDiamonds,25,,,,,,,,,,,RS11,RS12,RS11,RS12,RS11,494,1712,200,200,2,2,2,4,2,1,5,2,2,2,2,2,2,2,4,2,2,1,1,2,2,2,2,2,2,2,3,3,3,2,3,3,2,2,5,1,1,1,5,30,3,5,9,0,98,231,463,46962,832017,500000,145,6,12,846,946,3,3,1080,1080,240,6000,10,3,250,200,150,150,100,,,,,,,10,100,8,1,200,1219,1229,1219,1219
1211,19327000,FreeDiamonds,25,,,,,,,,,,,RS12,RS11,RS12,RS11,RS12,495,1712,200,200,2,2,2,4,2,1,5,2,2,2,2,2,2,2,4,2,2,1,1,2,2,2,2,2,2,2,3,3,3,2,3,3,2,2,5,1,1,1,5,30,3,5,9,0,99,231,463,46962,832017,500000,145,6,12,846,946,3,3,1080,1080,240,6000,10,3,250,200,150,150,100,,,,,,,10,100,8,1,200,1220,1230,1220,1220
1212,19347000,FreeDiamonds,25,,,,,,,,,,,RS11,RS12,RS11,RS12,RS11,495,1712,200,200,2,2,2,4,2,1,5,2,2,2,2,2,2,2,4,2,2,1,1,2,2,2,2,2,2,2,3,3,3,2,3,3,2,2,5,1,1,1,5,30,3,5,9,0,99,231,463,46962,832017,500000,145,6,12,846,946,3,3,1080,1080,240,6000,10,3,250,200,150,150,100,,,,,,,10,100,8,1,200,1221,1231,1221,1221
1213,19367000,FreeDiamonds,25,,,,,,,,,,,RS12,RS11,RS12,RS11,RS12,495,1712,200,200,2,2,2,4,2,1,5,2,2,2,2,2,2,2,4,2,2,1,1,2,2,2,2,2,2,2,3,3,3,2,3,3,2,2,5,1,1,1,5,30,3,5,9,0,99,231,463,46962,832017,500000,145,6,12,846,946,3,3,1080,1080,240,6000,10,3,250,200,150,150,100,,,,,,,10,100,8,1,200,1222,1232,1222,1222
1214,19387000,FreeDiamonds,25,,,,,,,,,,,RS11,RS12,RS11,RS12,RS11,495,1712,200,200,2,2,2,4,2,1,5,2,2,2,2,2,2,2,4,2,2,1,1,2,2,2,2,2,2,2,3,3,3,2,3,3,2,2,5,1,1,1,5,30,3,5,9,0,99,231,463,46962,832017,500000,145,6,12,846,946,3,3,1080,1080,240,6000,10,3,250,200,150,150,100,,,,,,,10,100,8,1,200,1223,1233,1223,1223
1215,19407000,FreeDiamonds,25,,,,,,,,,,,RS12,RS11,RS12,RS11,RS12,495,1712,200,200,2,2,2,4,2,1,5,2,2,2,2,2,2,2,4,2,2,1,1,2,2,2,2,2,2,2,3,3,3,2,3,3,2,2,5,1,1,1,5,30,3,5,9,0,99,231,463,46962,832017,500000,145,6,12,846,946,3,3,1080,1080,240,6000,10,3,250,200,150,150,100,,,,,,,10,100,8,1,200,1224,1234,1224,1224
1216,19427000,FreeDiamonds,25,,,,,,,,,,,RS11,RS12,RS11,RS12,RS11,495,1712,200,200,2,2,2,4,2,1,5,2,2,2,2,2,2,2,4,2,2,1,1,2,2,2,2,2,2,2,3,3,3,2,3,3,2,2,5,1,1,1,5,30,3,5,9,0,99,231,463,46962,832017,500000,145,6,12,846,946,3,3,1080,1080,240,6000,10,3,250,200,150,150,100,,,,,,,10,100,8,1,200,1225,1235,1225,1225
1217,19447000,FreeDiamonds,25,,,,,,,,,,,RS12,RS11,RS12,RS11,RS12,495,1712,200,200,2,2,2,4,2,1,5,2,2,2,2,2,2,2,4,2,2,1,1,2,2,2,2,2,2,2,3,3,3,2,3,3,2,2,5,1,1,1,5,30,3,5,9,0,99,231,463,46962,832017,500000,145,6,12,846,946,3,3,1080,1080,240,6000,10,3,250,200,150,150,100,,,,,,,10,100,8,1,200,1226,1236,1226,1226
1218,19467000,FreeDiamonds,25,,,,,,,,,,,RS11,RS12,RS11,RS12,RS11,495,1712,200,200,2,2,2,4,2,1,5,2,2,2,2,2,2,2,4,2,2,1,1,2,2,2,2,2,2,2,3,3,3,2,3,3,2,2,5,1,1,1,5,30,3,5,9,0,99,231,463,46962,832017,500000,145,6,12,846,946,3,3,1080,1080,240,6000,10,3,250,200,150,150,100,,,,,,,10,100,8,1,200,1227,1237,1227,1227
1219,19487000,FreeDiamonds,25,,,,,,,,,,,RS12,RS11,RS12,RS11,RS12,495,1712,200,200,2,2,2,4,2,1,5,2,2,2,2,2,2,2,4,2,2,1,1,2,2,2,2,2,2,2,3,3,3,2,3,3,2,2,5,1,1,1,5,30,3,5,9,0,99,231,463,46962,832017,500000,145,6,12,846,946,3,3,1080,1080,240,6000,10,3,250,200,150,150,100,,,,,,,10,100,8,1,200,1228,1238,1228,1228
1220,19507000,FreeDiamonds,25,,,,,,,,,,,RS11,RS12,RS11,RS12,RS11,495,1712,200,200,2,2,2,4,2,1,5,2,2,2,2,2,2,2,4,2,2,1,1,2,2,2,2,2,2,2,3,3,3,2,3,3,2,2,5,1,1,1,5,30,3,5,9,0,99,231,463,46962,832017,500000,145,6,12,846,946,3,3,1080,1080,240,6000,10,3,250,200,150,150,100,,,,,,,10,100,8,1,200,1229,1239,1229,1229
1221,19527000,FreeDiamonds,25,,,,,,,,,,,RS12,RS11,RS12,RS11,RS12,496,1712,200,200,2,2,2,4,2,1,5,2,2,2,2,2,2,2,4,2,2,1,1,2,2,2,2,2,2,2,3,3,3,2,3,3,2,2,5,1,1,1,5,30,3,5,9,0,99,231,463,46962,832017,500000,145,6,12,846,946,3,3,1080,1080,240,6000,10,3,250,200,150,150,100,,,,,,,10,100,8,1,200,1230,1240,1230,1230
1222,19547000,FreeDiamonds,25,,,,,,,,,,,RS11,RS12,RS11,RS12,RS11,496,1712,200,200,2,2,2,4,2,1,5,2,2,2,2,2,2,2,4,2,2,1,1,2,2,2,2,2,2,2,3,3,3,2,3,3,2,2,5,1,1,1,5,30,3,5,9,0,99,231,463,46962,832017,500000,145,6,12,846,946,3,3,1080,1080,240,6000,10,3,250,200,150,150,100,,,,,,,10,100,8,1,200,1231,1241,1231,1231
1223,19567000,FreeDiamonds,25,,,,,,,,,,,RS12,RS11,RS12,RS11,RS12,496,1712,200,200,2,2,2,4,2,1,5,2,2,2,2,2,2,2,4,2,2,1,1,2,2,2,2,2,2,2,3,3,3,2,3,3,2,2,5,1,1,1,5,30,3,5,9,0,99,231,463,46962,832017,500000,145,6,12,846,946,3,3,1080,1080,240,6000,10,3,250,200,150,150,100,,,,,,,10,100,8,1,200,1232,1242,1232,1232
1224,19587000,FreeDiamonds,25,,,,,,,,,,,RS11,RS12,RS11,RS12,RS11,496,1712,200,200,2,2,2,4,2,1,5,2,2,2,2,2,2,2,4,2,2,1,1,2,2,2,2,2,2,2,3,3,3,2,3,3,2,2,5,1,1,1,5,30,3,5,9,0,99,231,463,46962,832017,500000,145,6,12,846,946,3,3,1080,1080,240,6000,10,3,250,200,150,150,100,,,,,,,10,100,8,1,200,1233,1243,1233,1233
1225,19607000,FreeDiamonds,25,,,,,,,,,,,RS12,RS11,RS12,RS11,RS12,496,1712,200,200,2,2,2,4,2,1,5,2,2,2,2,2,2,2,4,2,2,1,1,2,2,2,2,2,2,2,3,3,3,2,3,3,2,2,5,1,1,1,5,30,3,5,9,0,99,231,463,46962,832017,500000,145,6,12,846,946,3,3,1080,1080,240,6000,10,3,250,200,150,150,100,,,,,,,10,100,8,1,200,1234,1244,1234,1234
1226,19627000,FreeDiamonds,25,,,,,,,,,,,RS11,RS12,RS11,RS12,RS11,496,1712,200,200,2,2,2,4,2,1,5,2,2,2,2,2,2,2,4,2,2,1,1,2,2,2,2,2,2,2,3,3,3,2,3,3,2,2,5,1,1,1,5,30,3,5,9,0,99,231,463,46962,832017,500000,145,6,12,846,946,3,3,1080,1080,240,6000,10,3,250,200,150,150,100,,,,,,,10,100,8,1,200,1235,1245,1235,1235
1227,19647000,FreeDiamonds,25,,,,,,,,,,,RS12,RS11,RS12,RS11,RS12,496,1712,200,200,2,2,2,4,2,1,5,2,2,2,2,2,2,2,4,2,2,1,1,2,2,2,2,2,2,2,3,3,3,2,3,3,2,2,5,1,1,1,5,30,3,5,9,0,99,231,463,46962,832017,500000,145,6,12,846,946,3,3,1080,1080,240,6000,10,3,250,200,150,150,100,,,,,,,10,100,8,1,200,1236,1246,1236,1236
1228,19667000,FreeDiamonds,25,,,,,,,,,,,RS11,RS12,RS11,RS12,RS11,496,1712,200,200,2,2,2,4,2,1,5,2,2,2,2,2,2,2,4,2,2,1,1,2,2,2,2,2,2,2,3,3,3,2,3,3,2,2,5,1,1,1,5,30,3,5,9,0,99,231,463,46962,832017,500000,145,6,12,846,946,3,3,1080,1080,240,6000,10,3,250,200,150,150,100,,,,,,,10,100,8,1,200,1237,1247,1237,1237
1229,19687000,FreeDiamonds,25,,,,,,,,,,,RS12,RS11,RS12,RS11,RS12,496,1712,200,200,2,2,2,4,2,1,5,2,2,2,2,2,2,2,4,2,2,1,1,2,2,2,2,2,2,2,3,3,3,2,3,3,2,2,5,1,1,1,5,30,3,5,9,0,99,231,463,46962,832017,500000,145,6,12,846,946,3,3,1080,1080,240,6000,10,3,250,200,150,150,100,,,,,,,10,100,8,1,200,1238,1248,1238,1238
1230,19707000,FreeDiamonds,25,,,,,,,,,,,RS11,RS12,RS11,RS12,RS11,496,1712,200,200,2,2,2,4,2,1,5,2,2,2,2,2,2,2,4,2,2,1,1,2,2,2,2,2,2,2,3,3,3,2,3,3,2,2,5,1,1,1,5,30,3,5,9,0,99,231,463,46962,832017,500000,145,6,12,846,946,3,3,1080,1080,240,6000,10,3,250,200,150,150,100,,,,,,,10,100,8,1,200,1239,1249,1239,1239
1231,19727000,FreeDiamonds,25,,,,,,,,,,,RS12,RS11,RS12,RS11,RS12,497,1712,200,200,2,2,2,4,2,1,5,2,2,2,2,2,2,2,4,2,2,1,1,2,2,2,2,2,2,2,3,3,3,2,3,3,2,2,5,1,1,1,5,30,3,5,9,0,99,231,463,46962,832017,500000,145,6,12,846,946,3,3,1080,1080,240,6000,10,3,250,200,150,150,100,,,,,,,10,100,8,1,200,1240,1250,1240,1240
1232,19747000,FreeDiamonds,25,,,,,,,,,,,RS11,RS12,RS11,RS12,RS11,497,1712,200,200,2,2,2,4,2,1,5,2,2,2,2,2,2,2,4,2,2,1,1,2,2,2,2,2,2,2,3,3,3,2,3,3,2,2,5,1,1,1,5,30,3,5,9,0,99,231,463,46962,832017,500000,145,6,12,846,946,3,3,1080,1080,240,6000,10,3,250,200,150,150,100,,,,,,,10,100,8,1,200,1241,1251,1241,1241
1233,19767000,FreeDiamonds,25,,,,,,,,,,,RS12,RS11,RS12,RS11,RS12,497,1712,200,200,2,2,2,4,2,1,5,2,2,2,2,2,2,2,4,2,2,1,1,2,2,2,2,2,2,2,3,3,3,2,3,3,2,2,5,1,1,1,5,30,3,5,9,0,99,231,463,46962,832017,500000,145,6,12,846,946,3,3,1080,1080,240,6000,10,3,250,200,150,150,100,,,,,,,10,100,8,1,200,1242,1252,1242,1242
1234,19787000,FreeDiamonds,25,,,,,,,,,,,RS11,RS12,RS11,RS12,RS11,497,1712,200,200,2,2,2,4,2,1,5,2,2,2,2,2,2,2,4,2,2,1,1,2,2,2,2,2,2,2,3,3,3,2,3,3,2,2,5,1,1,1,5,30,3,5,9,0,99,231,463,46962,832017,500000,145,6,12,846,946,3,3,1080,1080,240,6000,10,3,250,200,150,150,100,,,,,,,10,100,8,1,200,1243,1253,1243,1243
1235,19807000,FreeDiamonds,25,,,,,,,,,,,RS12,RS11,RS12,RS11,RS12,497,1712,200,200,2,2,2,4,2,1,5,2,2,2,2,2,2,2,4,2,2,1,1,2,2,2,2,2,2,2,3,3,3,2,3,3,2,2,5,1,1,1,5,30,3,5,9,0,99,231,463,46962,832017,500000,145,6,12,846,946,3,3,1080,1080,240,6000,10,3,250,200,150,150,100,,,,,,,10,100,8,1,200,1244,1254,1244,1244
1236,19827000,FreeDiamonds,25,,,,,,,,,,,RS11,RS12,RS11,RS12,RS11,497,1712,200,200,2,2,2,4,2,1,5,2,2,2,2,2,2,2,4,2,2,1,1,2,2,2,2,2,2,2,3,3,3,2,3,3,2,2,5,1,1,1,5,30,3,5,9,0,99,231,463,46962,832017,500000,145,6,12,846,946,3,3,1080,1080,240,6000,10,3,250,200,150,150,100,,,,,,,10,100,8,1,200,1245,1255,1245,1245
1237,19847000,FreeDiamonds,25,,,,,,,,,,,RS12,RS11,RS12,RS11,RS12,497,1712,200,200,2,2,2,4,2,1,5,2,2,2,2,2,2,2,4,2,2,1,1,2,2,2,2,2,2,2,3,3,3,2,3,3,2,2,5,1,1,1,5,30,3,5,9,0,100,231,463,46962,832017,500000,145,6,12,846,946,3,3,1080,1080,240,6000,10,3,250,200,150,150,100,,,,,,,10,100,8,1,200,1246,1256,1246,1246
1238,19867000,FreeDiamonds,25,,,,,,,,,,,RS11,RS12,RS11,RS12,RS11,497,1712,200,200,2,2,2,4,2,1,5,2,2,2,2,2,2,2,4,2,2,1,1,2,2,2,2,2,2,2,3,3,3,2,3,3,2,2,5,1,1,1,5,30,3,5,9,0,100,231,463,46962,832017,500000,145,6,12,846,946,3,3,1080,1080,240,6000,10,3,250,200,150,150,100,,,,,,,10,100,8,1,200,1247,1257,1247,1247
1239,19887000,FreeDiamonds,25,,,,,,,,,,,RS12,RS11,RS12,RS11,RS12,497,1712,200,200,2,2,2,4,2,1,5,2,2,2,2,2,2,2,4,2,2,1,1,2,2,2,2,2,2,2,3,3,3,2,3,3,2,2,5,1,1,1,5,30,3,5,9,0,100,231,463,46962,832017,500000,145,6,12,846,946,3,3,1080,1080,240,6000,10,3,250,200,150,150,100,,,,,,,10,100,8,1,200,1248,1258,1248,1248
1240,19907000,FreeDiamonds,25,,,,,,,,,,,RS11,RS12,RS11,RS12,RS11,497,1712,200,200,2,2,2,4,2,1,5,2,2,2,2,2,2,2,4,2,2,1,1,2,2,2,2,2,2,2,3,3,3,2,3,3,2,2,5,1,1,1,5,30,3,5,9,0,100,231,463,46962,832017,500000,145,6,12,846,946,3,3,1080,1080,240,6000,10,3,250,200,150,150,100,,,,,,,10,100,8,1,200,1249,1259,1249,1249
1241,19927000,FreeDiamonds,25,,,,,,,,,,,RS12,RS11,RS12,RS11,RS12,498,1712,200,200,2,2,2,4,2,1,5,2,2,2,2,2,2,2,4,2,2,1,1,2,2,2,2,2,2,2,3,3,3,2,3,3,2,2,5,1,1,1,5,30,3,5,9,0,100,231,463,46962,832017,500000,145,6,12,846,946,3,3,1080,1080,240,6000,10,3,250,200,150,150,100,,,,,,,10,100,8,1,200,1250,1260,1250,1250
1242,19947000,FreeDiamonds,25,,,,,,,,,,,RS11,RS12,RS11,RS12,RS11,498,1712,200,200,2,2,2,4,2,1,5,2,2,2,2,2,2,2,4,2,2,1,1,2,2,2,2,2,2,2,3,3,3,2,3,3,2,2,5,1,1,1,5,30,3,5,9,0,100,231,463,46962,832017,500000,145,6,12,846,946,3,3,1080,1080,240,6000,10,3,250,200,150,150,100,,,,,,,10,100,8,1,200,1251,1261,1251,1251
1243,19967000,FreeDiamonds,25,,,,,,,,,,,RS12,RS11,RS12,RS11,RS12,498,1712,200,200,2,2,2,4,2,1,5,2,2,2,2,2,2,2,4,2,2,1,1,2,2,2,2,2,2,2,3,3,3,2,3,3,2,2,5,1,1,1,5,30,3,5,9,0,98,231,463,46962,832017,500000,145,6,12,846,946,3,3,1080,1080,240,6000,10,3,250,200,150,150,100,,,,,,,10,100,8,1,200,1252,1262,1252,1252
1244,19987000,FreeDiamonds,25,,,,,,,,,,,RS11,RS12,RS11,RS12,RS11,498,1712,200,200,2,2,2,4,2,1,5,2,2,2,2,2,2,2,4,2,2,1,1,2,2,2,2,2,2,2,3,3,3,2,3,3,2,2,5,1,1,1,5,30,3,5,9,0,98,231,463,46962,832017,500000,145,6,12,846,946,3,3,1080,1080,240,6000,10,3,250,200,150,150,100,,,,,,,10,100,8,1,200,1253,1263,1253,1253
1245,20007000,FreeDiamonds,25,,,,,,,,,,,RS12,RS11,RS12,RS11,RS12,498,1712,200,200,2,2,2,4,2,1,5,2,2,2,2,2,2,2,4,2,2,1,1,2,2,2,2,2,2,2,3,3,3,2,3,3,2,2,5,1,1,1,5,30,3,5,9,0,98,231,463,46962,832017,500000,145,6,12,846,946,3,3,1080,1080,240,6000,10,3,250,200,150,150,100,,,,,,,10,100,8,1,200,1254,1264,1254,1254
1246,20027000,FreeDiamonds,25,,,,,,,,,,,RS11,RS12,RS11,RS12,RS11,498,1712,200,200,2,2,2,4,2,1,5,2,2,2,2,2,2,2,4,2,2,1,1,2,2,2,2,2,2,2,3,3,3,2,3,3,2,2,5,1,1,1,5,30,3,5,9,0,98,231,463,46962,832017,500000,145,6,12,846,946,3,3,1080,1080,240,6000,10,3,250,200,150,150,100,,,,,,,10,100,8,1,200,1255,1265,1255,1255
1247,20047000,FreeDiamonds,25,,,,,,,,,,,RS12,RS11,RS12,RS11,RS12,498,1712,200,200,2,2,2,4,2,1,5,2,2,2,2,2,2,2,4,2,2,1,1,2,2,2,2,2,2,2,3,3,3,2,3,3,2,2,5,1,1,1,5,30,3,5,9,0,98,231,463,46962,832017,500000,145,6,12,846,946,3,3,1080,1080,240,6000,10,3,250,200,150,150,100,,,,,,,10,100,8,1,200,1256,1266,1256,1256
1248,20067000,FreeDiamonds,25,,,,,,,,,,,RS11,RS12,RS11,RS12,RS11,498,1712,200,200,2,2,2,4,2,1,5,2,2,2,2,2,2,2,4,2,2,1,1,2,2,2,2,2,2,2,3,3,3,2,3,3,2,2,5,1,1,1,5,30,3,5,9,0,98,231,463,46962,832017,500000,145,6,12,846,946,3,3,1080,1080,240,6000,10,3,250,200,150,150,100,,,,,,,10,100,8,1,200,1257,1267,1257,1257
1249,20087000,FreeDiamonds,25,,,,,,,,,,,RS12,RS11,RS12,RS11,RS12,498,1712,200,200,2,2,2,4,2,1,5,2,2,2,2,2,2,2,4,2,2,1,1,2,2,2,2,2,2,2,3,3,3,2,3,3,2,2,5,1,1,1,5,30,3,5,9,0,98,231,463,46962,832017,500000,145,6,12,846,946,3,3,1080,1080,240,6000,10,3,250,200,150,150,100,,,,,,,10,100,8,1,200,1258,1268,1258,1258
1250,20107000,FreeDiamonds,50,,,,,,,,,,,RS11,RS12,RS11,RS12,RS11,498,1712,200,200,2,2,2,4,2,1,5,2,2,2,2,2,2,2,4,2,2,1,1,2,2,2,2,2,2,2,3,3,3,2,3,3,2,2,5,1,1,1,5,30,3,5,9,0,98,231,463,46962,832017,500000,145,6,12,846,946,3,3,1080,1080,240,6000,10,3,250,200,150,150,100,,,,,,,10,100,8,1,200,1259,1269,1259,1259
1251,20127000,FreeDiamonds,25,,,,,,,,,,,RS12,RS11,RS12,RS11,RS12,499,1712,200,200,2,2,2,4,2,1,5,2,2,2,2,2,2,2,4,2,2,1,1,2,2,2,2,2,2,2,3,3,3,2,3,3,2,2,5,1,1,1,5,30,3,5,9,0,98,231,463,46962,832017,500000,145,6,12,846,946,3,3,1080,1080,240,6000,10,3,250,200,150,150,100,,,,,,,10,100,8,1,200,1260,1270,1260,1260
1252,20147000,FreeDiamonds,25,,,,,,,,,,,RS11,RS12,RS11,RS12,RS11,499,1712,200,200,2,2,2,4,2,1,5,2,2,2,2,2,2,2,4,2,2,1,1,2,2,2,2,2,2,2,3,3,3,2,3,3,2,2,5,1,1,1,5,30,3,5,9,0,98,231,463,46962,832017,500000,145,6,12,846,946,3,3,1080,1080,240,6000,10,3,250,200,150,150,100,,,,,,,10,100,8,1,200,1261,1271,1261,1261
1253,20167000,FreeDiamonds,25,,,,,,,,,,,RS12,RS11,RS12,RS11,RS12,499,1712,200,200,2,2,2,4,2,1,5,2,2,2,2,2,2,2,4,2,2,1,1,2,2,2,2,2,2,2,3,3,3,2,3,3,2,2,5,1,1,1,5,30,3,5,9,0,98,231,463,46962,832017,500000,145,6,12,846,946,3,3,1080,1080,240,6000,10,3,250,200,150,150,100,,,,,,,10,100,8,1,200,1262,1272,1262,1262
1254,20187000,FreeDiamonds,25,,,,,,,,,,,RS11,RS12,RS11,RS12,RS11,499,1712,200,200,2,2,2,4,2,1,5,2,2,2,2,2,2,2,4,2,2,1,1,2,2,2,2,2,2,2,3,3,3,2,3,3,2,2,5,1,1,1,5,30,3,5,9,0,98,231,463,46962,832017,500000,145,6,12,846,946,3,3,1080,1080,240,6000,10,3,250,200,150,150,100,,,,,,,10,100,8,1,200,1263,1273,1263,1263
1255,20207000,FreeDiamonds,25,,,,,,,,,,,RS12,RS11,RS12,RS11,RS12,499,1712,200,200,2,2,2,4,2,1,5,2,2,2,2,2,2,2,4,2,2,1,1,2,2,2,2,2,2,2,3,3,3,2,3,3,2,2,5,1,1,1,5,30,3,5,9,0,98,231,463,46962,832017,500000,145,6,12,846,946,3,3,1080,1080,240,6000,10,3,250,200,150,150,100,,,,,,,10,100,8,1,200,1264,1274,1264,1264
1256,20227000,FreeDiamonds,25,,,,,,,,,,,RS11,RS12,RS11,RS12,RS11,499,1712,200,200,2,2,2,4,2,1,5,2,2,2,2,2,2,2,4,2,2,1,1,2,2,2,2,2,2,2,3,3,3,2,3,3,2,2,5,1,1,1,5,30,3,5,9,0,98,231,463,46962,832017,500000,145,6,12,846,946,3,3,1080,1080,240,6000,10,3,250,200,150,150,100,,,,,,,10,100,8,1,200,1265,1275,1265,1265
1257,20247000,FreeDiamonds,25,,,,,,,,,,,RS12,RS11,RS12,RS11,RS12,499,1712,200,200,2,2,2,4,2,1,5,2,2,2,2,2,2,2,4,2,2,1,1,2,2,2,2,2,2,2,3,3,3,2,3,3,2,2,5,1,1,1,5,30,3,5,9,0,98,231,463,46962,832017,500000,145,6,12,846,946,3,3,1080,1080,240,6000,10,3,250,200,150,150,100,,,,,,,10,100,8,1,200,1266,1276,1266,1266
1258,20267000,FreeDiamonds,25,,,,,,,,,,,RS11,RS12,RS11,RS12,RS11,499,1712,200,200,2,2,2,4,2,1,5,2,2,2,2,2,2,2,4,2,2,1,1,2,2,2,2,2,2,2,3,3,3,2,3,3,2,2,5,1,1,1,5,30,3,5,9,0,98,231,463,46962,832017,500000,145,6,12,846,946,3,3,1080,1080,240,6000,10,3,250,200,150,150,100,,,,,,,10,100,8,1,200,1267,1277,1267,1267
1259,20287000,FreeDiamonds,25,,,,,,,,,,,RS12,RS11,RS12,RS11,RS12,499,1712,200,200,2,2,2,4,2,1,5,2,2,2,2,2,2,2,4,2,2,1,1,2,2,2,2,2,2,2,3,3,3,2,3,3,2,2,5,1,1,1,5,30,3,5,9,0,98,231,463,46962,832017,500000,145,6,12,846,946,3,3,1080,1080,240,6000,10,3,250,200,150,150,100,,,,,,,10,100,8,1,200,1268,1278,1268,1268
1260,20307000,FreeDiamonds,25,,,,,,,,,,,RS11,RS12,RS11,RS12,RS11,499,1712,200,200,2,2,2,4,2,1,5,2,2,2,2,2,2,2,4,2,2,1,1,2,2,2,2,2,2,2,3,3,3,2,3,3,2,2,5,1,1,1,5,30,3,5,9,0,98,231,463,46962,832017,500000,145,6,12,846,946,3,3,1080,1080,240,6000,10,3,250,200,150,150,100,,,,,,,10,100,8,1,200,1269,1279,1269,1269
1261,20327000,FreeDiamonds,25,,,,,,,,,,,RS12,RS11,RS12,RS11,RS12,500,1712,200,200,2,2,2,4,2,1,5,2,2,2,2,2,2,2,4,2,2,1,1,2,2,2,2,2,2,2,3,3,3,2,3,3,2,2,5,1,1,1,5,30,3,5,9,0,98,231,463,46962,832017,500000,145,6,12,846,946,3,3,1080,1080,240,6000,10,3,250,200,150,150,100,,,,,,,10,100,8,1,200,1270,1280,1270,1270
1262,20347000,FreeDiamonds,25,,,,,,,,,,,RS11,RS12,RS11,RS12,RS11,500,1712,200,200,2,2,2,4,2,1,5,2,2,2,2,2,2,2,4,2,2,1,1,2,2,2,2,2,2,2,3,3,3,2,3,3,2,2,5,1,1,1,5,30,3,5,9,0,98,231,463,46962,832017,500000,145,6,12,846,946,3,3,1080,1080,240,6000,10,3,250,200,150,150,100,,,,,,,10,100,8,1,200,1271,1281,1271,1271
1263,20367000,FreeDiamonds,25,,,,,,,,,,,RS12,RS11,RS12,RS11,RS12,500,1712,200,200,2,2,2,4,2,1,5,2,2,2,2,2,2,2,4,2,2,1,1,2,2,2,2,2,2,2,3,3,3,2,3,3,2,2,5,1,1,1,5,30,3,5,9,0,98,231,463,46962,832017,500000,145,6,12,846,946,3,3,1080,1080,240,6000,10,3,250,200,150,150,100,,,,,,,10,100,8,1,200,1272,1282,1272,1272
1264,20387000,FreeDiamonds,25,,,,,,,,,,,RS11,RS12,RS11,RS12,RS11,500,1712,200,200,2,2,2,4,2,1,5,2,2,2,2,2,2,2,4,2,2,1,1,2,2,2,2,2,2,2,3,3,3,2,3,3,2,2,5,1,1,1,5,30,3,5,9,0,98,231,463,46962,832017,500000,145,6,12,846,946,3,3,1080,1080,240,6000,10,3,250,200,150,150,100,,,,,,,10,100,8,1,200,1273,1283,1273,1273
1265,20407000,FreeDiamonds,25,,,,,,,,,,,RS12,RS11,RS12,RS11,RS12,500,1712,200,200,2,2,2,4,2,1,5,2,2,2,2,2,2,2,4,2,2,1,1,2,2,2,2,2,2,2,3,3,3,2,3,3,2,2,5,1,1,1,5,30,3,5,9,0,98,231,463,46962,832017,500000,145,6,12,846,946,3,3,1080,1080,240,6000,10,3,250,200,150,150,100,,,,,,,10,100,8,1,200,1274,1284,1274,1274
1266,20427000,FreeDiamonds,25,,,,,,,,,,,RS11,RS12,RS11,RS12,RS11,500,1712,200,200,2,2,2,4,2,1,5,2,2,2,2,2,2,2,4,2,2,1,1,2,2,2,2,2,2,2,3,3,3,2,3,3,2,2,5,1,1,1,5,30,3,5,9,0,98,231,463,46962,832017,500000,145,6,12,846,946,3,3,1080,1080,240,6000,10,3,250,200,150,150,100,,,,,,,10,100,8,1,200,1275,1285,1275,1275
1267,20447000,FreeDiamonds,25,,,,,,,,,,,RS12,RS11,RS12,RS11,RS12,500,1712,200,200,2,2,2,4,2,1,5,2,2,2,2,2,2,2,4,2,2,1,1,2,2,2,2,2,2,2,3,3,3,2,3,3,2,2,5,1,1,1,5,30,3,5,9,0,98,231,463,46962,832017,500000,145,6,12,846,946,3,3,1080,1080,240,6000,10,3,250,200,150,150,100,,,,,,,10,100,8,1,200,1276,1286,1276,1276
1268,20467000,FreeDiamonds,25,,,,,,,,,,,RS11,RS12,RS11,RS12,RS11,500,1712,200,200,2,2,2,4,2,1,5,2,2,2,2,2,2,2,4,2,2,1,1,2,2,2,2,2,2,2,3,3,3,2,3,3,2,2,5,1,1,1,5,30,3,5,9,0,99,231,463,46962,832017,500000,145,6,12,846,946,3,3,1080,1080,240,6000,10,3,250,200,150,150,100,,,,,,,10,100,8,1,200,1277,1287,1277,1277
1269,20487000,FreeDiamonds,25,,,,,,,,,,,RS12,RS11,RS12,RS11,RS12,500,1712,200,200,2,2,2,4,2,1,5,2,2,2,2,2,2,2,4,2,2,1,1,2,2,2,2,2,2,2,3,3,3,2,3,3,2,2,5,1,1,1,5,30,3,5,9,0,99,231,463,46962,832017,500000,145,6,12,846,946,3,3,1080,1080,240,6000,10,3,250,200,150,150,100,,,,,,,10,100,8,1,200,1278,1288,1278,1278
1270,20507000,FreeDiamonds,25,,,,,,,,,,,RS11,RS12,RS11,RS12,RS11,500,1712,200,200,2,2,2,4,2,1,5,2,2,2,2,2,2,2,4,2,2,1,1,2,2,2,2,2,2,2,3,3,3,2,3,3,2,2,5,1,1,1,5,30,3,5,9,0,99,231,463,46962,832017,500000,145,6,12,846,946,3,3,1080,1080,240,6000,10,3,250,200,150,150,100,,,,,,,10,100,8,1,200,1279,1289,1279,1279
1271,20527000,FreeDiamonds,25,,,,,,,,,,,RS12,RS11,RS12,RS11,RS12,501,1712,200,200,2,2,2,4,2,1,5,2,2,2,2,2,2,2,4,2,2,1,1,2,2,2,2,2,2,2,3,3,3,2,3,3,2,2,5,1,1,1,5,30,3,5,9,0,99,231,463,46962,832017,500000,145,6,12,846,946,3,3,1080,1080,240,6000,10,3,250,200,150,150,100,,,,,,,10,100,8,1,200,1280,1290,1280,1280
1272,20547000,FreeDiamonds,25,,,,,,,,,,,RS11,RS12,RS11,RS12,RS11,501,1712,200,200,2,2,2,4,2,1,5,2,2,2,2,2,2,2,4,2,2,1,1,2,2,2,2,2,2,2,3,3,3,2,3,3,2,2,5,1,1,1,5,30,3,5,9,0,99,231,463,46962,832017,500000,145,6,12,846,946,3,3,1080,1080,240,6000,10,3,250,200,150,150,100,,,,,,,10,100,8,1,200,1281,1291,1281,1281
1273,20567000,FreeDiamonds,25,,,,,,,,,,,RS12,RS11,RS12,RS11,RS12,501,1712,200,200,2,2,2,4,2,1,5,2,2,2,2,2,2,2,4,2,2,1,1,2,2,2,2,2,2,2,3,3,3,2,3,3,2,2,5,1,1,1,5,30,3,5,9,0,99,231,463,46962,832017,500000,145,6,12,846,946,3,3,1080,1080,240,6000,10,3,250,200,150,150,100,,,,,,,10,100,8,1,200,1282,1292,1282,1282
1274,20587000,FreeDiamonds,25,,,,,,,,,,,RS11,RS12,RS11,RS12,RS11,501,1712,200,200,2,2,2,4,2,1,5,2,2,2,2,2,2,2,4,2,2,1,1,2,2,2,2,2,2,2,3,3,3,2,3,3,2,2,5,1,1,1,5,30,3,5,9,0,99,231,463,46962,832017,500000,145,6,12,846,946,3,3,1080,1080,240,6000,10,3,250,200,150,150,100,,,,,,,10,100,8,1,200,1283,1293,1283,1283
1275,20607000,FreeDiamonds,25,,,,,,,,,,,RS12,RS11,RS12,RS11,RS12,501,1712,200,200,2,2,2,4,2,1,5,2,2,2,2,2,2,2,4,2,2,1,1,2,2,2,2,2,2,2,3,3,3,2,3,3,2,2,5,1,1,1,5,30,3,5,9,0,99,231,463,46962,832017,500000,145,6,12,846,946,3,3,1080,1080,240,6000,10,3,250,200,150,150,100,,,,,,,10,100,8,1,200,1284,1294,1284,1284
1276,20627000,FreeDiamonds,25,,,,,,,,,,,RS11,RS12,RS11,RS12,RS11,501,1712,200,200,2,2,2,4,2,1,5,2,2,2,2,2,2,2,4,2,2,1,1,2,2,2,2,2,2,2,3,3,3,2,3,3,2,2,5,1,1,1,5,30,3,5,9,0,99,231,463,46962,832017,500000,145,6,12,846,946,3,3,1080,1080,240,6000,10,3,250,200,150,150,100,,,,,,,10,100,8,1,200,1285,1295,1285,1285
1277,20647000,FreeDiamonds,25,,,,,,,,,,,RS12,RS11,RS12,RS11,RS12,501,1712,200,200,2,2,2,4,2,1,5,2,2,2,2,2,2,2,4,2,2,1,1,2,2,2,2,2,2,2,3,3,3,2,3,3,2,2,5,1,1,1,5,30,3,5,9,0,99,231,463,46962,832017,500000,145,6,12,846,946,3,3,1080,1080,240,6000,10,3,250,200,150,150,100,,,,,,,10,100,8,1,200,1286,1296,1286,1286
1278,20667000,FreeDiamonds,25,,,,,,,,,,,RS11,RS12,RS11,RS12,RS11,501,1712,200,200,2,2,2,4,2,1,5,2,2,2,2,2,2,2,4,2,2,1,1,2,2,2,2,2,2,2,3,3,3,2,3,3,2,2,5,1,1,1,5,30,3,5,9,0,99,231,463,46962,832017,500000,145,6,12,846,946,3,3,1080,1080,240,6000,10,3,250,200,150,150,100,,,,,,,10,100,8,1,200,1287,1297,1287,1287
1279,20687000,FreeDiamonds,25,,,,,,,,,,,RS12,RS11,RS12,RS11,RS12,501,1712,200,200,2,2,2,4,2,1,5,2,2,2,2,2,2,2,4,2,2,1,1,2,2,2,2,2,2,2,3,3,3,2,3,3,2,2,5,1,1,1,5,30,3,5,9,0,99,231,463,46962,832017,500000,145,6,12,846,946,3,3,1080,1080,240,6000,10,3,250,200,150,150,100,,,,,,,10,100,8,1,200,1288,1298,1288,1288
1280,20707000,FreeDiamonds,25,,,,,,,,,,,RS11,RS12,RS11,RS12,RS11,501,1712,200,200,2,2,2,4,2,1,5,2,2,2,2,2,2,2,4,2,2,1,1,2,2,2,2,2,2,2,3,3,3,2,3,3,2,2,5,1,1,1,5,30,3,5,9,0,99,231,463,46962,832017,500000,145,6,12,846,946,3,3,1080,1080,240,6000,10,3,250,200,150,150,100,,,,,,,10,100,8,1,200,1289,1299,1289,1289
1281,20727000,FreeDiamonds,25,,,,,,,,,,,RS12,RS11,RS12,RS11,RS12,502,1712,200,200,2,2,2,4,2,1,5,2,2,2,2,2,2,2,4,2,2,1,1,2,2,2,2,2,2,2,3,3,3,2,3,3,2,2,5,1,1,1,5,30,3,5,9,0,99,231,463,46962,832017,500000,145,6,12,846,946,3,3,1080,1080,240,6000,10,3,250,200,150,150,100,,,,,,,10,100,8,1,200,1290,1300,1290,1290
1282,20747000,FreeDiamonds,25,,,,,,,,,,,RS11,RS12,RS11,RS12,RS11,502,1712,200,200,2,2,2,4,2,1,5,2,2,2,2,2,2,2,4,2,2,1,1,2,2,2,2,2,2,2,3,3,3,2,3,3,2,2,5,1,1,1,5,30,3,5,9,0,99,231,463,46962,832017,500000,145,6,12,846,946,3,3,1080,1080,240,6000,10,3,250,200,150,150,100,,,,,,,10,100,8,1,200,1291,1301,1291,1291
1283,20767000,FreeDiamonds,25,,,,,,,,,,,RS12,RS11,RS12,RS11,RS12,502,1712,200,200,2,2,2,4,2,1,5,2,2,2,2,2,2,2,4,2,2,1,1,2,2,2,2,2,2,2,3,3,3,2,3,3,2,2,5,1,1,1,5,30,3,5,9,0,99,231,463,46962,832017,500000,145,6,12,846,946,3,3,1080,1080,240,6000,10,3,250,200,150,150,100,,,,,,,10,100,8,1,200,1292,1302,1292,1292
1284,20787000,FreeDiamonds,25,,,,,,,,,,,RS11,RS12,RS11,RS12,RS11,502,1712,200,200,2,2,2,4,2,1,5,2,2,2,2,2,2,2,4,2,2,1,1,2,2,2,2,2,2,2,3,3,3,2,3,3,2,2,5,1,1,1,5,30,3,5,9,0,99,231,463,46962,832017,500000,145,6,12,846,946,3,3,1080,1080,240,6000,10,3,250,200,150,150,100,,,,,,,10,100,8,1,200,1293,1303,1293,1293
1285,20807000,FreeDiamonds,25,,,,,,,,,,,RS12,RS11,RS12,RS11,RS12,502,1712,200,200,2,2,2,4,2,1,5,2,2,2,2,2,2,2,4,2,2,1,1,2,2,2,2,2,2,2,3,3,3,2,3,3,2,2,5,1,1,1,5,30,3,5,9,0,99,231,463,46962,832017,500000,145,6,12,846,946,3,3,1080,1080,240,6000,10,3,250,200,150,150,100,,,,,,,10,100,8,1,200,1294,1304,1294,1294
1286,20827000,FreeDiamonds,25,,,,,,,,,,,RS11,RS12,RS11,RS12,RS11,502,1712,200,200,2,2,2,4,2,1,5,2,2,2,2,2,2,2,4,2,2,1,1,2,2,2,2,2,2,2,3,3,3,2,3,3,2,2,5,1,1,1,5,30,3,5,9,0,99,231,463,46962,832017,500000,145,6,12,846,946,3,3,1080,1080,240,6000,10,3,250,200,150,150,100,,,,,,,10,100,8,1,200,1295,1305,1295,1295
1287,20847000,FreeDiamonds,25,,,,,,,,,,,RS12,RS11,RS12,RS11,RS12,502,1712,200,200,2,2,2,4,2,1,5,2,2,2,2,2,2,2,4,2,2,1,1,2,2,2,2,2,2,2,3,3,3,2,3,3,2,2,5,1,1,1,5,30,3,5,9,0,99,231,463,46962,832017,500000,145,6,12,846,946,3,3,1080,1080,240,6000,10,3,250,200,150,150,100,,,,,,,10,100,8,1,200,1296,1306,1296,1296
1288,20867000,FreeDiamonds,25,,,,,,,,,,,RS11,RS12,RS11,RS12,RS11,502,1712,200,200,2,2,2,4,2,1,5,2,2,2,2,2,2,2,4,2,2,1,1,2,2,2,2,2,2,2,3,3,3,2,3,3,2,2,5,1,1,1,5,30,3,5,9,0,99,231,463,46962,832017,500000,145,6,12,846,946,3,3,1080,1080,240,6000,10,3,250,200,150,150,100,,,,,,,10,100,8,1,200,1297,1307,1297,1297
1289,20887000,FreeDiamonds,25,,,,,,,,,,,RS12,RS11,RS12,RS11,RS12,502,1712,200,200,2,2,2,4,2,1,5,2,2,2,2,2,2,2,4,2,2,1,1,2,2,2,2,2,2,2,3,3,3,2,3,3,2,2,5,1,1,1,5,30,3,5,9,0,99,231,463,46962,832017,500000,145,6,12,846,946,3,3,1080,1080,240,6000,10,3,250,200,150,150,100,,,,,,,10,100,8,1,200,1298,1308,1298,1298
1290,20907000,FreeDiamonds,25,,,,,,,,,,,RS11,RS12,RS11,RS12,RS11,502,1712,200,200,2,2,2,4,2,1,5,2,2,2,2,2,2,2,4,2,2,1,1,2,2,2,2,2,2,2,3,3,3,2,3,3,2,2,5,1,1,1,5,30,3,5,9,0,99,231,463,46962,832017,500000,145,6,12,846,946,3,3,1080,1080,240,6000,10,3,250,200,150,150,100,,,,,,,10,100,8,1,200,1299,1309,1299,1299
1291,20927000,FreeDiamonds,25,,,,,,,,,,,RS12,RS11,RS12,RS11,RS12,503,1712,200,200,2,2,2,4,2,1,5,2,2,2,2,2,2,2,4,2,2,1,1,2,2,2,2,2,2,2,3,3,3,2,3,3,2,2,5,1,1,1,5,30,3,5,9,0,99,231,463,46962,832017,500000,145,6,12,846,946,3,3,1080,1080,240,6000,10,3,250,200,150,150,100,,,,,,,10,100,8,1,200,1300,1310,1300,1300
1292,20947000,FreeDiamonds,25,,,,,,,,,,,RS11,RS12,RS11,RS12,RS11,503,1712,200,200,2,2,2,4,2,1,5,2,2,2,2,2,2,2,4,2,2,1,1,2,2,2,2,2,2,2,3,3,3,2,3,3,2,2,5,1,1,1,5,30,3,5,9,0,99,231,463,46962,832017,500000,145,6,12,846,946,3,3,1080,1080,240,6000,10,3,250,200,150,150,100,,,,,,,10,100,8,1,200,1301,1311,1301,1301
1293,20967000,FreeDiamonds,25,,,,,,,,,,,RS12,RS11,RS12,RS11,RS12,503,1712,200,200,2,2,2,4,2,1,5,2,2,2,2,2,2,2,4,2,2,1,1,2,2,2,2,2,2,2,3,3,3,2,3,3,2,2,5,1,1,1,5,30,3,5,9,0,99,231,463,46962,832017,500000,145,6,12,846,946,3,3,1080,1080,240,6000,10,3,250,200,150,150,100,,,,,,,10,100,8,1,200,1302,1312,1302,1302
1294,20987000,FreeDiamonds,25,,,,,,,,,,,RS11,RS12,RS11,RS12,RS11,503,1712,200,200,2,2,2,4,2,1,5,2,2,2,2,2,2,2,4,2,2,1,1,2,2,2,2,2,2,2,3,3,3,2,3,3,2,2,5,1,1,1,5,30,3,5,9,0,100,231,463,46962,832017,500000,145,6,12,846,946,3,3,1080,1080,240,6000,10,3,250,200,150,150,100,,,,,,,10,100,8,1,200,1303,1313,1303,1303
1295,21007000,FreeDiamonds,25,,,,,,,,,,,RS12,RS11,RS12,RS11,RS12,503,1712,200,200,2,2,2,4,2,1,5,2,2,2,2,2,2,2,4,2,2,1,1,2,2,2,2,2,2,2,3,3,3,2,3,3,2,2,5,1,1,1,5,30,3,5,9,0,100,231,463,46962,832017,500000,145,6,12,846,946,3,3,1080,1080,240,6000,10,3,250,200,150,150,100,,,,,,,10,100,8,1,200,1304,1314,1304,1304
1296,21027000,FreeDiamonds,25,,,,,,,,,,,RS11,RS12,RS11,RS12,RS11,503,1712,200,200,2,2,2,4,2,1,5,2,2,2,2,2,2,2,4,2,2,1,1,2,2,2,2,2,2,2,3,3,3,2,3,3,2,2,5,1,1,1,5,30,3,5,9,0,100,231,463,46962,832017,500000,145,6,12,846,946,3,3,1080,1080,240,6000,10,3,250,200,150,150,100,,,,,,,10,100,8,1,200,1305,1315,1305,1305
1297,21047000,FreeDiamonds,25,,,,,,,,,,,RS12,RS11,RS12,RS11,RS12,503,1712,200,200,2,2,2,4,2,1,5,2,2,2,2,2,2,2,4,2,2,1,1,2,2,2,2,2,2,2,3,3,3,2,3,3,2,2,5,1,1,1,5,30,3,5,9,0,100,231,463,46962,832017,500000,145,6,12,846,946,3,3,1080,1080,240,6000,10,3,250,200,150,150,100,,,,,,,10,100,8,1,200,1306,1316,1306,1306
1298,21067000,FreeDiamonds,25,,,,,,,,,,,RS11,RS12,RS11,RS12,RS11,503,1712,200,200,2,2,2,4,2,1,5,2,2,2,2,2,2,2,4,2,2,1,1,2,2,2,2,2,2,2,3,3,3,2,3,3,2,2,5,1,1,1,5,30,3,5,9,0,100,231,463,46962,832017,500000,145,6,12,846,946,3,3,1080,1080,240,6000,10,3,250,200,150,150,100,,,,,,,10,100,8,1,200,1307,1317,1307,1307
1299,21087000,FreeDiamonds,25,,,,,,,,,,,RS12,RS11,RS12,RS11,RS12,503,1712,200,200,2,2,2,4,2,1,5,2,2,2,2,2,2,2,4,2,2,1,1,2,2,2,2,2,2,2,3,3,3,2,3,3,2,2,5,1,1,1,5,30,3,5,9,0,100,231,463,46962,832017,500000,145,6,12,846,946,3,3,1080,1080,240,6000,10,3,250,200,150,150,100,,,,,,,10,100,8,1,200,1308,1318,1308,1308
1300,21107000,FreeDiamonds,525,,,,,,,,,,,RS11,RS12,RS11,RS12,RS11,503,1712,200,200,2,2,2,4,2,1,5,2,2,2,2,2,2,2,4,2,2,1,1,2,2,2,2,2,2,2,3,3,3,2,3,3,2,2,5,1,1,1,5,30,3,5,9,0,100,231,463,46962,832017,500000,145,6,12,846,946,3,3,1080,1080,240,6000,10,3,250,200,150,150,100,,,,,,,10,100,8,1,200,1309,1319,1309,1309
1301,21127000,FreeDiamonds,25,,,,,,,,,,,RS12,RS11,RS12,RS11,RS12,504,1712,200,200,2,2,2,4,2,1,5,2,2,2,2,2,2,2,4,2,2,1,1,2,2,2,2,2,2,2,3,3,3,2,3,3,2,2,5,1,1,1,5,30,3,5,9,0,98,231,463,46962,832017,500000,145,6,12,846,946,3,3,1080,1080,240,6000,10,3,250,200,150,150,100,,,,,,,10,100,8,1,200,1310,1320,1310,1310
1302,21147000,FreeDiamonds,25,,,,,,,,,,,RS11,RS12,RS11,RS12,RS11,504,1712,200,200,2,2,2,4,2,1,5,2,2,2,2,2,2,2,4,2,2,1,1,2,2,2,2,2,2,2,3,3,3,2,3,3,2,2,5,1,1,1,5,30,3,5,9,0,98,231,463,46962,832017,500000,145,6,12,846,946,3,3,1080,1080,240,6000,10,3,250,200,150,150,100,,,,,,,10,100,8,1,200,1311,1321,1311,1311
1303,21167000,FreeDiamonds,25,,,,,,,,,,,RS12,RS11,RS12,RS11,RS12,504,1712,200,200,2,2,2,4,2,1,5,2,2,2,2,2,2,2,4,2,2,1,1,2,2,2,2,2,2,2,3,3,3,2,3,3,2,2,5,1,1,1,5,30,3,5,9,0,98,231,463,46962,832017,500000,145,6,12,846,946,3,3,1080,1080,240,6000,10,3,250,200,150,150,100,,,,,,,10,100,8,1,200,1312,1322,1312,1312
1304,21187000,FreeDiamonds,25,,,,,,,,,,,RS11,RS12,RS11,RS12,RS11,504,1712,200,200,2,2,2,4,2,1,5,2,2,2,2,2,2,2,4,2,2,1,1,2,2,2,2,2,2,2,3,3,3,2,3,3,2,2,5,1,1,1,5,30,3,5,9,0,98,231,463,46962,832017,500000,145,6,12,846,946,3,3,1080,1080,240,6000,10,3,250,200,150,150,100,,,,,,,10,100,8,1,200,1313,1323,1313,1313
1305,21207000,FreeDiamonds,25,,,,,,,,,,,RS12,RS11,RS12,RS11,RS12,504,1712,200,200,2,2,2,4,2,1,5,2,2,2,2,2,2,2,4,2,2,1,1,2,2,2,2,2,2,2,3,3,3,2,3,3,2,2,5,1,1,1,5,30,3,5,9,0,98,231,463,46962,832017,500000,145,6,12,846,946,3,3,1080,1080,240,6000,10,3,250,200,150,150,100,,,,,,,10,100,8,1,200,1314,1324,1314,1314
1306,21227000,FreeDiamonds,25,,,,,,,,,,,RS11,RS12,RS11,RS12,RS11,504,1712,200,200,2,2,2,4,2,1,5,2,2,2,2,2,2,2,4,2,2,1,1,2,2,2,2,2,2,2,3,3,3,2,3,3,2,2,5,1,1,1,5,30,3,5,9,0,98,231,463,46962,832017,500000,145,6,12,846,946,3,3,1080,1080,240,6000,10,3,250,200,150,150,100,,,,,,,10,100,8,1,200,1315,1325,1315,1315
1307,21247000,FreeDiamonds,25,,,,,,,,,,,RS12,RS11,RS12,RS11,RS12,504,1712,200,200,2,2,2,4,2,1,5,2,2,2,2,2,2,2,4,2,2,1,1,2,2,2,2,2,2,2,3,3,3,2,3,3,2,2,5,1,1,1,5,30,3,5,9,0,98,231,463,46962,832017,500000,145,6,12,846,946,3,3,1080,1080,240,6000,10,3,250,200,150,150,100,,,,,,,10,100,8,1,200,1316,1326,1316,1316
1308,21267000,FreeDiamonds,25,,,,,,,,,,,RS11,RS12,RS11,RS12,RS11,504,1712,200,200,2,2,2,4,2,1,5,2,2,2,2,2,2,2,4,2,2,1,1,2,2,2,2,2,2,2,3,3,3,2,3,3,2,2,5,1,1,1,5,30,3,5,9,0,98,231,463,46962,832017,500000,145,6,12,846,946,3,3,1080,1080,240,6000,10,3,250,200,150,150,100,,,,,,,10,100,8,1,200,1317,1327,1317,1317
1309,21287000,FreeDiamonds,25,,,,,,,,,,,RS12,RS11,RS12,RS11,RS12,504,1712,200,200,2,2,2,4,2,1,5,2,2,2,2,2,2,2,4,2,2,1,1,2,2,2,2,2,2,2,3,3,3,2,3,3,2,2,5,1,1,1,5,30,3,5,9,0,98,231,463,46962,832017,500000,145,6,12,846,946,3,3,1080,1080,240,6000,10,3,250,200,150,150,100,,,,,,,10,100,8,1,200,1318,1328,1318,1318
1310,21307000,FreeDiamonds,25,,,,,,,,,,,RS11,RS12,RS11,RS12,RS11,504,1712,200,200,2,2,2,4,2,1,5,2,2,2,2,2,2,2,4,2,2,1,1,2,2,2,2,2,2,2,3,3,3,2,3,3,2,2,5,1,1,1,5,30,3,5,9,0,98,231,463,46962,832017,500000,145,6,12,846,946,3,3,1080,1080,240,6000,10,3,250,200,150,150,100,,,,,,,10,100,8,1,200,1319,1329,1319,1319
1311,21327000,FreeDiamonds,25,,,,,,,,,,,RS12,RS11,RS12,RS11,RS12,505,1712,200,200,2,2,2,4,2,1,5,2,2,2,2,2,2,2,4,2,2,1,1,2,2,2,2,2,2,2,3,3,3,2,3,3,2,2,5,1,1,1,5,30,3,5,9,0,99,231,463,46962,832017,500000,145,6,12,846,946,3,3,1080,1080,240,6000,10,3,250,200,150,150,100,,,,,,,10,100,8,1,200,1320,1330,1320,1320
1312,21347000,FreeDiamonds,25,,,,,,,,,,,RS11,RS12,RS11,RS12,RS11,505,1712,200,200,2,2,2,4,2,1,5,2,2,2,2,2,2,2,4,2,2,1,1,2,2,2,2,2,2,2,3,3,3,2,3,3,2,2,5,1,1,1,5,30,3,5,9,0,99,231,463,46962,832017,500000,145,6,12,846,946,3,3,1080,1080,240,6000,10,3,250,200,150,150,100,,,,,,,10,100,8,1,200,1321,1331,1321,1321
1313,21367000,FreeDiamonds,25,,,,,,,,,,,RS12,RS11,RS12,RS11,RS12,505,1712,200,200,2,2,2,4,2,1,5,2,2,2,2,2,2,2,4,2,2,1,1,2,2,2,2,2,2,2,3,3,3,2,3,3,2,2,5,1,1,1,5,30,3,5,9,0,99,231,463,46962,832017,500000,145,6,12,846,946,3,3,1080,1080,240,6000,10,3,250,200,150,150,100,,,,,,,10,100,8,1,200,1322,1332,1322,1322
1314,21387000,FreeDiamonds,25,,,,,,,,,,,RS11,RS12,RS11,RS12,RS11,505,1712,200,200,2,2,2,4,2,1,5,2,2,2,2,2,2,2,4,2,2,1,1,2,2,2,2,2,2,2,3,3,3,2,3,3,2,2,5,1,1,1,5,30,3,5,9,0,99,231,463,46962,832017,500000,145,6,12,846,946,3,3,1080,1080,240,6000,10,3,250,200,150,150,100,,,,,,,10,100,8,1,200,1323,1333,1323,1323
1315,21407000,FreeDiamonds,25,,,,,,,,,,,RS12,RS11,RS12,RS11,RS12,505,1712,200,200,2,2,2,4,2,1,5,2,2,2,2,2,2,2,4,2,2,1,1,2,2,2,2,2,2,2,3,3,3,2,3,3,2,2,5,1,1,1,5,30,3,5,9,0,99,231,463,46962,832017,500000,145,6,12,846,946,3,3,1080,1080,240,6000,10,3,250,200,150,150,100,,,,,,,10,100,8,1,200,1324,1334,1324,1324
1316,21427000,FreeDiamonds,25,,,,,,,,,,,RS11,RS12,RS11,RS12,RS11,505,1712,200,200,2,2,2,4,2,1,5,2,2,2,2,2,2,2,4,2,2,1,1,2,2,2,2,2,2,2,3,3,3,2,3,3,2,2,5,1,1,1,5,30,3,5,9,0,99,231,463,46962,832017,500000,145,6,12,846,946,3,3,1080,1080,240,6000,10,3,250,200,150,150,100,,,,,,,10,100,8,1,200,1325,1335,1325,1325
1317,21447000,FreeDiamonds,25,,,,,,,,,,,RS12,RS11,RS12,RS11,RS12,505,1712,200,200,2,2,2,4,2,1,5,2,2,2,2,2,2,2,4,2,2,1,1,2,2,2,2,2,2,2,3,3,3,2,3,3,2,2,5,1,1,1,5,30,3,5,9,0,99,231,463,46962,832017,500000,145,6,12,846,946,3,3,1080,1080,240,6000,10,3,250,200,150,150,100,,,,,,,10,100,8,1,200,1326,1336,1326,1326
1318,21467000,FreeDiamonds,25,,,,,,,,,,,RS11,RS12,RS11,RS12,RS11,505,1712,200,200,2,2,2,4,2,1,5,2,2,2,2,2,2,2,4,2,2,1,1,2,2,2,2,2,2,2,3,3,3,2,3,3,2,2,5,1,1,1,5,30,3,5,9,0,99,231,463,46962,832017,500000,145,6,12,846,946,3,3,1080,1080,240,6000,10,3,250,200,150,150,100,,,,,,,10,100,8,1,200,1327,1337,1327,1327
1319,21487000,FreeDiamonds,25,,,,,,,,,,,RS12,RS11,RS12,RS11,RS12,505,1712,200,200,2,2,2,4,2,1,5,2,2,2,2,2,2,2,4,2,2,1,1,2,2,2,2,2,2,2,3,3,3,2,3,3,2,2,5,1,1,1,5,30,3,5,9,0,99,231,463,46962,832017,500000,145,6,12,846,946,3,3,1080,1080,240,6000,10,3,250,200,150,150,100,,,,,,,10,100,8,1,200,1328,1338,1328,1328
1320,21507000,FreeDiamonds,25,,,,,,,,,,,RS11,RS12,RS11,RS12,RS11,505,1712,200,200,2,2,2,4,2,1,5,2,2,2,2,2,2,2,4,2,2,1,1,2,2,2,2,2,2,2,3,3,3,2,3,3,2,2,5,1,1,1,5,30,3,5,9,0,99,231,463,46962,832017,500000,145,6,12,846,946,3,3,1080,1080,240,6000,10,3,250,200,150,150,100,,,,,,,10,100,8,1,200,1329,1339,1329,1329
1321,21527000,FreeDiamonds,25,,,,,,,,,,,RS12,RS11,RS12,RS11,RS12,506,1712,200,200,2,2,2,4,2,1,5,2,2,2,2,2,2,2,4,2,2,1,1,2,2,2,2,2,2,2,3,3,3,2,3,3,2,2,5,1,1,1,5,30,3,5,9,0,99,231,463,46962,832017,500000,145,6,12,846,946,3,3,1080,1080,240,6000,10,3,250,200,150,150,100,,,,,,,10,100,8,1,200,1330,1340,1330,1330
1322,21547000,FreeDiamonds,25,,,,,,,,,,,RS11,RS12,RS11,RS12,RS11,506,1712,200,200,2,2,2,4,2,1,5,2,2,2,2,2,2,2,4,2,2,1,1,2,2,2,2,2,2,2,3,3,3,2,3,3,2,2,5,1,1,1,5,30,3,5,9,0,99,231,463,46962,832017,500000,145,6,12,846,946,3,3,1080,1080,240,6000,10,3,250,200,150,150,100,,,,,,,10,100,8,1,200,1331,1341,1331,1331
1323,21567000,FreeDiamonds,25,,,,,,,,,,,RS12,RS11,RS12,RS11,RS12,506,1712,200,200,2,2,2,4,2,1,5,2,2,2,2,2,2,2,4,2,2,1,1,2,2,2,2,2,2,2,3,3,3,2,3,3,2,2,5,1,1,1,5,30,3,5,9,0,99,231,463,46962,832017,500000,145,6,12,846,946,3,3,1080,1080,240,6000,10,3,250,200,150,150,100,,,,,,,10,100,8,1,200,1332,1342,1332,1332
1324,21587000,FreeDiamonds,25,,,,,,,,,,,RS11,RS12,RS11,RS12,RS11,506,1712,200,200,2,2,2,4,2,1,5,2,2,2,2,2,2,2,4,2,2,1,1,2,2,2,2,2,2,2,3,3,3,2,3,3,2,2,5,1,1,1,5,30,3,5,9,0,99,231,463,46962,832017,500000,145,6,12,846,946,3,3,1080,1080,240,6000,10,3,250,200,150,150,100,,,,,,,10,100,8,1,200,1333,1343,1333,1333
1325,21607000,FreeDiamonds,25,,,,,,,,,,,RS12,RS11,RS12,RS11,RS12,506,1712,200,200,2,2,2,4,2,1,5,2,2,2,2,2,2,2,4,2,2,1,1,2,2,2,2,2,2,2,3,3,3,2,3,3,2,2,5,1,1,1,5,30,3,5,9,0,99,231,463,46962,832017,500000,145,6,12,846,946,3,3,1080,1080,240,6000,10,3,250,200,150,150,100,,,,,,,10,100,8,1,200,1334,1344,1334,1334
1326,21627000,FreeDiamonds,25,,,,,,,,,,,RS11,RS12,RS11,RS12,RS11,506,1712,200,200,2,2,2,4,2,1,5,2,2,2,2,2,2,2,4,2,2,1,1,2,2,2,2,2,2,2,3,3,3,2,3,3,2,2,5,1,1,1,5,30,3,5,9,0,99,231,463,46962,832017,500000,145,6,12,846,946,3,3,1080,1080,240,6000,10,3,250,200,150,150,100,,,,,,,10,100,8,1,200,1335,1345,1335,1335
1327,21647000,FreeDiamonds,25,,,,,,,,,,,RS12,RS11,RS12,RS11,RS12,506,1712,200,200,2,2,2,4,2,1,5,2,2,2,2,2,2,2,4,2,2,1,1,2,2,2,2,2,2,2,3,3,3,2,3,3,2,2,5,1,1,1,5,30,3,5,9,0,99,231,463,46962,832017,500000,145,6,12,846,946,3,3,1080,1080,240,6000,10,3,250,200,150,150,100,,,,,,,10,100,8,1,200,1336,1346,1336,1336
1328,21667000,FreeDiamonds,25,,,,,,,,,,,RS11,RS12,RS11,RS12,RS11,506,1712,200,200,2,2,2,4,2,1,5,2,2,2,2,2,2,2,4,2,2,1,1,2,2,2,2,2,2,2,3,3,3,2,3,3,2,2,5,1,1,1,5,30,3,5,9,0,99,231,463,46962,832017,500000,145,6,12,846,946,3,3,1080,1080,240,6000,10,3,250,200,150,150,100,,,,,,,10,100,8,1,200,1337,1347,1337,1337
1329,21687000,FreeDiamonds,25,,,,,,,,,,,RS12,RS11,RS12,RS11,RS12,506,1712,200,200,2,2,2,4,2,1,5,2,2,2,2,2,2,2,4,2,2,1,1,2,2,2,2,2,2,2,3,3,3,2,3,3,2,2,5,1,1,1,5,30,3,5,9,0,99,231,463,46962,832017,500000,145,6,12,846,946,3,3,1080,1080,240,6000,10,3,250,200,150,150,100,,,,,,,10,100,8,1,200,1338,1348,1338,1338
1330,21707000,FreeDiamonds,25,,,,,,,,,,,RS11,RS12,RS11,RS12,RS11,506,1712,200,200,2,2,2,4,2,1,5,2,2,2,2,2,2,2,4,2,2,1,1,2,2,2,2,2,2,2,3,3,3,2,3,3,2,2,5,1,1,1,5,30,3,5,9,0,99,231,463,46962,832017,500000,145,6,12,846,946,3,3,1080,1080,240,6000,10,3,250,200,150,150,100,,,,,,,10,100,8,1,200,1339,1349,1339,1339
1331,21727000,FreeDiamonds,25,,,,,,,,,,,RS12,RS11,RS12,RS11,RS12,507,1712,200,200,2,2,2,4,2,1,5,2,2,2,2,2,2,2,4,2,2,1,1,2,2,2,2,2,2,2,3,3,3,2,3,3,2,2,5,1,1,1,5,30,3,5,9,0,99,231,463,46962,832017,500000,145,6,12,846,946,3,3,1080,1080,240,6000,10,3,250,200,150,150,100,,,,,,,10,100,8,1,200,1340,1350,1340,1340
1332,21747000,FreeDiamonds,25,,,,,,,,,,,RS11,RS12,RS11,RS12,RS11,507,1712,200,200,2,2,2,4,2,1,5,2,2,2,2,2,2,2,4,2,2,1,1,2,2,2,2,2,2,2,3,3,3,2,3,3,2,2,5,1,1,1,5,30,3,5,9,0,99,231,463,46962,832017,500000,145,6,12,846,946,3,3,1080,1080,240,6000,10,3,250,200,150,150,100,,,,,,,10,100,8,1,200,1341,1351,1341,1341
1333,21767000,FreeDiamonds,25,,,,,,,,,,,RS12,RS11,RS12,RS11,RS12,507,1712,200,200,2,2,2,4,2,1,5,2,2,2,2,2,2,2,4,2,2,1,1,2,2,2,2,2,2,2,3,3,3,2,3,3,2,2,5,1,1,1,5,30,3,5,9,0,99,231,463,46962,832017,500000,145,6,12,846,946,3,3,1080,1080,240,6000,10,3,250,200,150,150,100,,,,,,,10,100,8,1,200,1342,1352,1342,1342
1334,21787000,FreeDiamonds,25,,,,,,,,,,,RS11,RS12,RS11,RS12,RS11,507,1712,200,200,2,2,2,4,2,1,5,2,2,2,2,2,2,2,4,2,2,1,1,2,2,2,2,2,2,2,3,3,3,2,3,3,2,2,5,1,1,1,5,30,3,5,9,0,99,231,463,46962,832017,500000,145,6,12,846,946,3,3,1080,1080,240,6000,10,3,250,200,150,150,100,,,,,,,10,100,8,1,200,1343,1353,1343,1343
1335,21807000,FreeDiamonds,25,,,,,,,,,,,RS12,RS11,RS12,RS11,RS12,507,1712,200,200,2,2,2,4,2,1,5,2,2,2,2,2,2,2,4,2,2,1,1,2,2,2,2,2,2,2,3,3,3,2,3,3,2,2,5,1,1,1,5,30,3,5,9,0,99,231,463,46962,832017,500000,145,6,12,846,946,3,3,1080,1080,240,6000,10,3,250,200,150,150,100,,,,,,,10,100,8,1,200,1344,1354,1344,1344
1336,21827000,FreeDiamonds,25,,,,,,,,,,,RS11,RS12,RS11,RS12,RS11,507,1712,200,200,2,2,2,4,2,1,5,2,2,2,2,2,2,2,4,2,2,1,1,2,2,2,2,2,2,2,3,3,3,2,3,3,2,2,5,1,1,1,5,30,3,5,9,0,99,231,463,46962,832017,500000,145,6,12,846,946,3,3,1080,1080,240,6000,10,3,250,200,150,150,100,,,,,,,10,100,8,1,200,1345,1355,1345,1345
1337,21847000,FreeDiamonds,25,,,,,,,,,,,RS12,RS11,RS12,RS11,RS12,507,1712,200,200,2,2,2,4,2,1,5,2,2,2,2,2,2,2,4,2,2,1,1,2,2,2,2,2,2,2,3,3,3,2,3,3,2,2,5,1,1,1,5,30,3,5,9,0,100,231,463,46962,832017,500000,145,6,12,846,946,3,3,1080,1080,240,6000,10,3,250,200,150,150,100,,,,,,,10,100,8,1,200,1346,1356,1346,1346
1338,21867000,FreeDiamonds,25,,,,,,,,,,,RS11,RS12,RS11,RS12,RS11,507,1712,200,200,2,2,2,4,2,1,5,2,2,2,2,2,2,2,4,2,2,1,1,2,2,2,2,2,2,2,3,3,3,2,3,3,2,2,5,1,1,1,5,30,3,5,9,0,100,231,463,46962,832017,500000,145,6,12,846,946,3,3,1080,1080,240,6000,10,3,250,200,150,150,100,,,,,,,10,100,8,1,200,1347,1357,1347,1347
1339,21887000,FreeDiamonds,25,,,,,,,,,,,RS12,RS11,RS12,RS11,RS12,507,1712,200,200,2,2,2,4,2,1,5,2,2,2,2,2,2,2,4,2,2,1,1,2,2,2,2,2,2,2,3,3,3,2,3,3,2,2,5,1,1,1,5,30,3,5,9,0,100,231,463,46962,832017,500000,145,6,12,846,946,3,3,1080,1080,240,6000,10,3,250,200,150,150,100,,,,,,,10,100,8,1,200,1348,1358,1348,1348
1340,21907000,FreeDiamonds,25,,,,,,,,,,,RS11,RS12,RS11,RS12,RS11,507,1712,200,200,2,2,2,4,2,1,5,2,2,2,2,2,2,2,4,2,2,1,1,2,2,2,2,2,2,2,3,3,3,2,3,3,2,2,5,1,1,1,5,30,3,5,9,0,100,231,463,46962,832017,500000,145,6,12,846,946,3,3,1080,1080,240,6000,10,3,250,200,150,150,100,,,,,,,10,100,8,1,200,1349,1359,1349,1349
1341,21927000,FreeDiamonds,25,,,,,,,,,,,RS12,RS11,RS12,RS11,RS12,508,1712,200,200,2,2,2,4,2,1,5,2,2,2,2,2,2,2,4,2,2,1,1,2,2,2,2,2,2,2,3,3,3,2,3,3,2,2,5,1,1,1,5,30,3,5,9,0,100,231,463,46962,832017,500000,145,6,12,846,946,3,3,1080,1080,240,6000,10,3,250,200,150,150,100,,,,,,,10,100,8,1,200,1350,1360,1350,1350
1342,21947000,FreeDiamonds,25,,,,,,,,,,,RS11,RS12,RS11,RS12,RS11,508,1712,200,200,2,2,2,4,2,1,5,2,2,2,2,2,2,2,4,2,2,1,1,2,2,2,2,2,2,2,3,3,3,2,3,3,2,2,5,1,1,1,5,30,3,5,9,0,100,231,463,46962,832017,500000,145,6,12,846,946,3,3,1080,1080,240,6000,10,3,250,200,150,150,100,,,,,,,10,100,8,1,200,1351,1361,1351,1351
1343,21967000,FreeDiamonds,25,,,,,,,,,,,RS12,RS11,RS12,RS11,RS12,508,1712,200,200,2,2,2,4,2,1,5,2,2,2,2,2,2,2,4,2,2,1,1,2,2,2,2,2,2,2,3,3,3,2,3,3,2,2,5,1,1,1,5,30,3,5,9,0,98,231,463,46962,832017,500000,145,6,12,846,946,3,3,1080,1080,240,6000,10,3,250,200,150,150,100,,,,,,,10,100,8,1,200,1352,1362,1352,1352
1344,21987000,FreeDiamonds,25,,,,,,,,,,,RS11,RS12,RS11,RS12,RS11,508,1712,200,200,2,2,2,4,2,1,5,2,2,2,2,2,2,2,4,2,2,1,1,2,2,2,2,2,2,2,3,3,3,2,3,3,2,2,5,1,1,1,5,30,3,5,9,0,98,231,463,46962,832017,500000,145,6,12,846,946,3,3,1080,1080,240,6000,10,3,250,200,150,150,100,,,,,,,10,100,8,1,200,1353,1363,1353,1353
1345,22007000,FreeDiamonds,25,,,,,,,,,,,RS12,RS11,RS12,RS11,RS12,508,1712,200,200,2,2,2,4,2,1,5,2,2,2,2,2,2,2,4,2,2,1,1,2,2,2,2,2,2,2,3,3,3,2,3,3,2,2,5,1,1,1,5,30,3,5,9,0,98,231,463,46962,832017,500000,145,6,12,846,946,3,3,1080,1080,240,6000,10,3,250,200,150,150,100,,,,,,,10,100,8,1,200,1354,1364,1354,1354
1346,22027000,FreeDiamonds,25,,,,,,,,,,,RS11,RS12,RS11,RS12,RS11,508,1712,200,200,2,2,2,4,2,1,5,2,2,2,2,2,2,2,4,2,2,1,1,2,2,2,2,2,2,2,3,3,3,2,3,3,2,2,5,1,1,1,5,30,3,5,9,0,98,231,463,46962,832017,500000,145,6,12,846,946,3,3,1080,1080,240,6000,10,3,250,200,150,150,100,,,,,,,10,100,8,1,200,1355,1365,1355,1355
1347,22047000,FreeDiamonds,25,,,,,,,,,,,RS12,RS11,RS12,RS11,RS12,508,1712,200,200,2,2,2,4,2,1,5,2,2,2,2,2,2,2,4,2,2,1,1,2,2,2,2,2,2,2,3,3,3,2,3,3,2,2,5,1,1,1,5,30,3,5,9,0,98,231,463,46962,832017,500000,145,6,12,846,946,3,3,1080,1080,240,6000,10,3,250,200,150,150,100,,,,,,,10,100,8,1,200,1356,1366,1356,1356
1348,22067000,FreeDiamonds,25,,,,,,,,,,,RS11,RS12,RS11,RS12,RS11,508,1712,200,200,2,2,2,4,2,1,5,2,2,2,2,2,2,2,4,2,2,1,1,2,2,2,2,2,2,2,3,3,3,2,3,3,2,2,5,1,1,1,5,30,3,5,9,0,98,231,463,46962,832017,500000,145,6,12,846,946,3,3,1080,1080,240,6000,10,3,250,200,150,150,100,,,,,,,10,100,8,1,200,1357,1367,1357,1357
1349,22087000,FreeDiamonds,25,,,,,,,,,,,RS12,RS11,RS12,RS11,RS12,508,1712,200,200,2,2,2,4,2,1,5,2,2,2,2,2,2,2,4,2,2,1,1,2,2,2,2,2,2,2,3,3,3,2,3,3,2,2,5,1,1,1,5,30,3,5,9,0,98,231,463,46962,832017,500000,145,6,12,846,946,3,3,1080,1080,240,6000,10,3,250,200,150,150,100,,,,,,,10,100,8,1,200,1358,1368,1358,1358
1350,22107000,FreeDiamonds,50,,,,,,,,,,,RS11,RS12,RS11,RS12,RS11,508,1712,200,200,2,2,2,4,2,1,5,2,2,2,2,2,2,2,4,2,2,1,1,2,2,2,2,2,2,2,3,3,3,2,3,3,2,2,5,1,1,1,5,30,3,5,9,0,98,231,463,46962,832017,500000,145,6,12,846,946,3,3,1080,1080,240,6000,10,3,250,200,150,150,100,,,,,,,10,100,8,1,200,1359,1369,1359,1359
1351,22127000,FreeDiamonds,25,,,,,,,,,,,RS12,RS11,RS12,RS11,RS12,509,1712,200,200,2,2,2,4,2,1,5,2,2,2,2,2,2,2,4,2,2,1,1,2,2,2,2,2,2,2,3,3,3,2,3,3,2,2,5,1,1,1,5,30,3,5,9,0,98,231,463,46962,832017,500000,145,6,12,846,946,3,3,1080,1080,240,6000,10,3,250,200,150,150,100,,,,,,,10,100,8,1,200,1360,1370,1360,1360
1352,22147000,FreeDiamonds,25,,,,,,,,,,,RS11,RS12,RS11,RS12,RS11,509,1712,200,200,2,2,2,4,2,1,5,2,2,2,2,2,2,2,4,2,2,1,1,2,2,2,2,2,2,2,3,3,3,2,3,3,2,2,5,1,1,1,5,30,3,5,9,0,98,231,463,46962,832017,500000,145,6,12,846,946,3,3,1080,1080,240,6000,10,3,250,200,150,150,100,,,,,,,10,100,8,1,200,1361,1371,1361,1361
1353,22167000,FreeDiamonds,25,,,,,,,,,,,RS12,RS11,RS12,RS11,RS12,509,1712,200,200,2,2,2,4,2,1,5,2,2,2,2,2,2,2,4,2,2,1,1,2,2,2,2,2,2,2,3,3,3,2,3,3,2,2,5,1,1,1,5,30,3,5,9,0,98,231,463,46962,832017,500000,145,6,12,846,946,3,3,1080,1080,240,6000,10,3,250,200,150,150,100,,,,,,,10,100,8,1,200,1362,1372,1362,1362
1354,22187000,FreeDiamonds,25,,,,,,,,,,,RS11,RS12,RS11,RS12,RS11,509,1712,200,200,2,2,2,4,2,1,5,2,2,2,2,2,2,2,4,2,2,1,1,2,2,2,2,2,2,2,3,3,3,2,3,3,2,2,5,1,1,1,5,30,3,5,9,0,98,231,463,46962,832017,500000,145,6,12,846,946,3,3,1080,1080,240,6000,10,3,250,200,150,150,100,,,,,,,10,100,8,1,200,1363,1373,1363,1363
1355,22207000,FreeDiamonds,25,,,,,,,,,,,RS12,RS11,RS12,RS11,RS12,509,1712,200,200,2,2,2,4,2,1,5,2,2,2,2,2,2,2,4,2,2,1,1,2,2,2,2,2,2,2,3,3,3,2,3,3,2,2,5,1,1,1,5,30,3,5,9,0,98,231,463,46962,832017,500000,145,6,12,846,946,3,3,1080,1080,240,6000,10,3,250,200,150,150,100,,,,,,,10,100,8,1,200,1364,1374,1364,1364
1356,22227000,FreeDiamonds,25,,,,,,,,,,,RS11,RS12,RS11,RS12,RS11,509,1712,200,200,2,2,2,4,2,1,5,2,2,2,2,2,2,2,4,2,2,1,1,2,2,2,2,2,2,2,3,3,3,2,3,3,2,2,5,1,1,1,5,30,3,5,9,0,98,231,463,46962,832017,500000,145,6,12,846,946,3,3,1080,1080,240,6000,10,3,250,200,150,150,100,,,,,,,10,100,8,1,200,1365,1375,1365,1365
1357,22247000,FreeDiamonds,25,,,,,,,,,,,RS12,RS11,RS12,RS11,RS12,509,1712,200,200,2,2,2,4,2,1,5,2,2,2,2,2,2,2,4,2,2,1,1,2,2,2,2,2,2,2,3,3,3,2,3,3,2,2,5,1,1,1,5,30,3,5,9,0,98,231,463,46962,832017,500000,145,6,12,846,946,3,3,1080,1080,240,6000,10,3,250,200,150,150,100,,,,,,,10,100,8,1,200,1366,1376,1366,1366
1358,22267000,FreeDiamonds,25,,,,,,,,,,,RS11,RS12,RS11,RS12,RS11,509,1712,200,200,2,2,2,4,2,1,5,2,2,2,2,2,2,2,4,2,2,1,1,2,2,2,2,2,2,2,3,3,3,2,3,3,2,2,5,1,1,1,5,30,3,5,9,0,98,231,463,46962,832017,500000,145,6,12,846,946,3,3,1080,1080,240,6000,10,3,250,200,150,150,100,,,,,,,10,100,8,1,200,1367,1377,1367,1367
1359,22287000,FreeDiamonds,25,,,,,,,,,,,RS12,RS11,RS12,RS11,RS12,509,1712,200,200,2,2,2,4,2,1,5,2,2,2,2,2,2,2,4,2,2,1,1,2,2,2,2,2,2,2,3,3,3,2,3,3,2,2,5,1,1,1,5,30,3,5,9,0,98,231,463,46962,832017,500000,145,6,12,846,946,3,3,1080,1080,240,6000,10,3,250,200,150,150,100,,,,,,,10,100,8,1,200,1368,1378,1368,1368
1360,22307000,FreeDiamonds,25,,,,,,,,,,,RS11,RS12,RS11,RS12,RS11,509,1712,200,200,2,2,2,4,2,1,5,2,2,2,2,2,2,2,4,2,2,1,1,2,2,2,2,2,2,2,3,3,3,2,3,3,2,2,5,1,1,1,5,30,3,5,9,0,98,231,463,46962,832017,500000,145,6,12,846,946,3,3,1080,1080,240,6000,10,3,250,200,150,150,100,,,,,,,10,100,8,1,200,1369,1379,1369,1369
1361,22327000,FreeDiamonds,25,,,,,,,,,,,RS12,RS11,RS12,RS11,RS12,510,1712,200,200,2,2,2,4,2,1,5,2,2,2,2,2,2,2,4,2,2,1,1,2,2,2,2,2,2,2,3,3,3,2,3,3,2,2,5,1,1,1,5,30,3,5,9,0,98,231,463,46962,832017,500000,145,6,12,846,946,3,3,1080,1080,240,6000,10,3,250,200,150,150,100,,,,,,,10,100,8,1,200,1370,1380,1370,1370
1362,22347000,FreeDiamonds,25,,,,,,,,,,,RS11,RS12,RS11,RS12,RS11,510,1712,200,200,2,2,2,4,2,1,5,2,2,2,2,2,2,2,4,2,2,1,1,2,2,2,2,2,2,2,3,3,3,2,3,3,2,2,5,1,1,1,5,30,3,5,9,0,98,231,463,46962,832017,500000,145,6,12,846,946,3,3,1080,1080,240,6000,10,3,250,200,150,150,100,,,,,,,10,100,8,1,200,1371,1381,1371,1371
1363,22367000,FreeDiamonds,25,,,,,,,,,,,RS12,RS11,RS12,RS11,RS12,510,1712,200,200,2,2,2,4,2,1,5,2,2,2,2,2,2,2,4,2,2,1,1,2,2,2,2,2,2,2,3,3,3,2,3,3,2,2,5,1,1,1,5,30,3,5,9,0,98,231,463,46962,832017,500000,145,6,12,846,946,3,3,1080,1080,240,6000,10,3,250,200,150,150,100,,,,,,,10,100,8,1,200,1372,1382,1372,1372
1364,22387000,FreeDiamonds,25,,,,,,,,,,,RS11,RS12,RS11,RS12,RS11,510,1712,200,200,2,2,2,4,2,1,5,2,2,2,2,2,2,2,4,2,2,1,1,2,2,2,2,2,2,2,3,3,3,2,3,3,2,2,5,1,1,1,5,30,3,5,9,0,98,231,463,46962,832017,500000,145,6,12,846,946,3,3,1080,1080,240,6000,10,3,250,200,150,150,100,,,,,,,10,100,8,1,200,1373,1383,1373,1373
1365,22407000,FreeDiamonds,25,,,,,,,,,,,RS12,RS11,RS12,RS11,RS12,510,1712,200,200,2,2,2,4,2,1,5,2,2,2,2,2,2,2,4,2,2,1,1,2,2,2,2,2,2,2,3,3,3,2,3,3,2,2,5,1,1,1,5,30,3,5,9,0,98,231,463,46962,832017,500000,145,6,12,846,946,3,3,1080,1080,240,6000,10,3,250,200,150,150,100,,,,,,,10,100,8,1,200,1374,1384,1374,1374
1366,22427000,FreeDiamonds,25,,,,,,,,,,,RS11,RS12,RS11,RS12,RS11,510,1712,200,200,2,2,2,4,2,1,5,2,2,2,2,2,2,2,4,2,2,1,1,2,2,2,2,2,2,2,3,3,3,2,3,3,2,2,5,1,1,1,5,30,3,5,9,0,98,231,463,46962,832017,500000,145,6,12,846,946,3,3,1080,1080,240,6000,10,3,250,200,150,150,100,,,,,,,10,100,8,1,200,1375,1385,1375,1375
1367,22447000,FreeDiamonds,25,,,,,,,,,,,RS12,RS11,RS12,RS11,RS12,510,1712,200,200,2,2,2,4,2,1,5,2,2,2,2,2,2,2,4,2,2,1,1,2,2,2,2,2,2,2,3,3,3,2,3,3,2,2,5,1,1,1,5,30,3,5,9,0,98,231,463,46962,832017,500000,145,6,12,846,946,3,3,1080,1080,240,6000,10,3,250,200,150,150,100,,,,,,,10,100,8,1,200,1376,1386,1376,1376
1368,22467000,FreeDiamonds,25,,,,,,,,,,,RS11,RS12,RS11,RS12,RS11,510,1712,200,200,2,2,2,4,2,1,5,2,2,2,2,2,2,2,4,2,2,1,1,2,2,2,2,2,2,2,3,3,3,2,3,3,2,2,5,1,1,1,5,30,3,5,9,0,99,231,463,46962,832017,500000,145,6,12,846,946,3,3,1080,1080,240,6000,10,3,250,200,150,150,100,,,,,,,10,100,8,1,200,1377,1387,1377,1377
1369,22487000,FreeDiamonds,25,,,,,,,,,,,RS12,RS11,RS12,RS11,RS12,510,1712,200,200,2,2,2,4,2,1,5,2,2,2,2,2,2,2,4,2,2,1,1,2,2,2,2,2,2,2,3,3,3,2,3,3,2,2,5,1,1,1,5,30,3,5,9,0,99,231,463,46962,832017,500000,145,6,12,846,946,3,3,1080,1080,240,6000,10,3,250,200,150,150,100,,,,,,,10,100,8,1,200,1378,1388,1378,1378
1370,22507000,FreeDiamonds,25,,,,,,,,,,,RS11,RS12,RS11,RS12,RS11,510,1712,200,200,2,2,2,4,2,1,5,2,2,2,2,2,2,2,4,2,2,1,1,2,2,2,2,2,2,2,3,3,3,2,3,3,2,2,5,1,1,1,5,30,3,5,9,0,99,231,463,46962,832017,500000,145,6,12,846,946,3,3,1080,1080,240,6000,10,3,250,200,150,150,100,,,,,,,10,100,8,1,200,1379,1389,1379,1379
1371,22527000,FreeDiamonds,25,,,,,,,,,,,RS12,RS11,RS12,RS11,RS12,511,1712,200,200,2,2,2,4,2,1,5,2,2,2,2,2,2,2,4,2,2,1,1,2,2,2,2,2,2,2,3,3,3,2,3,3,2,2,5,1,1,1,5,30,3,5,9,0,99,231,463,46962,832017,500000,145,6,12,846,946,3,3,1080,1080,240,6000,10,3,250,200,150,150,100,,,,,,,10,100,8,1,200,1380,1390,1380,1380
1372,22547000,FreeDiamonds,25,,,,,,,,,,,RS11,RS12,RS11,RS12,RS11,511,1712,200,200,2,2,2,4,2,1,5,2,2,2,2,2,2,2,4,2,2,1,1,2,2,2,2,2,2,2,3,3,3,2,3,3,2,2,5,1,1,1,5,30,3,5,9,0,99,231,463,46962,832017,500000,145,6,12,846,946,3,3,1080,1080,240,6000,10,3,250,200,150,150,100,,,,,,,10,100,8,1,200,1381,1391,1381,1381
1373,22567000,FreeDiamonds,25,,,,,,,,,,,RS12,RS11,RS12,RS11,RS12,511,1712,200,200,2,2,2,4,2,1,5,2,2,2,2,2,2,2,4,2,2,1,1,2,2,2,2,2,2,2,3,3,3,2,3,3,2,2,5,1,1,1,5,30,3,5,9,0,99,231,463,46962,832017,500000,145,6,12,846,946,3,3,1080,1080,240,6000,10,3,250,200,150,150,100,,,,,,,10,100,8,1,200,1382,1392,1382,1382
1374,22587000,FreeDiamonds,25,,,,,,,,,,,RS11,RS12,RS11,RS12,RS11,511,1712,200,200,2,2,2,4,2,1,5,2,2,2,2,2,2,2,4,2,2,1,1,2,2,2,2,2,2,2,3,3,3,2,3,3,2,2,5,1,1,1,5,30,3,5,9,0,99,231,463,46962,832017,500000,145,6,12,846,946,3,3,1080,1080,240,6000,10,3,250,200,150,150,100,,,,,,,10,100,8,1,200,1383,1393,1383,1383
1375,22607000,FreeDiamonds,25,,,,,,,,,,,RS12,RS11,RS12,RS11,RS12,511,1712,200,200,2,2,2,4,2,1,5,2,2,2,2,2,2,2,4,2,2,1,1,2,2,2,2,2,2,2,3,3,3,2,3,3,2,2,5,1,1,1,5,30,3,5,9,0,99,231,463,46962,832017,500000,145,6,12,846,946,3,3,1080,1080,240,6000,10,3,250,200,150,150,100,,,,,,,10,100,8,1,200,1384,1394,1384,1384
1376,22627000,FreeDiamonds,25,,,,,,,,,,,RS11,RS12,RS11,RS12,RS11,511,1712,200,200,2,2,2,4,2,1,5,2,2,2,2,2,2,2,4,2,2,1,1,2,2,2,2,2,2,2,3,3,3,2,3,3,2,2,5,1,1,1,5,30,3,5,9,0,99,231,463,46962,832017,500000,145,6,12,846,946,3,3,1080,1080,240,6000,10,3,250,200,150,150,100,,,,,,,10,100,8,1,200,1385,1395,1385,1385
1377,22647000,FreeDiamonds,25,,,,,,,,,,,RS12,RS11,RS12,RS11,RS12,511,1712,200,200,2,2,2,4,2,1,5,2,2,2,2,2,2,2,4,2,2,1,1,2,2,2,2,2,2,2,3,3,3,2,3,3,2,2,5,1,1,1,5,30,3,5,9,0,99,231,463,46962,832017,500000,145,6,12,846,946,3,3,1080,1080,240,6000,10,3,250,200,150,150,100,,,,,,,10,100,8,1,200,1386,1396,1386,1386
1378,22667000,FreeDiamonds,25,,,,,,,,,,,RS11,RS12,RS11,RS12,RS11,511,1712,200,200,2,2,2,4,2,1,5,2,2,2,2,2,2,2,4,2,2,1,1,2,2,2,2,2,2,2,3,3,3,2,3,3,2,2,5,1,1,1,5,30,3,5,9,0,99,231,463,46962,832017,500000,145,6,12,846,946,3,3,1080,1080,240,6000,10,3,250,200,150,150,100,,,,,,,10,100,8,1,200,1387,1397,1387,1387
1379,22687000,FreeDiamonds,25,,,,,,,,,,,RS12,RS11,RS12,RS11,RS12,511,1712,200,200,2,2,2,4,2,1,5,2,2,2,2,2,2,2,4,2,2,1,1,2,2,2,2,2,2,2,3,3,3,2,3,3,2,2,5,1,1,1,5,30,3,5,9,0,99,231,463,46962,832017,500000,145,6,12,846,946,3,3,1080,1080,240,6000,10,3,250,200,150,150,100,,,,,,,10,100,8,1,200,1388,1398,1388,1388
1380,22707000,FreeDiamonds,25,,,,,,,,,,,RS11,RS12,RS11,RS12,RS11,511,1712,200,200,2,2,2,4,2,1,5,2,2,2,2,2,2,2,4,2,2,1,1,2,2,2,2,2,2,2,3,3,3,2,3,3,2,2,5,1,1,1,5,30,3,5,9,0,99,231,463,46962,832017,500000,145,6,12,846,946,3,3,1080,1080,240,6000,10,3,250,200,150,150,100,,,,,,,10,100,8,1,200,1389,1399,1389,1389
1381,22727000,FreeDiamonds,25,,,,,,,,,,,RS12,RS11,RS12,RS11,RS12,512,1712,200,200,2,2,2,4,2,1,5,2,2,2,2,2,2,2,4,2,2,1,1,2,2,2,2,2,2,2,3,3,3,2,3,3,2,2,5,1,1,1,5,30,3,5,9,0,99,231,463,46962,832017,500000,145,6,12,846,946,3,3,1080,1080,240,6000,10,3,250,200,150,150,100,,,,,,,10,100,8,1,200,1390,1400,1390,1390
1382,22747000,FreeDiamonds,25,,,,,,,,,,,RS11,RS12,RS11,RS12,RS11,512,1712,200,200,2,2,2,4,2,1,5,2,2,2,2,2,2,2,4,2,2,1,1,2,2,2,2,2,2,2,3,3,3,2,3,3,2,2,5,1,1,1,5,30,3,5,9,0,99,231,463,46962,832017,500000,145,6,12,846,946,3,3,1080,1080,240,6000,10,3,250,200,150,150,100,,,,,,,10,100,8,1,200,1391,1401,1391,1391
1383,22767000,FreeDiamonds,25,,,,,,,,,,,RS12,RS11,RS12,RS11,RS12,512,1712,200,200,2,2,2,4,2,1,5,2,2,2,2,2,2,2,4,2,2,1,1,2,2,2,2,2,2,2,3,3,3,2,3,3,2,2,5,1,1,1,5,30,3,5,9,0,99,231,463,46962,832017,500000,145,6,12,846,946,3,3,1080,1080,240,6000,10,3,250,200,150,150,100,,,,,,,10,100,8,1,200,1392,1402,1392,1392
1384,22787000,FreeDiamonds,25,,,,,,,,,,,RS11,RS12,RS11,RS12,RS11,512,1712,200,200,2,2,2,4,2,1,5,2,2,2,2,2,2,2,4,2,2,1,1,2,2,2,2,2,2,2,3,3,3,2,3,3,2,2,5,1,1,1,5,30,3,5,9,0,99,231,463,46962,832017,500000,145,6,12,846,946,3,3,1080,1080,240,6000,10,3,250,200,150,150,100,,,,,,,10,100,8,1,200,1393,1403,1393,1393
1385,22807000,FreeDiamonds,25,,,,,,,,,,,RS12,RS11,RS12,RS11,RS12,512,1712,200,200,2,2,2,4,2,1,5,2,2,2,2,2,2,2,4,2,2,1,1,2,2,2,2,2,2,2,3,3,3,2,3,3,2,2,5,1,1,1,5,30,3,5,9,0,99,231,463,46962,832017,500000,145,6,12,846,946,3,3,1080,1080,240,6000,10,3,250,200,150,150,100,,,,,,,10,100,8,1,200,1394,1404,1394,1394
1386,22827000,FreeDiamonds,25,,,,,,,,,,,RS11,RS12,RS11,RS12,RS11,512,1712,200,200,2,2,2,4,2,1,5,2,2,2,2,2,2,2,4,2,2,1,1,2,2,2,2,2,2,2,3,3,3,2,3,3,2,2,5,1,1,1,5,30,3,5,9,0,99,231,463,46962,832017,500000,145,6,12,846,946,3,3,1080,1080,240,6000,10,3,250,200,150,150,100,,,,,,,10,100,8,1,200,1395,1405,1395,1395
1387,22847000,FreeDiamonds,25,,,,,,,,,,,RS12,RS11,RS12,RS11,RS12,512,1712,200,200,2,2,2,4,2,1,5,2,2,2,2,2,2,2,4,2,2,1,1,2,2,2,2,2,2,2,3,3,3,2,3,3,2,2,5,1,1,1,5,30,3,5,9,0,99,231,463,46962,832017,500000,145,6,12,846,946,3,3,1080,1080,240,6000,10,3,250,200,150,150,100,,,,,,,10,100,8,1,200,1396,1406,1396,1396
1388,22867000,FreeDiamonds,25,,,,,,,,,,,RS11,RS12,RS11,RS12,RS11,512,1712,200,200,2,2,2,4,2,1,5,2,2,2,2,2,2,2,4,2,2,1,1,2,2,2,2,2,2,2,3,3,3,2,3,3,2,2,5,1,1,1,5,30,3,5,9,0,99,231,463,46962,832017,500000,145,6,12,846,946,3,3,1080,1080,240,6000,10,3,250,200,150,150,100,,,,,,,10,100,8,1,200,1397,1407,1397,1397
1389,22887000,FreeDiamonds,25,,,,,,,,,,,RS12,RS11,RS12,RS11,RS12,512,1712,200,200,2,2,2,4,2,1,5,2,2,2,2,2,2,2,4,2,2,1,1,2,2,2,2,2,2,2,3,3,3,2,3,3,2,2,5,1,1,1,5,30,3,5,9,0,99,231,463,46962,832017,500000,145,6,12,846,946,3,3,1080,1080,240,6000,10,3,250,200,150,150,100,,,,,,,10,100,8,1,200,1398,1408,1398,1398
1390,22907000,FreeDiamonds,25,,,,,,,,,,,RS11,RS12,RS11,RS12,RS11,512,1712,200,200,2,2,2,4,2,1,5,2,2,2,2,2,2,2,4,2,2,1,1,2,2,2,2,2,2,2,3,3,3,2,3,3,2,2,5,1,1,1,5,30,3,5,9,0,99,231,463,46962,832017,500000,145,6,12,846,946,3,3,1080,1080,240,6000,10,3,250,200,150,150,100,,,,,,,10,100,8,1,200,1399,1409,1399,1399
1391,22927000,FreeDiamonds,25,,,,,,,,,,,RS12,RS11,RS12,RS11,RS12,513,1712,200,200,2,2,2,4,2,1,5,2,2,2,2,2,2,2,4,2,2,1,1,2,2,2,2,2,2,2,3,3,3,2,3,3,2,2,5,1,1,1,5,30,3,5,9,0,99,231,463,46962,832017,500000,145,6,12,846,946,3,3,1080,1080,240,6000,10,3,250,200,150,150,100,,,,,,,10,100,8,1,200,1400,1410,1400,1400
1392,22947000,FreeDiamonds,25,,,,,,,,,,,RS11,RS12,RS11,RS12,RS11,513,1712,200,200,2,2,2,4,2,1,5,2,2,2,2,2,2,2,4,2,2,1,1,2,2,2,2,2,2,2,3,3,3,2,3,3,2,2,5,1,1,1,5,30,3,5,9,0,99,231,463,46962,832017,500000,145,6,12,846,946,3,3,1080,1080,240,6000,10,3,250,200,150,150,100,,,,,,,10,100,8,1,200,1401,1411,1401,1401
1393,22967000,FreeDiamonds,25,,,,,,,,,,,RS12,RS11,RS12,RS11,RS12,513,1712,200,200,2,2,2,4,2,1,5,2,2,2,2,2,2,2,4,2,2,1,1,2,2,2,2,2,2,2,3,3,3,2,3,3,2,2,5,1,1,1,5,30,3,5,9,0,99,231,463,46962,832017,500000,145,6,12,846,946,3,3,1080,1080,240,6000,10,3,250,200,150,150,100,,,,,,,10,100,8,1,200,1402,1412,1402,1402
1394,22987000,FreeDiamonds,25,,,,,,,,,,,RS11,RS12,RS11,RS12,RS11,513,1712,200,200,2,2,2,4,2,1,5,2,2,2,2,2,2,2,4,2,2,1,1,2,2,2,2,2,2,2,3,3,3,2,3,3,2,2,5,1,1,1,5,30,3,5,9,0,100,231,463,46962,832017,500000,145,6,12,846,946,3,3,1080,1080,240,6000,10,3,250,200,150,150,100,,,,,,,10,100,8,1,200,1403,1413,1403,1403
1395,23007000,FreeDiamonds,25,,,,,,,,,,,RS12,RS11,RS12,RS11,RS12,513,1712,200,200,2,2,2,4,2,1,5,2,2,2,2,2,2,2,4,2,2,1,1,2,2,2,2,2,2,2,3,3,3,2,3,3,2,2,5,1,1,1,5,30,3,5,9,0,100,231,463,46962,832017,500000,145,6,12,846,946,3,3,1080,1080,240,6000,10,3,250,200,150,150,100,,,,,,,10,100,8,1,200,1404,1414,1404,1404
1396,23027000,FreeDiamonds,25,,,,,,,,,,,RS11,RS12,RS11,RS12,RS11,513,1712,200,200,2,2,2,4,2,1,5,2,2,2,2,2,2,2,4,2,2,1,1,2,2,2,2,2,2,2,3,3,3,2,3,3,2,2,5,1,1,1,5,30,3,5,9,0,100,231,463,46962,832017,500000,145,6,12,846,946,3,3,1080,1080,240,6000,10,3,250,200,150,150,100,,,,,,,10,100,8,1,200,1405,1415,1405,1405
1397,23047000,FreeDiamonds,25,,,,,,,,,,,RS12,RS11,RS12,RS11,RS12,513,1712,200,200,2,2,2,4,2,1,5,2,2,2,2,2,2,2,4,2,2,1,1,2,2,2,2,2,2,2,3,3,3,2,3,3,2,2,5,1,1,1,5,30,3,5,9,0,100,231,463,46962,832017,500000,145,6,12,846,946,3,3,1080,1080,240,6000,10,3,250,200,150,150,100,,,,,,,10,100,8,1,200,1406,1416,1406,1406
1398,23067000,FreeDiamonds,25,,,,,,,,,,,RS11,RS12,RS11,RS12,RS11,513,1712,200,200,2,2,2,4,2,1,5,2,2,2,2,2,2,2,4,2,2,1,1,2,2,2,2,2,2,2,3,3,3,2,3,3,2,2,5,1,1,1,5,30,3,5,9,0,100,231,463,46962,832017,500000,145,6,12,846,946,3,3,1080,1080,240,6000,10,3,250,200,150,150,100,,,,,,,10,100,8,1,200,1407,1417,1407,1407
1399,23087000,FreeDiamonds,25,,,,,,,,,,,RS12,RS11,RS12,RS11,RS12,513,1712,200,200,2,2,2,4,2,1,5,2,2,2,2,2,2,2,4,2,2,1,1,2,2,2,2,2,2,2,3,3,3,2,3,3,2,2,5,1,1,1,5,30,3,5,9,0,100,231,463,46962,832017,500000,145,6,12,846,946,3,3,1080,1080,240,6000,10,3,250,200,150,150,100,,,,,,,10,100,8,1,200,1408,1418,1408,1408
1400,23107000,FreeDiamonds,550,,,,,,,,,,,RS11,RS12,RS11,RS12,RS11,513,1712,200,200,2,2,2,4,2,1,5,2,2,2,2,2,2,2,4,2,2,1,1,2,2,2,2,2,2,2,3,3,3,2,3,3,2,2,5,1,1,1,5,30,3,5,9,0,100,231,463,46962,832017,500000,145,6,12,846,946,3,3,1080,1080,240,6000,10,3,250,200,150,150,100,,,,,,,10,100,8,1,200,1409,1419,1409,1409
1401,23127000,FreeDiamonds,25,,,,,,,,,,,RS12,RS11,RS12,RS11,RS12,514,1712,200,200,2,2,2,4,2,1,5,2,2,2,2,2,2,2,4,2,2,1,1,2,2,2,2,2,2,2,3,3,3,2,3,3,2,2,5,1,1,1,5,30,3,5,9,0,98,231,463,46962,832017,500000,145,6,12,846,946,3,3,1080,1080,240,6000,10,3,250,200,150,150,100,,,,,,,10,100,8,1,200,1410,1420,1410,1410
1402,23147000,FreeDiamonds,25,,,,,,,,,,,RS11,RS12,RS11,RS12,RS11,514,1712,200,200,2,2,2,4,2,1,5,2,2,2,2,2,2,2,4,2,2,1,1,2,2,2,2,2,2,2,3,3,3,2,3,3,2,2,5,1,1,1,5,30,3,5,9,0,98,231,463,46962,832017,500000,145,6,12,846,946,3,3,1080,1080,240,6000,10,3,250,200,150,150,100,,,,,,,10,100,8,1,200,1411,1421,1411,1411
1403,23167000,FreeDiamonds,25,,,,,,,,,,,RS12,RS11,RS12,RS11,RS12,514,1712,200,200,2,2,2,4,2,1,5,2,2,2,2,2,2,2,4,2,2,1,1,2,2,2,2,2,2,2,3,3,3,2,3,3,2,2,5,1,1,1,5,30,3,5,9,0,98,231,463,46962,832017,500000,145,6,12,846,946,3,3,1080,1080,240,6000,10,3,250,200,150,150,100,,,,,,,10,100,8,1,200,1412,1422,1412,1412
1404,23187000,FreeDiamonds,25,,,,,,,,,,,RS11,RS12,RS11,RS12,RS11,514,1712,200,200,2,2,2,4,2,1,5,2,2,2,2,2,2,2,4,2,2,1,1,2,2,2,2,2,2,2,3,3,3,2,3,3,2,2,5,1,1,1,5,30,3,5,9,0,98,231,463,46962,832017,500000,145,6,12,846,946,3,3,1080,1080,240,6000,10,3,250,200,150,150,100,,,,,,,10,100,8,1,200,1413,1423,1413,1413
1405,23207000,FreeDiamonds,25,,,,,,,,,,,RS12,RS11,RS12,RS11,RS12,514,1712,200,200,2,2,2,4,2,1,5,2,2,2,2,2,2,2,4,2,2,1,1,2,2,2,2,2,2,2,3,3,3,2,3,3,2,2,5,1,1,1,5,30,3,5,9,0,98,231,463,46962,832017,500000,145,6,12,846,946,3,3,1080,1080,240,6000,10,3,250,200,150,150,100,,,,,,,10,100,8,1,200,1414,1424,1414,1414
1406,23227000,FreeDiamonds,25,,,,,,,,,,,RS11,RS12,RS11,RS12,RS11,514,1712,200,200,2,2,2,4,2,1,5,2,2,2,2,2,2,2,4,2,2,1,1,2,2,2,2,2,2,2,3,3,3,2,3,3,2,2,5,1,1,1,5,30,3,5,9,0,98,231,463,46962,832017,500000,145,6,12,846,946,3,3,1080,1080,240,6000,10,3,250,200,150,150,100,,,,,,,10,100,8,1,200,1415,1425,1415,1415
1407,23247000,FreeDiamonds,25,,,,,,,,,,,RS12,RS11,RS12,RS11,RS12,514,1712,200,200,2,2,2,4,2,1,5,2,2,2,2,2,2,2,4,2,2,1,1,2,2,2,2,2,2,2,3,3,3,2,3,3,2,2,5,1,1,1,5,30,3,5,9,0,98,231,463,46962,832017,500000,145,6,12,846,946,3,3,1080,1080,240,6000,10,3,250,200,150,150,100,,,,,,,10,100,8,1,200,1416,1426,1416,1416
1408,23267000,FreeDiamonds,25,,,,,,,,,,,RS11,RS12,RS11,RS12,RS11,514,1712,200,200,2,2,2,4,2,1,5,2,2,2,2,2,2,2,4,2,2,1,1,2,2,2,2,2,2,2,3,3,3,2,3,3,2,2,5,1,1,1,5,30,3,5,9,0,98,231,463,46962,832017,500000,145,6,12,846,946,3,3,1080,1080,240,6000,10,3,250,200,150,150,100,,,,,,,10,100,8,1,200,1417,1427,1417,1417
1409,23287000,FreeDiamonds,25,,,,,,,,,,,RS12,RS11,RS12,RS11,RS12,514,1712,200,200,2,2,2,4,2,1,5,2,2,2,2,2,2,2,4,2,2,1,1,2,2,2,2,2,2,2,3,3,3,2,3,3,2,2,5,1,1,1,5,30,3,5,9,0,98,231,463,46962,832017,500000,145,6,12,846,946,3,3,1080,1080,240,6000,10,3,250,200,150,150,100,,,,,,,10,100,8,1,200,1418,1428,1418,1418
1410,23307000,FreeDiamonds,25,,,,,,,,,,,RS11,RS12,RS11,RS12,RS11,514,1712,200,200,2,2,2,4,2,1,5,2,2,2,2,2,2,2,4,2,2,1,1,2,2,2,2,2,2,2,3,3,3,2,3,3,2,2,5,1,1,1,5,30,3,5,9,0,98,231,463,46962,832017,500000,145,6,12,846,946,3,3,1080,1080,240,6000,10,3,250,200,150,150,100,,,,,,,10,100,8,1,200,1419,1429,1419,1419
1411,23327000,FreeDiamonds,25,,,,,,,,,,,RS12,RS11,RS12,RS11,RS12,515,1712,200,200,2,2,2,4,2,1,5,2,2,2,2,2,2,2,4,2,2,1,1,2,2,2,2,2,2,2,3,3,3,2,3,3,2,2,5,1,1,1,5,30,3,5,9,0,99,231,463,46962,832017,500000,145,6,12,846,946,3,3,1080,1080,240,6000,10,3,250,200,150,150,100,,,,,,,10,100,8,1,200,1420,1430,1420,1420
1412,23347000,FreeDiamonds,25,,,,,,,,,,,RS11,RS12,RS11,RS12,RS11,515,1712,200,200,2,2,2,4,2,1,5,2,2,2,2,2,2,2,4,2,2,1,1,2,2,2,2,2,2,2,3,3,3,2,3,3,2,2,5,1,1,1,5,30,3,5,9,0,99,231,463,46962,832017,500000,145,6,12,846,946,3,3,1080,1080,240,6000,10,3,250,200,150,150,100,,,,,,,10,100,8,1,200,1421,1431,1421,1421
1413,23367000,FreeDiamonds,25,,,,,,,,,,,RS12,RS11,RS12,RS11,RS12,515,1712,200,200,2,2,2,4,2,1,5,2,2,2,2,2,2,2,4,2,2,1,1,2,2,2,2,2,2,2,3,3,3,2,3,3,2,2,5,1,1,1,5,30,3,5,9,0,99,231,463,46962,832017,500000,145,6,12,846,946,3,3,1080,1080,240,6000,10,3,250,200,150,150,100,,,,,,,10,100,8,1,200,1422,1432,1422,1422
1414,23387000,FreeDiamonds,25,,,,,,,,,,,RS11,RS12,RS11,RS12,RS11,515,1712,200,200,2,2,2,4,2,1,5,2,2,2,2,2,2,2,4,2,2,1,1,2,2,2,2,2,2,2,3,3,3,2,3,3,2,2,5,1,1,1,5,30,3,5,9,0,99,231,463,46962,832017,500000,145,6,12,846,946,3,3,1080,1080,240,6000,10,3,250,200,150,150,100,,,,,,,10,100,8,1,200,1423,1433,1423,1423
1415,23407000,FreeDiamonds,25,,,,,,,,,,,RS12,RS11,RS12,RS11,RS12,515,1712,200,200,2,2,2,4,2,1,5,2,2,2,2,2,2,2,4,2,2,1,1,2,2,2,2,2,2,2,3,3,3,2,3,3,2,2,5,1,1,1,5,30,3,5,9,0,99,231,463,46962,832017,500000,145,6,12,846,946,3,3,1080,1080,240,6000,10,3,250,200,150,150,100,,,,,,,10,100,8,1,200,1424,1434,1424,1424
1416,23427000,FreeDiamonds,25,,,,,,,,,,,RS11,RS12,RS11,RS12,RS11,515,1712,200,200,2,2,2,4,2,1,5,2,2,2,2,2,2,2,4,2,2,1,1,2,2,2,2,2,2,2,3,3,3,2,3,3,2,2,5,1,1,1,5,30,3,5,9,0,99,231,463,46962,832017,500000,145,6,12,846,946,3,3,1080,1080,240,6000,10,3,250,200,150,150,100,,,,,,,10,100,8,1,200,1425,1435,1425,1425
1417,23447000,FreeDiamonds,25,,,,,,,,,,,RS12,RS11,RS12,RS11,RS12,515,1712,200,200,2,2,2,4,2,1,5,2,2,2,2,2,2,2,4,2,2,1,1,2,2,2,2,2,2,2,3,3,3,2,3,3,2,2,5,1,1,1,5,30,3,5,9,0,99,231,463,46962,832017,500000,145,6,12,846,946,3,3,1080,1080,240,6000,10,3,250,200,150,150,100,,,,,,,10,100,8,1,200,1426,1436,1426,1426
1418,23467000,FreeDiamonds,25,,,,,,,,,,,RS11,RS12,RS11,RS12,RS11,515,1712,200,200,2,2,2,4,2,1,5,2,2,2,2,2,2,2,4,2,2,1,1,2,2,2,2,2,2,2,3,3,3,2,3,3,2,2,5,1,1,1,5,30,3,5,9,0,99,231,463,46962,832017,500000,145,6,12,846,946,3,3,1080,1080,240,6000,10,3,250,200,150,150,100,,,,,,,10,100,8,1,200,1427,1437,1427,1427
1419,23487000,FreeDiamonds,25,,,,,,,,,,,RS12,RS11,RS12,RS11,RS12,515,1712,200,200,2,2,2,4,2,1,5,2,2,2,2,2,2,2,4,2,2,1,1,2,2,2,2,2,2,2,3,3,3,2,3,3,2,2,5,1,1,1,5,30,3,5,9,0,99,231,463,46962,832017,500000,145,6,12,846,946,3,3,1080,1080,240,6000,10,3,250,200,150,150,100,,,,,,,10,100,8,1,200,1428,1438,1428,1428
1420,23507000,FreeDiamonds,25,,,,,,,,,,,RS11,RS12,RS11,RS12,RS11,515,1712,200,200,2,2,2,4,2,1,5,2,2,2,2,2,2,2,4,2,2,1,1,2,2,2,2,2,2,2,3,3,3,2,3,3,2,2,5,1,1,1,5,30,3,5,9,0,99,231,463,46962,832017,500000,145,6,12,846,946,3,3,1080,1080,240,6000,10,3,250,200,150,150,100,,,,,,,10,100,8,1,200,1429,1439,1429,1429
1421,23527000,FreeDiamonds,25,,,,,,,,,,,RS12,RS11,RS12,RS11,RS12,516,1712,200,200,2,2,2,4,2,1,5,2,2,2,2,2,2,2,4,2,2,1,1,2,2,2,2,2,2,2,3,3,3,2,3,3,2,2,5,1,1,1,5,30,3,5,9,0,99,231,463,46962,832017,500000,145,6,12,846,946,3,3,1080,1080,240,6000,10,3,250,200,150,150,100,,,,,,,10,100,8,1,200,1430,1440,1430,1430
1422,23547000,FreeDiamonds,25,,,,,,,,,,,RS11,RS12,RS11,RS12,RS11,516,1712,200,200,2,2,2,4,2,1,5,2,2,2,2,2,2,2,4,2,2,1,1,2,2,2,2,2,2,2,3,3,3,2,3,3,2,2,5,1,1,1,5,30,3,5,9,0,99,231,463,46962,832017,500000,145,6,12,846,946,3,3,1080,1080,240,6000,10,3,250,200,150,150,100,,,,,,,10,100,8,1,200,1431,1441,1431,1431
1423,23567000,FreeDiamonds,25,,,,,,,,,,,RS12,RS11,RS12,RS11,RS12,516,1712,200,200,2,2,2,4,2,1,5,2,2,2,2,2,2,2,4,2,2,1,1,2,2,2,2,2,2,2,3,3,3,2,3,3,2,2,5,1,1,1,5,30,3,5,9,0,99,231,463,46962,832017,500000,145,6,12,846,946,3,3,1080,1080,240,6000,10,3,250,200,150,150,100,,,,,,,10,100,8,1,200,1432,1442,1432,1432
1424,23587000,FreeDiamonds,25,,,,,,,,,,,RS11,RS12,RS11,RS12,RS11,516,1712,200,200,2,2,2,4,2,1,5,2,2,2,2,2,2,2,4,2,2,1,1,2,2,2,2,2,2,2,3,3,3,2,3,3,2,2,5,1,1,1,5,30,3,5,9,0,99,231,463,46962,832017,500000,145,6,12,846,946,3,3,1080,1080,240,6000,10,3,250,200,150,150,100,,,,,,,10,100,8,1,200,1433,1443,1433,1433
1425,23607000,FreeDiamonds,25,,,,,,,,,,,RS12,RS11,RS12,RS11,RS12,516,1712,200,200,2,2,2,4,2,1,5,2,2,2,2,2,2,2,4,2,2,1,1,2,2,2,2,2,2,2,3,3,3,2,3,3,2,2,5,1,1,1,5,30,3,5,9,0,99,231,463,46962,832017,500000,145,6,12,846,946,3,3,1080,1080,240,6000,10,3,250,200,150,150,100,,,,,,,10,100,8,1,200,1434,1444,1434,1434
1426,23627000,FreeDiamonds,25,,,,,,,,,,,RS11,RS12,RS11,RS12,RS11,516,1712,200,200,2,2,2,4,2,1,5,2,2,2,2,2,2,2,4,2,2,1,1,2,2,2,2,2,2,2,3,3,3,2,3,3,2,2,5,1,1,1,5,30,3,5,9,0,99,231,463,46962,832017,500000,145,6,12,846,946,3,3,1080,1080,240,6000,10,3,250,200,150,150,100,,,,,,,10,100,8,1,200,1435,1445,1435,1435
1427,23647000,FreeDiamonds,25,,,,,,,,,,,RS12,RS11,RS12,RS11,RS12,516,1712,200,200,2,2,2,4,2,1,5,2,2,2,2,2,2,2,4,2,2,1,1,2,2,2,2,2,2,2,3,3,3,2,3,3,2,2,5,1,1,1,5,30,3,5,9,0,99,231,463,46962,832017,500000,145,6,12,846,946,3,3,1080,1080,240,6000,10,3,250,200,150,150,100,,,,,,,10,100,8,1,200,1436,1446,1436,1436
1428,23667000,FreeDiamonds,25,,,,,,,,,,,RS11,RS12,RS11,RS12,RS11,516,1712,200,200,2,2,2,4,2,1,5,2,2,2,2,2,2,2,4,2,2,1,1,2,2,2,2,2,2,2,3,3,3,2,3,3,2,2,5,1,1,1,5,30,3,5,9,0,99,231,463,46962,832017,500000,145,6,12,846,946,3,3,1080,1080,240,6000,10,3,250,200,150,150,100,,,,,,,10,100,8,1,200,1437,1447,1437,1437
1429,23687000,FreeDiamonds,25,,,,,,,,,,,RS12,RS11,RS12,RS11,RS12,516,1712,200,200,2,2,2,4,2,1,5,2,2,2,2,2,2,2,4,2,2,1,1,2,2,2,2,2,2,2,3,3,3,2,3,3,2,2,5,1,1,1,5,30,3,5,9,0,99,231,463,46962,832017,500000,145,6,12,846,946,3,3,1080,1080,240,6000,10,3,250,200,150,150,100,,,,,,,10,100,8,1,200,1438,1448,1438,1438
1430,23707000,FreeDiamonds,25,,,,,,,,,,,RS11,RS12,RS11,RS12,RS11,516,1712,200,200,2,2,2,4,2,1,5,2,2,2,2,2,2,2,4,2,2,1,1,2,2,2,2,2,2,2,3,3,3,2,3,3,2,2,5,1,1,1,5,30,3,5,9,0,99,231,463,46962,832017,500000,145,6,12,846,946,3,3,1080,1080,240,6000,10,3,250,200,150,150,100,,,,,,,10,100,8,1,200,1439,1449,1439,1439
1431,23727000,FreeDiamonds,25,,,,,,,,,,,RS12,RS11,RS12,RS11,RS12,517,1712,200,200,2,2,2,4,2,1,5,2,2,2,2,2,2,2,4,2,2,1,1,2,2,2,2,2,2,2,3,3,3,2,3,3,2,2,5,1,1,1,5,30,3,5,9,0,99,231,463,46962,832017,500000,145,6,12,846,946,3,3,1080,1080,240,6000,10,3,250,200,150,150,100,,,,,,,10,100,8,1,200,1440,1450,1440,1440
1432,23747000,FreeDiamonds,25,,,,,,,,,,,RS11,RS12,RS11,RS12,RS11,517,1712,200,200,2,2,2,4,2,1,5,2,2,2,2,2,2,2,4,2,2,1,1,2,2,2,2,2,2,2,3,3,3,2,3,3,2,2,5,1,1,1,5,30,3,5,9,0,99,231,463,46962,832017,500000,145,6,12,846,946,3,3,1080,1080,240,6000,10,3,250,200,150,150,100,,,,,,,10,100,8,1,200,1441,1451,1441,1441
1433,23767000,FreeDiamonds,25,,,,,,,,,,,RS12,RS11,RS12,RS11,RS12,517,1712,200,200,2,2,2,4,2,1,5,2,2,2,2,2,2,2,4,2,2,1,1,2,2,2,2,2,2,2,3,3,3,2,3,3,2,2,5,1,1,1,5,30,3,5,9,0,99,231,463,46962,832017,500000,145,6,12,846,946,3,3,1080,1080,240,6000,10,3,250,200,150,150,100,,,,,,,10,100,8,1,200,1442,1452,1442,1442
1434,23787000,FreeDiamonds,25,,,,,,,,,,,RS11,RS12,RS11,RS12,RS11,517,1712,200,200,2,2,2,4,2,1,5,2,2,2,2,2,2,2,4,2,2,1,1,2,2,2,2,2,2,2,3,3,3,2,3,3,2,2,5,1,1,1,5,30,3,5,9,0,99,231,463,46962,832017,500000,145,6,12,846,946,3,3,1080,1080,240,6000,10,3,250,200,150,150,100,,,,,,,10,100,8,1,200,1443,1453,1443,1443
1435,23807000,FreeDiamonds,25,,,,,,,,,,,RS12,RS11,RS12,RS11,RS12,517,1712,200,200,2,2,2,4,2,1,5,2,2,2,2,2,2,2,4,2,2,1,1,2,2,2,2,2,2,2,3,3,3,2,3,3,2,2,5,1,1,1,5,30,3,5,9,0,99,231,463,46962,832017,500000,145,6,12,846,946,3,3,1080,1080,240,6000,10,3,250,200,150,150,100,,,,,,,10,100,8,1,200,1444,1454,1444,1444
1436,23827000,FreeDiamonds,25,,,,,,,,,,,RS11,RS12,RS11,RS12,RS11,517,1712,200,200,2,2,2,4,2,1,5,2,2,2,2,2,2,2,4,2,2,1,1,2,2,2,2,2,2,2,3,3,3,2,3,3,2,2,5,1,1,1,5,30,3,5,9,0,99,231,463,46962,832017,500000,145,6,12,846,946,3,3,1080,1080,240,6000,10,3,250,200,150,150,100,,,,,,,10,100,8,1,200,1445,1455,1445,1445
1437,23847000,FreeDiamonds,25,,,,,,,,,,,RS12,RS11,RS12,RS11,RS12,517,1712,200,200,2,2,2,4,2,1,5,2,2,2,2,2,2,2,4,2,2,1,1,2,2,2,2,2,2,2,3,3,3,2,3,3,2,2,5,1,1,1,5,30,3,5,9,0,100,231,463,46962,832017,500000,145,6,12,846,946,3,3,1080,1080,240,6000,10,3,250,200,150,150,100,,,,,,,10,100,8,1,200,1446,1456,1446,1446
1438,23867000,FreeDiamonds,25,,,,,,,,,,,RS11,RS12,RS11,RS12,RS11,517,1712,200,200,2,2,2,4,2,1,5,2,2,2,2,2,2,2,4,2,2,1,1,2,2,2,2,2,2,2,3,3,3,2,3,3,2,2,5,1,1,1,5,30,3,5,9,0,100,231,463,46962,832017,500000,145,6,12,846,946,3,3,1080,1080,240,6000,10,3,250,200,150,150,100,,,,,,,10,100,8,1,200,1447,1457,1447,1447
1439,23887000,FreeDiamonds,25,,,,,,,,,,,RS12,RS11,RS12,RS11,RS12,517,1712,200,200,2,2,2,4,2,1,5,2,2,2,2,2,2,2,4,2,2,1,1,2,2,2,2,2,2,2,3,3,3,2,3,3,2,2,5,1,1,1,5,30,3,5,9,0,100,231,463,46962,832017,500000,145,6,12,846,946,3,3,1080,1080,240,6000,10,3,250,200,150,150,100,,,,,,,10,100,8,1,200,1448,1458,1448,1448
1440,23907000,FreeDiamonds,25,,,,,,,,,,,RS11,RS12,RS11,RS12,RS11,517,1712,200,200,2,2,2,4,2,1,5,2,2,2,2,2,2,2,4,2,2,1,1,2,2,2,2,2,2,2,3,3,3,2,3,3,2,2,5,1,1,1,5,30,3,5,9,0,100,231,463,46962,832017,500000,145,6,12,846,946,3,3,1080,1080,240,6000,10,3,250,200,150,150,100,,,,,,,10,100,8,1,200,1449,1459,1449,1449
1441,23927000,FreeDiamonds,25,,,,,,,,,,,RS12,RS11,RS12,RS11,RS12,518,1712,200,200,2,2,2,4,2,1,5,2,2,2,2,2,2,2,4,2,2,1,1,2,2,2,2,2,2,2,3,3,3,2,3,3,2,2,5,1,1,1,5,30,3,5,9,0,100,231,463,46962,832017,500000,145,6,12,846,946,3,3,1080,1080,240,6000,10,3,250,200,150,150,100,,,,,,,10,100,8,1,200,1450,1460,1450,1450
1442,23947000,FreeDiamonds,25,,,,,,,,,,,RS11,RS12,RS11,RS12,RS11,518,1712,200,200,2,2,2,4,2,1,5,2,2,2,2,2,2,2,4,2,2,1,1,2,2,2,2,2,2,2,3,3,3,2,3,3,2,2,5,1,1,1,5,30,3,5,9,0,100,231,463,46962,832017,500000,145,6,12,846,946,3,3,1080,1080,240,6000,10,3,250,200,150,150,100,,,,,,,10,100,8,1,200,1451,1461,1451,1451
1443,23967000,FreeDiamonds,25,,,,,,,,,,,RS12,RS11,RS12,RS11,RS12,518,1712,200,200,2,2,2,4,2,1,5,2,2,2,2,2,2,2,4,2,2,1,1,2,2,2,2,2,2,2,3,3,3,2,3,3,2,2,5,1,1,1,5,30,3,5,9,0,98,231,463,46962,832017,500000,145,6,12,846,946,3,3,1080,1080,240,6000,10,3,250,200,150,150,100,,,,,,,10,100,8,1,200,1452,1462,1452,1452
1444,23987000,FreeDiamonds,25,,,,,,,,,,,RS11,RS12,RS11,RS12,RS11,518,1712,200,200,2,2,2,4,2,1,5,2,2,2,2,2,2,2,4,2,2,1,1,2,2,2,2,2,2,2,3,3,3,2,3,3,2,2,5,1,1,1,5,30,3,5,9,0,98,231,463,46962,832017,500000,145,6,12,846,946,3,3,1080,1080,240,6000,10,3,250,200,150,150,100,,,,,,,10,100,8,1,200,1453,1463,1453,1453
1445,24007000,FreeDiamonds,25,,,,,,,,,,,RS12,RS11,RS12,RS11,RS12,518,1712,200,200,2,2,2,4,2,1,5,2,2,2,2,2,2,2,4,2,2,1,1,2,2,2,2,2,2,2,3,3,3,2,3,3,2,2,5,1,1,1,5,30,3,5,9,0,98,231,463,46962,832017,500000,145,6,12,846,946,3,3,1080,1080,240,6000,10,3,250,200,150,150,100,,,,,,,10,100,8,1,200,1454,1464,1454,1454
1446,24027000,FreeDiamonds,25,,,,,,,,,,,RS11,RS12,RS11,RS12,RS11,518,1712,200,200,2,2,2,4,2,1,5,2,2,2,2,2,2,2,4,2,2,1,1,2,2,2,2,2,2,2,3,3,3,2,3,3,2,2,5,1,1,1,5,30,3,5,9,0,98,231,463,46962,832017,500000,145,6,12,846,946,3,3,1080,1080,240,6000,10,3,250,200,150,150,100,,,,,,,10,100,8,1,200,1455,1465,1455,1455
1447,24047000,FreeDiamonds,25,,,,,,,,,,,RS12,RS11,RS12,RS11,RS12,518,1712,200,200,2,2,2,4,2,1,5,2,2,2,2,2,2,2,4,2,2,1,1,2,2,2,2,2,2,2,3,3,3,2,3,3,2,2,5,1,1,1,5,30,3,5,9,0,98,231,463,46962,832017,500000,145,6,12,846,946,3,3,1080,1080,240,6000,10,3,250,200,150,150,100,,,,,,,10,100,8,1,200,1456,1466,1456,1456
1448,24067000,FreeDiamonds,25,,,,,,,,,,,RS11,RS12,RS11,RS12,RS11,518,1712,200,200,2,2,2,4,2,1,5,2,2,2,2,2,2,2,4,2,2,1,1,2,2,2,2,2,2,2,3,3,3,2,3,3,2,2,5,1,1,1,5,30,3,5,9,0,98,231,463,46962,832017,500000,145,6,12,846,946,3,3,1080,1080,240,6000,10,3,250,200,150,150,100,,,,,,,10,100,8,1,200,1457,1467,1457,1457
1449,24087000,FreeDiamonds,25,,,,,,,,,,,RS12,RS11,RS12,RS11,RS12,518,1712,200,200,2,2,2,4,2,1,5,2,2,2,2,2,2,2,4,2,2,1,1,2,2,2,2,2,2,2,3,3,3,2,3,3,2,2,5,1,1,1,5,30,3,5,9,0,98,231,463,46962,832017,500000,145,6,12,846,946,3,3,1080,1080,240,6000,10,3,250,200,150,150,100,,,,,,,10,100,8,1,200,1458,1468,1458,1458
1450,24107000,FreeDiamonds,50,,,,,,,,,,,RS11,RS12,RS11,RS12,RS11,518,1712,200,200,2,2,2,4,2,1,5,2,2,2,2,2,2,2,4,2,2,1,1,2,2,2,2,2,2,2,3,3,3,2,3,3,2,2,5,1,1,1,5,30,3,5,9,0,98,231,463,46962,832017,500000,145,6,12,846,946,3,3,1080,1080,240,6000,10,3,250,200,150,150,100,,,,,,,10,100,8,1,200,1459,1469,1459,1459
1451,24127000,FreeDiamonds,25,,,,,,,,,,,RS12,RS11,RS12,RS11,RS12,519,1712,200,200,2,2,2,4,2,1,5,2,2,2,2,2,2,2,4,2,2,1,1,2,2,2,2,2,2,2,3,3,3,2,3,3,2,2,5,1,1,1,5,30,3,5,9,0,98,231,463,46962,832017,500000,145,6,12,846,946,3,3,1080,1080,240,6000,10,3,250,200,150,150,100,,,,,,,10,100,8,1,200,1460,1470,1460,1460
1452,24147000,FreeDiamonds,25,,,,,,,,,,,RS11,RS12,RS11,RS12,RS11,519,1712,200,200,2,2,2,4,2,1,5,2,2,2,2,2,2,2,4,2,2,1,1,2,2,2,2,2,2,2,3,3,3,2,3,3,2,2,5,1,1,1,5,30,3,5,9,0,98,231,463,46962,832017,500000,145,6,12,846,946,3,3,1080,1080,240,6000,10,3,250,200,150,150,100,,,,,,,10,100,8,1,200,1461,1471,1461,1461
1453,24167000,FreeDiamonds,25,,,,,,,,,,,RS12,RS11,RS12,RS11,RS12,519,1712,200,200,2,2,2,4,2,1,5,2,2,2,2,2,2,2,4,2,2,1,1,2,2,2,2,2,2,2,3,3,3,2,3,3,2,2,5,1,1,1,5,30,3,5,9,0,98,231,463,46962,832017,500000,145,6,12,846,946,3,3,1080,1080,240,6000,10,3,250,200,150,150,100,,,,,,,10,100,8,1,200,1462,1472,1462,1462
1454,24187000,FreeDiamonds,25,,,,,,,,,,,RS11,RS12,RS11,RS12,RS11,519,1712,200,200,2,2,2,4,2,1,5,2,2,2,2,2,2,2,4,2,2,1,1,2,2,2,2,2,2,2,3,3,3,2,3,3,2,2,5,1,1,1,5,30,3,5,9,0,98,231,463,46962,832017,500000,145,6,12,846,946,3,3,1080,1080,240,6000,10,3,250,200,150,150,100,,,,,,,10,100,8,1,200,1463,1473,1463,1463
1455,24207000,FreeDiamonds,25,,,,,,,,,,,RS12,RS11,RS12,RS11,RS12,519,1712,200,200,2,2,2,4,2,1,5,2,2,2,2,2,2,2,4,2,2,1,1,2,2,2,2,2,2,2,3,3,3,2,3,3,2,2,5,1,1,1,5,30,3,5,9,0,98,231,463,46962,832017,500000,145,6,12,846,946,3,3,1080,1080,240,6000,10,3,250,200,150,150,100,,,,,,,10,100,8,1,200,1464,1474,1464,1464
1456,24227000,FreeDiamonds,25,,,,,,,,,,,RS11,RS12,RS11,RS12,RS11,519,1712,200,200,2,2,2,4,2,1,5,2,2,2,2,2,2,2,4,2,2,1,1,2,2,2,2,2,2,2,3,3,3,2,3,3,2,2,5,1,1,1,5,30,3,5,9,0,98,231,463,46962,832017,500000,145,6,12,846,946,3,3,1080,1080,240,6000,10,3,250,200,150,150,100,,,,,,,10,100,8,1,200,1465,1475,1465,1465
1457,24247000,FreeDiamonds,25,,,,,,,,,,,RS12,RS11,RS12,RS11,RS12,519,1712,200,200,2,2,2,4,2,1,5,2,2,2,2,2,2,2,4,2,2,1,1,2,2,2,2,2,2,2,3,3,3,2,3,3,2,2,5,1,1,1,5,30,3,5,9,0,98,231,463,46962,832017,500000,145,6,12,846,946,3,3,1080,1080,240,6000,10,3,250,200,150,150,100,,,,,,,10,100,8,1,200,1466,1476,1466,1466
1458,24267000,FreeDiamonds,25,,,,,,,,,,,RS11,RS12,RS11,RS12,RS11,519,1712,200,200,2,2,2,4,2,1,5,2,2,2,2,2,2,2,4,2,2,1,1,2,2,2,2,2,2,2,3,3,3,2,3,3,2,2,5,1,1,1,5,30,3,5,9,0,98,231,463,46962,832017,500000,145,6,12,846,946,3,3,1080,1080,240,6000,10,3,250,200,150,150,100,,,,,,,10,100,8,1,200,1467,1477,1467,1467
1459,24287000,FreeDiamonds,25,,,,,,,,,,,RS12,RS11,RS12,RS11,RS12,519,1712,200,200,2,2,2,4,2,1,5,2,2,2,2,2,2,2,4,2,2,1,1,2,2,2,2,2,2,2,3,3,3,2,3,3,2,2,5,1,1,1,5,30,3,5,9,0,98,231,463,46962,832017,500000,145,6,12,846,946,3,3,1080,1080,240,6000,10,3,250,200,150,150,100,,,,,,,10,100,8,1,200,1468,1478,1468,1468
1460,24307000,FreeDiamonds,25,,,,,,,,,,,RS11,RS12,RS11,RS12,RS11,519,1712,200,200,2,2,2,4,2,1,5,2,2,2,2,2,2,2,4,2,2,1,1,2,2,2,2,2,2,2,3,3,3,2,3,3,2,2,5,1,1,1,5,30,3,5,9,0,98,231,463,46962,832017,500000,145,6,12,846,946,3,3,1080,1080,240,6000,10,3,250,200,150,150,100,,,,,,,10,100,8,1,200,1469,1479,1469,1469
1461,24327000,FreeDiamonds,25,,,,,,,,,,,RS12,RS11,RS12,RS11,RS12,520,1712,200,200,2,2,2,4,2,1,5,2,2,2,2,2,2,2,4,2,2,1,1,2,2,2,2,2,2,2,3,3,3,2,3,3,2,2,5,1,1,1,5,30,3,5,9,0,98,231,463,46962,832017,500000,145,6,12,846,946,3,3,1080,1080,240,6000,10,3,250,200,150,150,100,,,,,,,10,100,8,1,200,1470,1480,1470,1470
1462,24347000,FreeDiamonds,25,,,,,,,,,,,RS11,RS12,RS11,RS12,RS11,520,1712,200,200,2,2,2,4,2,1,5,2,2,2,2,2,2,2,4,2,2,1,1,2,2,2,2,2,2,2,3,3,3,2,3,3,2,2,5,1,1,1,5,30,3,5,9,0,98,231,463,46962,832017,500000,145,6,12,846,946,3,3,1080,1080,240,6000,10,3,250,200,150,150,100,,,,,,,10,100,8,1,200,1471,1481,1471,1471
1463,24367000,FreeDiamonds,25,,,,,,,,,,,RS12,RS11,RS12,RS11,RS12,520,1712,200,200,2,2,2,4,2,1,5,2,2,2,2,2,2,2,4,2,2,1,1,2,2,2,2,2,2,2,3,3,3,2,3,3,2,2,5,1,1,1,5,30,3,5,9,0,98,231,463,46962,832017,500000,145,6,12,846,946,3,3,1080,1080,240,6000,10,3,250,200,150,150,100,,,,,,,10,100,8,1,200,1472,1482,1472,1472
1464,24387000,FreeDiamonds,25,,,,,,,,,,,RS11,RS12,RS11,RS12,RS11,520,1712,200,200,2,2,2,4,2,1,5,2,2,2,2,2,2,2,4,2,2,1,1,2,2,2,2,2,2,2,3,3,3,2,3,3,2,2,5,1,1,1,5,30,3,5,9,0,98,231,463,46962,832017,500000,145,6,12,846,946,3,3,1080,1080,240,6000,10,3,250,200,150,150,100,,,,,,,10,100,8,1,200,1473,1483,1473,1473
1465,24407000,FreeDiamonds,25,,,,,,,,,,,RS12,RS11,RS12,RS11,RS12,520,1712,200,200,2,2,2,4,2,1,5,2,2,2,2,2,2,2,4,2,2,1,1,2,2,2,2,2,2,2,3,3,3,2,3,3,2,2,5,1,1,1,5,30,3,5,9,0,98,231,463,46962,832017,500000,145,6,12,846,946,3,3,1080,1080,240,6000,10,3,250,200,150,150,100,,,,,,,10,100,8,1,200,1474,1484,1474,1474
1466,24427000,FreeDiamonds,25,,,,,,,,,,,RS11,RS12,RS11,RS12,RS11,520,1712,200,200,2,2,2,4,2,1,5,2,2,2,2,2,2,2,4,2,2,1,1,2,2,2,2,2,2,2,3,3,3,2,3,3,2,2,5,1,1,1,5,30,3,5,9,0,98,231,463,46962,832017,500000,145,6,12,846,946,3,3,1080,1080,240,6000,10,3,250,200,150,150,100,,,,,,,10,100,8,1,200,1475,1485,1475,1475
1467,24447000,FreeDiamonds,25,,,,,,,,,,,RS12,RS11,RS12,RS11,RS12,520,1712,200,200,2,2,2,4,2,1,5,2,2,2,2,2,2,2,4,2,2,1,1,2,2,2,2,2,2,2,3,3,3,2,3,3,2,2,5,1,1,1,5,30,3,5,9,0,98,231,463,46962,832017,500000,145,6,12,846,946,3,3,1080,1080,240,6000,10,3,250,200,150,150,100,,,,,,,10,100,8,1,200,1476,1486,1476,1476
1468,24467000,FreeDiamonds,25,,,,,,,,,,,RS11,RS12,RS11,RS12,RS11,520,1712,200,200,2,2,2,4,2,1,5,2,2,2,2,2,2,2,4,2,2,1,1,2,2,2,2,2,2,2,3,3,3,2,3,3,2,2,5,1,1,1,5,30,3,5,9,0,99,231,463,46962,832017,500000,145,6,12,846,946,3,3,1080,1080,240,6000,10,3,250,200,150,150,100,,,,,,,10,100,8,1,200,1477,1487,1477,1477
1469,24487000,FreeDiamonds,25,,,,,,,,,,,RS12,RS11,RS12,RS11,RS12,520,1712,200,200,2,2,2,4,2,1,5,2,2,2,2,2,2,2,4,2,2,1,1,2,2,2,2,2,2,2,3,3,3,2,3,3,2,2,5,1,1,1,5,30,3,5,9,0,99,231,463,46962,832017,500000,145,6,12,846,946,3,3,1080,1080,240,6000,10,3,250,200,150,150,100,,,,,,,10,100,8,1,200,1478,1488,1478,1478
1470,24507000,FreeDiamonds,25,,,,,,,,,,,RS11,RS12,RS11,RS12,RS11,520,1712,200,200,2,2,2,4,2,1,5,2,2,2,2,2,2,2,4,2,2,1,1,2,2,2,2,2,2,2,3,3,3,2,3,3,2,2,5,1,1,1,5,30,3,5,9,0,99,231,463,46962,832017,500000,145,6,12,846,946,3,3,1080,1080,240,6000,10,3,250,200,150,150,100,,,,,,,10,100,8,1,200,1479,1489,1479,1479
1471,24527000,FreeDiamonds,25,,,,,,,,,,,RS12,RS11,RS12,RS11,RS12,521,1712,200,200,2,2,2,4,2,1,5,2,2,2,2,2,2,2,4,2,2,1,1,2,2,2,2,2,2,2,3,3,3,2,3,3,2,2,5,1,1,1,5,30,3,5,9,0,99,231,463,46962,832017,500000,145,6,12,846,946,3,3,1080,1080,240,6000,10,3,250,200,150,150,100,,,,,,,10,100,8,1,200,1480,1490,1480,1480
1472,24547000,FreeDiamonds,25,,,,,,,,,,,RS11,RS12,RS11,RS12,RS11,521,1712,200,200,2,2,2,4,2,1,5,2,2,2,2,2,2,2,4,2,2,1,1,2,2,2,2,2,2,2,3,3,3,2,3,3,2,2,5,1,1,1,5,30,3,5,9,0,99,231,463,46962,832017,500000,145,6,12,846,946,3,3,1080,1080,240,6000,10,3,250,200,150,150,100,,,,,,,10,100,8,1,200,1481,1491,1481,1481
1473,24567000,FreeDiamonds,25,,,,,,,,,,,RS12,RS11,RS12,RS11,RS12,521,1712,200,200,2,2,2,4,2,1,5,2,2,2,2,2,2,2,4,2,2,1,1,2,2,2,2,2,2,2,3,3,3,2,3,3,2,2,5,1,1,1,5,30,3,5,9,0,99,231,463,46962,832017,500000,145,6,12,846,946,3,3,1080,1080,240,6000,10,3,250,200,150,150,100,,,,,,,10,100,8,1,200,1482,1492,1482,1482
1474,24587000,FreeDiamonds,25,,,,,,,,,,,RS11,RS12,RS11,RS12,RS11,521,1712,200,200,2,2,2,4,2,1,5,2,2,2,2,2,2,2,4,2,2,1,1,2,2,2,2,2,2,2,3,3,3,2,3,3,2,2,5,1,1,1,5,30,3,5,9,0,99,231,463,46962,832017,500000,145,6,12,846,946,3,3,1080,1080,240,6000,10,3,250,200,150,150,100,,,,,,,10,100,8,1,200,1483,1493,1483,1483
1475,24607000,FreeDiamonds,25,,,,,,,,,,,RS12,RS11,RS12,RS11,RS12,521,1712,200,200,2,2,2,4,2,1,5,2,2,2,2,2,2,2,4,2,2,1,1,2,2,2,2,2,2,2,3,3,3,2,3,3,2,2,5,1,1,1,5,30,3,5,9,0,99,231,463,46962,832017,500000,145,6,12,846,946,3,3,1080,1080,240,6000,10,3,250,200,150,150,100,,,,,,,10,100,8,1,200,1484,1494,1484,1484
1476,24627000,FreeDiamonds,25,,,,,,,,,,,RS11,RS12,RS11,RS12,RS11,521,1712,200,200,2,2,2,4,2,1,5,2,2,2,2,2,2,2,4,2,2,1,1,2,2,2,2,2,2,2,3,3,3,2,3,3,2,2,5,1,1,1,5,30,3,5,9,0,99,231,463,46962,832017,500000,145,6,12,846,946,3,3,1080,1080,240,6000,10,3,250,200,150,150,100,,,,,,,10,100,8,1,200,1485,1495,1485,1485
1477,24647000,FreeDiamonds,25,,,,,,,,,,,RS12,RS11,RS12,RS11,RS12,521,1712,200,200,2,2,2,4,2,1,5,2,2,2,2,2,2,2,4,2,2,1,1,2,2,2,2,2,2,2,3,3,3,2,3,3,2,2,5,1,1,1,5,30,3,5,9,0,99,231,463,46962,832017,500000,145,6,12,846,946,3,3,1080,1080,240,6000,10,3,250,200,150,150,100,,,,,,,10,100,8,1,200,1486,1496,1486,1486
1478,24667000,FreeDiamonds,25,,,,,,,,,,,RS11,RS12,RS11,RS12,RS11,521,1712,200,200,2,2,2,4,2,1,5,2,2,2,2,2,2,2,4,2,2,1,1,2,2,2,2,2,2,2,3,3,3,2,3,3,2,2,5,1,1,1,5,30,3,5,9,0,99,231,463,46962,832017,500000,145,6,12,846,946,3,3,1080,1080,240,6000,10,3,250,200,150,150,100,,,,,,,10,100,8,1,200,1487,1497,1487,1487
1479,24687000,FreeDiamonds,25,,,,,,,,,,,RS12,RS11,RS12,RS11,RS12,521,1712,200,200,2,2,2,4,2,1,5,2,2,2,2,2,2,2,4,2,2,1,1,2,2,2,2,2,2,2,3,3,3,2,3,3,2,2,5,1,1,1,5,30,3,5,9,0,99,231,463,46962,832017,500000,145,6,12,846,946,3,3,1080,1080,240,6000,10,3,250,200,150,150,100,,,,,,,10,100,8,1,200,1488,1498,1488,1488
1480,24707000,FreeDiamonds,25,,,,,,,,,,,RS11,RS12,RS11,RS12,RS11,521,1712,200,200,2,2,2,4,2,1,5,2,2,2,2,2,2,2,4,2,2,1,1,2,2,2,2,2,2,2,3,3,3,2,3,3,2,2,5,1,1,1,5,30,3,5,9,0,99,231,463,46962,832017,500000,145,6,12,846,946,3,3,1080,1080,240,6000,10,3,250,200,150,150,100,,,,,,,10,100,8,1,200,1489,1499,1489,1489
1481,24727000,FreeDiamonds,25,,,,,,,,,,,RS12,RS11,RS12,RS11,RS12,522,1712,200,200,2,2,2,4,2,1,5,2,2,2,2,2,2,2,4,2,2,1,1,2,2,2,2,2,2,2,3,3,3,2,3,3,2,2,5,1,1,1,5,30,3,5,9,0,99,231,463,46962,832017,500000,145,6,12,846,946,3,3,1080,1080,240,6000,10,3,250,200,150,150,100,,,,,,,10,100,8,1,200,1490,1500,1490,1490
1482,24747000,FreeDiamonds,25,,,,,,,,,,,RS11,RS12,RS11,RS12,RS11,522,1712,200,200,2,2,2,4,2,1,5,2,2,2,2,2,2,2,4,2,2,1,1,2,2,2,2,2,2,2,3,3,3,2,3,3,2,2,5,1,1,1,5,30,3,5,9,0,99,231,463,46962,832017,500000,145,6,12,846,946,3,3,1080,1080,240,6000,10,3,250,200,150,150,100,,,,,,,10,100,8,1,200,1491,1501,1491,1491
1483,24767000,FreeDiamonds,25,,,,,,,,,,,RS12,RS11,RS12,RS11,RS12,522,1712,200,200,2,2,2,4,2,1,5,2,2,2,2,2,2,2,4,2,2,1,1,2,2,2,2,2,2,2,3,3,3,2,3,3,2,2,5,1,1,1,5,30,3,5,9,0,99,231,463,46962,832017,500000,145,6,12,846,946,3,3,1080,1080,240,6000,10,3,250,200,150,150,100,,,,,,,10,100,8,1,200,1492,1502,1492,1492
1484,24787000,FreeDiamonds,25,,,,,,,,,,,RS11,RS12,RS11,RS12,RS11,522,1712,200,200,2,2,2,4,2,1,5,2,2,2,2,2,2,2,4,2,2,1,1,2,2,2,2,2,2,2,3,3,3,2,3,3,2,2,5,1,1,1,5,30,3,5,9,0,99,231,463,46962,832017,500000,145,6,12,846,946,3,3,1080,1080,240,6000,10,3,250,200,150,150,100,,,,,,,10,100,8,1,200,1493,1503,1493,1493
1485,24807000,FreeDiamonds,25,,,,,,,,,,,RS12,RS11,RS12,RS11,RS12,522,1712,200,200,2,2,2,4,2,1,5,2,2,2,2,2,2,2,4,2,2,1,1,2,2,2,2,2,2,2,3,3,3,2,3,3,2,2,5,1,1,1,5,30,3,5,9,0,99,231,463,46962,832017,500000,145,6,12,846,946,3,3,1080,1080,240,6000,10,3,250,200,150,150,100,,,,,,,10,100,8,1,200,1494,1504,1494,1494
1486,24827000,FreeDiamonds,25,,,,,,,,,,,RS11,RS12,RS11,RS12,RS11,522,1712,200,200,2,2,2,4,2,1,5,2,2,2,2,2,2,2,4,2,2,1,1,2,2,2,2,2,2,2,3,3,3,2,3,3,2,2,5,1,1,1,5,30,3,5,9,0,99,231,463,46962,832017,500000,145,6,12,846,946,3,3,1080,1080,240,6000,10,3,250,200,150,150,100,,,,,,,10,100,8,1,200,1495,1505,1495,1495
1487,24847000,FreeDiamonds,25,,,,,,,,,,,RS12,RS11,RS12,RS11,RS12,522,1712,200,200,2,2,2,4,2,1,5,2,2,2,2,2,2,2,4,2,2,1,1,2,2,2,2,2,2,2,3,3,3,2,3,3,2,2,5,1,1,1,5,30,3,5,9,0,99,231,463,46962,832017,500000,145,6,12,846,946,3,3,1080,1080,240,6000,10,3,250,200,150,150,100,,,,,,,10,100,8,1,200,1496,1506,1496,1496
1488,24867000,FreeDiamonds,25,,,,,,,,,,,RS11,RS12,RS11,RS12,RS11,522,1712,200,200,2,2,2,4,2,1,5,2,2,2,2,2,2,2,4,2,2,1,1,2,2,2,2,2,2,2,3,3,3,2,3,3,2,2,5,1,1,1,5,30,3,5,9,0,99,231,463,46962,832017,500000,145,6,12,846,946,3,3,1080,1080,240,6000,10,3,250,200,150,150,100,,,,,,,10,100,8,1,200,1497,1507,1497,1497
1489,24887000,FreeDiamonds,25,,,,,,,,,,,RS12,RS11,RS12,RS11,RS12,522,1712,200,200,2,2,2,4,2,1,5,2,2,2,2,2,2,2,4,2,2,1,1,2,2,2,2,2,2,2,3,3,3,2,3,3,2,2,5,1,1,1,5,30,3,5,9,0,99,231,463,46962,832017,500000,145,6,12,846,946,3,3,1080,1080,240,6000,10,3,250,200,150,150,100,,,,,,,10,100,8,1,200,1498,1508,1498,1498
1490,24907000,FreeDiamonds,25,,,,,,,,,,,RS11,RS12,RS11,RS12,RS11,522,1712,200,200,2,2,2,4,2,1,5,2,2,2,2,2,2,2,4,2,2,1,1,2,2,2,2,2,2,2,3,3,3,2,3,3,2,2,5,1,1,1,5,30,3,5,9,0,99,231,463,46962,832017,500000,145,6,12,846,946,3,3,1080,1080,240,6000,10,3,250,200,150,150,100,,,,,,,10,100,8,1,200,1499,1509,1499,1499
1491,24927000,FreeDiamonds,25,,,,,,,,,,,RS12,RS11,RS12,RS11,RS12,523,1712,200,200,2,2,2,4,2,1,5,2,2,2,2,2,2,2,4,2,2,1,1,2,2,2,2,2,2,2,3,3,3,2,3,3,2,2,5,1,1,1,5,30,3,5,9,0,99,231,463,46962,832017,500000,145,6,12,846,946,3,3,1080,1080,240,6000,10,3,250,200,150,150,100,,,,,,,10,100,8,1,200,1500,1510,1500,1500
1492,24947000,FreeDiamonds,25,,,,,,,,,,,RS11,RS12,RS11,RS12,RS11,523,1712,200,200,2,2,2,4,2,1,5,2,2,2,2,2,2,2,4,2,2,1,1,2,2,2,2,2,2,2,3,3,3,2,3,3,2,2,5,1,1,1,5,30,3,5,9,0,99,231,463,46962,832017,500000,145,6,12,846,946,3,3,1080,1080,240,6000,10,3,250,200,150,150,100,,,,,,,10,100,8,1,200,1501,1511,1501,1501
1493,24967000,FreeDiamonds,25,,,,,,,,,,,RS12,RS11,RS12,RS11,RS12,523,1712,200,200,2,2,2,4,2,1,5,2,2,2,2,2,2,2,4,2,2,1,1,2,2,2,2,2,2,2,3,3,3,2,3,3,2,2,5,1,1,1,5,30,3,5,9,0,99,231,463,46962,832017,500000,145,6,12,846,946,3,3,1080,1080,240,6000,10,3,250,200,150,150,100,,,,,,,10,100,8,1,200,1502,1512,1502,1502
1494,24987000,FreeDiamonds,25,,,,,,,,,,,RS11,RS12,RS11,RS12,RS11,523,1712,200,200,2,2,2,4,2,1,5,2,2,2,2,2,2,2,4,2,2,1,1,2,2,2,2,2,2,2,3,3,3,2,3,3,2,2,5,1,1,1,5,30,3,5,9,0,100,231,463,46962,832017,500000,145,6,12,846,946,3,3,1080,1080,240,6000,10,3,250,200,150,150,100,,,,,,,10,100,8,1,200,1503,1513,1503,1503
1495,25007000,FreeDiamonds,25,,,,,,,,,,,RS12,RS11,RS12,RS11,RS12,523,1712,200,200,2,2,2,4,2,1,5,2,2,2,2,2,2,2,4,2,2,1,1,2,2,2,2,2,2,2,3,3,3,2,3,3,2,2,5,1,1,1,5,30,3,5,9,0,100,231,463,46962,832017,500000,145,6,12,846,946,3,3,1080,1080,240,6000,10,3,250,200,150,150,100,,,,,,,10,100,8,1,200,1504,1514,1504,1504
1496,25027000,FreeDiamonds,25,,,,,,,,,,,RS11,RS12,RS11,RS12,RS11,523,1712,200,200,2,2,2,4,2,1,5,2,2,2,2,2,2,2,4,2,2,1,1,2,2,2,2,2,2,2,3,3,3,2,3,3,2,2,5,1,1,1,5,30,3,5,9,0,100,231,463,46962,832017,500000,145,6,12,846,946,3,3,1080,1080,240,6000,10,3,250,200,150,150,100,,,,,,,10,100,8,1,200,1505,1515,1505,1505
1497,25047000,FreeDiamonds,25,,,,,,,,,,,RS12,RS11,RS12,RS11,RS12,523,1712,200,200,2,2,2,4,2,1,5,2,2,2,2,2,2,2,4,2,2,1,1,2,2,2,2,2,2,2,3,3,3,2,3,3,2,2,5,1,1,1,5,30,3,5,9,0,100,231,463,46962,832017,500000,145,6,12,846,946,3,3,1080,1080,240,6000,10,3,250,200,150,150,100,,,,,,,10,100,8,1,200,1506,1516,1506,1506
1498,25067000,FreeDiamonds,25,,,,,,,,,,,RS11,RS12,RS11,RS12,RS11,523,1712,200,200,2,2,2,4,2,1,5,2,2,2,2,2,2,2,4,2,2,1,1,2,2,2,2,2,2,2,3,3,3,2,3,3,2,2,5,1,1,1,5,30,3,5,9,0,100,231,463,46962,832017,500000,145,6,12,846,946,3,3,1080,1080,240,6000,10,3,250,200,150,150,100,,,,,,,10,100,8,1,200,1507,1517,1507,1507
1499,25087000,FreeDiamonds,25,,,,,,,,,,,RS12,RS11,RS12,RS11,RS12,523,1712,200,200,2,2,2,4,2,1,5,2,2,2,2,2,2,2,4,2,2,1,1,2,2,2,2,2,2,2,3,3,3,2,3,3,2,2,5,1,1,1,5,30,3,5,9,0,100,231,463,46962,832017,500000,145,6,12,846,946,3,3,1080,1080,240,6000,10,3,250,200,150,150,100,,,,,,,10,100,8,1,200,1508,1518,1508,1508
1500,25107000,FreeDiamonds,575,,,,,,,,,,,RS11,RS12,RS11,RS12,RS11,523,1712,200,200,2,2,2,4,2,1,5,2,2,2,2,2,2,2,4,2,2,1,1,2,2,2,2,2,2,2,3,3,3,2,3,3,2,2,5,1,1,1,5,30,3,5,9,0,100,231,463,46962,832017,500000,145,6,12,846,946,3,3,1080,1080,240,6000,10,3,250,200,150,150,100,,,,,,,10,100,8,1,200,1509,1519,1509,1509
