Name,Index,TaskGroup,TaskType,Good,FarmPoints,XPLevelSegments,Amounts,TID,Probability,IconFileName,IconExportName
String,int,String,String,String,int,String,String,String,int,String,String
Easy_CollectProduction_Goat Milk,0,Easy,CollectProduction,Goat Milk,50,15;35;75;102,2;2;4;4;8,TID_NEIGHBORHOOD_TASK_COLLECT_GOOD_DESCRIPTION,1,,
Easy_CollectProduction_Wool,1,Easy,CollectProduction,Wool,50,15;35;75;102,2;2;5;5;10,TID_NEIGHBORHOOD_TASK_COLLECT_GOOD_DESCRIPTION,1,,
Easy_CollectProduction_Bacon,2,Easy,CollectProduction,Bacon,50,15;35;75;102,3;5;10;15;15,TID_NEIGHBORHOOD_TASK_COLLECT_GOOD_DESCRIPTION,1,,
Easy_CollectProduction_Milk,3,Easy,CollectProduction,Milk,50,15;35;75;102,3;5;10;15;15,TID_NEIGHBORHOOD_TASK_COLLECT_GOOD_DESCRIPTION,1,,
Easy_CollectProduction_Egg,4,Easy,CollectProduction,Egg,50,15;35;75;102,3;6;9;12;18,TID_NEIGHBORHOOD_TASK_COLLECT_GOOD_DESCRIPTION,1,,
Easy_FeedAnimal_Chicken,5,Easy,FeedAnimal,Chicken,50,15;35;75;102,3;6;9;12;18,TID_FARM_PASS_TASK_FEED_CHICKENS,1,,
Easy_FeedAnimal_Cow,6,Easy,FeedAnimal,Cow,50,15;35;75;102,3;5;10;15;15,TID_FARM_PASS_TASK_FEED_COWS,1,,
Easy_FeedAnimal_Sheep,7,Easy,FeedAnimal,Sheep,50,15;35;75;102,2;2;5;5;15,TID_FARM_PASS_TASK_FEED_SHEEP,1,,
Easy_FeedAnimal_Pig,8,Easy,FeedAnimal,Pig,50,15;35;75;102,3;5;10;15;15,TID_FARM_PASS_TASK_FEED_PIGS,1,,
Easy_FeedAnimal_Goat,9,Easy,FeedAnimal,Goat,50,15;35;75;102,2;2;4;4;15,TID_FARM_PASS_TASK_FEED_GOATS,1,,
Easy_CollectFruit_Coconut,10,Easy,CollectFruit,Coconut,50,15;35;75;102,2;2;2;2;4,TID_TASK_COLLECT_FRUIT,1,,
Easy_CollectFruit_Blueberry,11,Easy,CollectFruit,Blueberry,50,15;35;75;102,2;2;2;2;4,TID_TASK_COLLECT_FRUIT,1,,
Easy_CollectFruit_Cacao,12,Easy,CollectFruit,Cacao,50,15;35;75;102,2;2;2;2;4,TID_TASK_COLLECT_FRUIT,1,,
Easy_CollectFruit_Guava,13,Easy,CollectFruit,Guava,50,15;35;75;102,2;2;2;2;4,TID_TASK_COLLECT_FRUIT,1,,
Easy_CollectFruit_Blackberry,14,Easy,CollectFruit,Blackberry,50,15;35;75;102,2;2;2;2;4,TID_TASK_COLLECT_FRUIT,1,,
Easy_CollectFruit_Mango,15,Easy,CollectFruit,Mango,50,15;35;75;102,2;2;2;2;4,TID_TASK_COLLECT_FRUIT,1,,
Easy_CollectFruit_Orange,16,Easy,CollectFruit,Orange,50,15;35;75;102,2;2;2;2;4,TID_TASK_COLLECT_FRUIT,1,,
Easy_CollectFruit_Lemon,17,Easy,CollectFruit,Lemon,50,15;35;75;102,2;4;4;4;6,TID_TASK_COLLECT_FRUIT,1,,
Easy_CollectFruit_Peach,18,Easy,CollectFruit,Peach,50,15;35;75;102,2;4;4;4;6,TID_TASK_COLLECT_FRUIT,1,,
Easy_CollectFruit_Cherry,19,Easy,CollectFruit,Cherry,50,15;35;75;102,2;4;4;4;6,TID_TASK_COLLECT_FRUIT,1,,
Easy_CollectFruit_Banana,20,Easy,CollectFruit,Banana,50,15;35;75;102,2;4;4;4;6,TID_TASK_COLLECT_FRUIT,1,,
Easy_CollectFruit_Pomegranate,21,Easy,CollectFruit,Pomegranate,50,15;35;75;102,2;4;4;4;6,TID_TASK_COLLECT_FRUIT,1,,
Easy_CollectFruit_Coffee,22,Easy,CollectFruit,Coffee,50,15;35;75;102,2;4;6;6;6,TID_TASK_COLLECT_FRUIT,1,,
Easy_CollectFruit_Plum,23,Easy,CollectFruit,Plum,50,15;35;75;102,2;4;6;6;6,TID_TASK_COLLECT_FRUIT,1,,
Easy_CollectFruit_Olive,24,Easy,CollectFruit,Olive,50,15;35;75;102,2;4;6;6;6,TID_TASK_COLLECT_FRUIT,1,,
Easy_CollectFruit_Raspberry,25,Easy,CollectFruit,Raspberry,50,15;35;75;102,2;4;6;6;6,TID_TASK_COLLECT_FRUIT,1,,
Easy_CollectFruit_Apple,26,Easy,CollectFruit,Apple,50,15;35;75;102,2;4;6;6;6,TID_TASK_COLLECT_FRUIT,1,,
Easy_UseNet_Fish Meat,27,Easy,UseNet,Fish Meat,50,15;35;75;102,1;3;3;6;6,TID_FARM_PASS_TASK_CATCH_NET,1,,
Easy_CastNet_DuckTrap,28,Easy,CastNet,DuckTrap,50,15;35;75;102,1;1;1;1;2,TID_FARM_PASS_TASK_CAST_DUCK,1,,
Easy_CastNet_LobsterBox,29,Easy,CastNet,LobsterBox,50,15;35;75;102,1;1;1;1;2,TID_FARM_PASS_TASK_CAST_LOBSTER,1,,
Easy_CastNet_FishingNet,30,Easy,CastNet,FishingNet,50,15;35;75;102,1;1;2;3;5,TID_TASK_CAST_NET,1,,
Easy_CastNet_MysteryNet,31,Easy,CastNet,MysteryNet,50,15;35;75;102,1;1;1;1;1,TID_TASK_CAST_MYSTERY_NET,0,,
Easy_UseLure_BaitGreen,32,Easy,UseLure,BaitGreen,50,15;35;75;102,1;1;1;2;2,TID_TASK_USELURE,0,,
Easy_UseLure_BaitBlue,33,Easy,UseLure,BaitBlue,50,15;35;75;102,1;1;1;2;2,TID_TASK_USELURE,0,,
Easy_UseLure_BaitPurple,34,Easy,UseLure,BaitPurple,50,15;35;75;102,1;1;1;1;1,TID_TASK_USELURE,0,,
Easy_UseLure_BaitGold,35,Easy,UseLure,BaitGold,50,15;35;75;102,1;1;1;1;1,TID_TASK_USELURE,0,,
Easy_ActivateBooster,36,Easy,ActivateBooster,,50,15;35;75;102,1;1;1;2;2,TID_FARM_PASS_TASK_ACTIVATE_BOOSTER,1,sc/icons.sc,booster_menu_icon
Easy_PutStuffToRss,37,Easy,PutStuffToRss,,50,15;35;75;102,1;5;10;15;20,TID_FARM_PASS_TASK_SELL_RSS,1,sc/icons.sc,task_icon_roadside_shop
Easy_CompletePeopleOrder,38,Easy,CompletePeopleOrder,,50,15;35;75;102,1;1;2;3;4,TID_FARM_PASS_TASK_SELL_FARM_VISITORS,1,sc/icons.sc,task_icon_complete_visitor_order
Easy_GiveHelp,39,Easy,GiveHelp,,50,15;35;75;102,1;1;3;5;10,TID_FARM_PASS_TASK_HELP_OTHERS,1,sc/icons.sc,tool_request_help
Easy_WheelOfFortune,40,Easy,WheelOfFortune,,50,15;35;75;102,1;1;1;1;1,TID_FARM_PASS_TASK_SPIN_WHEEL,1,sc/icons.sc,task_icon_free_wof_spin
Easy_FinishDerbyTask,41,Easy,FinishDerbyTask,,50,15;35;75;102,1;1;1;1;1,TID_FARM_PASS_TASK_DERBY,1,sc/icons.sc,nh_derby_building_icon
Easy_VisitSanctuary,42,Easy,VisitSanctuary,,50,15;35;75;102,1;1;1;1;1,TID_FARM_PASS_TASK_VISIT_SANCTUARY,0,sc/icons.sc,icon_sanctuary
Easy_FeedSanctuaryAnimal,43,Easy,FeedSanctuaryAnimal,,50,15;35;75;102,1;1;1;1;2,TID_FARM_PASS_TASK_FEED_SANCTUARY,1,sc/icons.sc,tool_feed_herbivore
Easy_WakeupSanctuaryAnimal,44,Easy,WakeupSanctuaryAnimal,,50,15;35;75;102,1;1;1;1;2,TID_FARM_PASS_TASK_WAKE_SANCTUARY,1,sc/icons.sc,icon_sanctuary
Easy_PickupTownVisitor,45,Easy,PickupTownVisitor,,50,15;35;75;102,1;1;1;2;3,TID_FARM_PASS_TASK_PICK_UP_VISITORS,0,sc/train_icons.sc,icon_personal_train_lvl1
Easy_CollectDerbyPoints,46,Easy,CollectDerbyPoints,,50,15;35;75;102,50;50;50;50;50,TID_FARM_PASS_TASK_DERBYPOINTS,1,sc/icons.sc,nh_derby_building_icon
Easy_ServiceTownVisitor,47,Easy,ServiceTownVisitor,,50,15;35;75;102,1;1;1;2;3,TID_FARM_PASS_TASK_SERVE_TOWNIES,1,sc/train_icons.sc,icon_personal_train_lvl1
Easy_ServiceTownBuilding_Grocery Store,48,Easy,ServiceTownBuilding,Grocery Store,50,15;35;75;102,1;1;1;2;3,TID_FARM_PASS_TASK_SERVE_GROCERYSTORE,1,sc/train_icons.sc,shop_icon_store_lvl1
Easy_ServiceTownBuilding_Movietheater,49,Easy,ServiceTownBuilding,Movietheater,50,15;35;75;102,1;1;1;2;3,TID_FARM_PASS_TASK_SERVE_MOVIETHEATER,1,sc/train_icons.sc,shop_icon_movietheater_lvl1
Easy_ServiceTownBuilding_Diner,50,Easy,ServiceTownBuilding,Diner,50,15;35;75;102,1;1;1;2;3,TID_FARM_PASS_TASK_SERVE_DINER,1,sc/train_icons.sc,shop_icon_diner_lvl1
Easy_ServiceTownBuilding_Bed and Breakfast,51,Easy,ServiceTownBuilding,Bed and Breakfast,50,15;35;75;102,1;1;1;1;2,TID_FARM_PASS_TASK_SERVE_BEDBREAKFAST,1,sc/train_icons.sc,shop_icon_bb_lvl1
Easy_ServiceTownBuilding_Spa,52,Easy,ServiceTownBuilding,Spa,50,15;35;75;102,1;1;1;1;2,TID_FARM_PASS_TASK_SERVE_SPA,1,sc/train_icons.sc,shop_icon_spa_lvl1
Easy_ServiceTownBuilding_Gift shop,53,Easy,ServiceTownBuilding,Gift shop,50,15;35;75;102,1;1;1;1;2,TID_FARM_PASS_TASK_SERVE_GIFTSHOP,1,sc/train_icons.sc,shop_icon_souvenier_lvl1
Easy_ServiceTownBuilding_Beach cafe,54,Easy,ServiceTownBuilding,Beach cafe,50,15;35;75;102,1;1;1;1;2,TID_FARM_PASS_TASK_SERVE_BEACHCAFE,1,sc/train_icons.sc,shop_icon_beachbar_lvl1
Easy_CollectBuilding_Bakery,55,Easy,CollectBuilding,Bakery,50,15;35;75;102,2;2;3;3;5,TID_FARM_PASS_TASK_COLLECT_BUILDING,1,,
Easy_CollectBuilding_Cafe_Kiosk,56,Easy,CollectBuilding,Cafe_Kiosk,50,15;35;75;102,2;2;3;3;5,TID_FARM_PASS_TASK_COLLECT_BUILDING,1,,
Easy_CollectBuilding_Essentials_Oil_Lab,57,Easy,CollectBuilding,Essentials_Oil_Lab,50,15;35;75;102,2;2;3;3;5,TID_FARM_PASS_TASK_COLLECT_BUILDING,1,,
Easy_CollectBuilding_Barbecue_Grill,58,Easy,CollectBuilding,Barbecue_Grill,50,15;35;75;102,2;2;3;3;5,TID_FARM_PASS_TASK_COLLECT_BUILDING,1,,
Easy_CollectBuilding_Cake_Oven,59,Easy,CollectBuilding,Cake_Oven,50,15;35;75;102,2;2;3;3;5,TID_FARM_PASS_TASK_COLLECT_BUILDING,1,,
Easy_CollectBuilding_Deep_Fryer,60,Easy,CollectBuilding,Deep_Fryer,50,15;35;75;102,2;2;3;3;5,TID_FARM_PASS_TASK_COLLECT_BUILDING,1,,
Easy_CollectBuilding_Donut_Maker,61,Easy,CollectBuilding,Donut_Maker,50,15;35;75;102,2;2;3;3;5,TID_FARM_PASS_TASK_COLLECT_BUILDING,1,,
Easy_CollectBuilding_Flowershop,62,Easy,CollectBuilding,Flowershop,50,15;35;75;102,2;2;3;3;5,TID_FARM_PASS_TASK_COLLECT_BUILDING,1,,
Easy_CollectBuilding_Ice_Cream_Maker,63,Easy,CollectBuilding,Ice_Cream_Maker,50,15;35;75;102,2;2;3;3;5,TID_FARM_PASS_TASK_COLLECT_BUILDING,1,,
Easy_CollectBuilding_Pasta_Maker,64,Easy,CollectBuilding,Pasta_Maker,50,15;35;75;102,2;2;3;3;5,TID_FARM_PASS_TASK_COLLECT_BUILDING,1,,
Easy_CollectBuilding_Perfumerie,65,Easy,CollectBuilding,Perfumerie,50,15;35;75;102,2;2;3;3;5,TID_FARM_PASS_TASK_COLLECT_BUILDING,1,,
Easy_CollectBuilding_Sauce_Mixer,66,Easy,CollectBuilding,Sauce_Mixer,50,15;35;75;102,2;2;3;3;5,TID_FARM_PASS_TASK_COLLECT_BUILDING,1,,
Easy_CollectBuilding_Dairy,67,Easy,CollectBuilding,Dairy,50,15;35;75;102,2;2;2;3;5,TID_FARM_PASS_TASK_COLLECT_BUILDING,1,,
Easy_CollectBuilding_Fondue_Maker,68,Easy,CollectBuilding,Fondue_Maker,50,15;35;75;102,2;2;2;3;5,TID_FARM_PASS_TASK_COLLECT_BUILDING,1,,
Easy_CollectBuilding_Honey_Extractor,69,Easy,CollectBuilding,Honey_Extractor,50,15;35;75;102,2;2;2;3;5,TID_FARM_PASS_TASK_COLLECT_BUILDING,1,,
Easy_CollectBuilding_Porridge_Bar,70,Easy,CollectBuilding,Porridge_Bar,50,15;35;75;102,2;2;2;3;5,TID_FARM_PASS_TASK_COLLECT_BUILDING,1,,
Easy_CollectBuilding_Sugar_Mill,71,Easy,CollectBuilding,Sugar_Mill,50,15;35;75;102,2;2;2;3;5,TID_FARM_PASS_TASK_COLLECT_BUILDING,1,,
Easy_CollectBuilding_Tea_Stand,72,Easy,CollectBuilding,Tea_Stand,50,15;35;75;102,2;2;2;3;5,TID_FARM_PASS_TASK_COLLECT_BUILDING,1,,
Easy_CollectBuilding_Sandwich_Bar,73,Easy,CollectBuilding,Sandwich_Bar,50,15;35;75;102,2;2;2;3;5,TID_FARM_PASS_TASK_COLLECT_BUILDING,1,,
Easy_CollectBuilding_Waffle_Maker,74,Easy,CollectBuilding,Waffle_Maker,50,15;35;75;102,2;2;2;3;5,TID_FARM_PASS_TASK_COLLECT_BUILDING,1,,
Easy_CollectBuilding_Candy_Machine,75,Easy,CollectBuilding,Candy_Machine,50,15;35;75;102,2;2;2;3;5,TID_FARM_PASS_TASK_COLLECT_BUILDING,1,,
Easy_CollectBuilding_Hotdog_Stand,76,Easy,CollectBuilding,Hotdog_Stand,50,15;35;75;102,2;2;2;3;5,TID_FARM_PASS_TASK_COLLECT_BUILDING,1,,
Easy_CollectBuilding_Juice_Press,77,Easy,CollectBuilding,Juice_Press,50,15;35;75;102,2;2;2;3;5,TID_FARM_PASS_TASK_COLLECT_BUILDING,1,,
Easy_CollectBuilding_Loom,78,Easy,CollectBuilding,Loom,50,15;35;75;102,1;2;2;3;5,TID_FARM_PASS_TASK_COLLECT_BUILDING,1,,
Easy_CollectBuilding_Milkshake_Bar,79,Easy,CollectBuilding,Milkshake_Bar,50,15;35;75;102,1;2;2;3;5,TID_FARM_PASS_TASK_COLLECT_BUILDING,1,,
Easy_CollectBuilding_Popcorn_Pot,80,Easy,CollectBuilding,Popcorn_Pot,50,15;35;75;102,1;2;2;3;5,TID_FARM_PASS_TASK_COLLECT_BUILDING,1,,
Easy_CollectBuilding_Smoothie_Mixer,81,Easy,CollectBuilding,Smoothie_Mixer,50,15;35;75;102,1;2;2;3;3,TID_FARM_PASS_TASK_COLLECT_BUILDING,1,,
Easy_CollectBuilding_Cupcake_Maker,82,Easy,CollectBuilding,Cupcake_Maker,50,15;35;75;102,1;2;2;3;3,TID_FARM_PASS_TASK_COLLECT_BUILDING,1,,
Easy_CollectBuilding_Omelet_Maker,83,Easy,CollectBuilding,Omelet_Maker,50,15;35;75;102,1;2;2;3;3,TID_FARM_PASS_TASK_COLLECT_BUILDING,1,,
Easy_CollectBuilding_Yoghurt_Maker,84,Easy,CollectBuilding,Yoghurt_Maker,50,15;35;75;102,1;2;2;3;3,TID_FARM_PASS_TASK_COLLECT_BUILDING,1,,
Easy_CollectBuilding_Pie_Oven,85,Easy,CollectBuilding,Pie_Oven,50,15;35;75;102,1;2;2;3;3,TID_FARM_PASS_TASK_COLLECT_BUILDING,1,,
Easy_CollectBuilding_Salad_Bar,86,Easy,CollectBuilding,Salad_Bar,50,15;35;75;102,1;2;2;3;3,TID_FARM_PASS_TASK_COLLECT_BUILDING,1,,
Easy_CollectBuilding_Sewing_Machine,87,Easy,CollectBuilding,Sewing_Machine,50,15;35;75;102,1;2;2;3;3,TID_FARM_PASS_TASK_COLLECT_BUILDING,1,,
Easy_CollectBuilding_Sushi_Bar,88,Easy,CollectBuilding,Sushi_Bar,50,15;35;75;102,1;2;2;3;3,TID_FARM_PASS_TASK_COLLECT_BUILDING,1,,
Easy_CollectBuilding_Taco_Kitchen,89,Easy,CollectBuilding,Taco_Kitchen,50,15;35;75;102,1;2;2;3;3,TID_FARM_PASS_TASK_COLLECT_BUILDING,1,,
Easy_CollectBuilding_Wok_Kitchen,90,Easy,CollectBuilding,Wok_Kitchen,50,15;35;75;102,1;2;2;3;3,TID_FARM_PASS_TASK_COLLECT_BUILDING,1,,
Easy_CollectBuilding_Bath_Kiosk,91,Easy,CollectBuilding,Bath_Kiosk,50,15;35;75;102,1;2;2;3;3,TID_FARM_PASS_TASK_COLLECT_BUILDING,1,,
Easy_CollectBuilding_Jeweler,92,Easy,CollectBuilding,Jeweler,50,15;35;75;102,1;2;2;3;3,TID_FARM_PASS_TASK_COLLECT_BUILDING,1,,
Easy_CollectBuilding_Pasta_Kitchen,93,Easy,CollectBuilding,Pasta_Kitchen,50,15;35;75;102,1;2;2;3;3,TID_FARM_PASS_TASK_COLLECT_BUILDING,1,,
Easy_CollectBuilding_Soup_Kitchen,94,Easy,CollectBuilding,Soup_Kitchen,50,15;35;75;102,1;2;2;3;3,TID_FARM_PASS_TASK_COLLECT_BUILDING,1,,
Easy_CollectBuilding_Fudge_Shop,95,Easy,CollectBuilding,Fudge_Shop,50,15;35;75;102,1;2;2;3;3,TID_FARM_PASS_TASK_COLLECT_BUILDING,1,,
Easy_CollectBuilding_Stew_Pot,96,Easy,CollectBuilding,Stew_Pot,50,15;35;75;102,1;2;2;3;3,TID_FARM_PASS_TASK_COLLECT_BUILDING,1,,
Easy_CollectBuilding_Candle_Maker,97,Easy,CollectBuilding,Candle_Maker,50,15;35;75;102,1;2;2;3;3,TID_FARM_PASS_TASK_COLLECT_BUILDING,1,,
Easy_CollectBuilding_Hat_Maker,98,Easy,CollectBuilding,Hat_Maker,50,15;35;75;102,1;2;2;3;3,TID_FARM_PASS_TASK_COLLECT_BUILDING,1,,
Easy_CollectBuilding_Preservation_Station,99,Easy,CollectBuilding,Preservation_Station,50,15;35;75;102,1;2;2;3;3,TID_FARM_PASS_TASK_COLLECT_BUILDING,1,,
Easy_CollectBuilding_Pottery_Studio,100,Easy,CollectBuilding,Pottery_Studio,50,15;35;75;102,1;2;2;3;3,TID_FARM_PASS_TASK_COLLECT_BUILDING,1,,
Easy_CollectBuilding_Jam_Maker,101,Easy,CollectBuilding,Jam_Maker,50,15;35;75;102,1;2;2;3;3,TID_FARM_PASS_TASK_COLLECT_BUILDING,1,,
Easy_CollectBuilding_Smelter,102,Easy,CollectBuilding,Smelter,50,15;35;75;102,1;2;2;3;3,TID_FARM_PASS_TASK_COLLECT_BUILDING,1,,
Easy_HarvestField_Strawberry,103,Easy,HarvestField,Strawberry,50,15;35;75;102,5;5;5;5;10,TID_FARM_PASS_TASK_HARVEST_CROP,1,,
Easy_HarvestField_TeaLeaves,104,Easy,HarvestField,TeaLeaves,50,15;35;75;102,5;5;5;5;10,TID_FARM_PASS_TASK_HARVEST_CROP,1,,
Easy_HarvestField_Tomato,105,Easy,HarvestField,Tomato,50,15;35;75;102,5;5;5;5;10,TID_FARM_PASS_TASK_HARVEST_CROP,1,,
Easy_HarvestField_Asparagus,106,Easy,HarvestField,Asparagus,50,15;35;75;102,5;5;5;5;10,TID_FARM_PASS_TASK_HARVEST_CROP,1,,
Easy_HarvestField_Onion,107,Easy,HarvestField,Onion,50,15;35;75;102,5;5;5;5;10,TID_FARM_PASS_TASK_HARVEST_CROP,1,,
Easy_HarvestField_Watermelon,108,Easy,HarvestField,Watermelon,50,15;35;75;102,5;5;5;5;10,TID_FARM_PASS_TASK_HARVEST_CROP,1,,
Easy_HarvestField_Bellpepper,109,Easy,HarvestField,Bellpepper,50,15;35;75;102,6;6;6;12;12,TID_FARM_PASS_TASK_HARVEST_CROP,1,,
Easy_HarvestField_Peony,110,Easy,HarvestField,Peony,50,15;35;75;102,6;6;6;12;12,TID_FARM_PASS_TASK_HARVEST_CROP,1,,
Easy_HarvestField_Chili,111,Easy,HarvestField,Chili,50,15;35;75;102,6;6;6;12;12,TID_FARM_PASS_TASK_HARVEST_CROP,1,,
Easy_HarvestField_Potato,112,Easy,HarvestField,Potato,50,15;35;75;102,6;6;6;12;12,TID_FARM_PASS_TASK_HARVEST_CROP,1,,
Easy_HarvestField_Lettuce,113,Easy,HarvestField,Lettuce,50,15;35;75;102,6;6;6;12;12,TID_FARM_PASS_TASK_HARVEST_CROP,1,,
Easy_HarvestField_Grapes,114,Easy,HarvestField,Grapes,50,15;35;75;102,6;6;6;12;12,TID_FARM_PASS_TASK_HARVEST_CROP,1,,
Easy_HarvestField_Mint,115,Easy,HarvestField,Mint,50,15;35;75;102,6;6;6;12;12,TID_FARM_PASS_TASK_HARVEST_CROP,1,,
Easy_HarvestField_Pumpkin,116,Easy,HarvestField,Pumpkin,50,15;35;75;102,6;6;6;12;12,TID_FARM_PASS_TASK_HARVEST_CROP,1,,
Easy_HarvestField_Cotton,117,Easy,HarvestField,Cotton,50,15;35;75;102,6;6;6;12;12,TID_FARM_PASS_TASK_HARVEST_CROP,1,,
Easy_HarvestField_Ginger,118,Easy,HarvestField,Ginger,50,15;35;75;102,6;6;6;12;12,TID_FARM_PASS_TASK_HARVEST_CROP,1,,
Easy_HarvestField_Indigo,119,Easy,HarvestField,Indigo,50,15;35;75;102,7;14;14;14;21,TID_FARM_PASS_TASK_HARVEST_CROP,1,,
Easy_HarvestField_Clay,120,Easy,HarvestField,Clay,50,15;35;75;102,7;14;14;14;21,TID_FARM_PASS_TASK_HARVEST_CROP,1,,
Easy_HarvestField_Lily,121,Easy,HarvestField,Lily,50,15;35;75;102,7;14;14;14;21,TID_FARM_PASS_TASK_HARVEST_CROP,1,,
Easy_HarvestField_Sunflower,122,Easy,HarvestField,Sunflower,50,15;35;75;102,7;14;14;14;21,TID_FARM_PASS_TASK_HARVEST_CROP,1,,
Easy_HarvestField_Broccoli,123,Easy,HarvestField,Broccoli,50,15;35;75;102,7;14;14;14;21,TID_FARM_PASS_TASK_HARVEST_CROP,1,,
Easy_HarvestField_Sesame,124,Easy,HarvestField,Sesame,50,15;35;75;102,7;14;14;14;21,TID_FARM_PASS_TASK_HARVEST_CROP,1,,
Easy_HarvestField_PassionFruit,125,Easy,HarvestField,PassionFruit,50,15;35;75;102,7;14;14;14;21,TID_FARM_PASS_TASK_HARVEST_CROP,1,,
Easy_HarvestField_Chickpea,126,Easy,HarvestField,Chickpea,50,15;35;75;102,7;14;14;14;21,TID_FARM_PASS_TASK_HARVEST_CROP,1,,
Easy_HarvestField_Rice,127,Easy,HarvestField,Rice,50,15;35;75;102,7;14;14;14;21,TID_FARM_PASS_TASK_HARVEST_CROP,1,,
Easy_HarvestField_Cabbage,128,Easy,HarvestField,Cabbage,50,15;35;75;102,7;14;14;14;21,TID_FARM_PASS_TASK_HARVEST_CROP,1,,
Easy_HarvestField_Beetroot,129,Easy,HarvestField,Beetroot,50,15;35;75;102,7;14;14;14;21,TID_FARM_PASS_TASK_HARVEST_CROP,1,,
Easy_HarvestField_Eggplant,130,Easy,HarvestField,Eggplant,50,15;35;75;102,7;14;14;14;21,TID_FARM_PASS_TASK_HARVEST_CROP,1,,
Easy_HarvestField_Cucumber,131,Easy,HarvestField,Cucumber,50,15;35;75;102,7;14;14;14;21,TID_FARM_PASS_TASK_HARVEST_CROP,1,,
Easy_HarvestField_Pineapple,132,Easy,HarvestField,Pineapple,50,15;35;75;102,7;14;14;14;21,TID_FARM_PASS_TASK_HARVEST_CROP,1,,
Easy_HarvestField_Garlic,133,Easy,HarvestField,Garlic,50,15;35;75;102,7;14;14;14;21,TID_FARM_PASS_TASK_HARVEST_CROP,1,,
Easy_HarvestField_Sugarcane,134,Easy,HarvestField,Sugarcane,50,15;35;75;102,7;14;14;14;21,TID_FARM_PASS_TASK_HARVEST_CROP,1,,
Easy_HarvestField_Chamomile,135,Easy,HarvestField,Chamomile,50,15;35;75;102,8;16;24;24;24,TID_FARM_PASS_TASK_HARVEST_CROP,1,,
Easy_HarvestField_Mushroom,136,Easy,HarvestField,Mushroom,50,15;35;75;102,8;16;24;24;24,TID_FARM_PASS_TASK_HARVEST_CROP,1,,
Easy_HarvestField_Soybean,137,Easy,HarvestField,Soybean,50,15;35;75;102,8;16;24;24;24,TID_FARM_PASS_TASK_HARVEST_CROP,1,,
Easy_HarvestField_Carrot,138,Easy,HarvestField,Carrot,50,15;35;75;102,8;16;24;24;24,TID_FARM_PASS_TASK_HARVEST_CROP,1,,
Easy_HarvestField_Oats,139,Easy,HarvestField,Oats,50,15;35;75;102,8;16;24;24;24,TID_FARM_PASS_TASK_HARVEST_CROP,1,,
Easy_HarvestField_Corn,140,Easy,HarvestField,Corn,50,15;35;75;102,8;16;24;24;24,TID_FARM_PASS_TASK_HARVEST_CROP,1,,
Easy_HarvestField_Wheat,141,Easy,HarvestField,Wheat,50,15;35;75;102,8;16;24;24;24,TID_FARM_PASS_TASK_HARVEST_CROP,1,,
Easy_BuyFruitTree_AppleTree,142,Easy,BuyFruitTree,AppleTree,50,15;35;75;102,1;1;2;3;5,TID_TASK_PLANT_TREE,1,,
Easy_BuyFruitTree_CherryTree,143,Easy,BuyFruitTree,CherryTree,50,15;35;75;102,1;1;2;3;5,TID_TASK_PLANT_TREE,1,,
Easy_BuyFruitTree_RaspberryBush,144,Easy,BuyFruitTree,RaspberryBush,50,15;35;75;102,1;1;2;3;5,TID_TASK_PLANT_TREE,1,,
Easy_BuyFruitTree_BlackberryBush,145,Easy,BuyFruitTree,BlackberryBush,50,15;35;75;102,1;1;2;3;5,TID_TASK_PLANT_TREE,1,,
Easy_BuyFruitTree_CacaoTree,146,Easy,BuyFruitTree,CacaoTree,50,15;35;75;102,1;1;2;3;5,TID_TASK_PLANT_TREE,1,,
Easy_BuyFruitTree_CoffeeBush,147,Easy,BuyFruitTree,CoffeeBush,50,15;35;75;102,1;1;2;3;5,TID_TASK_PLANT_TREE,1,,
Easy_BuyFruitTree_OliveTree,148,Easy,BuyFruitTree,OliveTree,50,15;35;75;102,1;1;2;3;5,TID_TASK_PLANT_TREE,1,,
Easy_BuyFruitTree_LemonTree,149,Easy,BuyFruitTree,LemonTree,50,15;35;75;102,1;1;2;3;5,TID_TASK_PLANT_TREE,1,,
Easy_BuyFruitTree_PeachTree,150,Easy,BuyFruitTree,PeachTree,50,15;35;75;102,1;1;2;3;5,TID_TASK_PLANT_TREE,1,,
Easy_BuyFruitTree_OrangeTree,151,Easy,BuyFruitTree,OrangeTree,50,15;35;75;102,1;1;2;3;5,TID_TASK_PLANT_TREE,1,,
Easy_BuyFruitTree_BananaTree,152,Easy,BuyFruitTree,BananaTree,50,15;35;75;102,1;1;2;3;5,TID_TASK_PLANT_TREE,1,,
Easy_BuyFruitTree_PlumTree,153,Easy,BuyFruitTree,PlumTree,50,15;35;75;102,1;1;2;3;5,TID_TASK_PLANT_TREE,1,,
Easy_BuyFruitTree_MangoTree,154,Easy,BuyFruitTree,MangoTree,50,15;35;75;102,1;1;2;3;5,TID_TASK_PLANT_TREE,1,,
Easy_BuyFruitTree_CoconutTree,155,Easy,BuyFruitTree,CoconutTree,50,15;35;75;102,1;1;2;3;5,TID_TASK_PLANT_TREE,1,,
Easy_BuyFruitTree_GuavaTree,156,Easy,BuyFruitTree,GuavaTree,50,15;35;75;102,1;1;2;3;5,TID_TASK_PLANT_TREE,1,,
Easy_BuyFruitTree_PomegranateTree,157,Easy,BuyFruitTree,PomegranateTree,50,15;35;75;102,1;1;2;3;5,TID_TASK_PLANT_TREE,1,,
Easy_BuyFruitTree_BlueberryBush,158,Easy,BuyFruitTree,BlueberryBush,50,15;35;75;102,1;1;2;3;5,TID_TASK_PLANT_TREE,1,,
Easy_CompleteTruckOrder,159,Easy,CompleteTruckOrder,,50,15;35;75;102,1;2;3;4;6,TID_NEIGHBORHOOD_TASK_CAR_ORDER_DESCRIPTION,1,sc/icons.sc,nh_derby_task_car_order
Easy_UseMine,160,Easy,UseMine,,50,15;35;75;102,2;3;4;5;5,TID_STREAK_TASK_USE_MINE,0,sc/icons.sc,nh_derby_task_mine_order
Easy_CollectProduction_Diamond Ring,161,Easy,CollectProduction,Diamond Ring,50,15;35;75;102,1;1;1;1;1,TID_NEIGHBORHOOD_TASK_COLLECT_GOOD_DESCRIPTION,0,,
Easy_CollectProduction_Necklace,162,Easy,CollectProduction,Necklace,50,15;35;75;102,1;1;1;1;1,TID_NEIGHBORHOOD_TASK_COLLECT_GOOD_DESCRIPTION,1,,
Easy_CollectProduction_Flower Pendant,163,Easy,CollectProduction,Flower Pendant,50,15;35;75;102,1;1;1;1;1,TID_NEIGHBORHOOD_TASK_COLLECT_GOOD_DESCRIPTION,1,,
Easy_CollectProduction_Jelly Beans,164,Easy,CollectProduction,Jelly Beans,50,15;35;75;102,1;1;1;1;1,TID_NEIGHBORHOOD_TASK_COLLECT_GOOD_DESCRIPTION,1,,
Easy_CollectProduction_IronBracelet,165,Easy,CollectProduction,IronBracelet,50,15;35;75;102,1;1;1;1;1,TID_NEIGHBORHOOD_TASK_COLLECT_GOOD_DESCRIPTION,1,,
Easy_CollectProduction_Chocolate,166,Easy,CollectProduction,Chocolate,50,15;35;75;102,1;1;1;1;1,TID_NEIGHBORHOOD_TASK_COLLECT_GOOD_DESCRIPTION,1,,
Easy_CollectProduction_Bracelet,167,Easy,CollectProduction,Bracelet,50,15;35;75;102,1;1;1;1;1,TID_NEIGHBORHOOD_TASK_COLLECT_GOOD_DESCRIPTION,1,,
Easy_CollectProduction_Lollipop,168,Easy,CollectProduction,Lollipop,50,15;35;75;102,1;1;1;1;1,TID_NEIGHBORHOOD_TASK_COLLECT_GOOD_DESCRIPTION,1,,
Easy_CollectProduction_Marmelade,169,Easy,CollectProduction,Marmelade,50,15;35;75;102,1;1;1;1;1,TID_NEIGHBORHOOD_TASK_COLLECT_GOOD_DESCRIPTION,1,,
Easy_CollectProduction_Blackberry Jam,170,Easy,CollectProduction,Blackberry Jam,50,15;35;75;102,1;1;1;1;1,TID_NEIGHBORHOOD_TASK_COLLECT_GOOD_DESCRIPTION,1,,
Easy_CollectProduction_Chocolate fondue,171,Easy,CollectProduction,Chocolate fondue,50,15;35;75;102,1;1;1;1;1,TID_NEIGHBORHOOD_TASK_COLLECT_GOOD_DESCRIPTION,1,,
Easy_CollectProduction_Peach Jam,172,Easy,CollectProduction,Peach Jam,50,15;35;75;102,1;1;1;1;1,TID_NEIGHBORHOOD_TASK_COLLECT_GOOD_DESCRIPTION,1,,
Easy_CollectProduction_Blanket,173,Easy,CollectProduction,Blanket,50,15;35;75;102,1;1;1;1;1,TID_NEIGHBORHOOD_TASK_COLLECT_GOOD_DESCRIPTION,1,,
Easy_CollectProduction_Cherry Jam,174,Easy,CollectProduction,Cherry Jam,50,15;35;75;102,1;1;1;1;1,TID_NEIGHBORHOOD_TASK_COLLECT_GOOD_DESCRIPTION,1,,
Easy_CollectProduction_Blueberry Cheesecake,175,Easy,CollectProduction,Blueberry Cheesecake,50,15;35;75;102,1;1;1;1;1,TID_NEIGHBORHOOD_TASK_COLLECT_GOOD_DESCRIPTION,1,,
Easy_CollectProduction_Blueberry Chutney,176,Easy,CollectProduction,Blueberry Chutney,50,15;35;75;102,1;1;1;1;1,TID_NEIGHBORHOOD_TASK_COLLECT_GOOD_DESCRIPTION,1,,
Easy_CollectProduction_Guava Compote,177,Easy,CollectProduction,Guava Compote,50,15;35;75;102,1;1;1;1;1,TID_NEIGHBORHOOD_TASK_COLLECT_GOOD_DESCRIPTION,1,,
Easy_CollectProduction_Chili Fudge,178,Easy,CollectProduction,Chili Fudge,50,15;35;75;102,1;1;1;2;2,TID_NEIGHBORHOOD_TASK_COLLECT_GOOD_DESCRIPTION,1,,
Easy_CollectProduction_Chocolate Ice Cream,179,Easy,CollectProduction,Chocolate Ice Cream,50,15;35;75;102,1;1;1;2;2,TID_NEIGHBORHOOD_TASK_COLLECT_GOOD_DESCRIPTION,1,,
Easy_CollectProduction_Mint Fudge,180,Easy,CollectProduction,Mint Fudge,50,15;35;75;102,1;1;1;2;2,TID_NEIGHBORHOOD_TASK_COLLECT_GOOD_DESCRIPTION,1,,
Easy_CollectProduction_Chocolate Popcorn,181,Easy,CollectProduction,Chocolate Popcorn,50,15;35;75;102,1;1;1;2;2,TID_NEIGHBORHOOD_TASK_COLLECT_GOOD_DESCRIPTION,1,,
Easy_CollectProduction_MintIcecream,182,Easy,CollectProduction,MintIcecream,50,15;35;75;102,1;1;1;2;2,TID_NEIGHBORHOOD_TASK_COLLECT_GOOD_DESCRIPTION,1,,
Easy_CollectProduction_PlatinumBar,183,Easy,CollectProduction,PlatinumBar,50,15;35;75;102,1;1;1;1;1,TID_NEIGHBORHOOD_TASK_COLLECT_GOOD_DESCRIPTION,1,,
Easy_CollectProduction_Chocolate Cake,184,Easy,CollectProduction,Chocolate Cake,50,15;35;75;102,1;1;1;2;2,TID_NEIGHBORHOOD_TASK_COLLECT_GOOD_DESCRIPTION,1,,
Easy_CollectProduction_Pickles,185,Easy,CollectProduction,Pickles,50,15;35;75;102,1;1;1;1;1,TID_NEIGHBORHOOD_TASK_COLLECT_GOOD_DESCRIPTION,1,,
Easy_CollectProduction_Rich Fudge,186,Easy,CollectProduction,Rich Fudge,50,15;35;75;102,1;1;1;2;2,TID_NEIGHBORHOOD_TASK_COLLECT_GOOD_DESCRIPTION,1,,
Easy_CollectProduction_Cookie Cupcake,187,Easy,CollectProduction,Cookie Cupcake,50,15;35;75;102,1;1;1;1;1,TID_NEIGHBORHOOD_TASK_COLLECT_GOOD_DESCRIPTION,1,,
Easy_CollectProduction_Orange Sorbet,188,Easy,CollectProduction,Orange Sorbet,50,15;35;75;102,1;1;1;2;2,TID_NEIGHBORHOOD_TASK_COLLECT_GOOD_DESCRIPTION,1,,
Easy_CollectProduction_Chickpea Stew,189,Easy,CollectProduction,Chickpea Stew,50,15;35;75;102,2;2;2;3;3,TID_NEIGHBORHOOD_TASK_COLLECT_GOOD_DESCRIPTION,1,,
Easy_CollectProduction_Tropical Cupcake,190,Easy,CollectProduction,Tropical Cupcake,50,15;35;75;102,1;1;1;2;2,TID_NEIGHBORHOOD_TASK_COLLECT_GOOD_DESCRIPTION,1,,
Easy_CollectProduction_Berry Juice,191,Easy,CollectProduction,Berry Juice,50,15;35;75;102,1;1;1;2;2,TID_NEIGHBORHOOD_TASK_COLLECT_GOOD_DESCRIPTION,1,,
Easy_CollectProduction_Peanut Butter Milkshake,192,Easy,CollectProduction,Peanut Butter Milkshake,50,15;35;75;102,1;1;1;1;1,TID_NEIGHBORHOOD_TASK_COLLECT_GOOD_DESCRIPTION,1,,
Easy_CollectProduction_Rich soap,193,Easy,CollectProduction,Rich soap,50,15;35;75;102,2;2;2;3;3,TID_NEIGHBORHOOD_TASK_COLLECT_GOOD_DESCRIPTION,1,,
Easy_CollectProduction_Chocolate Roll,194,Easy,CollectProduction,Chocolate Roll,50,15;35;75;102,2;2;2;3;3,TID_NEIGHBORHOOD_TASK_COLLECT_GOOD_DESCRIPTION,1,,
Easy_CollectProduction_Peanut Fudge,195,Easy,CollectProduction,Peanut Fudge,50,15;35;75;102,1;1;1;1;1,TID_NEIGHBORHOOD_TASK_COLLECT_GOOD_DESCRIPTION,1,,
Easy_CollectProduction_Fruitcake,196,Easy,CollectProduction,Fruitcake,50,15;35;75;102,1;1;1;2;2,TID_NEIGHBORHOOD_TASK_COLLECT_GOOD_DESCRIPTION,1,,
Easy_CollectProduction_Dried Fruit,197,Easy,CollectProduction,Dried Fruit,50,15;35;75;102,1;1;1;2;2,TID_NEIGHBORHOOD_TASK_COLLECT_GOOD_DESCRIPTION,1,,
Easy_CollectProduction_Chocolate Pie,198,Easy,CollectProduction,Chocolate Pie,50,15;35;75;102,1;1;1;1;1,TID_NEIGHBORHOOD_TASK_COLLECT_GOOD_DESCRIPTION,1,,
Easy_CollectProduction_TropicalSmoothie,199,Easy,CollectProduction,TropicalSmoothie,50,15;35;75;102,2;2;3;3;4,TID_NEIGHBORHOOD_TASK_COLLECT_GOOD_DESCRIPTION,1,,
Easy_CollectProduction_Pineapple coconut bars,200,Easy,CollectProduction,Pineapple coconut bars,50,15;35;75;102,1;1;1;2;2,TID_NEIGHBORHOOD_TASK_COLLECT_GOOD_DESCRIPTION,1,,
Easy_CollectProduction_Peach Ice Cream,201,Easy,CollectProduction,Peach Ice Cream,50,15;35;75;102,1;1;1;2;2,TID_NEIGHBORHOOD_TASK_COLLECT_GOOD_DESCRIPTION,1,,
Easy_CollectProduction_Summer Salad,202,Easy,CollectProduction,Summer Salad,50,15;35;75;102,1;1;1;1;1,TID_NEIGHBORHOOD_TASK_COLLECT_GOOD_DESCRIPTION,1,,
Easy_CollectProduction_Honey Soap,203,Easy,CollectProduction,Honey Soap,50,15;35;75;102,1;1;1;1;1,TID_NEIGHBORHOOD_TASK_COLLECT_GOOD_DESCRIPTION,1,,
Easy_CollectProduction_Exfoliating Soap,204,Easy,CollectProduction,Exfoliating Soap,50,15;35;75;102,2;2;2;3;3,TID_NEIGHBORHOOD_TASK_COLLECT_GOOD_DESCRIPTION,1,,
Easy_CollectProduction_PlumJam,205,Easy,CollectProduction,PlumJam,50,15;35;75;102,1;1;1;1;1,TID_NEIGHBORHOOD_TASK_COLLECT_GOOD_DESCRIPTION,1,,
Easy_CollectProduction_Fresh porridge,206,Easy,CollectProduction,Fresh porridge,50,15;35;75;102,2;2;3;3;4,TID_NEIGHBORHOOD_TASK_COLLECT_GOOD_DESCRIPTION,1,,
Easy_CollectProduction_Macaroon,207,Easy,CollectProduction,Macaroon,50,15;35;75;102,2;2;2;3;3,TID_NEIGHBORHOOD_TASK_COLLECT_GOOD_DESCRIPTION,1,,
Easy_CollectProduction_Fruit Salad,208,Easy,CollectProduction,Fruit Salad,50,15;35;75;102,1;1;1;2;2,TID_NEIGHBORHOOD_TASK_COLLECT_GOOD_DESCRIPTION,1,,
Easy_CollectProduction_Guava Cupcake,209,Easy,CollectProduction,Guava Cupcake,50,15;35;75;102,2;2;2;3;3,TID_NEIGHBORHOOD_TASK_COLLECT_GOOD_DESCRIPTION,1,,
Easy_CollectProduction_Blueberry Muffin,210,Easy,CollectProduction,Blueberry Muffin,50,15;35;75;102,2;2;2;3;3,TID_NEIGHBORHOOD_TASK_COLLECT_GOOD_DESCRIPTION,1,,
Easy_CollectProduction_BananaSplit,211,Easy,CollectProduction,BananaSplit,50,15;35;75;102,1;1;1;2;2,TID_NEIGHBORHOOD_TASK_COLLECT_GOOD_DESCRIPTION,1,,
Easy_CollectProduction_White Chocolate Blueberry Waffle,212,Easy,CollectProduction,White Chocolate Blueberry Waffle,50,15;35;75;102,2;2;2;3;3,TID_NEIGHBORHOOD_TASK_COLLECT_GOOD_DESCRIPTION,1,,
Easy_CollectProduction_Cocoa smoothie,213,Easy,CollectProduction,Cocoa smoothie,50,15;35;75;102,2;2;2;3;3,TID_NEIGHBORHOOD_TASK_COLLECT_GOOD_DESCRIPTION,1,,
Easy_CollectProduction_Chocolate Waffles,214,Easy,CollectProduction,Chocolate Waffles,50,15;35;75;102,2;2;2;3;3,TID_NEIGHBORHOOD_TASK_COLLECT_GOOD_DESCRIPTION,1,,
Easy_CollectProduction_Coconut Ice Cream,215,Easy,CollectProduction,Coconut Ice Cream,50,15;35;75;102,2;2;2;3;3,TID_NEIGHBORHOOD_TASK_COLLECT_GOOD_DESCRIPTION,1,,
Easy_CollectProduction_Fruit Sorbet,216,Easy,CollectProduction,Fruit Sorbet,50,15;35;75;102,1;1;1;2;2,TID_NEIGHBORHOOD_TASK_COLLECT_GOOD_DESCRIPTION,1,,
Easy_CollectProduction_Guava Juice,217,Easy,CollectProduction,Guava Juice,50,15;35;75;102,2;2;3;3;4,TID_NEIGHBORHOOD_TASK_COLLECT_GOOD_DESCRIPTION,1,,
Easy_CollectProduction_Peach Tart,218,Easy,CollectProduction,Peach Tart,50,15;35;75;102,1;1;1;2;2,TID_NEIGHBORHOOD_TASK_COLLECT_GOOD_DESCRIPTION,1,,
Easy_CollectProduction_Pasta Salad,219,Easy,CollectProduction,Pasta Salad,50,15;35;75;102,1;1;1;2;2,TID_NEIGHBORHOOD_TASK_COLLECT_GOOD_DESCRIPTION,1,,
Easy_CollectProduction_Raspberry Mocha,220,Easy,CollectProduction,Raspberry Mocha,50,15;35;75;102,2;2;3;3;4,TID_NEIGHBORHOOD_TASK_COLLECT_GOOD_DESCRIPTION,1,,
Easy_CollectProduction_Crunchy donut,221,Easy,CollectProduction,Crunchy donut,50,15;35;75;102,1;1;1;1;1,TID_NEIGHBORHOOD_TASK_COLLECT_GOOD_DESCRIPTION,1,,
Easy_CollectProduction_Lobster Soup,222,Easy,CollectProduction,Lobster Soup,50,15;35;75;102,1;1;1;1;1,TID_NEIGHBORHOOD_TASK_COLLECT_GOOD_DESCRIPTION,1,,
Easy_CollectProduction_Hot Chocolate,223,Easy,CollectProduction,Hot Chocolate,50,15;35;75;102,2;2;2;3;3,TID_NEIGHBORHOOD_TASK_COLLECT_GOOD_DESCRIPTION,1,,
Easy_CollectProduction_Orange Juice,224,Easy,CollectProduction,Orange Juice,50,15;35;75;102,1;1;1;2;2,TID_NEIGHBORHOOD_TASK_COLLECT_GOOD_DESCRIPTION,1,,
Easy_CollectProduction_Sprinkles donut,225,Easy,CollectProduction,Sprinkles donut,50,15;35;75;102,2;2;3;3;4,TID_NEIGHBORHOOD_TASK_COLLECT_GOOD_DESCRIPTION,1,,
Easy_CollectProduction_Flower Shawl,226,Easy,CollectProduction,Flower Shawl,50,15;35;75;102,1;1;1;1;1,TID_NEIGHBORHOOD_TASK_COLLECT_GOOD_DESCRIPTION,1,,
Easy_CollectProduction_Mocha,227,Easy,CollectProduction,Mocha,50,15;35;75;102,2;2;3;3;4,TID_NEIGHBORHOOD_TASK_COLLECT_GOOD_DESCRIPTION,1,,
Easy_CollectProduction_Lemon Candle,228,Easy,CollectProduction,Lemon Candle,50,15;35;75;102,1;1;1;2;2,TID_NEIGHBORHOOD_TASK_COLLECT_GOOD_DESCRIPTION,1,,
Easy_CollectProduction_Fried Candy,229,Easy,CollectProduction,Fried Candy,50,15;35;75;102,1;1;1;1;1,TID_NEIGHBORHOOD_TASK_COLLECT_GOOD_DESCRIPTION,1,,
Easy_CollectProduction_Raspberry Jam,230,Easy,CollectProduction,Raspberry Jam,50,15;35;75;102,1;1;1;1;1,TID_NEIGHBORHOOD_TASK_COLLECT_GOOD_DESCRIPTION,1,,
Easy_CollectProduction_BerrySmoothie,231,Easy,CollectProduction,BerrySmoothie,50,15;35;75;102,2;2;2;3;3,TID_NEIGHBORHOOD_TASK_COLLECT_GOOD_DESCRIPTION,1,,
Easy_CollectProduction_Tea Pot,232,Easy,CollectProduction,Tea Pot,50,15;35;75;102,1;1;1;1;1,TID_NEIGHBORHOOD_TASK_COLLECT_GOOD_DESCRIPTION,1,,
Easy_CollectProduction_Lemon Fudge,233,Easy,CollectProduction,Lemon Fudge,50,15;35;75;102,1;1;1;2;2,TID_NEIGHBORHOOD_TASK_COLLECT_GOOD_DESCRIPTION,1,,
Easy_CollectProduction_BananaPancakes,234,Easy,CollectProduction,BananaPancakes,50,15;35;75;102,2;2;2;3;3,TID_NEIGHBORHOOD_TASK_COLLECT_GOOD_DESCRIPTION,1,,
Easy_CollectProduction_Tropical Yoghurt,235,Easy,CollectProduction,Tropical Yoghurt,50,15;35;75;102,1;1;1;2;2,TID_NEIGHBORHOOD_TASK_COLLECT_GOOD_DESCRIPTION,1,,
Easy_CollectProduction_Cherry Juice,236,Easy,CollectProduction,Cherry Juice,50,15;35;75;102,1;1;1;2;2,TID_NEIGHBORHOOD_TASK_COLLECT_GOOD_DESCRIPTION,1,,
Easy_CollectProduction_Mango Juice,237,Easy,CollectProduction,Mango Juice,50,15;35;75;102,2;2;3;3;4,TID_NEIGHBORHOOD_TASK_COLLECT_GOOD_DESCRIPTION,1,,
Easy_CollectProduction_Breakfast Bowl,238,Easy,CollectProduction,Breakfast Bowl,50,15;35;75;102,1;1;1;2;2,TID_NEIGHBORHOOD_TASK_COLLECT_GOOD_DESCRIPTION,1,,
Easy_CollectProduction_Blackberry Muffin,239,Easy,CollectProduction,Blackberry Muffin,50,15;35;75;102,2;2;2;3;3,TID_NEIGHBORHOOD_TASK_COLLECT_GOOD_DESCRIPTION,1,,
Easy_CollectProduction_Fish Taco,240,Easy,CollectProduction,Fish Taco,50,15;35;75;102,1;1;1;2;2,TID_NEIGHBORHOOD_TASK_COLLECT_GOOD_DESCRIPTION,1,,
Easy_CollectProduction_Face Mask,241,Easy,CollectProduction,Face Mask,50,15;35;75;102,2;2;2;3;3,TID_NEIGHBORHOOD_TASK_COLLECT_GOOD_DESCRIPTION,1,,
Easy_CollectProduction_Pomegranate Cake,242,Easy,CollectProduction,Pomegranate Cake,50,15;35;75;102,1;1;1;2;2,TID_NEIGHBORHOOD_TASK_COLLECT_GOOD_DESCRIPTION,1,,
Easy_CollectProduction_Tropical fondue,243,Easy,CollectProduction,Tropical fondue,50,15;35;75;102,2;2;2;3;3,TID_NEIGHBORHOOD_TASK_COLLECT_GOOD_DESCRIPTION,1,,
Easy_CollectProduction_Berry Waffles,244,Easy,CollectProduction,Berry Waffles,50,15;35;75;102,1;1;1;2;2,TID_NEIGHBORHOOD_TASK_COLLECT_GOOD_DESCRIPTION,1,,
Easy_CollectProduction_Grilled Asparagus,245,Easy,CollectProduction,Grilled Asparagus,50,15;35;75;102,1;1;1;1;1,TID_NEIGHBORHOOD_TASK_COLLECT_GOOD_DESCRIPTION,1,,
Easy_CollectProduction_Lemon Lotion,246,Easy,CollectProduction,Lemon Lotion,50,15;35;75;102,1;1;1;2;2,TID_NEIGHBORHOOD_TASK_COLLECT_GOOD_DESCRIPTION,1,,
Easy_CollectProduction_Orange Salad,247,Easy,CollectProduction,Orange Salad,50,15;35;75;102,2;2;2;3;3,TID_NEIGHBORHOOD_TASK_COLLECT_GOOD_DESCRIPTION,1,,
Easy_CollectProduction_Orange Tea,248,Easy,CollectProduction,Orange Tea,50,15;35;75;102,2;2;3;3;4,TID_NEIGHBORHOOD_TASK_COLLECT_GOOD_DESCRIPTION,1,,
Easy_CollectProduction_Fruity Milkshake,249,Easy,CollectProduction,Fruity Milkshake,50,15;35;75;102,1;1;1;2;2,TID_NEIGHBORHOOD_TASK_COLLECT_GOOD_DESCRIPTION,1,,
Easy_CollectProduction_MixedSmoothie,250,Easy,CollectProduction,MixedSmoothie,50,15;35;75;102,2;2;3;3;4,TID_NEIGHBORHOOD_TASK_COLLECT_GOOD_DESCRIPTION,1,,
Easy_CollectProduction_GreenSmoothie,251,Easy,CollectProduction,GreenSmoothie,50,15;35;75;102,2;2;3;3;4,TID_NEIGHBORHOOD_TASK_COLLECT_GOOD_DESCRIPTION,1,,
Easy_CollectProduction_Sweet porridge,252,Easy,CollectProduction,Sweet porridge,50,15;35;75;102,2;2;2;3;3,TID_NEIGHBORHOOD_TASK_COLLECT_GOOD_DESCRIPTION,1,,
Easy_CollectProduction_Olive Dip,253,Easy,CollectProduction,Olive Dip,50,15;35;75;102,2;2;3;3;4,TID_NEIGHBORHOOD_TASK_COLLECT_GOOD_DESCRIPTION,1,,
Easy_CollectProduction_Hummus,254,Easy,CollectProduction,Hummus,50,15;35;75;102,2;2;3;3;4,TID_NEIGHBORHOOD_TASK_COLLECT_GOOD_DESCRIPTION,1,,
Easy_CollectProduction_Tomato Sauce,255,Easy,CollectProduction,Tomato Sauce,50,15;35;75;102,2;2;3;3;4,TID_NEIGHBORHOOD_TASK_COLLECT_GOOD_DESCRIPTION,1,,
Easy_CollectProduction_Ice Tea,256,Easy,CollectProduction,Ice Tea,50,15;35;75;102,2;2;3;3;4,TID_NEIGHBORHOOD_TASK_COLLECT_GOOD_DESCRIPTION,1,,
Easy_CollectProduction_Pineapple Cake,257,Easy,CollectProduction,Pineapple Cake,50,15;35;75;102,2;2;2;3;3,TID_NEIGHBORHOOD_TASK_COLLECT_GOOD_DESCRIPTION,1,,
Easy_CollectProduction_Lemon Curd,258,Easy,CollectProduction,Lemon Curd,50,15;35;75;102,2;2;2;3;3,TID_NEIGHBORHOOD_TASK_COLLECT_GOOD_DESCRIPTION,1,,
Easy_CollectProduction_Apple Jam,259,Easy,CollectProduction,Apple Jam,50,15;35;75;102,1;1;1;1;1,TID_NEIGHBORHOOD_TASK_COLLECT_GOOD_DESCRIPTION,1,,
Easy_CollectProduction_Apple porridge,260,Easy,CollectProduction,Apple porridge,50,15;35;75;102,1;1;1;1;1,TID_NEIGHBORHOOD_TASK_COLLECT_GOOD_DESCRIPTION,1,,
Easy_CollectProduction_Lemon Tea,261,Easy,CollectProduction,Lemon Tea,50,15;35;75;102,3;3;4;4;5,TID_NEIGHBORHOOD_TASK_COLLECT_GOOD_DESCRIPTION,1,,
Easy_CollectProduction_YogurtSmoothie,262,Easy,CollectProduction,YogurtSmoothie,50,15;35;75;102,2;2;2;3;3,TID_NEIGHBORHOOD_TASK_COLLECT_GOOD_DESCRIPTION,1,,
Easy_CollectProduction_Berry Cake,263,Easy,CollectProduction,Berry Cake,50,15;35;75;102,2;2;2;3;3,TID_NEIGHBORHOOD_TASK_COLLECT_GOOD_DESCRIPTION,1,,
Easy_CollectProduction_Lemon essential oil,264,Easy,CollectProduction,Lemon essential oil,50,15;35;75;102,3;3;4;4;5,TID_NEIGHBORHOOD_TASK_COLLECT_GOOD_DESCRIPTION,1,,
Easy_CollectProduction_GoldBar,265,Easy,CollectProduction,GoldBar,50,15;35;75;102,1;1;1;1;1,TID_NEIGHBORHOOD_TASK_COLLECT_GOOD_DESCRIPTION,1,,
Easy_CollectProduction_Lobster Meat,266,Easy,CollectProduction,Lobster Meat,50,15;35;75;102,1;1;1;1;1,TID_NEIGHBORHOOD_TASK_COLLECT_GOOD_DESCRIPTION,1,,
Easy_CollectProduction_Pillow,267,Easy,CollectProduction,Pillow,50,15;35;75;102,1;1;1;1;1,TID_NEIGHBORHOOD_TASK_COLLECT_GOOD_DESCRIPTION,1,,
Easy_CollectProduction_SesameSmoothie,268,Easy,CollectProduction,SesameSmoothie,50,15;35;75;102,1;1;1;1;1,TID_NEIGHBORHOOD_TASK_COLLECT_GOOD_DESCRIPTION,1,,
Easy_CollectProduction_BananaBread,269,Easy,CollectProduction,BananaBread,50,15;35;75;102,2;2;3;3;4,TID_NEIGHBORHOOD_TASK_COLLECT_GOOD_DESCRIPTION,1,,
Easy_CollectProduction_BananaLatte,270,Easy,CollectProduction,BananaLatte,50,15;35;75;102,2;2;2;3;3,TID_NEIGHBORHOOD_TASK_COLLECT_GOOD_DESCRIPTION,1,,
Easy_CollectProduction_Strawberry Jam,271,Easy,CollectProduction,Strawberry Jam,50,15;35;75;102,1;1;1;1;1,TID_NEIGHBORHOOD_TASK_COLLECT_GOOD_DESCRIPTION,1,,
Easy_CollectProduction_Pomegranate Tea,272,Easy,CollectProduction,Pomegranate Tea,50,15;35;75;102,2;2;3;3;4,TID_NEIGHBORHOOD_TASK_COLLECT_GOOD_DESCRIPTION,1,,
Easy_CollectProduction_GreekSalad,273,Easy,CollectProduction,GreekSalad,50,15;35;75;102,1;1;1;1;1,TID_NEIGHBORHOOD_TASK_COLLECT_GOOD_DESCRIPTION,1,,
Easy_CollectProduction_Rice Ball,274,Easy,CollectProduction,Rice Ball,50,15;35;75;102,2;2;3;3;4,TID_NEIGHBORHOOD_TASK_COLLECT_GOOD_DESCRIPTION,1,,
Easy_CollectProduction_Canned Fish,275,Easy,CollectProduction,Canned Fish,50,15;35;75;102,1;1;1;1;1,TID_NEIGHBORHOOD_TASK_COLLECT_GOOD_DESCRIPTION,1,,
Easy_CollectProduction_PlumSmoothie,276,Easy,CollectProduction,PlumSmoothie,50,15;35;75;102,2;2;3;3;4,TID_NEIGHBORHOOD_TASK_COLLECT_GOOD_DESCRIPTION,1,,
Easy_CollectProduction_OliveOil,277,Easy,CollectProduction,OliveOil,50,15;35;75;102,2;2;3;3;4,TID_NEIGHBORHOOD_TASK_COLLECT_GOOD_DESCRIPTION,1,,
Easy_CollectProduction_Caramel latte,278,Easy,CollectProduction,Caramel latte,50,15;35;75;102,2;2;2;3;3,TID_NEIGHBORHOOD_TASK_COLLECT_GOOD_DESCRIPTION,1,,
Easy_CollectProduction_Latte,279,Easy,CollectProduction,Latte,50,15;35;75;102,2;2;3;3;4,TID_NEIGHBORHOOD_TASK_COLLECT_GOOD_DESCRIPTION,1,,
Easy_CollectProduction_Espreso,280,Easy,CollectProduction,Espreso,50,15;35;75;102,2;2;3;3;4,TID_NEIGHBORHOOD_TASK_COLLECT_GOOD_DESCRIPTION,1,,
Easy_CollectProduction_Fish Soup,281,Easy,CollectProduction,Fish Soup,50,15;35;75;102,1;1;1;2;2,TID_NEIGHBORHOOD_TASK_COLLECT_GOOD_DESCRIPTION,1,,
Easy_CollectProduction_Honey Apple Cake,282,Easy,CollectProduction,Honey Apple Cake,50,15;35;75;102,1;1;1;1;1,TID_NEIGHBORHOOD_TASK_COLLECT_GOOD_DESCRIPTION,1,,
Easy_CollectProduction_SunHat,283,Easy,CollectProduction,SunHat,50,15;35;75;102,1;1;1;1;1,TID_NEIGHBORHOOD_TASK_COLLECT_GOOD_DESCRIPTION,1,,
Easy_CollectProduction_TopHat,284,Easy,CollectProduction,TopHat,50,15;35;75;102,1;1;1;1;1,TID_NEIGHBORHOOD_TASK_COLLECT_GOOD_DESCRIPTION,1,,
Easy_CollectProduction_Violet Dress,285,Easy,CollectProduction,Violet Dress,50,15;35;75;102,1;1;1;2;2,TID_NEIGHBORHOOD_TASK_COLLECT_GOOD_DESCRIPTION,1,,
Easy_CollectProduction_Party Candle,286,Easy,CollectProduction,Party Candle,50,15;35;75;102,1;1;1;2;2,TID_NEIGHBORHOOD_TASK_COLLECT_GOOD_DESCRIPTION,1,,
Easy_CollectProduction_Fishburger,287,Easy,CollectProduction,Fishburger,50,15;35;75;102,1;1;1;2;2,TID_NEIGHBORHOOD_TASK_COLLECT_GOOD_DESCRIPTION,1,,
Easy_CollectProduction_Raspberry Candle,288,Easy,CollectProduction,Raspberry Candle,50,15;35;75;102,1;1;1;2;2,TID_NEIGHBORHOOD_TASK_COLLECT_GOOD_DESCRIPTION,1,,
Easy_CollectProduction_Apple Pie,289,Easy,CollectProduction,Apple Pie,50,15;35;75;102,1;1;1;1;1,TID_NEIGHBORHOOD_TASK_COLLECT_GOOD_DESCRIPTION,1,,
Easy_CollectProduction_Kimchi,290,Easy,CollectProduction,Kimchi,50,15;35;75;102,1;1;1;1;1,TID_NEIGHBORHOOD_TASK_COLLECT_GOOD_DESCRIPTION,1,,
Easy_CollectProduction_SeafoodSalad,291,Easy,CollectProduction,SeafoodSalad,50,15;35;75;102,1;1;1;1;1,TID_NEIGHBORHOOD_TASK_COLLECT_GOOD_DESCRIPTION,1,,
Easy_CollectProduction_Spicy fish,292,Easy,CollectProduction,Spicy fish,50,15;35;75;102,1;1;1;2;2,TID_NEIGHBORHOOD_TASK_COLLECT_GOOD_DESCRIPTION,1,,
Easy_CollectProduction_Big sushi roll,293,Easy,CollectProduction,Big sushi roll,50,15;35;75;102,2;2;2;3;3,TID_NEIGHBORHOOD_TASK_COLLECT_GOOD_DESCRIPTION,1,,
Easy_CollectProduction_Caramel Apple,294,Easy,CollectProduction,Caramel Apple,50,15;35;75;102,1;1;1;1;1,TID_NEIGHBORHOOD_TASK_COLLECT_GOOD_DESCRIPTION,1,,
Easy_CollectProduction_Apple Juice,295,Easy,CollectProduction,Apple Juice,50,15;35;75;102,1;1;1;2;2,TID_NEIGHBORHOOD_TASK_COLLECT_GOOD_DESCRIPTION,1,,
Easy_CollectProduction_Fish and Chips,296,Easy,CollectProduction,Fish and Chips,50,15;35;75;102,2;2;2;3;3,TID_NEIGHBORHOOD_TASK_COLLECT_GOOD_DESCRIPTION,1,,
Easy_CollectProduction_Strawberry Yoghurt,297,Easy,CollectProduction,Strawberry Yoghurt,50,15;35;75;102,1;1;1;1;1,TID_NEIGHBORHOOD_TASK_COLLECT_GOOD_DESCRIPTION,1,,
Easy_CollectProduction_SilverBar,298,Easy,CollectProduction,SilverBar,50,15;35;75;102,1;1;1;1;1,TID_NEIGHBORHOOD_TASK_COLLECT_GOOD_DESCRIPTION,1,,
Easy_CollectProduction_Strawberry Ice Cream,299,Easy,CollectProduction,Strawberry Ice Cream,50,15;35;75;102,1;1;1;1;1,TID_NEIGHBORHOOD_TASK_COLLECT_GOOD_DESCRIPTION,1,,
Easy_CollectProduction_Lobster Pasta,300,Easy,CollectProduction,Lobster Pasta,50,15;35;75;102,1;1;1;1;1,TID_NEIGHBORHOOD_TASK_COLLECT_GOOD_DESCRIPTION,1,,
Easy_CollectProduction_Grape Jam,301,Easy,CollectProduction,Grape Jam,50,15;35;75;102,1;1;1;1;1,TID_NEIGHBORHOOD_TASK_COLLECT_GOOD_DESCRIPTION,1,,
Easy_CollectProduction_Raspberry Muffin,302,Easy,CollectProduction,Raspberry Muffin,50,15;35;75;102,2;2;2;3;3,TID_NEIGHBORHOOD_TASK_COLLECT_GOOD_DESCRIPTION,1,,
Easy_CollectProduction_MintTea,303,Easy,CollectProduction,MintTea,50,15;35;75;102,2;2;3;3;4,TID_NEIGHBORHOOD_TASK_COLLECT_GOOD_DESCRIPTION,1,,
Easy_CollectProduction_Salsa,304,Easy,CollectProduction,Salsa,50,15;35;75;102,3;3;4;4;5,TID_NEIGHBORHOOD_TASK_COLLECT_GOOD_DESCRIPTION,1,,
Easy_CollectProduction_Filled donut,305,Easy,CollectProduction,Filled donut,50,15;35;75;102,1;1;1;1;1,TID_NEIGHBORHOOD_TASK_COLLECT_GOOD_DESCRIPTION,1,,
Easy_CollectProduction_Fancy Cake,306,Easy,CollectProduction,Fancy Cake,50,15;35;75;102,1;1;1;2;2,TID_NEIGHBORHOOD_TASK_COLLECT_GOOD_DESCRIPTION,1,,
Easy_CollectProduction_PBJ Sandwich,307,Easy,CollectProduction,PBJ Sandwich,50,15;35;75;102,1;1;1;1;1,TID_NEIGHBORHOOD_TASK_COLLECT_GOOD_DESCRIPTION,1,,
Easy_CollectProduction_FishSkewer,308,Easy,CollectProduction,FishSkewer,50,15;35;75;102,2;2;3;3;4,TID_NEIGHBORHOOD_TASK_COLLECT_GOOD_DESCRIPTION,1,,
Easy_CollectProduction_VeggieDip,309,Easy,CollectProduction,VeggieDip,50,15;35;75;102,1;1;1;2;2,TID_NEIGHBORHOOD_TASK_COLLECT_GOOD_DESCRIPTION,1,,
Easy_CollectProduction_Mug,310,Easy,CollectProduction,Mug,50,15;35;75;102,1;1;1;2;2,TID_NEIGHBORHOOD_TASK_COLLECT_GOOD_DESCRIPTION,1,,
Easy_CollectProduction_Fish Pie,311,Easy,CollectProduction,Fish Pie,50,15;35;75;102,1;1;1;2;2,TID_NEIGHBORHOOD_TASK_COLLECT_GOOD_DESCRIPTION,1,,
Easy_CollectProduction_Strawberry Cake,312,Easy,CollectProduction,Strawberry Cake,50,15;35;75;102,1;1;1;2;2,TID_NEIGHBORHOOD_TASK_COLLECT_GOOD_DESCRIPTION,1,,
Easy_CollectProduction_IronBar,313,Easy,CollectProduction,IronBar,50,15;35;75;102,1;1;1;1;1,TID_NEIGHBORHOOD_TASK_COLLECT_GOOD_DESCRIPTION,1,,
Easy_CollectProduction_Cheese omelet,314,Easy,CollectProduction,Cheese omelet,50,15;35;75;102,1;1;1;2;2,TID_NEIGHBORHOOD_TASK_COLLECT_GOOD_DESCRIPTION,1,,
Easy_CollectProduction_LobsterSushi,315,Easy,CollectProduction,LobsterSushi,50,15;35;75;102,1;1;1;1;1,TID_NEIGHBORHOOD_TASK_COLLECT_GOOD_DESCRIPTION,1,,
Easy_CollectProduction_GingerTea,316,Easy,CollectProduction,GingerTea,50,15;35;75;102,2;2;3;3;4,TID_NEIGHBORHOOD_TASK_COLLECT_GOOD_DESCRIPTION,1,,
Easy_CollectProduction_PotatoSoup,317,Easy,CollectProduction,PotatoSoup,50,15;35;75;102,1;1;1;2;2,TID_NEIGHBORHOOD_TASK_COLLECT_GOOD_DESCRIPTION,1,,
Easy_CollectProduction_Winter Stew,318,Easy,CollectProduction,Winter Stew,50,15;35;75;102,1;1;1;1;1,TID_NEIGHBORHOOD_TASK_COLLECT_GOOD_DESCRIPTION,1,,
Easy_CollectProduction_Lobster Skewer,319,Easy,CollectProduction,Lobster Skewer,50,15;35;75;102,1;1;1;1;1,TID_NEIGHBORHOOD_TASK_COLLECT_GOOD_DESCRIPTION,1,,
Easy_CollectProduction_Blue Sweater,320,Easy,CollectProduction,Blue Sweater,50,15;35;75;102,1;1;1;1;1,TID_NEIGHBORHOOD_TASK_COLLECT_GOOD_DESCRIPTION,1,,
Easy_CollectProduction_Chili Stew,321,Easy,CollectProduction,Chili Stew,50,15;35;75;102,1;1;1;1;1,TID_NEIGHBORHOOD_TASK_COLLECT_GOOD_DESCRIPTION,1,,
Easy_CollectProduction_Tomato Soup,322,Easy,CollectProduction,Tomato Soup,50,15;35;75;102,1;1;1;2;2,TID_NEIGHBORHOOD_TASK_COLLECT_GOOD_DESCRIPTION,1,,
Easy_CollectProduction_Red Scarf,323,Easy,CollectProduction,Red Scarf,50,15;35;75;102,1;1;1;1;1,TID_NEIGHBORHOOD_TASK_COLLECT_GOOD_DESCRIPTION,1,,
Easy_CollectProduction_SushiRoll,324,Easy,CollectProduction,SushiRoll,50,15;35;75;102,1;1;1;1;1,TID_NEIGHBORHOOD_TASK_COLLECT_GOOD_DESCRIPTION,1,,
Easy_CollectProduction_Hand Pies,325,Easy,CollectProduction,Hand Pies,50,15;35;75;102,1;1;1;1;1,TID_NEIGHBORHOOD_TASK_COLLECT_GOOD_DESCRIPTION,1,,
Easy_CollectProduction_Goat Cheese,326,Easy,CollectProduction,Goat Cheese,50,15;35;75;102,1;1;1;1;1,TID_NEIGHBORHOOD_TASK_COLLECT_GOOD_DESCRIPTION,1,,
Easy_CollectProduction_Frutti di Mare Pizza,327,Easy,CollectProduction,Frutti di Mare Pizza,50,15;35;75;102,1;1;1;1;1,TID_NEIGHBORHOOD_TASK_COLLECT_GOOD_DESCRIPTION,1,,
Easy_CollectProduction_Broccoli Soup,328,Easy,CollectProduction,Broccoli Soup,50,15;35;75;102,2;2;2;3;3,TID_NEIGHBORHOOD_TASK_COLLECT_GOOD_DESCRIPTION,1,,
Easy_CollectProduction_Gnocchi,329,Easy,CollectProduction,Gnocchi,50,15;35;75;102,1;1;1;2;2,TID_NEIGHBORHOOD_TASK_COLLECT_GOOD_DESCRIPTION,1,,
Easy_CollectProduction_Falafel,330,Easy,CollectProduction,Falafel,50,15;35;75;102,2;2;3;3;4,TID_NEIGHBORHOOD_TASK_COLLECT_GOOD_DESCRIPTION,1,,
Easy_CollectProduction_MushroomPasta,331,Easy,CollectProduction,MushroomPasta,50,15;35;75;102,1;1;1;1;1,TID_NEIGHBORHOOD_TASK_COLLECT_GOOD_DESCRIPTION,1,,
Easy_CollectProduction_CoalBar,332,Easy,CollectProduction,CoalBar,50,15;35;75;102,1;1;1;1;1,TID_NEIGHBORHOOD_TASK_COLLECT_GOOD_DESCRIPTION,1,,
Easy_CollectProduction_Strawberry Candle,333,Easy,CollectProduction,Strawberry Candle,50,15;35;75;102,1;1;1;2;2,TID_NEIGHBORHOOD_TASK_COLLECT_GOOD_DESCRIPTION,1,,
Easy_CollectProduction_ClocheHat,334,Easy,CollectProduction,ClocheHat,50,15;35;75;102,1;1;1;1;1,TID_NEIGHBORHOOD_TASK_COLLECT_GOOD_DESCRIPTION,1,,
Easy_CollectProduction_Spicy spaghetti,335,Easy,CollectProduction,Spicy spaghetti,50,15;35;75;102,1;1;1;2;2,TID_NEIGHBORHOOD_TASK_COLLECT_GOOD_DESCRIPTION,1,,
Easy_CollectProduction_Passion Fruit Jam,336,Easy,CollectProduction,Passion Fruit Jam,50,15;35;75;102,1;1;1;1;1,TID_NEIGHBORHOOD_TASK_COLLECT_GOOD_DESCRIPTION,1,,
Easy_CollectProduction_Floral candle,337,Easy,CollectProduction,Floral candle,50,15;35;75;102,1;1;1;2;2,TID_NEIGHBORHOOD_TASK_COLLECT_GOOD_DESCRIPTION,1,,
Easy_CollectProduction_Snack Mix,338,Easy,CollectProduction,Snack Mix,50,15;35;75;102,1;1;1;1;1,TID_NEIGHBORHOOD_TASK_COLLECT_GOOD_DESCRIPTION,1,,
Easy_CollectProduction_Peanut noodles,339,Easy,CollectProduction,Peanut noodles,50,15;35;75;102,1;1;1;1;1,TID_NEIGHBORHOOD_TASK_COLLECT_GOOD_DESCRIPTION,1,,
Easy_CollectProduction_Onion Dog,340,Easy,CollectProduction,Onion Dog,50,15;35;75;102,1;1;1;1;1,TID_NEIGHBORHOOD_TASK_COLLECT_GOOD_DESCRIPTION,1,,
Easy_CollectProduction_CandiedPeanuts,341,Easy,CollectProduction,CandiedPeanuts,50,15;35;75;102,1;1;1;1;1,TID_NEIGHBORHOOD_TASK_COLLECT_GOOD_DESCRIPTION,1,,
Easy_CollectProduction_Tofu Dog,342,Easy,CollectProduction,Tofu Dog,50,15;35;75;102,2;2;3;3;4,TID_NEIGHBORHOOD_TASK_COLLECT_GOOD_DESCRIPTION,1,,
Easy_CollectProduction_Sweater,343,Easy,CollectProduction,Sweater,50,15;35;75;102,1;1;1;1;1,TID_NEIGHBORHOOD_TASK_COLLECT_GOOD_DESCRIPTION,1,,
Easy_CollectProduction_Samosa,344,Easy,CollectProduction,Samosa,50,15;35;75;102,2;2;2;3;3,TID_NEIGHBORHOOD_TASK_COLLECT_GOOD_DESCRIPTION,1,,
Easy_CollectProduction_Cherry Popsicle,345,Easy,CollectProduction,Cherry Popsicle,50,15;35;75;102,1;1;1;1;1,TID_NEIGHBORHOOD_TASK_COLLECT_GOOD_DESCRIPTION,1,,
Easy_CollectProduction_VeggieBagel,346,Easy,CollectProduction,VeggieBagel,50,15;35;75;102,2;2;2;3;3,TID_NEIGHBORHOOD_TASK_COLLECT_GOOD_DESCRIPTION,1,,
Easy_CollectProduction_Bacon Pie,347,Easy,CollectProduction,Bacon Pie,50,15;35;75;102,1;1;1;1;1,TID_NEIGHBORHOOD_TASK_COLLECT_GOOD_DESCRIPTION,1,,
Easy_CollectProduction_Plant pot,348,Easy,CollectProduction,Plant pot,50,15;35;75;102,1;1;1;2;2,TID_NEIGHBORHOOD_TASK_COLLECT_GOOD_DESCRIPTION,1,,
Easy_CollectProduction_Spicy Pizza,349,Easy,CollectProduction,Spicy Pizza,50,15;35;75;102,2;2;2;3;3,TID_NEIGHBORHOOD_TASK_COLLECT_GOOD_DESCRIPTION,1,,
Easy_CollectProduction_FlowerCrown,350,Easy,CollectProduction,FlowerCrown,50,15;35;75;102,1;1;1;2;2,TID_NEIGHBORHOOD_TASK_COLLECT_GOOD_DESCRIPTION,1,,
Easy_CollectProduction_PepperSoup,351,Easy,CollectProduction,PepperSoup,50,15;35;75;102,2;2;2;3;3,TID_NEIGHBORHOOD_TASK_COLLECT_GOOD_DESCRIPTION,1,,
Easy_CollectProduction_Wooly Pants,352,Easy,CollectProduction,Wooly Pants,50,15;35;75;102,1;1;1;1;1,TID_NEIGHBORHOOD_TASK_COLLECT_GOOD_DESCRIPTION,1,,
Easy_CollectProduction_Tofu stir fry,353,Easy,CollectProduction,Tofu stir fry,50,15;35;75;102,2;2;2;3;3,TID_NEIGHBORHOOD_TASK_COLLECT_GOOD_DESCRIPTION,1,,
Easy_CollectProduction_Shepherds Pie,354,Easy,CollectProduction,Shepherds Pie,50,15;35;75;102,1;1;1;1;1,TID_NEIGHBORHOOD_TASK_COLLECT_GOOD_DESCRIPTION,1,,
Easy_CollectProduction_Asparagus Quiche,355,Easy,CollectProduction,Asparagus Quiche,50,15;35;75;102,1;1;1;2;2,TID_NEIGHBORHOOD_TASK_COLLECT_GOOD_DESCRIPTION,1,,
Easy_CollectProduction_EggRoll,356,Easy,CollectProduction,EggRoll,50,15;35;75;102,1;1;1;1;1,TID_NEIGHBORHOOD_TASK_COLLECT_GOOD_DESCRIPTION,1,,
Easy_CollectProduction_Duck Down,357,Easy,CollectProduction,Duck Down,50,15;35;75;102,1;1;1;1;1,TID_NEIGHBORHOOD_TASK_COLLECT_GOOD_DESCRIPTION,1,,
Easy_CollectProduction_Onion Soup,358,Easy,CollectProduction,Onion Soup,50,15;35;75;102,1;1;1;2;2,TID_NEIGHBORHOOD_TASK_COLLECT_GOOD_DESCRIPTION,1,,
Easy_CollectProduction_Cheese Cake,359,Easy,CollectProduction,Cheese Cake,50,15;35;75;102,1;1;1;1;1,TID_NEIGHBORHOOD_TASK_COLLECT_GOOD_DESCRIPTION,1,,
Easy_CollectProduction_Pasta Carbonara,360,Easy,CollectProduction,Pasta Carbonara,50,15;35;75;102,1;1;1;1;1,TID_NEIGHBORHOOD_TASK_COLLECT_GOOD_DESCRIPTION,1,,
Easy_CollectProduction_Summer Rolls,361,Easy,CollectProduction,Summer Rolls,50,15;35;75;102,2;2;2;3;3,TID_NEIGHBORHOOD_TASK_COLLECT_GOOD_DESCRIPTION,1,,
Easy_CollectProduction_MushroomSalad,362,Easy,CollectProduction,MushroomSalad,50,15;35;75;102,1;1;1;1;1,TID_NEIGHBORHOOD_TASK_COLLECT_GOOD_DESCRIPTION,1,,
Easy_CollectProduction_Blue Woolly Hat,363,Easy,CollectProduction,Blue Woolly Hat,50,15;35;75;102,1;1;1;1;1,TID_NEIGHBORHOOD_TASK_COLLECT_GOOD_DESCRIPTION,1,,
Easy_CollectProduction_Cotton Candy,364,Easy,CollectProduction,Cotton Candy,50,15;35;75;102,1;1;1;2;2,TID_NEIGHBORHOOD_TASK_COLLECT_GOOD_DESCRIPTION,1,,
Easy_CollectProduction_Tomato Juice,365,Easy,CollectProduction,Tomato Juice,50,15;35;75;102,2;2;2;3;3,TID_NEIGHBORHOOD_TASK_COLLECT_GOOD_DESCRIPTION,1,,
Easy_CollectProduction_Roasted Tomatoes,366,Easy,CollectProduction,Roasted Tomatoes,50,15;35;75;102,2;2;2;3;3,TID_NEIGHBORHOOD_TASK_COLLECT_GOOD_DESCRIPTION,1,,
Easy_CollectProduction_Loaded Fries,367,Easy,CollectProduction,Loaded Fries,50,15;35;75;102,1;1;1;2;2,TID_NEIGHBORHOOD_TASK_COLLECT_GOOD_DESCRIPTION,1,,
Easy_CollectProduction_Baked Potato,368,Easy,CollectProduction,Baked Potato,50,15;35;75;102,2;2;2;3;3,TID_NEIGHBORHOOD_TASK_COLLECT_GOOD_DESCRIPTION,1,,
Easy_CollectProduction_Hamburger,369,Easy,CollectProduction,Hamburger,50,15;35;75;102,1;1;1;1;1,TID_NEIGHBORHOOD_TASK_COLLECT_GOOD_DESCRIPTION,1,,
Easy_CollectProduction_Casserole,370,Easy,CollectProduction,Casserole,50,15;35;75;102,1;1;1;1;1,TID_NEIGHBORHOOD_TASK_COLLECT_GOOD_DESCRIPTION,1,,
Easy_CollectProduction_Roast veggies,371,Easy,CollectProduction,Roast veggies,50,15;35;75;102,3;3;4;4;5,TID_NEIGHBORHOOD_TASK_COLLECT_GOOD_DESCRIPTION,1,,
Easy_CollectProduction_BaconSalad,372,Easy,CollectProduction,BaconSalad,50,15;35;75;102,1;1;1;1;1,TID_NEIGHBORHOOD_TASK_COLLECT_GOOD_DESCRIPTION,1,,
Easy_CollectProduction_Veggie Bouquet,373,Easy,CollectProduction,Veggie Bouquet,50,15;35;75;102,2;2;3;3;4,TID_NEIGHBORHOOD_TASK_COLLECT_GOOD_DESCRIPTION,1,,
Easy_CollectProduction_Birthday Bouquet,374,Easy,CollectProduction,Birthday Bouquet,50,15;35;75;102,1;1;1;2;2,TID_NEIGHBORHOOD_TASK_COLLECT_GOOD_DESCRIPTION,1,,
Easy_CollectProduction_Noodle Soup,375,Easy,CollectProduction,Noodle Soup,50,15;35;75;102,1;1;1;2;2,TID_NEIGHBORHOOD_TASK_COLLECT_GOOD_DESCRIPTION,1,,
Easy_CollectProduction_BLTToast,376,Easy,CollectProduction,BLTToast,50,15;35;75;102,1;1;1;1;1,TID_NEIGHBORHOOD_TASK_COLLECT_GOOD_DESCRIPTION,1,,
Easy_CollectProduction_Chili Popcorn,377,Easy,CollectProduction,Chili Popcorn,50,15;35;75;102,1;1;1;2;2,TID_NEIGHBORHOOD_TASK_COLLECT_GOOD_DESCRIPTION,1,,
Easy_CollectProduction_Asparagus Soup,378,Easy,CollectProduction,Asparagus Soup,50,15;35;75;102,2;2;2;3;3,TID_NEIGHBORHOOD_TASK_COLLECT_GOOD_DESCRIPTION,1,,
Easy_CollectProduction_Milk Tea,379,Easy,CollectProduction,Milk Tea,50,15;35;75;102,2;2;2;3;3,TID_NEIGHBORHOOD_TASK_COLLECT_GOOD_DESCRIPTION,1,,
Easy_CollectProduction_Grape Juice,380,Easy,CollectProduction,Grape Juice,50,15;35;75;102,1;1;1;2;2,TID_NEIGHBORHOOD_TASK_COLLECT_GOOD_DESCRIPTION,1,,
Easy_CollectProduction_Onion melt,381,Easy,CollectProduction,Onion melt,50,15;35;75;102,1;1;1;2;2,TID_NEIGHBORHOOD_TASK_COLLECT_GOOD_DESCRIPTION,1,,
Easy_CollectProduction_MushroomSoup,382,Easy,CollectProduction,MushroomSoup,50,15;35;75;102,1;1;1;2;2,TID_NEIGHBORHOOD_TASK_COLLECT_GOOD_DESCRIPTION,1,,
Easy_CollectProduction_Honey Tea,383,Easy,CollectProduction,Honey Tea,50,15;35;75;102,2;2;2;3;3,TID_NEIGHBORHOOD_TASK_COLLECT_GOOD_DESCRIPTION,1,,
Easy_CollectProduction_Cabbage Soup,384,Easy,CollectProduction,Cabbage Soup,50,15;35;75;102,1;1;1;1;1,TID_NEIGHBORHOOD_TASK_COLLECT_GOOD_DESCRIPTION,1,,
Easy_CollectProduction_Candy bouquet,385,Easy,CollectProduction,Candy bouquet,50,15;35;75;102,1;1;1;2;2,TID_NEIGHBORHOOD_TASK_COLLECT_GOOD_DESCRIPTION,1,,
Easy_CollectProduction_Potato Feta Cake,386,Easy,CollectProduction,Potato Feta Cake,50,15;35;75;102,1;1;1;2;2,TID_NEIGHBORHOOD_TASK_COLLECT_GOOD_DESCRIPTION,1,,
Easy_CollectProduction_Green Tea,387,Easy,CollectProduction,Green Tea,50,15;35;75;102,2;2;3;3;4,TID_NEIGHBORHOOD_TASK_COLLECT_GOOD_DESCRIPTION,1,,
Easy_CollectProduction_Soft Bouquet,388,Easy,CollectProduction,Soft Bouquet,50,15;35;75;102,2;2;2;3;3,TID_NEIGHBORHOOD_TASK_COLLECT_GOOD_DESCRIPTION,1,,
Easy_CollectProduction_Breakfast Waffles,389,Easy,CollectProduction,Breakfast Waffles,50,15;35;75;102,1;1;1;2;2,TID_NEIGHBORHOOD_TASK_COLLECT_GOOD_DESCRIPTION,1,,
Easy_CollectProduction_Colorful omelet,390,Easy,CollectProduction,Colorful omelet,50,15;35;75;102,2;2;2;3;3,TID_NEIGHBORHOOD_TASK_COLLECT_GOOD_DESCRIPTION,1,,
Easy_CollectProduction_Birthday Cake,391,Easy,CollectProduction,Birthday Cake,50,15;35;75;102,1;1;1;2;2,TID_NEIGHBORHOOD_TASK_COLLECT_GOOD_DESCRIPTION,1,,
Easy_CollectProduction_Spring omelet,392,Easy,CollectProduction,Spring omelet,50,15;35;75;102,2;2;2;3;3,TID_NEIGHBORHOOD_TASK_COLLECT_GOOD_DESCRIPTION,1,,
Easy_CollectProduction_Potato omelet,393,Easy,CollectProduction,Potato omelet,50,15;35;75;102,1;1;1;1;1,TID_NEIGHBORHOOD_TASK_COLLECT_GOOD_DESCRIPTION,1,,
Easy_CollectProduction_Pumpkin Soup,394,Easy,CollectProduction,Pumpkin Soup,50,15;35;75;102,1;1;1;2;2,TID_NEIGHBORHOOD_TASK_COLLECT_GOOD_DESCRIPTION,1,,
Easy_CollectProduction_Pumpkin Pie,395,Easy,CollectProduction,Pumpkin Pie,50,15;35;75;102,1;1;1;2;2,TID_NEIGHBORHOOD_TASK_COLLECT_GOOD_DESCRIPTION,1,,
Easy_CollectProduction_WatermelonLemonade,396,Easy,CollectProduction,WatermelonLemonade,50,15;35;75;102,2;2;2;3;3,TID_NEIGHBORHOOD_TASK_COLLECT_GOOD_DESCRIPTION,1,,
Easy_CollectProduction_Cheese fondue,397,Easy,CollectProduction,Cheese fondue,50,15;35;75;102,2;2;2;3;3,TID_NEIGHBORHOOD_TASK_COLLECT_GOOD_DESCRIPTION,1,,
Easy_CollectProduction_Grilled Onion,398,Easy,CollectProduction,Grilled Onion,50,15;35;75;102,2;2;2;3;3,TID_NEIGHBORHOOD_TASK_COLLECT_GOOD_DESCRIPTION,1,,
Easy_CollectProduction_Meat fondue,399,Easy,CollectProduction,Meat fondue,50,15;35;75;102,1;1;1;2;2,TID_NEIGHBORHOOD_TASK_COLLECT_GOOD_DESCRIPTION,1,,
Easy_CollectProduction_Corn Dog,400,Easy,CollectProduction,Corn Dog,50,15;35;75;102,1;1;1;1;1,TID_NEIGHBORHOOD_TASK_COLLECT_GOOD_DESCRIPTION,1,,
Easy_CollectProduction_Bacon and Eggs,401,Easy,CollectProduction,Bacon and Eggs,50,15;35;75;102,1;1;1;1;1,TID_NEIGHBORHOOD_TASK_COLLECT_GOOD_DESCRIPTION,1,,
Easy_CollectProduction_Lemon Cake,402,Easy,CollectProduction,Lemon Cake,50,15;35;75;102,1;1;1;2;2,TID_NEIGHBORHOOD_TASK_COLLECT_GOOD_DESCRIPTION,1,,
Easy_CollectProduction_Bright Bouquet,403,Easy,CollectProduction,Bright Bouquet,50,15;35;75;102,3;3;4;4;5,TID_NEIGHBORHOOD_TASK_COLLECT_GOOD_DESCRIPTION,1,,
Easy_CollectProduction_Pizza,404,Easy,CollectProduction,Pizza,50,15;35;75;102,2;2;2;3;3,TID_NEIGHBORHOOD_TASK_COLLECT_GOOD_DESCRIPTION,1,,
Easy_CollectProduction_SoySauce,405,Easy,CollectProduction,SoySauce,50,15;35;75;102,1;1;1;2;2,TID_NEIGHBORHOOD_TASK_COLLECT_GOOD_DESCRIPTION,1,,
Easy_CollectProduction_Taco,406,Easy,CollectProduction,Taco,50,15;35;75;102,1;1;1;2;2,TID_NEIGHBORHOOD_TASK_COLLECT_GOOD_DESCRIPTION,1,,
Easy_CollectProduction_EggSandwich,407,Easy,CollectProduction,EggSandwich,50,15;35;75;102,2;2;2;3;3,TID_NEIGHBORHOOD_TASK_COLLECT_GOOD_DESCRIPTION,1,,
Easy_CollectProduction_Stuffed Peppers,408,Easy,CollectProduction,Stuffed Peppers,50,15;35;75;102,1;1;1;2;2,TID_NEIGHBORHOOD_TASK_COLLECT_GOOD_DESCRIPTION,1,,
Easy_CollectProduction_Rustic Bouquet,409,Easy,CollectProduction,Rustic Bouquet,50,15;35;75;102,2;2;3;3;4,TID_NEIGHBORHOOD_TASK_COLLECT_GOOD_DESCRIPTION,1,,
Easy_CollectProduction_Quesadilla,410,Easy,CollectProduction,Quesadilla,50,15;35;75;102,1;1;1;2;2,TID_NEIGHBORHOOD_TASK_COLLECT_GOOD_DESCRIPTION,1,,
Easy_CollectProduction_Mocha Milkshake,411,Easy,CollectProduction,Mocha Milkshake,50,15;35;75;102,1;1;1;2;2,TID_NEIGHBORHOOD_TASK_COLLECT_GOOD_DESCRIPTION,1,,
Easy_CollectProduction_Rice omelet,412,Easy,CollectProduction,Rice omelet,50,15;35;75;102,1;1;1;2;2,TID_NEIGHBORHOOD_TASK_COLLECT_GOOD_DESCRIPTION,1,,
Easy_CollectProduction_Feta Pie,413,Easy,CollectProduction,Feta Pie,50,15;35;75;102,1;1;1;2;2,TID_NEIGHBORHOOD_TASK_COLLECT_GOOD_DESCRIPTION,1,,
Easy_CollectProduction_Passion Fruit Sauce,414,Easy,CollectProduction,Passion Fruit Sauce,50,15;35;75;102,2;2;3;3;4,TID_NEIGHBORHOOD_TASK_COLLECT_GOOD_DESCRIPTION,1,,
Easy_CollectProduction_Stuffed Bellpeppers,415,Easy,CollectProduction,Stuffed Bellpeppers,50,15;35;75;102,1;1;1;2;2,TID_NEIGHBORHOOD_TASK_COLLECT_GOOD_DESCRIPTION,1,,
Easy_CollectProduction_Hot Dog,416,Easy,CollectProduction,Hot Dog,50,15;35;75;102,1;1;1;2;2,TID_NEIGHBORHOOD_TASK_COLLECT_GOOD_DESCRIPTION,1,,
Easy_CollectProduction_Bacon donut,417,Easy,CollectProduction,Bacon donut,50,15;35;75;102,1;1;1;2;2,TID_NEIGHBORHOOD_TASK_COLLECT_GOOD_DESCRIPTION,1,,
Easy_CollectProduction_SesameBrittle,418,Easy,CollectProduction,SesameBrittle,50,15;35;75;102,2;2;2;3;3,TID_NEIGHBORHOOD_TASK_COLLECT_GOOD_DESCRIPTION,1,,
Easy_CollectProduction_Vanilla Milkshake,419,Easy,CollectProduction,Vanilla Milkshake,50,15;35;75;102,1;1;1;2;2,TID_NEIGHBORHOOD_TASK_COLLECT_GOOD_DESCRIPTION,1,,
Easy_CollectProduction_Lasagna,420,Easy,CollectProduction,Lasagna,50,15;35;75;102,1;1;1;2;2,TID_NEIGHBORHOOD_TASK_COLLECT_GOOD_DESCRIPTION,1,,
Easy_CollectProduction_Plain Yoghurt,421,Easy,CollectProduction,Plain Yoghurt,50,15;35;75;102,1;1;1;2;2,TID_NEIGHBORHOOD_TASK_COLLECT_GOOD_DESCRIPTION,1,,
Easy_CollectProduction_Plain Cupcake,422,Easy,CollectProduction,Plain Cupcake,50,15;35;75;102,1;1;1;2;2,TID_NEIGHBORHOOD_TASK_COLLECT_GOOD_DESCRIPTION,1,,
Easy_CollectProduction_Lemon Pie,423,Easy,CollectProduction,Lemon Pie,50,15;35;75;102,1;1;1;2;2,TID_NEIGHBORHOOD_TASK_COLLECT_GOOD_DESCRIPTION,1,,
Easy_CollectProduction_Vanilla Ice Cream,424,Easy,CollectProduction,Vanilla Ice Cream,50,15;35;75;102,1;1;1;2;2,TID_NEIGHBORHOOD_TASK_COLLECT_GOOD_DESCRIPTION,1,,
Easy_CollectProduction_Potato Bread,425,Easy,CollectProduction,Potato Bread,50,15;35;75;102,2;2;2;3;3,TID_NEIGHBORHOOD_TASK_COLLECT_GOOD_DESCRIPTION,1,,
Easy_CollectProduction_SesameIceCream,426,Easy,CollectProduction,SesameIceCream,50,15;35;75;102,1;1;1;2;2,TID_NEIGHBORHOOD_TASK_COLLECT_GOOD_DESCRIPTION,1,,
Easy_CollectProduction_Goat Cheese Toast,427,Easy,CollectProduction,Goat Cheese Toast,50,15;35;75;102,1;1;1;2;2,TID_NEIGHBORHOOD_TASK_COLLECT_GOOD_DESCRIPTION,1,,
Easy_CollectProduction_Affogato,428,Easy,CollectProduction,Affogato,50,15;35;75;102,1;1;1;2;2,TID_NEIGHBORHOOD_TASK_COLLECT_GOOD_DESCRIPTION,1,,
Easy_CollectProduction_Hummus Wrap,429,Easy,CollectProduction,Hummus Wrap,50,15;35;75;102,2;2;2;3;3,TID_NEIGHBORHOOD_TASK_COLLECT_GOOD_DESCRIPTION,1,,
Easy_CollectProduction_Beetroot salad,430,Easy,CollectProduction,Beetroot salad,50,15;35;75;102,1;1;1;2;2,TID_NEIGHBORHOOD_TASK_COLLECT_GOOD_DESCRIPTION,1,,
Easy_CollectProduction_Nachos,431,Easy,CollectProduction,Nachos,50,15;35;75;102,1;1;1;2;2,TID_NEIGHBORHOOD_TASK_COLLECT_GOOD_DESCRIPTION,1,,
Easy_CollectProduction_Honey Popcorn,432,Easy,CollectProduction,Honey Popcorn,50,15;35;75;102,1;1;1;2;2,TID_NEIGHBORHOOD_TASK_COLLECT_GOOD_DESCRIPTION,1,,
Easy_CollectProduction_Toffee,433,Easy,CollectProduction,Toffee,50,15;35;75;102,1;1;1;2;2,TID_NEIGHBORHOOD_TASK_COLLECT_GOOD_DESCRIPTION,1,,
Easy_CollectProduction_Broccoli Mac,434,Easy,CollectProduction,Broccoli Mac,50,15;35;75;102,1;1;1;2;2,TID_NEIGHBORHOOD_TASK_COLLECT_GOOD_DESCRIPTION,1,,
Easy_CollectProduction_Gingerbread Cookie,435,Easy,CollectProduction,Gingerbread Cookie,50,15;35;75;102,1;1;1;2;2,TID_NEIGHBORHOOD_TASK_COLLECT_GOOD_DESCRIPTION,1,,
Easy_CollectProduction_Soothing Pad,436,Easy,CollectProduction,Soothing Pad,50,15;35;75;102,1;1;1;2;2,TID_NEIGHBORHOOD_TASK_COLLECT_GOOD_DESCRIPTION,1,,
Easy_CollectProduction_Carrot Cake,437,Easy,CollectProduction,Carrot Cake,50,15;35;75;102,1;1;1;2;2,TID_NEIGHBORHOOD_TASK_COLLECT_GOOD_DESCRIPTION,1,,
Easy_CollectProduction_Beeswax,438,Easy,CollectProduction,Beeswax,50,15;35;75;102,1;1;1;1;1,TID_NEIGHBORHOOD_TASK_COLLECT_GOOD_DESCRIPTION,1,,
Easy_CollectProduction_Cotton Fabrics,439,Easy,CollectProduction,Cotton Fabrics,50,15;35;75;102,2;2;3;3;4,TID_NEIGHBORHOOD_TASK_COLLECT_GOOD_DESCRIPTION,1,,
Easy_CollectProduction_Cotton Shirt,440,Easy,CollectProduction,Cotton Shirt,50,15;35;75;102,2;2;2;3;3,TID_NEIGHBORHOOD_TASK_COLLECT_GOOD_DESCRIPTION,1,,
Easy_CollectProduction_Mint essential oil,441,Easy,CollectProduction,Mint essential oil,50,15;35;75;102,3;3;4;4;5,TID_NEIGHBORHOOD_TASK_COLLECT_GOOD_DESCRIPTION,1,,
Easy_CollectProduction_Eggplant Parmesan,442,Easy,CollectProduction,Eggplant Parmesan,50,15;35;75;102,2;2;2;3;3,TID_NEIGHBORHOOD_TASK_COLLECT_GOOD_DESCRIPTION,1,,
Easy_CollectProduction_Plain Waffles,443,Easy,CollectProduction,Plain Waffles,50,15;35;75;102,2;2;2;3;3,TID_NEIGHBORHOOD_TASK_COLLECT_GOOD_DESCRIPTION,1,,
Easy_CollectProduction_Syrup,444,Easy,CollectProduction,Syrup,50,15;35;75;102,2;2;2;3;3,TID_NEIGHBORHOOD_TASK_COLLECT_GOOD_DESCRIPTION,1,,
Easy_CollectProduction_Coleslaw,445,Easy,CollectProduction,Coleslaw,50,15;35;75;102,2;2;2;3;3,TID_NEIGHBORHOOD_TASK_COLLECT_GOOD_DESCRIPTION,1,,
Easy_CollectProduction_Cheese,446,Easy,CollectProduction,Cheese,50,15;35;75;102,2;2;2;3;3,TID_NEIGHBORHOOD_TASK_COLLECT_GOOD_DESCRIPTION,1,,
Easy_CollectProduction_Honey Toast,447,Easy,CollectProduction,Honey Toast,50,15;35;75;102,2;2;2;3;3,TID_NEIGHBORHOOD_TASK_COLLECT_GOOD_DESCRIPTION,1,,
Easy_CollectProduction_Ginger essential oil,448,Easy,CollectProduction,Ginger essential oil,50,15;35;75;102,3;3;4;4;5,TID_NEIGHBORHOOD_TASK_COLLECT_GOOD_DESCRIPTION,1,,
Easy_CollectProduction_Mushroom Pot Pie,449,Easy,CollectProduction,Mushroom Pot Pie,50,15;35;75;102,2;2;2;3;3,TID_NEIGHBORHOOD_TASK_COLLECT_GOOD_DESCRIPTION,1,,
Easy_CollectProduction_Zesty Perfume,450,Easy,CollectProduction,Zesty Perfume,50,15;35;75;102,3;3;4;4;5,TID_NEIGHBORHOOD_TASK_COLLECT_GOOD_DESCRIPTION,1,,
Easy_CollectProduction_Butter Popcorn,451,Easy,CollectProduction,Butter Popcorn,50,15;35;75;102,2;2;2;3;3,TID_NEIGHBORHOOD_TASK_COLLECT_GOOD_DESCRIPTION,1,,
Easy_CollectProduction_Honey,452,Easy,CollectProduction,Honey,50,15;35;75;102,1;1;1;1;1,TID_NEIGHBORHOOD_TASK_COLLECT_GOOD_DESCRIPTION,1,,
Easy_CollectProduction_Chamomile Tea,453,Easy,CollectProduction,Chamomile Tea,50,15;35;75;102,1;1;1;1;1,TID_NEIGHBORHOOD_TASK_COLLECT_GOOD_DESCRIPTION,1,,
Easy_CollectProduction_Gracious bouquet,454,Easy,CollectProduction,Gracious bouquet,50,15;35;75;102,2;2;2;3;3,TID_NEIGHBORHOOD_TASK_COLLECT_GOOD_DESCRIPTION,0,,
Easy_CollectProduction_Calming Diffuser,455,Easy,CollectProduction,Calming Diffuser,50,15;35;75;102,2;2;3;3;4,TID_NEIGHBORHOOD_TASK_COLLECT_GOOD_DESCRIPTION,1,,
Easy_CollectProduction_Fried rice,456,Easy,CollectProduction,Fried rice,50,15;35;75;102,2;2;2;3;3,TID_NEIGHBORHOOD_TASK_COLLECT_GOOD_DESCRIPTION,1,,
Easy_CollectProduction_Passion Fruit Pie,457,Easy,CollectProduction,Passion Fruit Pie,50,15;35;75;102,2;2;2;3;3,TID_NEIGHBORHOOD_TASK_COLLECT_GOOD_DESCRIPTION,1,,
Easy_CollectProduction_Cookie,458,Easy,CollectProduction,Cookie,50,15;35;75;102,2;2;2;3;3,TID_NEIGHBORHOOD_TASK_COLLECT_GOOD_DESCRIPTION,1,,
Easy_CollectProduction_Passion Fruit Juice,459,Easy,CollectProduction,Passion Fruit Juice,50,15;35;75;102,2;2;3;3;4,TID_NEIGHBORHOOD_TASK_COLLECT_GOOD_DESCRIPTION,1,,
Easy_CollectProduction_Cucumber Smoothie,460,Easy,CollectProduction,Cucumber Smoothie,50,15;35;75;102,2;2;2;3;3,TID_NEIGHBORHOOD_TASK_COLLECT_GOOD_DESCRIPTION,1,,
Easy_CollectProduction_Carrot Pie,461,Easy,CollectProduction,Carrot Pie,50,15;35;75;102,2;2;2;3;3,TID_NEIGHBORHOOD_TASK_COLLECT_GOOD_DESCRIPTION,1,,
Easy_CollectProduction_Butter,462,Easy,CollectProduction,Butter,50,15;35;75;102,2;2;2;3;3,TID_NEIGHBORHOOD_TASK_COLLECT_GOOD_DESCRIPTION,1,,
Easy_CollectProduction_Mayonaise,463,Easy,CollectProduction,Mayonaise,50,15;35;75;102,2;2;2;3;3,TID_NEIGHBORHOOD_TASK_COLLECT_GOOD_DESCRIPTION,1,,
Easy_CollectProduction_Grilled Eggplant,464,Easy,CollectProduction,Grilled Eggplant,50,15;35;75;102,2;2;2;3;3,TID_NEIGHBORHOOD_TASK_COLLECT_GOOD_DESCRIPTION,1,,
Easy_CollectProduction_Pineapple Juice,465,Easy,CollectProduction,Pineapple Juice,50,15;35;75;102,2;2;3;3;4,TID_NEIGHBORHOOD_TASK_COLLECT_GOOD_DESCRIPTION,1,,
Easy_CollectProduction_Cream,466,Easy,CollectProduction,Cream,50,15;35;75;102,2;2;2;3;3,TID_NEIGHBORHOOD_TASK_COLLECT_GOOD_DESCRIPTION,1,,
Easy_CollectProduction_Plain donut,467,Easy,CollectProduction,Plain donut,50,15;35;75;102,2;2;2;3;3,TID_NEIGHBORHOOD_TASK_COLLECT_GOOD_DESCRIPTION,1,,
Easy_CollectProduction_White Sugar,468,Easy,CollectProduction,White Sugar,50,15;35;75;102,2;2;3;3;4,TID_NEIGHBORHOOD_TASK_COLLECT_GOOD_DESCRIPTION,1,,
Easy_CollectProduction_Fresh Diffuser,469,Easy,CollectProduction,Fresh Diffuser,50,15;35;75;102,2;2;3;3;4,TID_NEIGHBORHOOD_TASK_COLLECT_GOOD_DESCRIPTION,1,,
Easy_CollectProduction_Cucumber Sandwich,470,Easy,CollectProduction,Cucumber Sandwich,50,15;35;75;102,2;2;3;3;4,TID_NEIGHBORHOOD_TASK_COLLECT_GOOD_DESCRIPTION,1,,
Easy_CollectProduction_Pancakes,471,Easy,CollectProduction,Pancakes,50,15;35;75;102,2;2;3;3;4,TID_NEIGHBORHOOD_TASK_COLLECT_GOOD_DESCRIPTION,1,,
Easy_CollectProduction_Garlic bread,472,Easy,CollectProduction,Garlic bread,50,15;35;75;102,2;2;3;3;4,TID_NEIGHBORHOOD_TASK_COLLECT_GOOD_DESCRIPTION,1,,
Easy_CollectProduction_Cream donut,473,Easy,CollectProduction,Cream donut,50,15;35;75;102,2;2;3;3;4,TID_NEIGHBORHOOD_TASK_COLLECT_GOOD_DESCRIPTION,1,,
Easy_CollectProduction_Rice Noodles,474,Easy,CollectProduction,Rice Noodles,50,15;35;75;102,3;3;4;4;5,TID_NEIGHBORHOOD_TASK_COLLECT_GOOD_DESCRIPTION,1,,
Easy_CollectProduction_Corn Bread,475,Easy,CollectProduction,Corn Bread,50,15;35;75;102,2;2;3;3;4,TID_NEIGHBORHOOD_TASK_COLLECT_GOOD_DESCRIPTION,1,,
Easy_CollectProduction_Brown_Sugar,476,Easy,CollectProduction,Brown_Sugar,50,15;35;75;102,3;3;4;4;5,TID_NEIGHBORHOOD_TASK_COLLECT_GOOD_DESCRIPTION,1,,
Easy_CollectProduction_Carrot Juice,477,Easy,CollectProduction,Carrot Juice,50,15;35;75;102,2;2;3;3;4,TID_NEIGHBORHOOD_TASK_COLLECT_GOOD_DESCRIPTION,1,,
Easy_CollectProduction_Popcorn,478,Easy,CollectProduction,Popcorn,50,15;35;75;102,2;2;3;3;4,TID_NEIGHBORHOOD_TASK_COLLECT_GOOD_DESCRIPTION,1,,
Easy_CollectProduction_Raw Pasta,479,Easy,CollectProduction,Raw Pasta,50,15;35;75;102,2;2;3;3;4,TID_NEIGHBORHOOD_TASK_COLLECT_GOOD_DESCRIPTION,1,,
Easy_CollectProduction_Chamomile essential oil,480,Easy,CollectProduction,Chamomile essential oil,50,15;35;75;102,3;3;4;4;5,TID_NEIGHBORHOOD_TASK_COLLECT_GOOD_DESCRIPTION,1,,
Easy_CollectProduction_Bread,481,Easy,CollectProduction,Bread,50,15;35;75;102,3;3;4;4;5,TID_NEIGHBORHOOD_TASK_COLLECT_GOOD_DESCRIPTION,1,,
Medium_CollectProduction_Goat Milk,482,Medium,CollectProduction,Goat Milk,100,15;35;75;102,6;6;12;12;24,TID_NEIGHBORHOOD_TASK_COLLECT_GOOD_DESCRIPTION,1,,
Medium_CollectProduction_Wool,483,Medium,CollectProduction,Wool,100,15;35;75;102,6;6;15;15;30,TID_NEIGHBORHOOD_TASK_COLLECT_GOOD_DESCRIPTION,1,,
Medium_CollectProduction_Bacon,484,Medium,CollectProduction,Bacon,100,15;35;75;102,9;15;30;45;45,TID_NEIGHBORHOOD_TASK_COLLECT_GOOD_DESCRIPTION,1,,
Medium_CollectProduction_Milk,485,Medium,CollectProduction,Milk,100,15;35;75;102,9;15;30;45;45,TID_NEIGHBORHOOD_TASK_COLLECT_GOOD_DESCRIPTION,1,,
Medium_CollectProduction_Egg,486,Medium,CollectProduction,Egg,100,15;35;75;102,9;18;27;36;54,TID_NEIGHBORHOOD_TASK_COLLECT_GOOD_DESCRIPTION,1,,
Medium_FeedAnimal_Chicken,487,Medium,FeedAnimal,Chicken,100,15;35;75;102,9;18;27;36;54,TID_FARM_PASS_TASK_FEED_CHICKENS,1,,
Medium_FeedAnimal_Cow,488,Medium,FeedAnimal,Cow,100,15;35;75;102,9;15;30;45;45,TID_FARM_PASS_TASK_FEED_COWS,1,,
Medium_FeedAnimal_Sheep,489,Medium,FeedAnimal,Sheep,100,15;35;75;102,6;6;15;15;45,TID_FARM_PASS_TASK_FEED_SHEEP,1,,
Medium_FeedAnimal_Pig,490,Medium,FeedAnimal,Pig,100,15;35;75;102,9;15;30;45;45,TID_FARM_PASS_TASK_FEED_PIGS,1,,
Medium_FeedAnimal_Goat,491,Medium,FeedAnimal,Goat,100,15;35;75;102,6;6;12;12;45,TID_FARM_PASS_TASK_FEED_GOATS,1,,
Medium_CollectFruit_Coconut,492,Medium,CollectFruit,Coconut,100,15;35;75;102,6;6;6;6;12,TID_TASK_COLLECT_FRUIT,1,,
Medium_CollectFruit_Blueberry,493,Medium,CollectFruit,Blueberry,100,15;35;75;102,6;6;6;6;12,TID_TASK_COLLECT_FRUIT,1,,
Medium_CollectFruit_Cacao,494,Medium,CollectFruit,Cacao,100,15;35;75;102,6;6;6;6;12,TID_TASK_COLLECT_FRUIT,1,,
Medium_CollectFruit_Guava,495,Medium,CollectFruit,Guava,100,15;35;75;102,6;6;6;6;12,TID_TASK_COLLECT_FRUIT,1,,
Medium_CollectFruit_Blackberry,496,Medium,CollectFruit,Blackberry,100,15;35;75;102,6;6;6;6;12,TID_TASK_COLLECT_FRUIT,1,,
Medium_CollectFruit_Mango,497,Medium,CollectFruit,Mango,100,15;35;75;102,6;6;6;6;12,TID_TASK_COLLECT_FRUIT,1,,
Medium_CollectFruit_Orange,498,Medium,CollectFruit,Orange,100,15;35;75;102,6;6;6;6;12,TID_TASK_COLLECT_FRUIT,1,,
Medium_CollectFruit_Lemon,499,Medium,CollectFruit,Lemon,100,15;35;75;102,6;12;12;12;18,TID_TASK_COLLECT_FRUIT,1,,
Medium_CollectFruit_Peach,500,Medium,CollectFruit,Peach,100,15;35;75;102,6;12;12;12;18,TID_TASK_COLLECT_FRUIT,1,,
Medium_CollectFruit_Cherry,501,Medium,CollectFruit,Cherry,100,15;35;75;102,6;12;12;12;18,TID_TASK_COLLECT_FRUIT,1,,
Medium_CollectFruit_Banana,502,Medium,CollectFruit,Banana,100,15;35;75;102,6;12;12;12;18,TID_TASK_COLLECT_FRUIT,1,,
Medium_CollectFruit_Pomegranate,503,Medium,CollectFruit,Pomegranate,100,15;35;75;102,6;12;12;12;18,TID_TASK_COLLECT_FRUIT,1,,
Medium_CollectFruit_Coffee,504,Medium,CollectFruit,Coffee,100,15;35;75;102,6;12;18;18;18,TID_TASK_COLLECT_FRUIT,1,,
Medium_CollectFruit_Plum,505,Medium,CollectFruit,Plum,100,15;35;75;102,6;12;18;18;18,TID_TASK_COLLECT_FRUIT,1,,
Medium_CollectFruit_Olive,506,Medium,CollectFruit,Olive,100,15;35;75;102,6;12;18;18;18,TID_TASK_COLLECT_FRUIT,1,,
Medium_CollectFruit_Raspberry,507,Medium,CollectFruit,Raspberry,100,15;35;75;102,6;12;18;18;18,TID_TASK_COLLECT_FRUIT,1,,
Medium_CollectFruit_Apple,508,Medium,CollectFruit,Apple,100,15;35;75;102,6;12;18;18;18,TID_TASK_COLLECT_FRUIT,1,,
Medium_UseNet_Fish Meat,509,Medium,UseNet,Fish Meat,100,15;35;75;102,3;9;9;18;18,TID_FARM_PASS_TASK_CATCH_NET,1,,
Medium_CastNet_DuckTrap,510,Medium,CastNet,DuckTrap,100,15;35;75;102,3;3;3;3;6,TID_FARM_PASS_TASK_CAST_DUCK,1,,
Medium_CastNet_LobsterBox,511,Medium,CastNet,LobsterBox,100,15;35;75;102,3;3;3;3;6,TID_FARM_PASS_TASK_CAST_LOBSTER,1,,
Medium_CastNet_FishingNet,512,Medium,CastNet,FishingNet,100,15;35;75;102,3;3;6;9;15,TID_TASK_CAST_NET,1,,
Medium_CastNet_MysteryNet,513,Medium,CastNet,MysteryNet,100,15;35;75;102,3;3;3;3;3,TID_TASK_CAST_MYSTERY_NET,0,,
Medium_UseLure_BaitGreen,514,Medium,UseLure,BaitGreen,100,15;35;75;102,3;3;3;6;6,TID_TASK_USELURE,1,,
Medium_UseLure_BaitBlue,515,Medium,UseLure,BaitBlue,100,15;35;75;102,3;3;3;6;6,TID_TASK_USELURE,1,,
Medium_UseLure_BaitPurple,516,Medium,UseLure,BaitPurple,100,15;35;75;102,3;3;3;3;3,TID_TASK_USELURE,0,,
Medium_UseLure_BaitGold,517,Medium,UseLure,BaitGold,100,15;35;75;102,3;3;3;3;3,TID_TASK_USELURE,0,,
Medium_ActivateBooster,518,Medium,ActivateBooster,,100,15;35;75;102,3;3;3;6;6,TID_FARM_PASS_TASK_ACTIVATE_BOOSTER,1,sc/icons.sc,booster_menu_icon
Medium_PutStuffToRss,519,Medium,PutStuffToRss,,100,15;35;75;102,3;15;30;45;60,TID_FARM_PASS_TASK_SELL_RSS,1,sc/icons.sc,task_icon_roadside_shop
Medium_CompletePeopleOrder,520,Medium,CompletePeopleOrder,,100,15;35;75;102,3;3;6;9;12,TID_FARM_PASS_TASK_SELL_FARM_VISITORS,1,sc/icons.sc,task_icon_complete_visitor_order
Medium_GiveHelp,521,Medium,GiveHelp,,100,15;35;75;102,3;3;9;15;30,TID_FARM_PASS_TASK_HELP_OTHERS,1,sc/icons.sc,tool_request_help
Medium_WheelOfFortune,522,Medium,WheelOfFortune,,100,15;35;75;102,3;3;3;3;3,TID_FARM_PASS_TASK_SPIN_WHEEL,1,sc/icons.sc,task_icon_free_wof_spin
Medium_FinishDerbyTask,523,Medium,FinishDerbyTask,,100,15;35;75;102,3;3;3;3;3,TID_FARM_PASS_TASK_DERBY,1,sc/icons.sc,nh_derby_building_icon
Medium_VisitSanctuary,524,Medium,VisitSanctuary,,100,15;35;75;102,3;3;3;3;3,TID_FARM_PASS_TASK_VISIT_SANCTUARY,0,sc/icons.sc,icon_sanctuary
Medium_FeedSanctuaryAnimal,525,Medium,FeedSanctuaryAnimal,,100,15;35;75;102,3;3;3;3;6,TID_FARM_PASS_TASK_FEED_SANCTUARY,1,sc/icons.sc,tool_feed_herbivore
Medium_WakeupSanctuaryAnimal,526,Medium,WakeupSanctuaryAnimal,,100,15;35;75;102,3;3;3;3;6,TID_FARM_PASS_TASK_WAKE_SANCTUARY,1,sc/icons.sc,icon_sanctuary
Medium_PickupTownVisitor,527,Medium,PickupTownVisitor,,100,15;35;75;102,3;3;3;6;9,TID_FARM_PASS_TASK_PICK_UP_VISITORS,0,sc/train_icons.sc,icon_personal_train_lvl1
Medium_CollectDerbyPoints,528,Medium,CollectDerbyPoints,,100,15;35;75;102,150;150;150;150;150,TID_FARM_PASS_TASK_DERBYPOINTS,1,sc/icons.sc,nh_derby_building_icon
Medium_ServiceTownVisitor,529,Medium,ServiceTownVisitor,,100,15;35;75;102,3;3;3;6;9,TID_FARM_PASS_TASK_SERVE_TOWNIES,1,sc/train_icons.sc,icon_personal_train_lvl1
Medium_ServiceTownBuilding_Grocery Store,530,Medium,ServiceTownBuilding,Grocery Store,100,15;35;75;102,3;3;3;6;9,TID_FARM_PASS_TASK_SERVE_GROCERYSTORE,1,sc/train_icons.sc,shop_icon_store_lvl1
Medium_ServiceTownBuilding_Movietheater,531,Medium,ServiceTownBuilding,Movietheater,100,15;35;75;102,3;3;3;6;9,TID_FARM_PASS_TASK_SERVE_MOVIETHEATER,1,sc/train_icons.sc,shop_icon_movietheater_lvl1
Medium_ServiceTownBuilding_Diner,532,Medium,ServiceTownBuilding,Diner,100,15;35;75;102,3;3;3;6;9,TID_FARM_PASS_TASK_SERVE_DINER,1,sc/train_icons.sc,shop_icon_diner_lvl1
Medium_ServiceTownBuilding_Bed and Breakfast,533,Medium,ServiceTownBuilding,Bed and Breakfast,100,15;35;75;102,3;3;3;3;6,TID_FARM_PASS_TASK_SERVE_BEDBREAKFAST,1,sc/train_icons.sc,shop_icon_bb_lvl1
Medium_ServiceTownBuilding_Spa,534,Medium,ServiceTownBuilding,Spa,100,15;35;75;102,3;3;3;3;6,TID_FARM_PASS_TASK_SERVE_SPA,1,sc/train_icons.sc,shop_icon_spa_lvl1
Medium_ServiceTownBuilding_Gift shop,535,Medium,ServiceTownBuilding,Gift shop,100,15;35;75;102,3;3;3;3;6,TID_FARM_PASS_TASK_SERVE_GIFTSHOP,1,sc/train_icons.sc,shop_icon_souvenier_lvl1
Medium_ServiceTownBuilding_Beach cafe,536,Medium,ServiceTownBuilding,Beach cafe,100,15;35;75;102,3;3;3;3;6,TID_FARM_PASS_TASK_SERVE_BEACHCAFE,1,sc/train_icons.sc,shop_icon_beachbar_lvl1
Medium_CollectBuilding_Bakery,537,Medium,CollectBuilding,Bakery,100,15;35;75;102,6;6;9;9;15,TID_FARM_PASS_TASK_COLLECT_BUILDING,1,,
Medium_CollectBuilding_Cafe_Kiosk,538,Medium,CollectBuilding,Cafe_Kiosk,100,15;35;75;102,6;6;9;9;15,TID_FARM_PASS_TASK_COLLECT_BUILDING,1,,
Medium_CollectBuilding_Essentials_Oil_Lab,539,Medium,CollectBuilding,Essentials_Oil_Lab,100,15;35;75;102,6;6;9;9;15,TID_FARM_PASS_TASK_COLLECT_BUILDING,1,,
Medium_CollectBuilding_Barbecue_Grill,540,Medium,CollectBuilding,Barbecue_Grill,100,15;35;75;102,6;6;9;9;15,TID_FARM_PASS_TASK_COLLECT_BUILDING,1,,
Medium_CollectBuilding_Cake_Oven,541,Medium,CollectBuilding,Cake_Oven,100,15;35;75;102,6;6;9;9;15,TID_FARM_PASS_TASK_COLLECT_BUILDING,1,,
Medium_CollectBuilding_Deep_Fryer,542,Medium,CollectBuilding,Deep_Fryer,100,15;35;75;102,6;6;9;9;15,TID_FARM_PASS_TASK_COLLECT_BUILDING,1,,
Medium_CollectBuilding_Donut_Maker,543,Medium,CollectBuilding,Donut_Maker,100,15;35;75;102,6;6;9;9;15,TID_FARM_PASS_TASK_COLLECT_BUILDING,1,,
Medium_CollectBuilding_Flowershop,544,Medium,CollectBuilding,Flowershop,100,15;35;75;102,6;6;9;9;15,TID_FARM_PASS_TASK_COLLECT_BUILDING,1,,
Medium_CollectBuilding_Ice_Cream_Maker,545,Medium,CollectBuilding,Ice_Cream_Maker,100,15;35;75;102,6;6;9;9;15,TID_FARM_PASS_TASK_COLLECT_BUILDING,1,,
Medium_CollectBuilding_Pasta_Maker,546,Medium,CollectBuilding,Pasta_Maker,100,15;35;75;102,6;6;9;9;15,TID_FARM_PASS_TASK_COLLECT_BUILDING,1,,
Medium_CollectBuilding_Perfumerie,547,Medium,CollectBuilding,Perfumerie,100,15;35;75;102,6;6;9;9;15,TID_FARM_PASS_TASK_COLLECT_BUILDING,1,,
Medium_CollectBuilding_Sauce_Mixer,548,Medium,CollectBuilding,Sauce_Mixer,100,15;35;75;102,6;6;9;9;15,TID_FARM_PASS_TASK_COLLECT_BUILDING,1,,
Medium_CollectBuilding_Dairy,549,Medium,CollectBuilding,Dairy,100,15;35;75;102,6;6;6;9;15,TID_FARM_PASS_TASK_COLLECT_BUILDING,1,,
Medium_CollectBuilding_Fondue_Maker,550,Medium,CollectBuilding,Fondue_Maker,100,15;35;75;102,6;6;6;9;15,TID_FARM_PASS_TASK_COLLECT_BUILDING,1,,
Medium_CollectBuilding_Honey_Extractor,551,Medium,CollectBuilding,Honey_Extractor,100,15;35;75;102,6;6;6;9;15,TID_FARM_PASS_TASK_COLLECT_BUILDING,1,,
Medium_CollectBuilding_Porridge_Bar,552,Medium,CollectBuilding,Porridge_Bar,100,15;35;75;102,6;6;6;9;15,TID_FARM_PASS_TASK_COLLECT_BUILDING,1,,
Medium_CollectBuilding_Sugar_Mill,553,Medium,CollectBuilding,Sugar_Mill,100,15;35;75;102,6;6;6;9;15,TID_FARM_PASS_TASK_COLLECT_BUILDING,1,,
Medium_CollectBuilding_Tea_Stand,554,Medium,CollectBuilding,Tea_Stand,100,15;35;75;102,6;6;6;9;15,TID_FARM_PASS_TASK_COLLECT_BUILDING,1,,
Medium_CollectBuilding_Sandwich_Bar,555,Medium,CollectBuilding,Sandwich_Bar,100,15;35;75;102,6;6;6;9;15,TID_FARM_PASS_TASK_COLLECT_BUILDING,1,,
Medium_CollectBuilding_Waffle_Maker,556,Medium,CollectBuilding,Waffle_Maker,100,15;35;75;102,6;6;6;9;15,TID_FARM_PASS_TASK_COLLECT_BUILDING,1,,
Medium_CollectBuilding_Candy_Machine,557,Medium,CollectBuilding,Candy_Machine,100,15;35;75;102,6;6;6;9;15,TID_FARM_PASS_TASK_COLLECT_BUILDING,1,,
Medium_CollectBuilding_Hotdog_Stand,558,Medium,CollectBuilding,Hotdog_Stand,100,15;35;75;102,6;6;6;9;15,TID_FARM_PASS_TASK_COLLECT_BUILDING,1,,
Medium_CollectBuilding_Juice_Press,559,Medium,CollectBuilding,Juice_Press,100,15;35;75;102,6;6;6;9;15,TID_FARM_PASS_TASK_COLLECT_BUILDING,1,,
Medium_CollectBuilding_Loom,560,Medium,CollectBuilding,Loom,100,15;35;75;102,3;6;6;9;15,TID_FARM_PASS_TASK_COLLECT_BUILDING,1,,
Medium_CollectBuilding_Milkshake_Bar,561,Medium,CollectBuilding,Milkshake_Bar,100,15;35;75;102,3;6;6;9;15,TID_FARM_PASS_TASK_COLLECT_BUILDING,1,,
Medium_CollectBuilding_Popcorn_Pot,562,Medium,CollectBuilding,Popcorn_Pot,100,15;35;75;102,3;6;6;9;15,TID_FARM_PASS_TASK_COLLECT_BUILDING,1,,
Medium_CollectBuilding_Smoothie_Mixer,563,Medium,CollectBuilding,Smoothie_Mixer,100,15;35;75;102,3;6;6;9;9,TID_FARM_PASS_TASK_COLLECT_BUILDING,1,,
Medium_CollectBuilding_Cupcake_Maker,564,Medium,CollectBuilding,Cupcake_Maker,100,15;35;75;102,3;6;6;9;9,TID_FARM_PASS_TASK_COLLECT_BUILDING,1,,
Medium_CollectBuilding_Omelet_Maker,565,Medium,CollectBuilding,Omelet_Maker,100,15;35;75;102,3;6;6;9;9,TID_FARM_PASS_TASK_COLLECT_BUILDING,1,,
Medium_CollectBuilding_Yoghurt_Maker,566,Medium,CollectBuilding,Yoghurt_Maker,100,15;35;75;102,3;6;6;9;9,TID_FARM_PASS_TASK_COLLECT_BUILDING,1,,
Medium_CollectBuilding_Pie_Oven,567,Medium,CollectBuilding,Pie_Oven,100,15;35;75;102,3;6;6;9;9,TID_FARM_PASS_TASK_COLLECT_BUILDING,1,,
Medium_CollectBuilding_Salad_Bar,568,Medium,CollectBuilding,Salad_Bar,100,15;35;75;102,3;6;6;9;9,TID_FARM_PASS_TASK_COLLECT_BUILDING,1,,
Medium_CollectBuilding_Sewing_Machine,569,Medium,CollectBuilding,Sewing_Machine,100,15;35;75;102,3;6;6;9;9,TID_FARM_PASS_TASK_COLLECT_BUILDING,1,,
Medium_CollectBuilding_Sushi_Bar,570,Medium,CollectBuilding,Sushi_Bar,100,15;35;75;102,3;6;6;9;9,TID_FARM_PASS_TASK_COLLECT_BUILDING,1,,
Medium_CollectBuilding_Taco_Kitchen,571,Medium,CollectBuilding,Taco_Kitchen,100,15;35;75;102,3;6;6;9;9,TID_FARM_PASS_TASK_COLLECT_BUILDING,1,,
Medium_CollectBuilding_Wok_Kitchen,572,Medium,CollectBuilding,Wok_Kitchen,100,15;35;75;102,3;6;6;9;9,TID_FARM_PASS_TASK_COLLECT_BUILDING,1,,
Medium_CollectBuilding_Bath_Kiosk,573,Medium,CollectBuilding,Bath_Kiosk,100,15;35;75;102,3;6;6;9;9,TID_FARM_PASS_TASK_COLLECT_BUILDING,1,,
Medium_CollectBuilding_Jeweler,574,Medium,CollectBuilding,Jeweler,100,15;35;75;102,3;6;6;9;9,TID_FARM_PASS_TASK_COLLECT_BUILDING,1,,
Medium_CollectBuilding_Pasta_Kitchen,575,Medium,CollectBuilding,Pasta_Kitchen,100,15;35;75;102,3;6;6;9;9,TID_FARM_PASS_TASK_COLLECT_BUILDING,1,,
Medium_CollectBuilding_Soup_Kitchen,576,Medium,CollectBuilding,Soup_Kitchen,100,15;35;75;102,3;6;6;9;9,TID_FARM_PASS_TASK_COLLECT_BUILDING,1,,
Medium_CollectBuilding_Fudge_Shop,577,Medium,CollectBuilding,Fudge_Shop,100,15;35;75;102,3;6;6;9;9,TID_FARM_PASS_TASK_COLLECT_BUILDING,1,,
Medium_CollectBuilding_Stew_Pot,578,Medium,CollectBuilding,Stew_Pot,100,15;35;75;102,3;6;6;9;9,TID_FARM_PASS_TASK_COLLECT_BUILDING,1,,
Medium_CollectBuilding_Candle_Maker,579,Medium,CollectBuilding,Candle_Maker,100,15;35;75;102,3;6;6;9;9,TID_FARM_PASS_TASK_COLLECT_BUILDING,1,,
Medium_CollectBuilding_Hat_Maker,580,Medium,CollectBuilding,Hat_Maker,100,15;35;75;102,3;6;6;9;9,TID_FARM_PASS_TASK_COLLECT_BUILDING,1,,
Medium_CollectBuilding_Preservation_Station,581,Medium,CollectBuilding,Preservation_Station,100,15;35;75;102,3;6;6;9;9,TID_FARM_PASS_TASK_COLLECT_BUILDING,1,,
Medium_CollectBuilding_Pottery_Studio,582,Medium,CollectBuilding,Pottery_Studio,100,15;35;75;102,3;6;6;9;9,TID_FARM_PASS_TASK_COLLECT_BUILDING,1,,
Medium_CollectBuilding_Jam_Maker,583,Medium,CollectBuilding,Jam_Maker,100,15;35;75;102,3;6;6;9;9,TID_FARM_PASS_TASK_COLLECT_BUILDING,1,,
Medium_CollectBuilding_Smelter,584,Medium,CollectBuilding,Smelter,100,15;35;75;102,3;6;6;9;9,TID_FARM_PASS_TASK_COLLECT_BUILDING,1,,
Medium_HarvestField_Strawberry,585,Medium,HarvestField,Strawberry,100,15;35;75;102,15;15;15;15;30,TID_FARM_PASS_TASK_HARVEST_CROP,1,,
Medium_HarvestField_TeaLeaves,586,Medium,HarvestField,TeaLeaves,100,15;35;75;102,15;15;15;15;30,TID_FARM_PASS_TASK_HARVEST_CROP,1,,
Medium_HarvestField_Tomato,587,Medium,HarvestField,Tomato,100,15;35;75;102,15;15;15;15;30,TID_FARM_PASS_TASK_HARVEST_CROP,1,,
Medium_HarvestField_Asparagus,588,Medium,HarvestField,Asparagus,100,15;35;75;102,15;15;15;15;30,TID_FARM_PASS_TASK_HARVEST_CROP,1,,
Medium_HarvestField_Onion,589,Medium,HarvestField,Onion,100,15;35;75;102,15;15;15;15;30,TID_FARM_PASS_TASK_HARVEST_CROP,1,,
Medium_HarvestField_Watermelon,590,Medium,HarvestField,Watermelon,100,15;35;75;102,15;15;15;15;30,TID_FARM_PASS_TASK_HARVEST_CROP,1,,
Medium_HarvestField_Bellpepper,591,Medium,HarvestField,Bellpepper,100,15;35;75;102,18;18;18;36;36,TID_FARM_PASS_TASK_HARVEST_CROP,1,,
Medium_HarvestField_Peony,592,Medium,HarvestField,Peony,100,15;35;75;102,18;18;18;36;36,TID_FARM_PASS_TASK_HARVEST_CROP,1,,
Medium_HarvestField_Chili,593,Medium,HarvestField,Chili,100,15;35;75;102,18;18;18;36;36,TID_FARM_PASS_TASK_HARVEST_CROP,1,,
Medium_HarvestField_Potato,594,Medium,HarvestField,Potato,100,15;35;75;102,18;18;18;36;36,TID_FARM_PASS_TASK_HARVEST_CROP,1,,
Medium_HarvestField_Lettuce,595,Medium,HarvestField,Lettuce,100,15;35;75;102,18;18;18;36;36,TID_FARM_PASS_TASK_HARVEST_CROP,1,,
Medium_HarvestField_Grapes,596,Medium,HarvestField,Grapes,100,15;35;75;102,18;18;18;36;36,TID_FARM_PASS_TASK_HARVEST_CROP,1,,
Medium_HarvestField_Mint,597,Medium,HarvestField,Mint,100,15;35;75;102,18;18;18;36;36,TID_FARM_PASS_TASK_HARVEST_CROP,1,,
Medium_HarvestField_Pumpkin,598,Medium,HarvestField,Pumpkin,100,15;35;75;102,18;18;18;36;36,TID_FARM_PASS_TASK_HARVEST_CROP,1,,
Medium_HarvestField_Cotton,599,Medium,HarvestField,Cotton,100,15;35;75;102,18;18;18;36;36,TID_FARM_PASS_TASK_HARVEST_CROP,1,,
Medium_HarvestField_Ginger,600,Medium,HarvestField,Ginger,100,15;35;75;102,18;18;18;36;36,TID_FARM_PASS_TASK_HARVEST_CROP,1,,
Medium_HarvestField_Indigo,601,Medium,HarvestField,Indigo,100,15;35;75;102,21;42;42;42;63,TID_FARM_PASS_TASK_HARVEST_CROP,1,,
Medium_HarvestField_Clay,602,Medium,HarvestField,Clay,100,15;35;75;102,21;42;42;42;63,TID_FARM_PASS_TASK_HARVEST_CROP,1,,
Medium_HarvestField_Lily,603,Medium,HarvestField,Lily,100,15;35;75;102,21;42;42;42;63,TID_FARM_PASS_TASK_HARVEST_CROP,1,,
Medium_HarvestField_Sunflower,604,Medium,HarvestField,Sunflower,100,15;35;75;102,21;42;42;42;63,TID_FARM_PASS_TASK_HARVEST_CROP,1,,
Medium_HarvestField_Broccoli,605,Medium,HarvestField,Broccoli,100,15;35;75;102,21;42;42;42;63,TID_FARM_PASS_TASK_HARVEST_CROP,1,,
Medium_HarvestField_Sesame,606,Medium,HarvestField,Sesame,100,15;35;75;102,21;42;42;42;63,TID_FARM_PASS_TASK_HARVEST_CROP,1,,
Medium_HarvestField_PassionFruit,607,Medium,HarvestField,PassionFruit,100,15;35;75;102,21;42;42;42;63,TID_FARM_PASS_TASK_HARVEST_CROP,1,,
Medium_HarvestField_Chickpea,608,Medium,HarvestField,Chickpea,100,15;35;75;102,21;42;42;42;63,TID_FARM_PASS_TASK_HARVEST_CROP,1,,
Medium_HarvestField_Rice,609,Medium,HarvestField,Rice,100,15;35;75;102,21;42;42;42;63,TID_FARM_PASS_TASK_HARVEST_CROP,1,,
Medium_HarvestField_Cabbage,610,Medium,HarvestField,Cabbage,100,15;35;75;102,21;42;42;42;63,TID_FARM_PASS_TASK_HARVEST_CROP,1,,
Medium_HarvestField_Beetroot,611,Medium,HarvestField,Beetroot,100,15;35;75;102,21;42;42;42;63,TID_FARM_PASS_TASK_HARVEST_CROP,1,,
Medium_HarvestField_Eggplant,612,Medium,HarvestField,Eggplant,100,15;35;75;102,21;42;42;42;63,TID_FARM_PASS_TASK_HARVEST_CROP,1,,
Medium_HarvestField_Cucumber,613,Medium,HarvestField,Cucumber,100,15;35;75;102,21;42;42;42;63,TID_FARM_PASS_TASK_HARVEST_CROP,1,,
Medium_HarvestField_Pineapple,614,Medium,HarvestField,Pineapple,100,15;35;75;102,21;42;42;42;63,TID_FARM_PASS_TASK_HARVEST_CROP,1,,
Medium_HarvestField_Garlic,615,Medium,HarvestField,Garlic,100,15;35;75;102,21;42;42;42;63,TID_FARM_PASS_TASK_HARVEST_CROP,1,,
Medium_HarvestField_Sugarcane,616,Medium,HarvestField,Sugarcane,100,15;35;75;102,21;42;42;42;63,TID_FARM_PASS_TASK_HARVEST_CROP,1,,
Medium_HarvestField_Chamomile,617,Medium,HarvestField,Chamomile,100,15;35;75;102,24;48;72;72;72,TID_FARM_PASS_TASK_HARVEST_CROP,1,,
Medium_HarvestField_Mushroom,618,Medium,HarvestField,Mushroom,100,15;35;75;102,24;48;72;72;72,TID_FARM_PASS_TASK_HARVEST_CROP,1,,
Medium_HarvestField_Soybean,619,Medium,HarvestField,Soybean,100,15;35;75;102,24;48;72;72;72,TID_FARM_PASS_TASK_HARVEST_CROP,1,,
Medium_HarvestField_Carrot,620,Medium,HarvestField,Carrot,100,15;35;75;102,24;48;72;72;72,TID_FARM_PASS_TASK_HARVEST_CROP,1,,
Medium_HarvestField_Oats,621,Medium,HarvestField,Oats,100,15;35;75;102,24;48;72;72;72,TID_FARM_PASS_TASK_HARVEST_CROP,1,,
Medium_HarvestField_Corn,622,Medium,HarvestField,Corn,100,15;35;75;102,24;48;72;72;72,TID_FARM_PASS_TASK_HARVEST_CROP,1,,
Medium_HarvestField_Wheat,623,Medium,HarvestField,Wheat,100,15;35;75;102,24;48;72;72;72,TID_FARM_PASS_TASK_HARVEST_CROP,1,,
Medium_BuyFruitTree_AppleTree,624,Medium,BuyFruitTree,AppleTree,100,15;35;75;102,3;3;6;9;15,TID_TASK_PLANT_TREE,1,,
Medium_BuyFruitTree_CherryTree,625,Medium,BuyFruitTree,CherryTree,100,15;35;75;102,3;3;6;9;15,TID_TASK_PLANT_TREE,1,,
Medium_BuyFruitTree_RaspberryBush,626,Medium,BuyFruitTree,RaspberryBush,100,15;35;75;102,3;3;6;9;15,TID_TASK_PLANT_TREE,1,,
Medium_BuyFruitTree_BlackberryBush,627,Medium,BuyFruitTree,BlackberryBush,100,15;35;75;102,3;3;6;9;15,TID_TASK_PLANT_TREE,1,,
Medium_BuyFruitTree_CacaoTree,628,Medium,BuyFruitTree,CacaoTree,100,15;35;75;102,3;3;6;9;15,TID_TASK_PLANT_TREE,1,,
Medium_BuyFruitTree_CoffeeBush,629,Medium,BuyFruitTree,CoffeeBush,100,15;35;75;102,3;3;6;9;15,TID_TASK_PLANT_TREE,1,,
Medium_BuyFruitTree_OliveTree,630,Medium,BuyFruitTree,OliveTree,100,15;35;75;102,3;3;6;9;15,TID_TASK_PLANT_TREE,1,,
Medium_BuyFruitTree_LemonTree,631,Medium,BuyFruitTree,LemonTree,100,15;35;75;102,3;3;6;9;15,TID_TASK_PLANT_TREE,1,,
Medium_BuyFruitTree_PeachTree,632,Medium,BuyFruitTree,PeachTree,100,15;35;75;102,3;3;6;9;15,TID_TASK_PLANT_TREE,1,,
Medium_BuyFruitTree_OrangeTree,633,Medium,BuyFruitTree,OrangeTree,100,15;35;75;102,3;3;6;9;15,TID_TASK_PLANT_TREE,1,,
Medium_BuyFruitTree_BananaTree,634,Medium,BuyFruitTree,BananaTree,100,15;35;75;102,3;3;6;9;15,TID_TASK_PLANT_TREE,1,,
Medium_BuyFruitTree_PlumTree,635,Medium,BuyFruitTree,PlumTree,100,15;35;75;102,3;3;6;9;15,TID_TASK_PLANT_TREE,1,,
Medium_BuyFruitTree_MangoTree,636,Medium,BuyFruitTree,MangoTree,100,15;35;75;102,3;3;6;9;15,TID_TASK_PLANT_TREE,1,,
Medium_BuyFruitTree_CoconutTree,637,Medium,BuyFruitTree,CoconutTree,100,15;35;75;102,3;3;6;9;15,TID_TASK_PLANT_TREE,1,,
Medium_BuyFruitTree_GuavaTree,638,Medium,BuyFruitTree,GuavaTree,100,15;35;75;102,3;3;6;9;15,TID_TASK_PLANT_TREE,1,,
Medium_BuyFruitTree_PomegranateTree,639,Medium,BuyFruitTree,PomegranateTree,100,15;35;75;102,3;3;6;9;15,TID_TASK_PLANT_TREE,1,,
Medium_BuyFruitTree_BlueberryBush,640,Medium,BuyFruitTree,BlueberryBush,100,15;35;75;102,3;3;6;9;15,TID_TASK_PLANT_TREE,1,,
Medium_CompleteTruckOrder,641,Medium,CompleteTruckOrder,,100,15;35;75;102,3;6;9;12;18,TID_NEIGHBORHOOD_TASK_CAR_ORDER_DESCRIPTION,1,sc/icons.sc,nh_derby_task_car_order
Medium_UseMine,642,Medium,UseMine,,100,15;35;75;102,6;9;12;15;15,TID_STREAK_TASK_USE_MINE,0,sc/icons.sc,nh_derby_task_mine_order
Medium_CollectProduction_Diamond Ring,643,Medium,CollectProduction,Diamond Ring,100,15;35;75;102,3;3;3;3;3,TID_NEIGHBORHOOD_TASK_COLLECT_GOOD_DESCRIPTION,0,,
Medium_CollectProduction_Necklace,644,Medium,CollectProduction,Necklace,100,15;35;75;102,3;3;3;3;3,TID_NEIGHBORHOOD_TASK_COLLECT_GOOD_DESCRIPTION,1,,
Medium_CollectProduction_Flower Pendant,645,Medium,CollectProduction,Flower Pendant,100,15;35;75;102,3;3;3;3;3,TID_NEIGHBORHOOD_TASK_COLLECT_GOOD_DESCRIPTION,1,,
Medium_CollectProduction_Jelly Beans,646,Medium,CollectProduction,Jelly Beans,100,15;35;75;102,3;3;3;3;3,TID_NEIGHBORHOOD_TASK_COLLECT_GOOD_DESCRIPTION,1,,
Medium_CollectProduction_IronBracelet,647,Medium,CollectProduction,IronBracelet,100,15;35;75;102,3;3;3;3;3,TID_NEIGHBORHOOD_TASK_COLLECT_GOOD_DESCRIPTION,1,,
Medium_CollectProduction_Chocolate,648,Medium,CollectProduction,Chocolate,100,15;35;75;102,3;3;3;3;3,TID_NEIGHBORHOOD_TASK_COLLECT_GOOD_DESCRIPTION,1,,
Medium_CollectProduction_Bracelet,649,Medium,CollectProduction,Bracelet,100,15;35;75;102,3;3;3;3;3,TID_NEIGHBORHOOD_TASK_COLLECT_GOOD_DESCRIPTION,1,,
Medium_CollectProduction_Lollipop,650,Medium,CollectProduction,Lollipop,100,15;35;75;102,3;3;3;3;3,TID_NEIGHBORHOOD_TASK_COLLECT_GOOD_DESCRIPTION,1,,
Medium_CollectProduction_Marmelade,651,Medium,CollectProduction,Marmelade,100,15;35;75;102,3;3;3;3;3,TID_NEIGHBORHOOD_TASK_COLLECT_GOOD_DESCRIPTION,1,,
Medium_CollectProduction_Blackberry Jam,652,Medium,CollectProduction,Blackberry Jam,100,15;35;75;102,3;3;3;3;3,TID_NEIGHBORHOOD_TASK_COLLECT_GOOD_DESCRIPTION,1,,
Medium_CollectProduction_Chocolate fondue,653,Medium,CollectProduction,Chocolate fondue,100,15;35;75;102,3;3;3;3;3,TID_NEIGHBORHOOD_TASK_COLLECT_GOOD_DESCRIPTION,1,,
Medium_CollectProduction_Peach Jam,654,Medium,CollectProduction,Peach Jam,100,15;35;75;102,3;3;3;3;3,TID_NEIGHBORHOOD_TASK_COLLECT_GOOD_DESCRIPTION,1,,
Medium_CollectProduction_Blanket,655,Medium,CollectProduction,Blanket,100,15;35;75;102,3;3;3;3;3,TID_NEIGHBORHOOD_TASK_COLLECT_GOOD_DESCRIPTION,1,,
Medium_CollectProduction_Cherry Jam,656,Medium,CollectProduction,Cherry Jam,100,15;35;75;102,3;3;3;3;3,TID_NEIGHBORHOOD_TASK_COLLECT_GOOD_DESCRIPTION,1,,
Medium_CollectProduction_Blueberry Cheesecake,657,Medium,CollectProduction,Blueberry Cheesecake,100,15;35;75;102,3;3;3;3;3,TID_NEIGHBORHOOD_TASK_COLLECT_GOOD_DESCRIPTION,1,,
Medium_CollectProduction_Blueberry Chutney,658,Medium,CollectProduction,Blueberry Chutney,100,15;35;75;102,3;3;3;3;3,TID_NEIGHBORHOOD_TASK_COLLECT_GOOD_DESCRIPTION,1,,
Medium_CollectProduction_Guava Compote,659,Medium,CollectProduction,Guava Compote,100,15;35;75;102,3;3;3;3;3,TID_NEIGHBORHOOD_TASK_COLLECT_GOOD_DESCRIPTION,1,,
Medium_CollectProduction_Chili Fudge,660,Medium,CollectProduction,Chili Fudge,100,15;35;75;102,3;3;3;6;6,TID_NEIGHBORHOOD_TASK_COLLECT_GOOD_DESCRIPTION,1,,
Medium_CollectProduction_Chocolate Ice Cream,661,Medium,CollectProduction,Chocolate Ice Cream,100,15;35;75;102,3;3;3;6;6,TID_NEIGHBORHOOD_TASK_COLLECT_GOOD_DESCRIPTION,1,,
Medium_CollectProduction_Mint Fudge,662,Medium,CollectProduction,Mint Fudge,100,15;35;75;102,3;3;3;6;6,TID_NEIGHBORHOOD_TASK_COLLECT_GOOD_DESCRIPTION,1,,
Medium_CollectProduction_Chocolate Popcorn,663,Medium,CollectProduction,Chocolate Popcorn,100,15;35;75;102,3;3;3;6;6,TID_NEIGHBORHOOD_TASK_COLLECT_GOOD_DESCRIPTION,1,,
Medium_CollectProduction_MintIcecream,664,Medium,CollectProduction,MintIcecream,100,15;35;75;102,3;3;3;6;6,TID_NEIGHBORHOOD_TASK_COLLECT_GOOD_DESCRIPTION,1,,
Medium_CollectProduction_PlatinumBar,665,Medium,CollectProduction,PlatinumBar,100,15;35;75;102,3;3;3;3;3,TID_NEIGHBORHOOD_TASK_COLLECT_GOOD_DESCRIPTION,1,,
Medium_CollectProduction_Chocolate Cake,666,Medium,CollectProduction,Chocolate Cake,100,15;35;75;102,3;3;3;6;6,TID_NEIGHBORHOOD_TASK_COLLECT_GOOD_DESCRIPTION,1,,
Medium_CollectProduction_Pickles,667,Medium,CollectProduction,Pickles,100,15;35;75;102,3;3;3;3;3,TID_NEIGHBORHOOD_TASK_COLLECT_GOOD_DESCRIPTION,1,,
Medium_CollectProduction_Rich Fudge,668,Medium,CollectProduction,Rich Fudge,100,15;35;75;102,3;3;3;6;6,TID_NEIGHBORHOOD_TASK_COLLECT_GOOD_DESCRIPTION,1,,
Medium_CollectProduction_Cookie Cupcake,669,Medium,CollectProduction,Cookie Cupcake,100,15;35;75;102,3;3;3;3;3,TID_NEIGHBORHOOD_TASK_COLLECT_GOOD_DESCRIPTION,1,,
Medium_CollectProduction_Orange Sorbet,670,Medium,CollectProduction,Orange Sorbet,100,15;35;75;102,3;3;3;6;6,TID_NEIGHBORHOOD_TASK_COLLECT_GOOD_DESCRIPTION,1,,
Medium_CollectProduction_Chickpea Stew,671,Medium,CollectProduction,Chickpea Stew,100,15;35;75;102,6;6;6;9;9,TID_NEIGHBORHOOD_TASK_COLLECT_GOOD_DESCRIPTION,1,,
Medium_CollectProduction_Tropical Cupcake,672,Medium,CollectProduction,Tropical Cupcake,100,15;35;75;102,3;3;3;6;6,TID_NEIGHBORHOOD_TASK_COLLECT_GOOD_DESCRIPTION,1,,
Medium_CollectProduction_Berry Juice,673,Medium,CollectProduction,Berry Juice,100,15;35;75;102,3;3;3;6;6,TID_NEIGHBORHOOD_TASK_COLLECT_GOOD_DESCRIPTION,1,,
Medium_CollectProduction_Peanut Butter Milkshake,674,Medium,CollectProduction,Peanut Butter Milkshake,100,15;35;75;102,3;3;3;3;3,TID_NEIGHBORHOOD_TASK_COLLECT_GOOD_DESCRIPTION,1,,
Medium_CollectProduction_Rich soap,675,Medium,CollectProduction,Rich soap,100,15;35;75;102,6;6;6;9;9,TID_NEIGHBORHOOD_TASK_COLLECT_GOOD_DESCRIPTION,1,,
Medium_CollectProduction_Chocolate Roll,676,Medium,CollectProduction,Chocolate Roll,100,15;35;75;102,6;6;6;9;9,TID_NEIGHBORHOOD_TASK_COLLECT_GOOD_DESCRIPTION,1,,
Medium_CollectProduction_Peanut Fudge,677,Medium,CollectProduction,Peanut Fudge,100,15;35;75;102,3;3;3;3;3,TID_NEIGHBORHOOD_TASK_COLLECT_GOOD_DESCRIPTION,1,,
Medium_CollectProduction_Fruitcake,678,Medium,CollectProduction,Fruitcake,100,15;35;75;102,3;3;3;6;6,TID_NEIGHBORHOOD_TASK_COLLECT_GOOD_DESCRIPTION,1,,
Medium_CollectProduction_Dried Fruit,679,Medium,CollectProduction,Dried Fruit,100,15;35;75;102,3;3;3;6;6,TID_NEIGHBORHOOD_TASK_COLLECT_GOOD_DESCRIPTION,1,,
Medium_CollectProduction_Chocolate Pie,680,Medium,CollectProduction,Chocolate Pie,100,15;35;75;102,3;3;3;3;3,TID_NEIGHBORHOOD_TASK_COLLECT_GOOD_DESCRIPTION,1,,
Medium_CollectProduction_TropicalSmoothie,681,Medium,CollectProduction,TropicalSmoothie,100,15;35;75;102,6;6;9;9;12,TID_NEIGHBORHOOD_TASK_COLLECT_GOOD_DESCRIPTION,1,,
Medium_CollectProduction_Pineapple coconut bars,682,Medium,CollectProduction,Pineapple coconut bars,100,15;35;75;102,3;3;3;6;6,TID_NEIGHBORHOOD_TASK_COLLECT_GOOD_DESCRIPTION,1,,
Medium_CollectProduction_Peach Ice Cream,683,Medium,CollectProduction,Peach Ice Cream,100,15;35;75;102,3;3;3;6;6,TID_NEIGHBORHOOD_TASK_COLLECT_GOOD_DESCRIPTION,1,,
Medium_CollectProduction_Summer Salad,684,Medium,CollectProduction,Summer Salad,100,15;35;75;102,3;3;3;3;3,TID_NEIGHBORHOOD_TASK_COLLECT_GOOD_DESCRIPTION,1,,
Medium_CollectProduction_Honey Soap,685,Medium,CollectProduction,Honey Soap,100,15;35;75;102,3;3;3;3;3,TID_NEIGHBORHOOD_TASK_COLLECT_GOOD_DESCRIPTION,1,,
Medium_CollectProduction_Exfoliating Soap,686,Medium,CollectProduction,Exfoliating Soap,100,15;35;75;102,6;6;6;9;9,TID_NEIGHBORHOOD_TASK_COLLECT_GOOD_DESCRIPTION,1,,
Medium_CollectProduction_PlumJam,687,Medium,CollectProduction,PlumJam,100,15;35;75;102,3;3;3;3;3,TID_NEIGHBORHOOD_TASK_COLLECT_GOOD_DESCRIPTION,1,,
Medium_CollectProduction_Fresh porridge,688,Medium,CollectProduction,Fresh porridge,100,15;35;75;102,6;6;9;9;12,TID_NEIGHBORHOOD_TASK_COLLECT_GOOD_DESCRIPTION,1,,
Medium_CollectProduction_Macaroon,689,Medium,CollectProduction,Macaroon,100,15;35;75;102,6;6;6;9;9,TID_NEIGHBORHOOD_TASK_COLLECT_GOOD_DESCRIPTION,1,,
Medium_CollectProduction_Fruit Salad,690,Medium,CollectProduction,Fruit Salad,100,15;35;75;102,3;3;3;6;6,TID_NEIGHBORHOOD_TASK_COLLECT_GOOD_DESCRIPTION,1,,
Medium_CollectProduction_Guava Cupcake,691,Medium,CollectProduction,Guava Cupcake,100,15;35;75;102,6;6;6;9;9,TID_NEIGHBORHOOD_TASK_COLLECT_GOOD_DESCRIPTION,1,,
Medium_CollectProduction_Blueberry Muffin,692,Medium,CollectProduction,Blueberry Muffin,100,15;35;75;102,6;6;6;9;9,TID_NEIGHBORHOOD_TASK_COLLECT_GOOD_DESCRIPTION,1,,
Medium_CollectProduction_BananaSplit,693,Medium,CollectProduction,BananaSplit,100,15;35;75;102,3;3;3;6;6,TID_NEIGHBORHOOD_TASK_COLLECT_GOOD_DESCRIPTION,1,,
Medium_CollectProduction_White Chocolate Blueberry Waffle,694,Medium,CollectProduction,White Chocolate Blueberry Waffle,100,15;35;75;102,6;6;6;9;9,TID_NEIGHBORHOOD_TASK_COLLECT_GOOD_DESCRIPTION,1,,
Medium_CollectProduction_Cocoa smoothie,695,Medium,CollectProduction,Cocoa smoothie,100,15;35;75;102,6;6;6;9;9,TID_NEIGHBORHOOD_TASK_COLLECT_GOOD_DESCRIPTION,1,,
Medium_CollectProduction_Chocolate Waffles,696,Medium,CollectProduction,Chocolate Waffles,100,15;35;75;102,6;6;6;9;9,TID_NEIGHBORHOOD_TASK_COLLECT_GOOD_DESCRIPTION,1,,
Medium_CollectProduction_Coconut Ice Cream,697,Medium,CollectProduction,Coconut Ice Cream,100,15;35;75;102,6;6;6;9;9,TID_NEIGHBORHOOD_TASK_COLLECT_GOOD_DESCRIPTION,1,,
Medium_CollectProduction_Fruit Sorbet,698,Medium,CollectProduction,Fruit Sorbet,100,15;35;75;102,3;3;3;6;6,TID_NEIGHBORHOOD_TASK_COLLECT_GOOD_DESCRIPTION,1,,
Medium_CollectProduction_Guava Juice,699,Medium,CollectProduction,Guava Juice,100,15;35;75;102,6;6;9;9;12,TID_NEIGHBORHOOD_TASK_COLLECT_GOOD_DESCRIPTION,1,,
Medium_CollectProduction_Peach Tart,700,Medium,CollectProduction,Peach Tart,100,15;35;75;102,3;3;3;6;6,TID_NEIGHBORHOOD_TASK_COLLECT_GOOD_DESCRIPTION,1,,
Medium_CollectProduction_Pasta Salad,701,Medium,CollectProduction,Pasta Salad,100,15;35;75;102,3;3;3;6;6,TID_NEIGHBORHOOD_TASK_COLLECT_GOOD_DESCRIPTION,1,,
Medium_CollectProduction_Raspberry Mocha,702,Medium,CollectProduction,Raspberry Mocha,100,15;35;75;102,6;6;9;9;12,TID_NEIGHBORHOOD_TASK_COLLECT_GOOD_DESCRIPTION,1,,
Medium_CollectProduction_Crunchy donut,703,Medium,CollectProduction,Crunchy donut,100,15;35;75;102,3;3;3;3;3,TID_NEIGHBORHOOD_TASK_COLLECT_GOOD_DESCRIPTION,1,,
Medium_CollectProduction_Lobster Soup,704,Medium,CollectProduction,Lobster Soup,100,15;35;75;102,3;3;3;3;3,TID_NEIGHBORHOOD_TASK_COLLECT_GOOD_DESCRIPTION,1,,
Medium_CollectProduction_Hot Chocolate,705,Medium,CollectProduction,Hot Chocolate,100,15;35;75;102,6;6;6;9;9,TID_NEIGHBORHOOD_TASK_COLLECT_GOOD_DESCRIPTION,1,,
Medium_CollectProduction_Orange Juice,706,Medium,CollectProduction,Orange Juice,100,15;35;75;102,3;3;3;6;6,TID_NEIGHBORHOOD_TASK_COLLECT_GOOD_DESCRIPTION,1,,
Medium_CollectProduction_Sprinkles donut,707,Medium,CollectProduction,Sprinkles donut,100,15;35;75;102,6;6;9;9;12,TID_NEIGHBORHOOD_TASK_COLLECT_GOOD_DESCRIPTION,1,,
Medium_CollectProduction_Flower Shawl,708,Medium,CollectProduction,Flower Shawl,100,15;35;75;102,3;3;3;3;3,TID_NEIGHBORHOOD_TASK_COLLECT_GOOD_DESCRIPTION,1,,
Medium_CollectProduction_Mocha,709,Medium,CollectProduction,Mocha,100,15;35;75;102,6;6;9;9;12,TID_NEIGHBORHOOD_TASK_COLLECT_GOOD_DESCRIPTION,1,,
Medium_CollectProduction_Lemon Candle,710,Medium,CollectProduction,Lemon Candle,100,15;35;75;102,3;3;3;6;6,TID_NEIGHBORHOOD_TASK_COLLECT_GOOD_DESCRIPTION,1,,
Medium_CollectProduction_Fried Candy,711,Medium,CollectProduction,Fried Candy,100,15;35;75;102,3;3;3;3;3,TID_NEIGHBORHOOD_TASK_COLLECT_GOOD_DESCRIPTION,1,,
Medium_CollectProduction_Raspberry Jam,712,Medium,CollectProduction,Raspberry Jam,100,15;35;75;102,3;3;3;3;3,TID_NEIGHBORHOOD_TASK_COLLECT_GOOD_DESCRIPTION,1,,
Medium_CollectProduction_BerrySmoothie,713,Medium,CollectProduction,BerrySmoothie,100,15;35;75;102,6;6;6;9;9,TID_NEIGHBORHOOD_TASK_COLLECT_GOOD_DESCRIPTION,1,,
Medium_CollectProduction_Tea Pot,714,Medium,CollectProduction,Tea Pot,100,15;35;75;102,3;3;3;3;3,TID_NEIGHBORHOOD_TASK_COLLECT_GOOD_DESCRIPTION,1,,
Medium_CollectProduction_Lemon Fudge,715,Medium,CollectProduction,Lemon Fudge,100,15;35;75;102,3;3;3;6;6,TID_NEIGHBORHOOD_TASK_COLLECT_GOOD_DESCRIPTION,1,,
Medium_CollectProduction_BananaPancakes,716,Medium,CollectProduction,BananaPancakes,100,15;35;75;102,6;6;6;9;9,TID_NEIGHBORHOOD_TASK_COLLECT_GOOD_DESCRIPTION,1,,
Medium_CollectProduction_Tropical Yoghurt,717,Medium,CollectProduction,Tropical Yoghurt,100,15;35;75;102,3;3;3;6;6,TID_NEIGHBORHOOD_TASK_COLLECT_GOOD_DESCRIPTION,1,,
Medium_CollectProduction_Cherry Juice,718,Medium,CollectProduction,Cherry Juice,100,15;35;75;102,3;3;3;6;6,TID_NEIGHBORHOOD_TASK_COLLECT_GOOD_DESCRIPTION,1,,
Medium_CollectProduction_Mango Juice,719,Medium,CollectProduction,Mango Juice,100,15;35;75;102,6;6;9;9;12,TID_NEIGHBORHOOD_TASK_COLLECT_GOOD_DESCRIPTION,1,,
Medium_CollectProduction_Breakfast Bowl,720,Medium,CollectProduction,Breakfast Bowl,100,15;35;75;102,3;3;3;6;6,TID_NEIGHBORHOOD_TASK_COLLECT_GOOD_DESCRIPTION,1,,
Medium_CollectProduction_Blackberry Muffin,721,Medium,CollectProduction,Blackberry Muffin,100,15;35;75;102,6;6;6;9;9,TID_NEIGHBORHOOD_TASK_COLLECT_GOOD_DESCRIPTION,1,,
Medium_CollectProduction_Fish Taco,722,Medium,CollectProduction,Fish Taco,100,15;35;75;102,3;3;3;6;6,TID_NEIGHBORHOOD_TASK_COLLECT_GOOD_DESCRIPTION,1,,
Medium_CollectProduction_Face Mask,723,Medium,CollectProduction,Face Mask,100,15;35;75;102,6;6;6;9;9,TID_NEIGHBORHOOD_TASK_COLLECT_GOOD_DESCRIPTION,1,,
Medium_CollectProduction_Pomegranate Cake,724,Medium,CollectProduction,Pomegranate Cake,100,15;35;75;102,3;3;3;6;6,TID_NEIGHBORHOOD_TASK_COLLECT_GOOD_DESCRIPTION,1,,
Medium_CollectProduction_Tropical fondue,725,Medium,CollectProduction,Tropical fondue,100,15;35;75;102,6;6;6;9;9,TID_NEIGHBORHOOD_TASK_COLLECT_GOOD_DESCRIPTION,1,,
Medium_CollectProduction_Berry Waffles,726,Medium,CollectProduction,Berry Waffles,100,15;35;75;102,3;3;3;6;6,TID_NEIGHBORHOOD_TASK_COLLECT_GOOD_DESCRIPTION,1,,
Medium_CollectProduction_Grilled Asparagus,727,Medium,CollectProduction,Grilled Asparagus,100,15;35;75;102,3;3;3;3;3,TID_NEIGHBORHOOD_TASK_COLLECT_GOOD_DESCRIPTION,1,,
Medium_CollectProduction_Lemon Lotion,728,Medium,CollectProduction,Lemon Lotion,100,15;35;75;102,3;3;3;6;6,TID_NEIGHBORHOOD_TASK_COLLECT_GOOD_DESCRIPTION,1,,
Medium_CollectProduction_Orange Salad,729,Medium,CollectProduction,Orange Salad,100,15;35;75;102,6;6;6;9;9,TID_NEIGHBORHOOD_TASK_COLLECT_GOOD_DESCRIPTION,1,,
Medium_CollectProduction_Orange Tea,730,Medium,CollectProduction,Orange Tea,100,15;35;75;102,6;6;9;9;12,TID_NEIGHBORHOOD_TASK_COLLECT_GOOD_DESCRIPTION,1,,
Medium_CollectProduction_Fruity Milkshake,731,Medium,CollectProduction,Fruity Milkshake,100,15;35;75;102,3;3;3;6;6,TID_NEIGHBORHOOD_TASK_COLLECT_GOOD_DESCRIPTION,1,,
Medium_CollectProduction_MixedSmoothie,732,Medium,CollectProduction,MixedSmoothie,100,15;35;75;102,6;6;9;9;12,TID_NEIGHBORHOOD_TASK_COLLECT_GOOD_DESCRIPTION,1,,
Medium_CollectProduction_GreenSmoothie,733,Medium,CollectProduction,GreenSmoothie,100,15;35;75;102,6;6;9;9;12,TID_NEIGHBORHOOD_TASK_COLLECT_GOOD_DESCRIPTION,1,,
Medium_CollectProduction_Sweet porridge,734,Medium,CollectProduction,Sweet porridge,100,15;35;75;102,6;6;6;9;9,TID_NEIGHBORHOOD_TASK_COLLECT_GOOD_DESCRIPTION,1,,
Medium_CollectProduction_Olive Dip,735,Medium,CollectProduction,Olive Dip,100,15;35;75;102,6;6;9;9;12,TID_NEIGHBORHOOD_TASK_COLLECT_GOOD_DESCRIPTION,1,,
Medium_CollectProduction_Hummus,736,Medium,CollectProduction,Hummus,100,15;35;75;102,6;6;9;9;12,TID_NEIGHBORHOOD_TASK_COLLECT_GOOD_DESCRIPTION,1,,
Medium_CollectProduction_Tomato Sauce,737,Medium,CollectProduction,Tomato Sauce,100,15;35;75;102,6;6;9;9;12,TID_NEIGHBORHOOD_TASK_COLLECT_GOOD_DESCRIPTION,1,,
Medium_CollectProduction_Ice Tea,738,Medium,CollectProduction,Ice Tea,100,15;35;75;102,6;6;9;9;12,TID_NEIGHBORHOOD_TASK_COLLECT_GOOD_DESCRIPTION,1,,
Medium_CollectProduction_Pineapple Cake,739,Medium,CollectProduction,Pineapple Cake,100,15;35;75;102,6;6;6;9;9,TID_NEIGHBORHOOD_TASK_COLLECT_GOOD_DESCRIPTION,1,,
Medium_CollectProduction_Lemon Curd,740,Medium,CollectProduction,Lemon Curd,100,15;35;75;102,6;6;6;9;9,TID_NEIGHBORHOOD_TASK_COLLECT_GOOD_DESCRIPTION,1,,
Medium_CollectProduction_Apple Jam,741,Medium,CollectProduction,Apple Jam,100,15;35;75;102,3;3;3;3;3,TID_NEIGHBORHOOD_TASK_COLLECT_GOOD_DESCRIPTION,1,,
Medium_CollectProduction_Apple porridge,742,Medium,CollectProduction,Apple porridge,100,15;35;75;102,3;3;3;3;3,TID_NEIGHBORHOOD_TASK_COLLECT_GOOD_DESCRIPTION,1,,
Medium_CollectProduction_Lemon Tea,743,Medium,CollectProduction,Lemon Tea,100,15;35;75;102,9;9;12;12;15,TID_NEIGHBORHOOD_TASK_COLLECT_GOOD_DESCRIPTION,1,,
Medium_CollectProduction_YogurtSmoothie,744,Medium,CollectProduction,YogurtSmoothie,100,15;35;75;102,6;6;6;9;9,TID_NEIGHBORHOOD_TASK_COLLECT_GOOD_DESCRIPTION,1,,
Medium_CollectProduction_Berry Cake,745,Medium,CollectProduction,Berry Cake,100,15;35;75;102,6;6;6;9;9,TID_NEIGHBORHOOD_TASK_COLLECT_GOOD_DESCRIPTION,1,,
Medium_CollectProduction_Lemon essential oil,746,Medium,CollectProduction,Lemon essential oil,100,15;35;75;102,9;9;12;12;15,TID_NEIGHBORHOOD_TASK_COLLECT_GOOD_DESCRIPTION,1,,
Medium_CollectProduction_GoldBar,747,Medium,CollectProduction,GoldBar,100,15;35;75;102,3;3;3;3;3,TID_NEIGHBORHOOD_TASK_COLLECT_GOOD_DESCRIPTION,1,,
Medium_CollectProduction_Lobster Meat,748,Medium,CollectProduction,Lobster Meat,100,15;35;75;102,3;3;3;3;3,TID_NEIGHBORHOOD_TASK_COLLECT_GOOD_DESCRIPTION,1,,
Medium_CollectProduction_Pillow,749,Medium,CollectProduction,Pillow,100,15;35;75;102,3;3;3;3;3,TID_NEIGHBORHOOD_TASK_COLLECT_GOOD_DESCRIPTION,1,,
Medium_CollectProduction_SesameSmoothie,750,Medium,CollectProduction,SesameSmoothie,100,15;35;75;102,3;3;3;3;3,TID_NEIGHBORHOOD_TASK_COLLECT_GOOD_DESCRIPTION,1,,
Medium_CollectProduction_BananaBread,751,Medium,CollectProduction,BananaBread,100,15;35;75;102,6;6;9;9;12,TID_NEIGHBORHOOD_TASK_COLLECT_GOOD_DESCRIPTION,1,,
Medium_CollectProduction_BananaLatte,752,Medium,CollectProduction,BananaLatte,100,15;35;75;102,6;6;6;9;9,TID_NEIGHBORHOOD_TASK_COLLECT_GOOD_DESCRIPTION,1,,
Medium_CollectProduction_Strawberry Jam,753,Medium,CollectProduction,Strawberry Jam,100,15;35;75;102,3;3;3;3;3,TID_NEIGHBORHOOD_TASK_COLLECT_GOOD_DESCRIPTION,1,,
Medium_CollectProduction_Pomegranate Tea,754,Medium,CollectProduction,Pomegranate Tea,100,15;35;75;102,6;6;9;9;12,TID_NEIGHBORHOOD_TASK_COLLECT_GOOD_DESCRIPTION,1,,
Medium_CollectProduction_GreekSalad,755,Medium,CollectProduction,GreekSalad,100,15;35;75;102,3;3;3;3;3,TID_NEIGHBORHOOD_TASK_COLLECT_GOOD_DESCRIPTION,1,,
Medium_CollectProduction_Rice Ball,756,Medium,CollectProduction,Rice Ball,100,15;35;75;102,6;6;9;9;12,TID_NEIGHBORHOOD_TASK_COLLECT_GOOD_DESCRIPTION,1,,
Medium_CollectProduction_Canned Fish,757,Medium,CollectProduction,Canned Fish,100,15;35;75;102,3;3;3;3;3,TID_NEIGHBORHOOD_TASK_COLLECT_GOOD_DESCRIPTION,1,,
Medium_CollectProduction_PlumSmoothie,758,Medium,CollectProduction,PlumSmoothie,100,15;35;75;102,6;6;9;9;12,TID_NEIGHBORHOOD_TASK_COLLECT_GOOD_DESCRIPTION,1,,
Medium_CollectProduction_OliveOil,759,Medium,CollectProduction,OliveOil,100,15;35;75;102,6;6;9;9;12,TID_NEIGHBORHOOD_TASK_COLLECT_GOOD_DESCRIPTION,1,,
Medium_CollectProduction_Caramel latte,760,Medium,CollectProduction,Caramel latte,100,15;35;75;102,6;6;6;9;9,TID_NEIGHBORHOOD_TASK_COLLECT_GOOD_DESCRIPTION,1,,
Medium_CollectProduction_Latte,761,Medium,CollectProduction,Latte,100,15;35;75;102,6;6;9;9;12,TID_NEIGHBORHOOD_TASK_COLLECT_GOOD_DESCRIPTION,1,,
Medium_CollectProduction_Espreso,762,Medium,CollectProduction,Espreso,100,15;35;75;102,6;6;9;9;12,TID_NEIGHBORHOOD_TASK_COLLECT_GOOD_DESCRIPTION,1,,
Medium_CollectProduction_Fish Soup,763,Medium,CollectProduction,Fish Soup,100,15;35;75;102,3;3;3;6;6,TID_NEIGHBORHOOD_TASK_COLLECT_GOOD_DESCRIPTION,1,,
Medium_CollectProduction_Honey Apple Cake,764,Medium,CollectProduction,Honey Apple Cake,100,15;35;75;102,3;3;3;3;3,TID_NEIGHBORHOOD_TASK_COLLECT_GOOD_DESCRIPTION,1,,
Medium_CollectProduction_SunHat,765,Medium,CollectProduction,SunHat,100,15;35;75;102,3;3;3;3;3,TID_NEIGHBORHOOD_TASK_COLLECT_GOOD_DESCRIPTION,1,,
Medium_CollectProduction_TopHat,766,Medium,CollectProduction,TopHat,100,15;35;75;102,3;3;3;3;3,TID_NEIGHBORHOOD_TASK_COLLECT_GOOD_DESCRIPTION,1,,
Medium_CollectProduction_Violet Dress,767,Medium,CollectProduction,Violet Dress,100,15;35;75;102,3;3;3;6;6,TID_NEIGHBORHOOD_TASK_COLLECT_GOOD_DESCRIPTION,1,,
Medium_CollectProduction_Party Candle,768,Medium,CollectProduction,Party Candle,100,15;35;75;102,3;3;3;6;6,TID_NEIGHBORHOOD_TASK_COLLECT_GOOD_DESCRIPTION,1,,
Medium_CollectProduction_Fishburger,769,Medium,CollectProduction,Fishburger,100,15;35;75;102,3;3;3;6;6,TID_NEIGHBORHOOD_TASK_COLLECT_GOOD_DESCRIPTION,1,,
Medium_CollectProduction_Raspberry Candle,770,Medium,CollectProduction,Raspberry Candle,100,15;35;75;102,3;3;3;6;6,TID_NEIGHBORHOOD_TASK_COLLECT_GOOD_DESCRIPTION,1,,
Medium_CollectProduction_Apple Pie,771,Medium,CollectProduction,Apple Pie,100,15;35;75;102,3;3;3;3;3,TID_NEIGHBORHOOD_TASK_COLLECT_GOOD_DESCRIPTION,1,,
Medium_CollectProduction_Kimchi,772,Medium,CollectProduction,Kimchi,100,15;35;75;102,3;3;3;3;3,TID_NEIGHBORHOOD_TASK_COLLECT_GOOD_DESCRIPTION,1,,
Medium_CollectProduction_SeafoodSalad,773,Medium,CollectProduction,SeafoodSalad,100,15;35;75;102,3;3;3;3;3,TID_NEIGHBORHOOD_TASK_COLLECT_GOOD_DESCRIPTION,1,,
Medium_CollectProduction_Spicy fish,774,Medium,CollectProduction,Spicy fish,100,15;35;75;102,3;3;3;6;6,TID_NEIGHBORHOOD_TASK_COLLECT_GOOD_DESCRIPTION,1,,
Medium_CollectProduction_Big sushi roll,775,Medium,CollectProduction,Big sushi roll,100,15;35;75;102,6;6;6;9;9,TID_NEIGHBORHOOD_TASK_COLLECT_GOOD_DESCRIPTION,1,,
Medium_CollectProduction_Caramel Apple,776,Medium,CollectProduction,Caramel Apple,100,15;35;75;102,3;3;3;3;3,TID_NEIGHBORHOOD_TASK_COLLECT_GOOD_DESCRIPTION,1,,
Medium_CollectProduction_Apple Juice,777,Medium,CollectProduction,Apple Juice,100,15;35;75;102,3;3;3;6;6,TID_NEIGHBORHOOD_TASK_COLLECT_GOOD_DESCRIPTION,1,,
Medium_CollectProduction_Fish and Chips,778,Medium,CollectProduction,Fish and Chips,100,15;35;75;102,6;6;6;9;9,TID_NEIGHBORHOOD_TASK_COLLECT_GOOD_DESCRIPTION,1,,
Medium_CollectProduction_Strawberry Yoghurt,779,Medium,CollectProduction,Strawberry Yoghurt,100,15;35;75;102,3;3;3;3;3,TID_NEIGHBORHOOD_TASK_COLLECT_GOOD_DESCRIPTION,1,,
Medium_CollectProduction_SilverBar,780,Medium,CollectProduction,SilverBar,100,15;35;75;102,3;3;3;3;3,TID_NEIGHBORHOOD_TASK_COLLECT_GOOD_DESCRIPTION,1,,
Medium_CollectProduction_Strawberry Ice Cream,781,Medium,CollectProduction,Strawberry Ice Cream,100,15;35;75;102,3;3;3;3;3,TID_NEIGHBORHOOD_TASK_COLLECT_GOOD_DESCRIPTION,1,,
Medium_CollectProduction_Lobster Pasta,782,Medium,CollectProduction,Lobster Pasta,100,15;35;75;102,3;3;3;3;3,TID_NEIGHBORHOOD_TASK_COLLECT_GOOD_DESCRIPTION,1,,
Medium_CollectProduction_Grape Jam,783,Medium,CollectProduction,Grape Jam,100,15;35;75;102,3;3;3;3;3,TID_NEIGHBORHOOD_TASK_COLLECT_GOOD_DESCRIPTION,1,,
Medium_CollectProduction_Raspberry Muffin,784,Medium,CollectProduction,Raspberry Muffin,100,15;35;75;102,6;6;6;9;9,TID_NEIGHBORHOOD_TASK_COLLECT_GOOD_DESCRIPTION,1,,
Medium_CollectProduction_MintTea,785,Medium,CollectProduction,MintTea,100,15;35;75;102,6;6;9;9;12,TID_NEIGHBORHOOD_TASK_COLLECT_GOOD_DESCRIPTION,1,,
Medium_CollectProduction_Salsa,786,Medium,CollectProduction,Salsa,100,15;35;75;102,9;9;12;12;15,TID_NEIGHBORHOOD_TASK_COLLECT_GOOD_DESCRIPTION,1,,
Medium_CollectProduction_Filled donut,787,Medium,CollectProduction,Filled donut,100,15;35;75;102,3;3;3;3;3,TID_NEIGHBORHOOD_TASK_COLLECT_GOOD_DESCRIPTION,1,,
Medium_CollectProduction_Fancy Cake,788,Medium,CollectProduction,Fancy Cake,100,15;35;75;102,3;3;3;6;6,TID_NEIGHBORHOOD_TASK_COLLECT_GOOD_DESCRIPTION,1,,
Medium_CollectProduction_PBJ Sandwich,789,Medium,CollectProduction,PBJ Sandwich,100,15;35;75;102,3;3;3;3;3,TID_NEIGHBORHOOD_TASK_COLLECT_GOOD_DESCRIPTION,1,,
Medium_CollectProduction_FishSkewer,790,Medium,CollectProduction,FishSkewer,100,15;35;75;102,6;6;9;9;12,TID_NEIGHBORHOOD_TASK_COLLECT_GOOD_DESCRIPTION,1,,
Medium_CollectProduction_VeggieDip,791,Medium,CollectProduction,VeggieDip,100,15;35;75;102,3;3;3;6;6,TID_NEIGHBORHOOD_TASK_COLLECT_GOOD_DESCRIPTION,1,,
Medium_CollectProduction_Mug,792,Medium,CollectProduction,Mug,100,15;35;75;102,3;3;3;6;6,TID_NEIGHBORHOOD_TASK_COLLECT_GOOD_DESCRIPTION,1,,
Medium_CollectProduction_Fish Pie,793,Medium,CollectProduction,Fish Pie,100,15;35;75;102,3;3;3;6;6,TID_NEIGHBORHOOD_TASK_COLLECT_GOOD_DESCRIPTION,1,,
Medium_CollectProduction_Strawberry Cake,794,Medium,CollectProduction,Strawberry Cake,100,15;35;75;102,3;3;3;6;6,TID_NEIGHBORHOOD_TASK_COLLECT_GOOD_DESCRIPTION,1,,
Medium_CollectProduction_IronBar,795,Medium,CollectProduction,IronBar,100,15;35;75;102,3;3;3;3;3,TID_NEIGHBORHOOD_TASK_COLLECT_GOOD_DESCRIPTION,1,,
Medium_CollectProduction_Cheese omelet,796,Medium,CollectProduction,Cheese omelet,100,15;35;75;102,3;3;3;6;6,TID_NEIGHBORHOOD_TASK_COLLECT_GOOD_DESCRIPTION,1,,
Medium_CollectProduction_LobsterSushi,797,Medium,CollectProduction,LobsterSushi,100,15;35;75;102,3;3;3;3;3,TID_NEIGHBORHOOD_TASK_COLLECT_GOOD_DESCRIPTION,1,,
Medium_CollectProduction_GingerTea,798,Medium,CollectProduction,GingerTea,100,15;35;75;102,6;6;9;9;12,TID_NEIGHBORHOOD_TASK_COLLECT_GOOD_DESCRIPTION,1,,
Medium_CollectProduction_PotatoSoup,799,Medium,CollectProduction,PotatoSoup,100,15;35;75;102,3;3;3;6;6,TID_NEIGHBORHOOD_TASK_COLLECT_GOOD_DESCRIPTION,1,,
Medium_CollectProduction_Winter Stew,800,Medium,CollectProduction,Winter Stew,100,15;35;75;102,3;3;3;3;3,TID_NEIGHBORHOOD_TASK_COLLECT_GOOD_DESCRIPTION,1,,
Medium_CollectProduction_Lobster Skewer,801,Medium,CollectProduction,Lobster Skewer,100,15;35;75;102,3;3;3;3;3,TID_NEIGHBORHOOD_TASK_COLLECT_GOOD_DESCRIPTION,1,,
Medium_CollectProduction_Blue Sweater,802,Medium,CollectProduction,Blue Sweater,100,15;35;75;102,3;3;3;3;3,TID_NEIGHBORHOOD_TASK_COLLECT_GOOD_DESCRIPTION,1,,
Medium_CollectProduction_Chili Stew,803,Medium,CollectProduction,Chili Stew,100,15;35;75;102,3;3;3;3;3,TID_NEIGHBORHOOD_TASK_COLLECT_GOOD_DESCRIPTION,1,,
Medium_CollectProduction_Tomato Soup,804,Medium,CollectProduction,Tomato Soup,100,15;35;75;102,3;3;3;6;6,TID_NEIGHBORHOOD_TASK_COLLECT_GOOD_DESCRIPTION,1,,
Medium_CollectProduction_Red Scarf,805,Medium,CollectProduction,Red Scarf,100,15;35;75;102,3;3;3;3;3,TID_NEIGHBORHOOD_TASK_COLLECT_GOOD_DESCRIPTION,1,,
Medium_CollectProduction_SushiRoll,806,Medium,CollectProduction,SushiRoll,100,15;35;75;102,3;3;3;3;3,TID_NEIGHBORHOOD_TASK_COLLECT_GOOD_DESCRIPTION,1,,
Medium_CollectProduction_Hand Pies,807,Medium,CollectProduction,Hand Pies,100,15;35;75;102,3;3;3;3;3,TID_NEIGHBORHOOD_TASK_COLLECT_GOOD_DESCRIPTION,1,,
Medium_CollectProduction_Goat Cheese,808,Medium,CollectProduction,Goat Cheese,100,15;35;75;102,3;3;3;3;3,TID_NEIGHBORHOOD_TASK_COLLECT_GOOD_DESCRIPTION,1,,
Medium_CollectProduction_Frutti di Mare Pizza,809,Medium,CollectProduction,Frutti di Mare Pizza,100,15;35;75;102,3;3;3;3;3,TID_NEIGHBORHOOD_TASK_COLLECT_GOOD_DESCRIPTION,1,,
Medium_CollectProduction_Broccoli Soup,810,Medium,CollectProduction,Broccoli Soup,100,15;35;75;102,6;6;6;9;9,TID_NEIGHBORHOOD_TASK_COLLECT_GOOD_DESCRIPTION,1,,
Medium_CollectProduction_Gnocchi,811,Medium,CollectProduction,Gnocchi,100,15;35;75;102,3;3;3;6;6,TID_NEIGHBORHOOD_TASK_COLLECT_GOOD_DESCRIPTION,1,,
Medium_CollectProduction_Falafel,812,Medium,CollectProduction,Falafel,100,15;35;75;102,6;6;9;9;12,TID_NEIGHBORHOOD_TASK_COLLECT_GOOD_DESCRIPTION,1,,
Medium_CollectProduction_MushroomPasta,813,Medium,CollectProduction,MushroomPasta,100,15;35;75;102,3;3;3;3;3,TID_NEIGHBORHOOD_TASK_COLLECT_GOOD_DESCRIPTION,1,,
Medium_CollectProduction_CoalBar,814,Medium,CollectProduction,CoalBar,100,15;35;75;102,3;3;3;3;3,TID_NEIGHBORHOOD_TASK_COLLECT_GOOD_DESCRIPTION,1,,
Medium_CollectProduction_Strawberry Candle,815,Medium,CollectProduction,Strawberry Candle,100,15;35;75;102,3;3;3;6;6,TID_NEIGHBORHOOD_TASK_COLLECT_GOOD_DESCRIPTION,1,,
Medium_CollectProduction_ClocheHat,816,Medium,CollectProduction,ClocheHat,100,15;35;75;102,3;3;3;3;3,TID_NEIGHBORHOOD_TASK_COLLECT_GOOD_DESCRIPTION,1,,
Medium_CollectProduction_Spicy spaghetti,817,Medium,CollectProduction,Spicy spaghetti,100,15;35;75;102,3;3;3;6;6,TID_NEIGHBORHOOD_TASK_COLLECT_GOOD_DESCRIPTION,1,,
Medium_CollectProduction_Passion Fruit Jam,818,Medium,CollectProduction,Passion Fruit Jam,100,15;35;75;102,3;3;3;3;3,TID_NEIGHBORHOOD_TASK_COLLECT_GOOD_DESCRIPTION,1,,
Medium_CollectProduction_Floral candle,819,Medium,CollectProduction,Floral candle,100,15;35;75;102,3;3;3;6;6,TID_NEIGHBORHOOD_TASK_COLLECT_GOOD_DESCRIPTION,1,,
Medium_CollectProduction_Snack Mix,820,Medium,CollectProduction,Snack Mix,100,15;35;75;102,3;3;3;3;3,TID_NEIGHBORHOOD_TASK_COLLECT_GOOD_DESCRIPTION,1,,
Medium_CollectProduction_Peanut noodles,821,Medium,CollectProduction,Peanut noodles,100,15;35;75;102,3;3;3;3;3,TID_NEIGHBORHOOD_TASK_COLLECT_GOOD_DESCRIPTION,1,,
Medium_CollectProduction_Onion Dog,822,Medium,CollectProduction,Onion Dog,100,15;35;75;102,3;3;3;3;3,TID_NEIGHBORHOOD_TASK_COLLECT_GOOD_DESCRIPTION,1,,
Medium_CollectProduction_CandiedPeanuts,823,Medium,CollectProduction,CandiedPeanuts,100,15;35;75;102,3;3;3;3;3,TID_NEIGHBORHOOD_TASK_COLLECT_GOOD_DESCRIPTION,1,,
Medium_CollectProduction_Tofu Dog,824,Medium,CollectProduction,Tofu Dog,100,15;35;75;102,6;6;9;9;12,TID_NEIGHBORHOOD_TASK_COLLECT_GOOD_DESCRIPTION,1,,
Medium_CollectProduction_Sweater,825,Medium,CollectProduction,Sweater,100,15;35;75;102,3;3;3;3;3,TID_NEIGHBORHOOD_TASK_COLLECT_GOOD_DESCRIPTION,1,,
Medium_CollectProduction_Samosa,826,Medium,CollectProduction,Samosa,100,15;35;75;102,6;6;6;9;9,TID_NEIGHBORHOOD_TASK_COLLECT_GOOD_DESCRIPTION,1,,
Medium_CollectProduction_Cherry Popsicle,827,Medium,CollectProduction,Cherry Popsicle,100,15;35;75;102,3;3;3;3;3,TID_NEIGHBORHOOD_TASK_COLLECT_GOOD_DESCRIPTION,1,,
Medium_CollectProduction_VeggieBagel,828,Medium,CollectProduction,VeggieBagel,100,15;35;75;102,6;6;6;9;9,TID_NEIGHBORHOOD_TASK_COLLECT_GOOD_DESCRIPTION,1,,
Medium_CollectProduction_Bacon Pie,829,Medium,CollectProduction,Bacon Pie,100,15;35;75;102,3;3;3;3;3,TID_NEIGHBORHOOD_TASK_COLLECT_GOOD_DESCRIPTION,1,,
Medium_CollectProduction_Plant pot,830,Medium,CollectProduction,Plant pot,100,15;35;75;102,3;3;3;6;6,TID_NEIGHBORHOOD_TASK_COLLECT_GOOD_DESCRIPTION,1,,
Medium_CollectProduction_Spicy Pizza,831,Medium,CollectProduction,Spicy Pizza,100,15;35;75;102,6;6;6;9;9,TID_NEIGHBORHOOD_TASK_COLLECT_GOOD_DESCRIPTION,1,,
Medium_CollectProduction_FlowerCrown,832,Medium,CollectProduction,FlowerCrown,100,15;35;75;102,3;3;3;6;6,TID_NEIGHBORHOOD_TASK_COLLECT_GOOD_DESCRIPTION,1,,
Medium_CollectProduction_PepperSoup,833,Medium,CollectProduction,PepperSoup,100,15;35;75;102,6;6;6;9;9,TID_NEIGHBORHOOD_TASK_COLLECT_GOOD_DESCRIPTION,1,,
Medium_CollectProduction_Wooly Pants,834,Medium,CollectProduction,Wooly Pants,100,15;35;75;102,3;3;3;3;3,TID_NEIGHBORHOOD_TASK_COLLECT_GOOD_DESCRIPTION,1,,
Medium_CollectProduction_Tofu stir fry,835,Medium,CollectProduction,Tofu stir fry,100,15;35;75;102,6;6;6;9;9,TID_NEIGHBORHOOD_TASK_COLLECT_GOOD_DESCRIPTION,1,,
Medium_CollectProduction_Shepherds Pie,836,Medium,CollectProduction,Shepherds Pie,100,15;35;75;102,3;3;3;3;3,TID_NEIGHBORHOOD_TASK_COLLECT_GOOD_DESCRIPTION,1,,
Medium_CollectProduction_Asparagus Quiche,837,Medium,CollectProduction,Asparagus Quiche,100,15;35;75;102,3;3;3;6;6,TID_NEIGHBORHOOD_TASK_COLLECT_GOOD_DESCRIPTION,1,,
Medium_CollectProduction_EggRoll,838,Medium,CollectProduction,EggRoll,100,15;35;75;102,3;3;3;3;3,TID_NEIGHBORHOOD_TASK_COLLECT_GOOD_DESCRIPTION,1,,
Medium_CollectProduction_Duck Down,839,Medium,CollectProduction,Duck Down,100,15;35;75;102,3;3;3;3;3,TID_NEIGHBORHOOD_TASK_COLLECT_GOOD_DESCRIPTION,1,,
Medium_CollectProduction_Onion Soup,840,Medium,CollectProduction,Onion Soup,100,15;35;75;102,3;3;3;6;6,TID_NEIGHBORHOOD_TASK_COLLECT_GOOD_DESCRIPTION,1,,
Medium_CollectProduction_Cheese Cake,841,Medium,CollectProduction,Cheese Cake,100,15;35;75;102,3;3;3;3;3,TID_NEIGHBORHOOD_TASK_COLLECT_GOOD_DESCRIPTION,1,,
Medium_CollectProduction_Pasta Carbonara,842,Medium,CollectProduction,Pasta Carbonara,100,15;35;75;102,3;3;3;3;3,TID_NEIGHBORHOOD_TASK_COLLECT_GOOD_DESCRIPTION,1,,
Medium_CollectProduction_Summer Rolls,843,Medium,CollectProduction,Summer Rolls,100,15;35;75;102,6;6;6;9;9,TID_NEIGHBORHOOD_TASK_COLLECT_GOOD_DESCRIPTION,1,,
Medium_CollectProduction_MushroomSalad,844,Medium,CollectProduction,MushroomSalad,100,15;35;75;102,3;3;3;3;3,TID_NEIGHBORHOOD_TASK_COLLECT_GOOD_DESCRIPTION,1,,
Medium_CollectProduction_Blue Woolly Hat,845,Medium,CollectProduction,Blue Woolly Hat,100,15;35;75;102,3;3;3;3;3,TID_NEIGHBORHOOD_TASK_COLLECT_GOOD_DESCRIPTION,1,,
Medium_CollectProduction_Cotton Candy,846,Medium,CollectProduction,Cotton Candy,100,15;35;75;102,3;3;3;6;6,TID_NEIGHBORHOOD_TASK_COLLECT_GOOD_DESCRIPTION,1,,
Medium_CollectProduction_Tomato Juice,847,Medium,CollectProduction,Tomato Juice,100,15;35;75;102,6;6;6;9;9,TID_NEIGHBORHOOD_TASK_COLLECT_GOOD_DESCRIPTION,1,,
Medium_CollectProduction_Roasted Tomatoes,848,Medium,CollectProduction,Roasted Tomatoes,100,15;35;75;102,6;6;6;9;9,TID_NEIGHBORHOOD_TASK_COLLECT_GOOD_DESCRIPTION,1,,
Medium_CollectProduction_Loaded Fries,849,Medium,CollectProduction,Loaded Fries,100,15;35;75;102,3;3;3;6;6,TID_NEIGHBORHOOD_TASK_COLLECT_GOOD_DESCRIPTION,1,,
Medium_CollectProduction_Baked Potato,850,Medium,CollectProduction,Baked Potato,100,15;35;75;102,6;6;6;9;9,TID_NEIGHBORHOOD_TASK_COLLECT_GOOD_DESCRIPTION,1,,
Medium_CollectProduction_Hamburger,851,Medium,CollectProduction,Hamburger,100,15;35;75;102,3;3;3;3;3,TID_NEIGHBORHOOD_TASK_COLLECT_GOOD_DESCRIPTION,1,,
Medium_CollectProduction_Casserole,852,Medium,CollectProduction,Casserole,100,15;35;75;102,3;3;3;3;3,TID_NEIGHBORHOOD_TASK_COLLECT_GOOD_DESCRIPTION,1,,
Medium_CollectProduction_Roast veggies,853,Medium,CollectProduction,Roast veggies,100,15;35;75;102,9;9;12;12;15,TID_NEIGHBORHOOD_TASK_COLLECT_GOOD_DESCRIPTION,1,,
Medium_CollectProduction_BaconSalad,854,Medium,CollectProduction,BaconSalad,100,15;35;75;102,3;3;3;3;3,TID_NEIGHBORHOOD_TASK_COLLECT_GOOD_DESCRIPTION,1,,
Medium_CollectProduction_Veggie Bouquet,855,Medium,CollectProduction,Veggie Bouquet,100,15;35;75;102,6;6;9;9;12,TID_NEIGHBORHOOD_TASK_COLLECT_GOOD_DESCRIPTION,1,,
Medium_CollectProduction_Birthday Bouquet,856,Medium,CollectProduction,Birthday Bouquet,100,15;35;75;102,3;3;3;6;6,TID_NEIGHBORHOOD_TASK_COLLECT_GOOD_DESCRIPTION,1,,
Medium_CollectProduction_Noodle Soup,857,Medium,CollectProduction,Noodle Soup,100,15;35;75;102,3;3;3;6;6,TID_NEIGHBORHOOD_TASK_COLLECT_GOOD_DESCRIPTION,1,,
Medium_CollectProduction_BLTToast,858,Medium,CollectProduction,BLTToast,100,15;35;75;102,3;3;3;3;3,TID_NEIGHBORHOOD_TASK_COLLECT_GOOD_DESCRIPTION,1,,
Medium_CollectProduction_Chili Popcorn,859,Medium,CollectProduction,Chili Popcorn,100,15;35;75;102,3;3;3;6;6,TID_NEIGHBORHOOD_TASK_COLLECT_GOOD_DESCRIPTION,1,,
Medium_CollectProduction_Asparagus Soup,860,Medium,CollectProduction,Asparagus Soup,100,15;35;75;102,6;6;6;9;9,TID_NEIGHBORHOOD_TASK_COLLECT_GOOD_DESCRIPTION,1,,
Medium_CollectProduction_Milk Tea,861,Medium,CollectProduction,Milk Tea,100,15;35;75;102,6;6;6;9;9,TID_NEIGHBORHOOD_TASK_COLLECT_GOOD_DESCRIPTION,1,,
Medium_CollectProduction_Grape Juice,862,Medium,CollectProduction,Grape Juice,100,15;35;75;102,3;3;3;6;6,TID_NEIGHBORHOOD_TASK_COLLECT_GOOD_DESCRIPTION,1,,
Medium_CollectProduction_Onion melt,863,Medium,CollectProduction,Onion melt,100,15;35;75;102,3;3;3;6;6,TID_NEIGHBORHOOD_TASK_COLLECT_GOOD_DESCRIPTION,1,,
Medium_CollectProduction_MushroomSoup,864,Medium,CollectProduction,MushroomSoup,100,15;35;75;102,3;3;3;6;6,TID_NEIGHBORHOOD_TASK_COLLECT_GOOD_DESCRIPTION,1,,
Medium_CollectProduction_Honey Tea,865,Medium,CollectProduction,Honey Tea,100,15;35;75;102,6;6;6;9;9,TID_NEIGHBORHOOD_TASK_COLLECT_GOOD_DESCRIPTION,1,,
Medium_CollectProduction_Cabbage Soup,866,Medium,CollectProduction,Cabbage Soup,100,15;35;75;102,3;3;3;3;3,TID_NEIGHBORHOOD_TASK_COLLECT_GOOD_DESCRIPTION,1,,
Medium_CollectProduction_Candy bouquet,867,Medium,CollectProduction,Candy bouquet,100,15;35;75;102,3;3;3;6;6,TID_NEIGHBORHOOD_TASK_COLLECT_GOOD_DESCRIPTION,1,,
Medium_CollectProduction_Potato Feta Cake,868,Medium,CollectProduction,Potato Feta Cake,100,15;35;75;102,3;3;3;6;6,TID_NEIGHBORHOOD_TASK_COLLECT_GOOD_DESCRIPTION,1,,
Medium_CollectProduction_Green Tea,869,Medium,CollectProduction,Green Tea,100,15;35;75;102,6;6;9;9;12,TID_NEIGHBORHOOD_TASK_COLLECT_GOOD_DESCRIPTION,1,,
Medium_CollectProduction_Soft Bouquet,870,Medium,CollectProduction,Soft Bouquet,100,15;35;75;102,6;6;6;9;9,TID_NEIGHBORHOOD_TASK_COLLECT_GOOD_DESCRIPTION,1,,
Medium_CollectProduction_Breakfast Waffles,871,Medium,CollectProduction,Breakfast Waffles,100,15;35;75;102,3;3;3;6;6,TID_NEIGHBORHOOD_TASK_COLLECT_GOOD_DESCRIPTION,1,,
Medium_CollectProduction_Colorful omelet,872,Medium,CollectProduction,Colorful omelet,100,15;35;75;102,6;6;6;9;9,TID_NEIGHBORHOOD_TASK_COLLECT_GOOD_DESCRIPTION,1,,
Medium_CollectProduction_Birthday Cake,873,Medium,CollectProduction,Birthday Cake,100,15;35;75;102,3;3;3;6;6,TID_NEIGHBORHOOD_TASK_COLLECT_GOOD_DESCRIPTION,1,,
Medium_CollectProduction_Spring omelet,874,Medium,CollectProduction,Spring omelet,100,15;35;75;102,6;6;6;9;9,TID_NEIGHBORHOOD_TASK_COLLECT_GOOD_DESCRIPTION,1,,
Medium_CollectProduction_Potato omelet,875,Medium,CollectProduction,Potato omelet,100,15;35;75;102,3;3;3;3;3,TID_NEIGHBORHOOD_TASK_COLLECT_GOOD_DESCRIPTION,1,,
Medium_CollectProduction_Pumpkin Soup,876,Medium,CollectProduction,Pumpkin Soup,100,15;35;75;102,3;3;3;6;6,TID_NEIGHBORHOOD_TASK_COLLECT_GOOD_DESCRIPTION,1,,
Medium_CollectProduction_Pumpkin Pie,877,Medium,CollectProduction,Pumpkin Pie,100,15;35;75;102,3;3;3;6;6,TID_NEIGHBORHOOD_TASK_COLLECT_GOOD_DESCRIPTION,1,,
Medium_CollectProduction_WatermelonLemonade,878,Medium,CollectProduction,WatermelonLemonade,100,15;35;75;102,6;6;6;9;9,TID_NEIGHBORHOOD_TASK_COLLECT_GOOD_DESCRIPTION,1,,
Medium_CollectProduction_Cheese fondue,879,Medium,CollectProduction,Cheese fondue,100,15;35;75;102,6;6;6;9;9,TID_NEIGHBORHOOD_TASK_COLLECT_GOOD_DESCRIPTION,1,,
Medium_CollectProduction_Grilled Onion,880,Medium,CollectProduction,Grilled Onion,100,15;35;75;102,6;6;6;9;9,TID_NEIGHBORHOOD_TASK_COLLECT_GOOD_DESCRIPTION,1,,
Medium_CollectProduction_Meat fondue,881,Medium,CollectProduction,Meat fondue,100,15;35;75;102,3;3;3;6;6,TID_NEIGHBORHOOD_TASK_COLLECT_GOOD_DESCRIPTION,1,,
Medium_CollectProduction_Corn Dog,882,Medium,CollectProduction,Corn Dog,100,15;35;75;102,3;3;3;3;3,TID_NEIGHBORHOOD_TASK_COLLECT_GOOD_DESCRIPTION,1,,
Medium_CollectProduction_Bacon and Eggs,883,Medium,CollectProduction,Bacon and Eggs,100,15;35;75;102,3;3;3;3;3,TID_NEIGHBORHOOD_TASK_COLLECT_GOOD_DESCRIPTION,1,,
Medium_CollectProduction_Lemon Cake,884,Medium,CollectProduction,Lemon Cake,100,15;35;75;102,3;3;3;6;6,TID_NEIGHBORHOOD_TASK_COLLECT_GOOD_DESCRIPTION,1,,
Medium_CollectProduction_Bright Bouquet,885,Medium,CollectProduction,Bright Bouquet,100,15;35;75;102,9;9;12;12;15,TID_NEIGHBORHOOD_TASK_COLLECT_GOOD_DESCRIPTION,1,,
Medium_CollectProduction_Pizza,886,Medium,CollectProduction,Pizza,100,15;35;75;102,6;6;6;9;9,TID_NEIGHBORHOOD_TASK_COLLECT_GOOD_DESCRIPTION,1,,
Medium_CollectProduction_SoySauce,887,Medium,CollectProduction,SoySauce,100,15;35;75;102,3;3;3;6;6,TID_NEIGHBORHOOD_TASK_COLLECT_GOOD_DESCRIPTION,1,,
Medium_CollectProduction_Taco,888,Medium,CollectProduction,Taco,100,15;35;75;102,3;3;3;6;6,TID_NEIGHBORHOOD_TASK_COLLECT_GOOD_DESCRIPTION,1,,
Medium_CollectProduction_EggSandwich,889,Medium,CollectProduction,EggSandwich,100,15;35;75;102,6;6;6;9;9,TID_NEIGHBORHOOD_TASK_COLLECT_GOOD_DESCRIPTION,1,,
Medium_CollectProduction_Stuffed Peppers,890,Medium,CollectProduction,Stuffed Peppers,100,15;35;75;102,3;3;3;6;6,TID_NEIGHBORHOOD_TASK_COLLECT_GOOD_DESCRIPTION,1,,
Medium_CollectProduction_Rustic Bouquet,891,Medium,CollectProduction,Rustic Bouquet,100,15;35;75;102,6;6;9;9;12,TID_NEIGHBORHOOD_TASK_COLLECT_GOOD_DESCRIPTION,1,,
Medium_CollectProduction_Quesadilla,892,Medium,CollectProduction,Quesadilla,100,15;35;75;102,3;3;3;6;6,TID_NEIGHBORHOOD_TASK_COLLECT_GOOD_DESCRIPTION,1,,
Medium_CollectProduction_Mocha Milkshake,893,Medium,CollectProduction,Mocha Milkshake,100,15;35;75;102,3;3;3;6;6,TID_NEIGHBORHOOD_TASK_COLLECT_GOOD_DESCRIPTION,1,,
Medium_CollectProduction_Rice omelet,894,Medium,CollectProduction,Rice omelet,100,15;35;75;102,3;3;3;6;6,TID_NEIGHBORHOOD_TASK_COLLECT_GOOD_DESCRIPTION,1,,
Medium_CollectProduction_Feta Pie,895,Medium,CollectProduction,Feta Pie,100,15;35;75;102,3;3;3;6;6,TID_NEIGHBORHOOD_TASK_COLLECT_GOOD_DESCRIPTION,1,,
Medium_CollectProduction_Passion Fruit Sauce,896,Medium,CollectProduction,Passion Fruit Sauce,100,15;35;75;102,6;6;9;9;12,TID_NEIGHBORHOOD_TASK_COLLECT_GOOD_DESCRIPTION,1,,
Medium_CollectProduction_Stuffed Bellpeppers,897,Medium,CollectProduction,Stuffed Bellpeppers,100,15;35;75;102,3;3;3;6;6,TID_NEIGHBORHOOD_TASK_COLLECT_GOOD_DESCRIPTION,1,,
Medium_CollectProduction_Hot Dog,898,Medium,CollectProduction,Hot Dog,100,15;35;75;102,3;3;3;6;6,TID_NEIGHBORHOOD_TASK_COLLECT_GOOD_DESCRIPTION,1,,
Medium_CollectProduction_Bacon donut,899,Medium,CollectProduction,Bacon donut,100,15;35;75;102,3;3;3;6;6,TID_NEIGHBORHOOD_TASK_COLLECT_GOOD_DESCRIPTION,1,,
Medium_CollectProduction_SesameBrittle,900,Medium,CollectProduction,SesameBrittle,100,15;35;75;102,6;6;6;9;9,TID_NEIGHBORHOOD_TASK_COLLECT_GOOD_DESCRIPTION,1,,
Medium_CollectProduction_Vanilla Milkshake,901,Medium,CollectProduction,Vanilla Milkshake,100,15;35;75;102,3;3;3;6;6,TID_NEIGHBORHOOD_TASK_COLLECT_GOOD_DESCRIPTION,1,,
Medium_CollectProduction_Lasagna,902,Medium,CollectProduction,Lasagna,100,15;35;75;102,3;3;3;6;6,TID_NEIGHBORHOOD_TASK_COLLECT_GOOD_DESCRIPTION,1,,
Medium_CollectProduction_Plain Yoghurt,903,Medium,CollectProduction,Plain Yoghurt,100,15;35;75;102,3;3;3;6;6,TID_NEIGHBORHOOD_TASK_COLLECT_GOOD_DESCRIPTION,1,,
Medium_CollectProduction_Plain Cupcake,904,Medium,CollectProduction,Plain Cupcake,100,15;35;75;102,3;3;3;6;6,TID_NEIGHBORHOOD_TASK_COLLECT_GOOD_DESCRIPTION,1,,
Medium_CollectProduction_Lemon Pie,905,Medium,CollectProduction,Lemon Pie,100,15;35;75;102,3;3;3;6;6,TID_NEIGHBORHOOD_TASK_COLLECT_GOOD_DESCRIPTION,1,,
Medium_CollectProduction_Vanilla Ice Cream,906,Medium,CollectProduction,Vanilla Ice Cream,100,15;35;75;102,3;3;3;6;6,TID_NEIGHBORHOOD_TASK_COLLECT_GOOD_DESCRIPTION,1,,
Medium_CollectProduction_Potato Bread,907,Medium,CollectProduction,Potato Bread,100,15;35;75;102,6;6;6;9;9,TID_NEIGHBORHOOD_TASK_COLLECT_GOOD_DESCRIPTION,1,,
Medium_CollectProduction_SesameIceCream,908,Medium,CollectProduction,SesameIceCream,100,15;35;75;102,3;3;3;6;6,TID_NEIGHBORHOOD_TASK_COLLECT_GOOD_DESCRIPTION,1,,
Medium_CollectProduction_Goat Cheese Toast,909,Medium,CollectProduction,Goat Cheese Toast,100,15;35;75;102,3;3;3;6;6,TID_NEIGHBORHOOD_TASK_COLLECT_GOOD_DESCRIPTION,1,,
Medium_CollectProduction_Affogato,910,Medium,CollectProduction,Affogato,100,15;35;75;102,3;3;3;6;6,TID_NEIGHBORHOOD_TASK_COLLECT_GOOD_DESCRIPTION,1,,
Medium_CollectProduction_Hummus Wrap,911,Medium,CollectProduction,Hummus Wrap,100,15;35;75;102,6;6;6;9;9,TID_NEIGHBORHOOD_TASK_COLLECT_GOOD_DESCRIPTION,1,,
Medium_CollectProduction_Beetroot salad,912,Medium,CollectProduction,Beetroot salad,100,15;35;75;102,3;3;3;6;6,TID_NEIGHBORHOOD_TASK_COLLECT_GOOD_DESCRIPTION,1,,
Medium_CollectProduction_Nachos,913,Medium,CollectProduction,Nachos,100,15;35;75;102,3;3;3;6;6,TID_NEIGHBORHOOD_TASK_COLLECT_GOOD_DESCRIPTION,1,,
Medium_CollectProduction_Honey Popcorn,914,Medium,CollectProduction,Honey Popcorn,100,15;35;75;102,3;3;3;6;6,TID_NEIGHBORHOOD_TASK_COLLECT_GOOD_DESCRIPTION,1,,
Medium_CollectProduction_Toffee,915,Medium,CollectProduction,Toffee,100,15;35;75;102,3;3;3;6;6,TID_NEIGHBORHOOD_TASK_COLLECT_GOOD_DESCRIPTION,1,,
Medium_CollectProduction_Broccoli Mac,916,Medium,CollectProduction,Broccoli Mac,100,15;35;75;102,3;3;3;6;6,TID_NEIGHBORHOOD_TASK_COLLECT_GOOD_DESCRIPTION,1,,
Medium_CollectProduction_Gingerbread Cookie,917,Medium,CollectProduction,Gingerbread Cookie,100,15;35;75;102,3;3;3;6;6,TID_NEIGHBORHOOD_TASK_COLLECT_GOOD_DESCRIPTION,1,,
Medium_CollectProduction_Soothing Pad,918,Medium,CollectProduction,Soothing Pad,100,15;35;75;102,3;3;3;6;6,TID_NEIGHBORHOOD_TASK_COLLECT_GOOD_DESCRIPTION,1,,
Medium_CollectProduction_Carrot Cake,919,Medium,CollectProduction,Carrot Cake,100,15;35;75;102,3;3;3;6;6,TID_NEIGHBORHOOD_TASK_COLLECT_GOOD_DESCRIPTION,1,,
Medium_CollectProduction_Beeswax,920,Medium,CollectProduction,Beeswax,100,15;35;75;102,3;3;3;3;3,TID_NEIGHBORHOOD_TASK_COLLECT_GOOD_DESCRIPTION,1,,
Medium_CollectProduction_Cotton Fabrics,921,Medium,CollectProduction,Cotton Fabrics,100,15;35;75;102,6;6;9;9;12,TID_NEIGHBORHOOD_TASK_COLLECT_GOOD_DESCRIPTION,1,,
Medium_CollectProduction_Cotton Shirt,922,Medium,CollectProduction,Cotton Shirt,100,15;35;75;102,6;6;6;9;9,TID_NEIGHBORHOOD_TASK_COLLECT_GOOD_DESCRIPTION,1,,
Medium_CollectProduction_Mint essential oil,923,Medium,CollectProduction,Mint essential oil,100,15;35;75;102,9;9;12;12;15,TID_NEIGHBORHOOD_TASK_COLLECT_GOOD_DESCRIPTION,1,,
Medium_CollectProduction_Eggplant Parmesan,924,Medium,CollectProduction,Eggplant Parmesan,100,15;35;75;102,6;6;6;9;9,TID_NEIGHBORHOOD_TASK_COLLECT_GOOD_DESCRIPTION,1,,
Medium_CollectProduction_Plain Waffles,925,Medium,CollectProduction,Plain Waffles,100,15;35;75;102,6;6;6;9;9,TID_NEIGHBORHOOD_TASK_COLLECT_GOOD_DESCRIPTION,1,,
Medium_CollectProduction_Syrup,926,Medium,CollectProduction,Syrup,100,15;35;75;102,6;6;6;9;9,TID_NEIGHBORHOOD_TASK_COLLECT_GOOD_DESCRIPTION,1,,
Medium_CollectProduction_Coleslaw,927,Medium,CollectProduction,Coleslaw,100,15;35;75;102,6;6;6;9;9,TID_NEIGHBORHOOD_TASK_COLLECT_GOOD_DESCRIPTION,1,,
Medium_CollectProduction_Cheese,928,Medium,CollectProduction,Cheese,100,15;35;75;102,6;6;6;9;9,TID_NEIGHBORHOOD_TASK_COLLECT_GOOD_DESCRIPTION,1,,
Medium_CollectProduction_Honey Toast,929,Medium,CollectProduction,Honey Toast,100,15;35;75;102,6;6;6;9;9,TID_NEIGHBORHOOD_TASK_COLLECT_GOOD_DESCRIPTION,1,,
Medium_CollectProduction_Ginger essential oil,930,Medium,CollectProduction,Ginger essential oil,100,15;35;75;102,9;9;12;12;15,TID_NEIGHBORHOOD_TASK_COLLECT_GOOD_DESCRIPTION,1,,
Medium_CollectProduction_Mushroom Pot Pie,931,Medium,CollectProduction,Mushroom Pot Pie,100,15;35;75;102,6;6;6;9;9,TID_NEIGHBORHOOD_TASK_COLLECT_GOOD_DESCRIPTION,1,,
Medium_CollectProduction_Zesty Perfume,932,Medium,CollectProduction,Zesty Perfume,100,15;35;75;102,9;9;12;12;15,TID_NEIGHBORHOOD_TASK_COLLECT_GOOD_DESCRIPTION,1,,
Medium_CollectProduction_Butter Popcorn,933,Medium,CollectProduction,Butter Popcorn,100,15;35;75;102,6;6;6;9;9,TID_NEIGHBORHOOD_TASK_COLLECT_GOOD_DESCRIPTION,1,,
Medium_CollectProduction_Honey,934,Medium,CollectProduction,Honey,100,15;35;75;102,3;3;3;3;3,TID_NEIGHBORHOOD_TASK_COLLECT_GOOD_DESCRIPTION,1,,
Medium_CollectProduction_Chamomile Tea,935,Medium,CollectProduction,Chamomile Tea,100,15;35;75;102,3;3;3;3;3,TID_NEIGHBORHOOD_TASK_COLLECT_GOOD_DESCRIPTION,1,,
Medium_CollectProduction_Gracious bouquet,936,Medium,CollectProduction,Gracious bouquet,100,15;35;75;102,6;6;6;9;9,TID_NEIGHBORHOOD_TASK_COLLECT_GOOD_DESCRIPTION,0,,
Medium_CollectProduction_Calming Diffuser,937,Medium,CollectProduction,Calming Diffuser,100,15;35;75;102,6;6;9;9;12,TID_NEIGHBORHOOD_TASK_COLLECT_GOOD_DESCRIPTION,1,,
Medium_CollectProduction_Fried rice,938,Medium,CollectProduction,Fried rice,100,15;35;75;102,6;6;6;9;9,TID_NEIGHBORHOOD_TASK_COLLECT_GOOD_DESCRIPTION,1,,
Medium_CollectProduction_Passion Fruit Pie,939,Medium,CollectProduction,Passion Fruit Pie,100,15;35;75;102,6;6;6;9;9,TID_NEIGHBORHOOD_TASK_COLLECT_GOOD_DESCRIPTION,1,,
Medium_CollectProduction_Cookie,940,Medium,CollectProduction,Cookie,100,15;35;75;102,6;6;6;9;9,TID_NEIGHBORHOOD_TASK_COLLECT_GOOD_DESCRIPTION,1,,
Medium_CollectProduction_Passion Fruit Juice,941,Medium,CollectProduction,Passion Fruit Juice,100,15;35;75;102,6;6;9;9;12,TID_NEIGHBORHOOD_TASK_COLLECT_GOOD_DESCRIPTION,1,,
Medium_CollectProduction_Cucumber Smoothie,942,Medium,CollectProduction,Cucumber Smoothie,100,15;35;75;102,6;6;6;9;9,TID_NEIGHBORHOOD_TASK_COLLECT_GOOD_DESCRIPTION,1,,
Medium_CollectProduction_Carrot Pie,943,Medium,CollectProduction,Carrot Pie,100,15;35;75;102,6;6;6;9;9,TID_NEIGHBORHOOD_TASK_COLLECT_GOOD_DESCRIPTION,1,,
Medium_CollectProduction_Butter,944,Medium,CollectProduction,Butter,100,15;35;75;102,6;6;6;9;9,TID_NEIGHBORHOOD_TASK_COLLECT_GOOD_DESCRIPTION,1,,
Medium_CollectProduction_Mayonaise,945,Medium,CollectProduction,Mayonaise,100,15;35;75;102,6;6;6;9;9,TID_NEIGHBORHOOD_TASK_COLLECT_GOOD_DESCRIPTION,1,,
Medium_CollectProduction_Grilled Eggplant,946,Medium,CollectProduction,Grilled Eggplant,100,15;35;75;102,6;6;6;9;9,TID_NEIGHBORHOOD_TASK_COLLECT_GOOD_DESCRIPTION,1,,
Medium_CollectProduction_Pineapple Juice,947,Medium,CollectProduction,Pineapple Juice,100,15;35;75;102,6;6;9;9;12,TID_NEIGHBORHOOD_TASK_COLLECT_GOOD_DESCRIPTION,1,,
Medium_CollectProduction_Cream,948,Medium,CollectProduction,Cream,100,15;35;75;102,6;6;6;9;9,TID_NEIGHBORHOOD_TASK_COLLECT_GOOD_DESCRIPTION,1,,
Medium_CollectProduction_Plain donut,949,Medium,CollectProduction,Plain donut,100,15;35;75;102,6;6;6;9;9,TID_NEIGHBORHOOD_TASK_COLLECT_GOOD_DESCRIPTION,1,,
Medium_CollectProduction_White Sugar,950,Medium,CollectProduction,White Sugar,100,15;35;75;102,6;6;9;9;12,TID_NEIGHBORHOOD_TASK_COLLECT_GOOD_DESCRIPTION,1,,
Medium_CollectProduction_Fresh Diffuser,951,Medium,CollectProduction,Fresh Diffuser,100,15;35;75;102,6;6;9;9;12,TID_NEIGHBORHOOD_TASK_COLLECT_GOOD_DESCRIPTION,1,,
Medium_CollectProduction_Cucumber Sandwich,952,Medium,CollectProduction,Cucumber Sandwich,100,15;35;75;102,6;6;9;9;12,TID_NEIGHBORHOOD_TASK_COLLECT_GOOD_DESCRIPTION,1,,
Medium_CollectProduction_Pancakes,953,Medium,CollectProduction,Pancakes,100,15;35;75;102,6;6;9;9;12,TID_NEIGHBORHOOD_TASK_COLLECT_GOOD_DESCRIPTION,1,,
Medium_CollectProduction_Garlic bread,954,Medium,CollectProduction,Garlic bread,100,15;35;75;102,6;6;9;9;12,TID_NEIGHBORHOOD_TASK_COLLECT_GOOD_DESCRIPTION,1,,
Medium_CollectProduction_Cream donut,955,Medium,CollectProduction,Cream donut,100,15;35;75;102,6;6;9;9;12,TID_NEIGHBORHOOD_TASK_COLLECT_GOOD_DESCRIPTION,1,,
Medium_CollectProduction_Rice Noodles,956,Medium,CollectProduction,Rice Noodles,100,15;35;75;102,9;9;12;12;15,TID_NEIGHBORHOOD_TASK_COLLECT_GOOD_DESCRIPTION,1,,
Medium_CollectProduction_Corn Bread,957,Medium,CollectProduction,Corn Bread,100,15;35;75;102,6;6;9;9;12,TID_NEIGHBORHOOD_TASK_COLLECT_GOOD_DESCRIPTION,1,,
Medium_CollectProduction_Brown_Sugar,958,Medium,CollectProduction,Brown_Sugar,100,15;35;75;102,9;9;12;12;15,TID_NEIGHBORHOOD_TASK_COLLECT_GOOD_DESCRIPTION,1,,
Medium_CollectProduction_Carrot Juice,959,Medium,CollectProduction,Carrot Juice,100,15;35;75;102,6;6;9;9;12,TID_NEIGHBORHOOD_TASK_COLLECT_GOOD_DESCRIPTION,1,,
Medium_CollectProduction_Popcorn,960,Medium,CollectProduction,Popcorn,100,15;35;75;102,6;6;9;9;12,TID_NEIGHBORHOOD_TASK_COLLECT_GOOD_DESCRIPTION,1,,
Medium_CollectProduction_Raw Pasta,961,Medium,CollectProduction,Raw Pasta,100,15;35;75;102,6;6;9;9;12,TID_NEIGHBORHOOD_TASK_COLLECT_GOOD_DESCRIPTION,1,,
Medium_CollectProduction_Chamomile essential oil,962,Medium,CollectProduction,Chamomile essential oil,100,15;35;75;102,9;9;12;12;15,TID_NEIGHBORHOOD_TASK_COLLECT_GOOD_DESCRIPTION,1,,
Medium_CollectProduction_Bread,963,Medium,CollectProduction,Bread,100,15;35;75;102,9;9;12;12;15,TID_NEIGHBORHOOD_TASK_COLLECT_GOOD_DESCRIPTION,1,,
Hard_CollectProduction_Goat Milk,964,Hard,CollectProduction,Goat Milk,200,15;35;75;102,10;10;20;20;40,TID_NEIGHBORHOOD_TASK_COLLECT_GOOD_DESCRIPTION,1,,
Hard_CollectProduction_Wool,965,Hard,CollectProduction,Wool,200,15;35;75;102,10;10;25;25;50,TID_NEIGHBORHOOD_TASK_COLLECT_GOOD_DESCRIPTION,1,,
Hard_CollectProduction_Bacon,966,Hard,CollectProduction,Bacon,200,15;35;75;102,15;25;50;75;75,TID_NEIGHBORHOOD_TASK_COLLECT_GOOD_DESCRIPTION,1,,
Hard_CollectProduction_Milk,967,Hard,CollectProduction,Milk,200,15;35;75;102,15;25;50;75;75,TID_NEIGHBORHOOD_TASK_COLLECT_GOOD_DESCRIPTION,1,,
Hard_CollectProduction_Egg,968,Hard,CollectProduction,Egg,200,15;35;75;102,15;30;45;60;90,TID_NEIGHBORHOOD_TASK_COLLECT_GOOD_DESCRIPTION,1,,
Hard_FeedAnimal_Chicken,969,Hard,FeedAnimal,Chicken,200,15;35;75;102,15;30;45;60;90,TID_FARM_PASS_TASK_FEED_CHICKENS,1,,
Hard_FeedAnimal_Cow,970,Hard,FeedAnimal,Cow,200,15;35;75;102,15;25;50;75;75,TID_FARM_PASS_TASK_FEED_COWS,1,,
Hard_FeedAnimal_Sheep,971,Hard,FeedAnimal,Sheep,200,15;35;75;102,10;10;25;25;75,TID_FARM_PASS_TASK_FEED_SHEEP,1,,
Hard_FeedAnimal_Pig,972,Hard,FeedAnimal,Pig,200,15;35;75;102,15;25;50;75;75,TID_FARM_PASS_TASK_FEED_PIGS,1,,
Hard_FeedAnimal_Goat,973,Hard,FeedAnimal,Goat,200,15;35;75;102,10;10;20;20;75,TID_FARM_PASS_TASK_FEED_GOATS,1,,
Hard_CollectFruit_Coconut,974,Hard,CollectFruit,Coconut,200,15;35;75;102,10;10;10;10;20,TID_TASK_COLLECT_FRUIT,1,,
Hard_CollectFruit_Blueberry,975,Hard,CollectFruit,Blueberry,200,15;35;75;102,10;10;10;10;20,TID_TASK_COLLECT_FRUIT,1,,
Hard_CollectFruit_Cacao,976,Hard,CollectFruit,Cacao,200,15;35;75;102,10;10;10;10;20,TID_TASK_COLLECT_FRUIT,1,,
Hard_CollectFruit_Guava,977,Hard,CollectFruit,Guava,200,15;35;75;102,10;10;10;10;20,TID_TASK_COLLECT_FRUIT,1,,
Hard_CollectFruit_Blackberry,978,Hard,CollectFruit,Blackberry,200,15;35;75;102,10;10;10;10;20,TID_TASK_COLLECT_FRUIT,1,,
Hard_CollectFruit_Mango,979,Hard,CollectFruit,Mango,200,15;35;75;102,10;10;10;10;20,TID_TASK_COLLECT_FRUIT,1,,
Hard_CollectFruit_Orange,980,Hard,CollectFruit,Orange,200,15;35;75;102,10;10;10;10;20,TID_TASK_COLLECT_FRUIT,1,,
Hard_CollectFruit_Lemon,981,Hard,CollectFruit,Lemon,200,15;35;75;102,10;20;20;20;30,TID_TASK_COLLECT_FRUIT,1,,
Hard_CollectFruit_Peach,982,Hard,CollectFruit,Peach,200,15;35;75;102,10;20;20;20;30,TID_TASK_COLLECT_FRUIT,1,,
Hard_CollectFruit_Cherry,983,Hard,CollectFruit,Cherry,200,15;35;75;102,10;20;20;20;30,TID_TASK_COLLECT_FRUIT,1,,
Hard_CollectFruit_Banana,984,Hard,CollectFruit,Banana,200,15;35;75;102,10;20;20;20;30,TID_TASK_COLLECT_FRUIT,1,,
Hard_CollectFruit_Pomegranate,985,Hard,CollectFruit,Pomegranate,200,15;35;75;102,10;20;20;20;30,TID_TASK_COLLECT_FRUIT,1,,
Hard_CollectFruit_Coffee,986,Hard,CollectFruit,Coffee,200,15;35;75;102,10;20;30;30;30,TID_TASK_COLLECT_FRUIT,1,,
Hard_CollectFruit_Plum,987,Hard,CollectFruit,Plum,200,15;35;75;102,10;20;30;30;30,TID_TASK_COLLECT_FRUIT,1,,
Hard_CollectFruit_Olive,988,Hard,CollectFruit,Olive,200,15;35;75;102,10;20;30;30;30,TID_TASK_COLLECT_FRUIT,1,,
Hard_CollectFruit_Raspberry,989,Hard,CollectFruit,Raspberry,200,15;35;75;102,10;20;30;30;30,TID_TASK_COLLECT_FRUIT,1,,
Hard_CollectFruit_Apple,990,Hard,CollectFruit,Apple,200,15;35;75;102,10;20;30;30;30,TID_TASK_COLLECT_FRUIT,1,,
Hard_UseNet_Fish Meat,991,Hard,UseNet,Fish Meat,200,15;35;75;102,5;15;15;30;30,TID_FARM_PASS_TASK_CATCH_NET,1,,
Hard_CastNet_DuckTrap,992,Hard,CastNet,DuckTrap,200,15;35;75;102,5;5;5;5;10,TID_FARM_PASS_TASK_CAST_DUCK,1,,
Hard_CastNet_LobsterBox,993,Hard,CastNet,LobsterBox,200,15;35;75;102,5;5;5;5;10,TID_FARM_PASS_TASK_CAST_LOBSTER,1,,
Hard_CastNet_FishingNet,994,Hard,CastNet,FishingNet,200,15;35;75;102,5;5;10;15;25,TID_TASK_CAST_NET,1,,
Hard_CastNet_MysteryNet,995,Hard,CastNet,MysteryNet,200,15;35;75;102,5;5;5;5;5,TID_TASK_CAST_MYSTERY_NET,0,,
Hard_UseLure_BaitGreen,996,Hard,UseLure,BaitGreen,200,15;35;75;102,5;5;5;10;10,TID_TASK_USELURE,0,,
Hard_UseLure_BaitBlue,997,Hard,UseLure,BaitBlue,200,15;35;75;102,5;5;5;10;10,TID_TASK_USELURE,0,,
Hard_UseLure_BaitPurple,998,Hard,UseLure,BaitPurple,200,15;35;75;102,5;5;5;5;5,TID_TASK_USELURE,1,,
Hard_UseLure_BaitGold,999,Hard,UseLure,BaitGold,200,15;35;75;102,5;5;5;5;5,TID_TASK_USELURE,1,,
Hard_ActivateBooster,1000,Hard,ActivateBooster,,200,15;35;75;102,5;5;5;10;10,TID_FARM_PASS_TASK_ACTIVATE_BOOSTER,1,sc/icons.sc,booster_menu_icon
Hard_PutStuffToRss,1001,Hard,PutStuffToRss,,200,15;35;75;102,5;25;50;75;100,TID_FARM_PASS_TASK_SELL_RSS,1,sc/icons.sc,task_icon_roadside_shop
Hard_CompletePeopleOrder,1002,Hard,CompletePeopleOrder,,200,15;35;75;102,5;5;10;15;20,TID_FARM_PASS_TASK_SELL_FARM_VISITORS,1,sc/icons.sc,task_icon_complete_visitor_order
Hard_GiveHelp,1003,Hard,GiveHelp,,200,15;35;75;102,5;5;15;25;50,TID_FARM_PASS_TASK_HELP_OTHERS,1,sc/icons.sc,tool_request_help
Hard_WheelOfFortune,1004,Hard,WheelOfFortune,,200,15;35;75;102,5;5;5;5;5,TID_FARM_PASS_TASK_SPIN_WHEEL,1,sc/icons.sc,task_icon_free_wof_spin
Hard_FinishDerbyTask,1005,Hard,FinishDerbyTask,,200,15;35;75;102,5;5;5;5;5,TID_FARM_PASS_TASK_DERBY,1,sc/icons.sc,nh_derby_building_icon
Hard_VisitSanctuary,1006,Hard,VisitSanctuary,,200,15;35;75;102,5;5;5;5;5,TID_FARM_PASS_TASK_VISIT_SANCTUARY,0,sc/icons.sc,icon_sanctuary
Hard_FeedSanctuaryAnimal,1007,Hard,FeedSanctuaryAnimal,,200,15;35;75;102,5;5;5;5;10,TID_FARM_PASS_TASK_FEED_SANCTUARY,1,sc/icons.sc,tool_feed_herbivore
Hard_WakeupSanctuaryAnimal,1008,Hard,WakeupSanctuaryAnimal,,200,15;35;75;102,5;5;5;5;10,TID_FARM_PASS_TASK_WAKE_SANCTUARY,1,sc/icons.sc,icon_sanctuary
Hard_PickupTownVisitor,1009,Hard,PickupTownVisitor,,200,15;35;75;102,5;5;5;10;15,TID_FARM_PASS_TASK_PICK_UP_VISITORS,0,sc/train_icons.sc,icon_personal_train_lvl1
Hard_CollectDerbyPoints,1010,Hard,CollectDerbyPoints,,200,15;35;75;102,250;250;250;250;250,TID_FARM_PASS_TASK_DERBYPOINTS,1,sc/icons.sc,nh_derby_building_icon
Hard_ServiceTownVisitor,1011,Hard,ServiceTownVisitor,,200,15;35;75;102,5;5;5;10;15,TID_FARM_PASS_TASK_SERVE_TOWNIES,1,sc/train_icons.sc,icon_personal_train_lvl1
Hard_ServiceTownBuilding_Grocery Store,1012,Hard,ServiceTownBuilding,Grocery Store,200,15;35;75;102,5;5;5;10;15,TID_FARM_PASS_TASK_SERVE_GROCERYSTORE,1,sc/train_icons.sc,shop_icon_store_lvl1
Hard_ServiceTownBuilding_Movietheater,1013,Hard,ServiceTownBuilding,Movietheater,200,15;35;75;102,5;5;5;10;15,TID_FARM_PASS_TASK_SERVE_MOVIETHEATER,1,sc/train_icons.sc,shop_icon_movietheater_lvl1
Hard_ServiceTownBuilding_Diner,1014,Hard,ServiceTownBuilding,Diner,200,15;35;75;102,5;5;5;10;15,TID_FARM_PASS_TASK_SERVE_DINER,1,sc/train_icons.sc,shop_icon_diner_lvl1
Hard_ServiceTownBuilding_Bed and Breakfast,1015,Hard,ServiceTownBuilding,Bed and Breakfast,200,15;35;75;102,5;5;5;5;10,TID_FARM_PASS_TASK_SERVE_BEDBREAKFAST,1,sc/train_icons.sc,shop_icon_bb_lvl1
Hard_ServiceTownBuilding_Spa,1016,Hard,ServiceTownBuilding,Spa,200,15;35;75;102,5;5;5;5;10,TID_FARM_PASS_TASK_SERVE_SPA,1,sc/train_icons.sc,shop_icon_spa_lvl1
Hard_ServiceTownBuilding_Gift shop,1017,Hard,ServiceTownBuilding,Gift shop,200,15;35;75;102,5;5;5;5;10,TID_FARM_PASS_TASK_SERVE_GIFTSHOP,1,sc/train_icons.sc,shop_icon_souvenier_lvl1
Hard_ServiceTownBuilding_Beach cafe,1018,Hard,ServiceTownBuilding,Beach cafe,200,15;35;75;102,5;5;5;5;10,TID_FARM_PASS_TASK_SERVE_BEACHCAFE,1,sc/train_icons.sc,shop_icon_beachbar_lvl1
Hard_CollectBuilding_Bakery,1019,Hard,CollectBuilding,Bakery,200,15;35;75;102,10;10;15;15;25,TID_FARM_PASS_TASK_COLLECT_BUILDING,1,,
Hard_CollectBuilding_Cafe_Kiosk,1020,Hard,CollectBuilding,Cafe_Kiosk,200,15;35;75;102,10;10;15;15;25,TID_FARM_PASS_TASK_COLLECT_BUILDING,1,,
Hard_CollectBuilding_Essentials_Oil_Lab,1021,Hard,CollectBuilding,Essentials_Oil_Lab,200,15;35;75;102,10;10;15;15;25,TID_FARM_PASS_TASK_COLLECT_BUILDING,1,,
Hard_CollectBuilding_Barbecue_Grill,1022,Hard,CollectBuilding,Barbecue_Grill,200,15;35;75;102,10;10;15;15;25,TID_FARM_PASS_TASK_COLLECT_BUILDING,1,,
Hard_CollectBuilding_Cake_Oven,1023,Hard,CollectBuilding,Cake_Oven,200,15;35;75;102,10;10;15;15;25,TID_FARM_PASS_TASK_COLLECT_BUILDING,1,,
Hard_CollectBuilding_Deep_Fryer,1024,Hard,CollectBuilding,Deep_Fryer,200,15;35;75;102,10;10;15;15;25,TID_FARM_PASS_TASK_COLLECT_BUILDING,1,,
Hard_CollectBuilding_Donut_Maker,1025,Hard,CollectBuilding,Donut_Maker,200,15;35;75;102,10;10;15;15;25,TID_FARM_PASS_TASK_COLLECT_BUILDING,1,,
Hard_CollectBuilding_Flowershop,1026,Hard,CollectBuilding,Flowershop,200,15;35;75;102,10;10;15;15;25,TID_FARM_PASS_TASK_COLLECT_BUILDING,1,,
Hard_CollectBuilding_Ice_Cream_Maker,1027,Hard,CollectBuilding,Ice_Cream_Maker,200,15;35;75;102,10;10;15;15;25,TID_FARM_PASS_TASK_COLLECT_BUILDING,1,,
Hard_CollectBuilding_Pasta_Maker,1028,Hard,CollectBuilding,Pasta_Maker,200,15;35;75;102,10;10;15;15;25,TID_FARM_PASS_TASK_COLLECT_BUILDING,1,,
Hard_CollectBuilding_Perfumerie,1029,Hard,CollectBuilding,Perfumerie,200,15;35;75;102,10;10;15;15;25,TID_FARM_PASS_TASK_COLLECT_BUILDING,1,,
Hard_CollectBuilding_Sauce_Mixer,1030,Hard,CollectBuilding,Sauce_Mixer,200,15;35;75;102,10;10;15;15;25,TID_FARM_PASS_TASK_COLLECT_BUILDING,1,,
Hard_CollectBuilding_Dairy,1031,Hard,CollectBuilding,Dairy,200,15;35;75;102,10;10;10;15;25,TID_FARM_PASS_TASK_COLLECT_BUILDING,1,,
Hard_CollectBuilding_Fondue_Maker,1032,Hard,CollectBuilding,Fondue_Maker,200,15;35;75;102,10;10;10;15;25,TID_FARM_PASS_TASK_COLLECT_BUILDING,1,,
Hard_CollectBuilding_Honey_Extractor,1033,Hard,CollectBuilding,Honey_Extractor,200,15;35;75;102,10;10;10;15;25,TID_FARM_PASS_TASK_COLLECT_BUILDING,1,,
Hard_CollectBuilding_Porridge_Bar,1034,Hard,CollectBuilding,Porridge_Bar,200,15;35;75;102,10;10;10;15;25,TID_FARM_PASS_TASK_COLLECT_BUILDING,1,,
Hard_CollectBuilding_Sugar_Mill,1035,Hard,CollectBuilding,Sugar_Mill,200,15;35;75;102,10;10;10;15;25,TID_FARM_PASS_TASK_COLLECT_BUILDING,1,,
Hard_CollectBuilding_Tea_Stand,1036,Hard,CollectBuilding,Tea_Stand,200,15;35;75;102,10;10;10;15;25,TID_FARM_PASS_TASK_COLLECT_BUILDING,1,,
Hard_CollectBuilding_Sandwich_Bar,1037,Hard,CollectBuilding,Sandwich_Bar,200,15;35;75;102,10;10;10;15;25,TID_FARM_PASS_TASK_COLLECT_BUILDING,1,,
Hard_CollectBuilding_Waffle_Maker,1038,Hard,CollectBuilding,Waffle_Maker,200,15;35;75;102,10;10;10;15;25,TID_FARM_PASS_TASK_COLLECT_BUILDING,1,,
Hard_CollectBuilding_Candy_Machine,1039,Hard,CollectBuilding,Candy_Machine,200,15;35;75;102,10;10;10;15;25,TID_FARM_PASS_TASK_COLLECT_BUILDING,1,,
Hard_CollectBuilding_Hotdog_Stand,1040,Hard,CollectBuilding,Hotdog_Stand,200,15;35;75;102,10;10;10;15;25,TID_FARM_PASS_TASK_COLLECT_BUILDING,1,,
Hard_CollectBuilding_Juice_Press,1041,Hard,CollectBuilding,Juice_Press,200,15;35;75;102,10;10;10;15;25,TID_FARM_PASS_TASK_COLLECT_BUILDING,1,,
Hard_CollectBuilding_Loom,1042,Hard,CollectBuilding,Loom,200,15;35;75;102,5;10;10;15;25,TID_FARM_PASS_TASK_COLLECT_BUILDING,1,,
Hard_CollectBuilding_Milkshake_Bar,1043,Hard,CollectBuilding,Milkshake_Bar,200,15;35;75;102,5;10;10;15;25,TID_FARM_PASS_TASK_COLLECT_BUILDING,1,,
Hard_CollectBuilding_Popcorn_Pot,1044,Hard,CollectBuilding,Popcorn_Pot,200,15;35;75;102,5;10;10;15;25,TID_FARM_PASS_TASK_COLLECT_BUILDING,1,,
Hard_CollectBuilding_Smoothie_Mixer,1045,Hard,CollectBuilding,Smoothie_Mixer,200,15;35;75;102,5;10;10;15;15,TID_FARM_PASS_TASK_COLLECT_BUILDING,1,,
Hard_CollectBuilding_Cupcake_Maker,1046,Hard,CollectBuilding,Cupcake_Maker,200,15;35;75;102,5;10;10;15;15,TID_FARM_PASS_TASK_COLLECT_BUILDING,1,,
Hard_CollectBuilding_Omelet_Maker,1047,Hard,CollectBuilding,Omelet_Maker,200,15;35;75;102,5;10;10;15;15,TID_FARM_PASS_TASK_COLLECT_BUILDING,1,,
Hard_CollectBuilding_Yoghurt_Maker,1048,Hard,CollectBuilding,Yoghurt_Maker,200,15;35;75;102,5;10;10;15;15,TID_FARM_PASS_TASK_COLLECT_BUILDING,1,,
Hard_CollectBuilding_Pie_Oven,1049,Hard,CollectBuilding,Pie_Oven,200,15;35;75;102,5;10;10;15;15,TID_FARM_PASS_TASK_COLLECT_BUILDING,1,,
Hard_CollectBuilding_Salad_Bar,1050,Hard,CollectBuilding,Salad_Bar,200,15;35;75;102,5;10;10;15;15,TID_FARM_PASS_TASK_COLLECT_BUILDING,1,,
Hard_CollectBuilding_Sewing_Machine,1051,Hard,CollectBuilding,Sewing_Machine,200,15;35;75;102,5;10;10;15;15,TID_FARM_PASS_TASK_COLLECT_BUILDING,1,,
Hard_CollectBuilding_Sushi_Bar,1052,Hard,CollectBuilding,Sushi_Bar,200,15;35;75;102,5;10;10;15;15,TID_FARM_PASS_TASK_COLLECT_BUILDING,1,,
Hard_CollectBuilding_Taco_Kitchen,1053,Hard,CollectBuilding,Taco_Kitchen,200,15;35;75;102,5;10;10;15;15,TID_FARM_PASS_TASK_COLLECT_BUILDING,1,,
Hard_CollectBuilding_Wok_Kitchen,1054,Hard,CollectBuilding,Wok_Kitchen,200,15;35;75;102,5;10;10;15;15,TID_FARM_PASS_TASK_COLLECT_BUILDING,1,,
Hard_CollectBuilding_Bath_Kiosk,1055,Hard,CollectBuilding,Bath_Kiosk,200,15;35;75;102,5;10;10;15;15,TID_FARM_PASS_TASK_COLLECT_BUILDING,1,,
Hard_CollectBuilding_Jeweler,1056,Hard,CollectBuilding,Jeweler,200,15;35;75;102,5;10;10;15;15,TID_FARM_PASS_TASK_COLLECT_BUILDING,1,,
Hard_CollectBuilding_Pasta_Kitchen,1057,Hard,CollectBuilding,Pasta_Kitchen,200,15;35;75;102,5;10;10;15;15,TID_FARM_PASS_TASK_COLLECT_BUILDING,1,,
Hard_CollectBuilding_Soup_Kitchen,1058,Hard,CollectBuilding,Soup_Kitchen,200,15;35;75;102,5;10;10;15;15,TID_FARM_PASS_TASK_COLLECT_BUILDING,1,,
Hard_CollectBuilding_Fudge_Shop,1059,Hard,CollectBuilding,Fudge_Shop,200,15;35;75;102,5;10;10;15;15,TID_FARM_PASS_TASK_COLLECT_BUILDING,1,,
Hard_CollectBuilding_Stew_Pot,1060,Hard,CollectBuilding,Stew_Pot,200,15;35;75;102,5;10;10;15;15,TID_FARM_PASS_TASK_COLLECT_BUILDING,1,,
Hard_CollectBuilding_Candle_Maker,1061,Hard,CollectBuilding,Candle_Maker,200,15;35;75;102,5;10;10;15;15,TID_FARM_PASS_TASK_COLLECT_BUILDING,1,,
Hard_CollectBuilding_Hat_Maker,1062,Hard,CollectBuilding,Hat_Maker,200,15;35;75;102,5;10;10;15;15,TID_FARM_PASS_TASK_COLLECT_BUILDING,1,,
Hard_CollectBuilding_Preservation_Station,1063,Hard,CollectBuilding,Preservation_Station,200,15;35;75;102,5;10;10;15;15,TID_FARM_PASS_TASK_COLLECT_BUILDING,1,,
Hard_CollectBuilding_Pottery_Studio,1064,Hard,CollectBuilding,Pottery_Studio,200,15;35;75;102,5;10;10;15;15,TID_FARM_PASS_TASK_COLLECT_BUILDING,1,,
Hard_CollectBuilding_Jam_Maker,1065,Hard,CollectBuilding,Jam_Maker,200,15;35;75;102,5;10;10;15;15,TID_FARM_PASS_TASK_COLLECT_BUILDING,1,,
Hard_CollectBuilding_Smelter,1066,Hard,CollectBuilding,Smelter,200,15;35;75;102,5;10;10;15;15,TID_FARM_PASS_TASK_COLLECT_BUILDING,1,,
Hard_HarvestField_Strawberry,1067,Hard,HarvestField,Strawberry,200,15;35;75;102,25;25;25;25;50,TID_FARM_PASS_TASK_HARVEST_CROP,1,,
Hard_HarvestField_TeaLeaves,1068,Hard,HarvestField,TeaLeaves,200,15;35;75;102,25;25;25;25;50,TID_FARM_PASS_TASK_HARVEST_CROP,1,,
Hard_HarvestField_Tomato,1069,Hard,HarvestField,Tomato,200,15;35;75;102,25;25;25;25;50,TID_FARM_PASS_TASK_HARVEST_CROP,1,,
Hard_HarvestField_Asparagus,1070,Hard,HarvestField,Asparagus,200,15;35;75;102,25;25;25;25;50,TID_FARM_PASS_TASK_HARVEST_CROP,1,,
Hard_HarvestField_Onion,1071,Hard,HarvestField,Onion,200,15;35;75;102,25;25;25;25;50,TID_FARM_PASS_TASK_HARVEST_CROP,1,,
Hard_HarvestField_Watermelon,1072,Hard,HarvestField,Watermelon,200,15;35;75;102,25;25;25;25;50,TID_FARM_PASS_TASK_HARVEST_CROP,1,,
Hard_HarvestField_Bellpepper,1073,Hard,HarvestField,Bellpepper,200,15;35;75;102,30;30;30;60;60,TID_FARM_PASS_TASK_HARVEST_CROP,1,,
Hard_HarvestField_Peony,1074,Hard,HarvestField,Peony,200,15;35;75;102,30;30;30;60;60,TID_FARM_PASS_TASK_HARVEST_CROP,1,,
Hard_HarvestField_Chili,1075,Hard,HarvestField,Chili,200,15;35;75;102,30;30;30;60;60,TID_FARM_PASS_TASK_HARVEST_CROP,1,,
Hard_HarvestField_Potato,1076,Hard,HarvestField,Potato,200,15;35;75;102,30;30;30;60;60,TID_FARM_PASS_TASK_HARVEST_CROP,1,,
Hard_HarvestField_Lettuce,1077,Hard,HarvestField,Lettuce,200,15;35;75;102,30;30;30;60;60,TID_FARM_PASS_TASK_HARVEST_CROP,1,,
Hard_HarvestField_Grapes,1078,Hard,HarvestField,Grapes,200,15;35;75;102,30;30;30;60;60,TID_FARM_PASS_TASK_HARVEST_CROP,1,,
Hard_HarvestField_Mint,1079,Hard,HarvestField,Mint,200,15;35;75;102,30;30;30;60;60,TID_FARM_PASS_TASK_HARVEST_CROP,1,,
Hard_HarvestField_Pumpkin,1080,Hard,HarvestField,Pumpkin,200,15;35;75;102,30;30;30;60;60,TID_FARM_PASS_TASK_HARVEST_CROP,1,,
Hard_HarvestField_Cotton,1081,Hard,HarvestField,Cotton,200,15;35;75;102,30;30;30;60;60,TID_FARM_PASS_TASK_HARVEST_CROP,1,,
Hard_HarvestField_Ginger,1082,Hard,HarvestField,Ginger,200,15;35;75;102,30;30;30;60;60,TID_FARM_PASS_TASK_HARVEST_CROP,1,,
Hard_HarvestField_Indigo,1083,Hard,HarvestField,Indigo,200,15;35;75;102,35;70;70;70;105,TID_FARM_PASS_TASK_HARVEST_CROP,1,,
Hard_HarvestField_Clay,1084,Hard,HarvestField,Clay,200,15;35;75;102,35;70;70;70;105,TID_FARM_PASS_TASK_HARVEST_CROP,1,,
Hard_HarvestField_Lily,1085,Hard,HarvestField,Lily,200,15;35;75;102,35;70;70;70;105,TID_FARM_PASS_TASK_HARVEST_CROP,1,,
Hard_HarvestField_Sunflower,1086,Hard,HarvestField,Sunflower,200,15;35;75;102,35;70;70;70;105,TID_FARM_PASS_TASK_HARVEST_CROP,1,,
Hard_HarvestField_Broccoli,1087,Hard,HarvestField,Broccoli,200,15;35;75;102,35;70;70;70;105,TID_FARM_PASS_TASK_HARVEST_CROP,1,,
Hard_HarvestField_Sesame,1088,Hard,HarvestField,Sesame,200,15;35;75;102,35;70;70;70;105,TID_FARM_PASS_TASK_HARVEST_CROP,1,,
Hard_HarvestField_PassionFruit,1089,Hard,HarvestField,PassionFruit,200,15;35;75;102,35;70;70;70;105,TID_FARM_PASS_TASK_HARVEST_CROP,1,,
Hard_HarvestField_Chickpea,1090,Hard,HarvestField,Chickpea,200,15;35;75;102,35;70;70;70;105,TID_FARM_PASS_TASK_HARVEST_CROP,1,,
Hard_HarvestField_Rice,1091,Hard,HarvestField,Rice,200,15;35;75;102,35;70;70;70;105,TID_FARM_PASS_TASK_HARVEST_CROP,1,,
Hard_HarvestField_Cabbage,1092,Hard,HarvestField,Cabbage,200,15;35;75;102,35;70;70;70;105,TID_FARM_PASS_TASK_HARVEST_CROP,1,,
Hard_HarvestField_Beetroot,1093,Hard,HarvestField,Beetroot,200,15;35;75;102,35;70;70;70;105,TID_FARM_PASS_TASK_HARVEST_CROP,1,,
Hard_HarvestField_Eggplant,1094,Hard,HarvestField,Eggplant,200,15;35;75;102,35;70;70;70;105,TID_FARM_PASS_TASK_HARVEST_CROP,1,,
Hard_HarvestField_Cucumber,1095,Hard,HarvestField,Cucumber,200,15;35;75;102,35;70;70;70;105,TID_FARM_PASS_TASK_HARVEST_CROP,1,,
Hard_HarvestField_Pineapple,1096,Hard,HarvestField,Pineapple,200,15;35;75;102,35;70;70;70;105,TID_FARM_PASS_TASK_HARVEST_CROP,1,,
Hard_HarvestField_Garlic,1097,Hard,HarvestField,Garlic,200,15;35;75;102,35;70;70;70;105,TID_FARM_PASS_TASK_HARVEST_CROP,1,,
Hard_HarvestField_Sugarcane,1098,Hard,HarvestField,Sugarcane,200,15;35;75;102,35;70;70;70;105,TID_FARM_PASS_TASK_HARVEST_CROP,1,,
Hard_HarvestField_Chamomile,1099,Hard,HarvestField,Chamomile,200,15;35;75;102,40;80;120;120;120,TID_FARM_PASS_TASK_HARVEST_CROP,1,,
Hard_HarvestField_Mushroom,1100,Hard,HarvestField,Mushroom,200,15;35;75;102,40;80;120;120;120,TID_FARM_PASS_TASK_HARVEST_CROP,1,,
Hard_HarvestField_Soybean,1101,Hard,HarvestField,Soybean,200,15;35;75;102,40;80;120;120;120,TID_FARM_PASS_TASK_HARVEST_CROP,1,,
Hard_HarvestField_Carrot,1102,Hard,HarvestField,Carrot,200,15;35;75;102,40;80;120;120;120,TID_FARM_PASS_TASK_HARVEST_CROP,1,,
Hard_HarvestField_Oats,1103,Hard,HarvestField,Oats,200,15;35;75;102,40;80;120;120;120,TID_FARM_PASS_TASK_HARVEST_CROP,1,,
Hard_HarvestField_Corn,1104,Hard,HarvestField,Corn,200,15;35;75;102,40;80;120;120;120,TID_FARM_PASS_TASK_HARVEST_CROP,1,,
Hard_HarvestField_Wheat,1105,Hard,HarvestField,Wheat,200,15;35;75;102,40;80;120;120;120,TID_FARM_PASS_TASK_HARVEST_CROP,1,,
Hard_BuyFruitTree_AppleTree,1106,Hard,BuyFruitTree,AppleTree,200,15;35;75;102,5;5;10;15;25,TID_TASK_PLANT_TREE,1,,
Hard_BuyFruitTree_CherryTree,1107,Hard,BuyFruitTree,CherryTree,200,15;35;75;102,5;5;10;15;25,TID_TASK_PLANT_TREE,1,,
Hard_BuyFruitTree_RaspberryBush,1108,Hard,BuyFruitTree,RaspberryBush,200,15;35;75;102,5;5;10;15;25,TID_TASK_PLANT_TREE,1,,
Hard_BuyFruitTree_BlackberryBush,1109,Hard,BuyFruitTree,BlackberryBush,200,15;35;75;102,5;5;10;15;25,TID_TASK_PLANT_TREE,1,,
Hard_BuyFruitTree_CacaoTree,1110,Hard,BuyFruitTree,CacaoTree,200,15;35;75;102,5;5;10;15;25,TID_TASK_PLANT_TREE,1,,
Hard_BuyFruitTree_CoffeeBush,1111,Hard,BuyFruitTree,CoffeeBush,200,15;35;75;102,5;5;10;15;25,TID_TASK_PLANT_TREE,1,,
Hard_BuyFruitTree_OliveTree,1112,Hard,BuyFruitTree,OliveTree,200,15;35;75;102,5;5;10;15;25,TID_TASK_PLANT_TREE,1,,
Hard_BuyFruitTree_LemonTree,1113,Hard,BuyFruitTree,LemonTree,200,15;35;75;102,5;5;10;15;25,TID_TASK_PLANT_TREE,1,,
Hard_BuyFruitTree_PeachTree,1114,Hard,BuyFruitTree,PeachTree,200,15;35;75;102,5;5;10;15;25,TID_TASK_PLANT_TREE,1,,
Hard_BuyFruitTree_OrangeTree,1115,Hard,BuyFruitTree,OrangeTree,200,15;35;75;102,5;5;10;15;25,TID_TASK_PLANT_TREE,1,,
Hard_BuyFruitTree_BananaTree,1116,Hard,BuyFruitTree,BananaTree,200,15;35;75;102,5;5;10;15;25,TID_TASK_PLANT_TREE,1,,
Hard_BuyFruitTree_PlumTree,1117,Hard,BuyFruitTree,PlumTree,200,15;35;75;102,5;5;10;15;25,TID_TASK_PLANT_TREE,1,,
Hard_BuyFruitTree_MangoTree,1118,Hard,BuyFruitTree,MangoTree,200,15;35;75;102,5;5;10;15;25,TID_TASK_PLANT_TREE,1,,
Hard_BuyFruitTree_CoconutTree,1119,Hard,BuyFruitTree,CoconutTree,200,15;35;75;102,5;5;10;15;25,TID_TASK_PLANT_TREE,1,,
Hard_BuyFruitTree_GuavaTree,1120,Hard,BuyFruitTree,GuavaTree,200,15;35;75;102,5;5;10;15;25,TID_TASK_PLANT_TREE,1,,
Hard_BuyFruitTree_PomegranateTree,1121,Hard,BuyFruitTree,PomegranateTree,200,15;35;75;102,5;5;10;15;25,TID_TASK_PLANT_TREE,1,,
Hard_BuyFruitTree_BlueberryBush,1122,Hard,BuyFruitTree,BlueberryBush,200,15;35;75;102,5;5;10;15;25,TID_TASK_PLANT_TREE,1,,
Hard_CompleteTruckOrder,1123,Hard,CompleteTruckOrder,,200,15;35;75;102,5;10;15;20;30,TID_NEIGHBORHOOD_TASK_CAR_ORDER_DESCRIPTION,1,sc/icons.sc,nh_derby_task_car_order
Hard_UseMine,1124,Hard,UseMine,,200,15;35;75;102,10;15;20;25;25,TID_STREAK_TASK_USE_MINE,0,sc/icons.sc,nh_derby_task_mine_order
Hard_CollectProduction_Diamond Ring,1125,Hard,CollectProduction,Diamond Ring,200,15;35;75;102,5;5;5;5;5,TID_NEIGHBORHOOD_TASK_COLLECT_GOOD_DESCRIPTION,0,,
Hard_CollectProduction_Necklace,1126,Hard,CollectProduction,Necklace,200,15;35;75;102,5;5;5;5;5,TID_NEIGHBORHOOD_TASK_COLLECT_GOOD_DESCRIPTION,1,,
Hard_CollectProduction_Flower Pendant,1127,Hard,CollectProduction,Flower Pendant,200,15;35;75;102,5;5;5;5;5,TID_NEIGHBORHOOD_TASK_COLLECT_GOOD_DESCRIPTION,1,,
Hard_CollectProduction_Jelly Beans,1128,Hard,CollectProduction,Jelly Beans,200,15;35;75;102,5;5;5;5;5,TID_NEIGHBORHOOD_TASK_COLLECT_GOOD_DESCRIPTION,1,,
Hard_CollectProduction_IronBracelet,1129,Hard,CollectProduction,IronBracelet,200,15;35;75;102,5;5;5;5;5,TID_NEIGHBORHOOD_TASK_COLLECT_GOOD_DESCRIPTION,1,,
Hard_CollectProduction_Chocolate,1130,Hard,CollectProduction,Chocolate,200,15;35;75;102,5;5;5;5;5,TID_NEIGHBORHOOD_TASK_COLLECT_GOOD_DESCRIPTION,1,,
Hard_CollectProduction_Bracelet,1131,Hard,CollectProduction,Bracelet,200,15;35;75;102,5;5;5;5;5,TID_NEIGHBORHOOD_TASK_COLLECT_GOOD_DESCRIPTION,1,,
Hard_CollectProduction_Lollipop,1132,Hard,CollectProduction,Lollipop,200,15;35;75;102,5;5;5;5;5,TID_NEIGHBORHOOD_TASK_COLLECT_GOOD_DESCRIPTION,1,,
Hard_CollectProduction_Marmelade,1133,Hard,CollectProduction,Marmelade,200,15;35;75;102,5;5;5;5;5,TID_NEIGHBORHOOD_TASK_COLLECT_GOOD_DESCRIPTION,1,,
Hard_CollectProduction_Blackberry Jam,1134,Hard,CollectProduction,Blackberry Jam,200,15;35;75;102,5;5;5;5;5,TID_NEIGHBORHOOD_TASK_COLLECT_GOOD_DESCRIPTION,1,,
Hard_CollectProduction_Chocolate fondue,1135,Hard,CollectProduction,Chocolate fondue,200,15;35;75;102,5;5;5;5;5,TID_NEIGHBORHOOD_TASK_COLLECT_GOOD_DESCRIPTION,1,,
Hard_CollectProduction_Peach Jam,1136,Hard,CollectProduction,Peach Jam,200,15;35;75;102,5;5;5;5;5,TID_NEIGHBORHOOD_TASK_COLLECT_GOOD_DESCRIPTION,1,,
Hard_CollectProduction_Blanket,1137,Hard,CollectProduction,Blanket,200,15;35;75;102,5;5;5;5;5,TID_NEIGHBORHOOD_TASK_COLLECT_GOOD_DESCRIPTION,1,,
Hard_CollectProduction_Cherry Jam,1138,Hard,CollectProduction,Cherry Jam,200,15;35;75;102,5;5;5;5;5,TID_NEIGHBORHOOD_TASK_COLLECT_GOOD_DESCRIPTION,1,,
Hard_CollectProduction_Blueberry Cheesecake,1139,Hard,CollectProduction,Blueberry Cheesecake,200,15;35;75;102,5;5;5;5;5,TID_NEIGHBORHOOD_TASK_COLLECT_GOOD_DESCRIPTION,1,,
Hard_CollectProduction_Blueberry Chutney,1140,Hard,CollectProduction,Blueberry Chutney,200,15;35;75;102,5;5;5;5;5,TID_NEIGHBORHOOD_TASK_COLLECT_GOOD_DESCRIPTION,1,,
Hard_CollectProduction_Guava Compote,1141,Hard,CollectProduction,Guava Compote,200,15;35;75;102,5;5;5;5;5,TID_NEIGHBORHOOD_TASK_COLLECT_GOOD_DESCRIPTION,1,,
Hard_CollectProduction_Chili Fudge,1142,Hard,CollectProduction,Chili Fudge,200,15;35;75;102,5;5;5;10;10,TID_NEIGHBORHOOD_TASK_COLLECT_GOOD_DESCRIPTION,1,,
Hard_CollectProduction_Chocolate Ice Cream,1143,Hard,CollectProduction,Chocolate Ice Cream,200,15;35;75;102,5;5;5;10;10,TID_NEIGHBORHOOD_TASK_COLLECT_GOOD_DESCRIPTION,1,,
Hard_CollectProduction_Mint Fudge,1144,Hard,CollectProduction,Mint Fudge,200,15;35;75;102,5;5;5;10;10,TID_NEIGHBORHOOD_TASK_COLLECT_GOOD_DESCRIPTION,1,,
Hard_CollectProduction_Chocolate Popcorn,1145,Hard,CollectProduction,Chocolate Popcorn,200,15;35;75;102,5;5;5;10;10,TID_NEIGHBORHOOD_TASK_COLLECT_GOOD_DESCRIPTION,1,,
Hard_CollectProduction_MintIcecream,1146,Hard,CollectProduction,MintIcecream,200,15;35;75;102,5;5;5;10;10,TID_NEIGHBORHOOD_TASK_COLLECT_GOOD_DESCRIPTION,1,,
Hard_CollectProduction_PlatinumBar,1147,Hard,CollectProduction,PlatinumBar,200,15;35;75;102,5;5;5;5;5,TID_NEIGHBORHOOD_TASK_COLLECT_GOOD_DESCRIPTION,1,,
Hard_CollectProduction_Chocolate Cake,1148,Hard,CollectProduction,Chocolate Cake,200,15;35;75;102,5;5;5;10;10,TID_NEIGHBORHOOD_TASK_COLLECT_GOOD_DESCRIPTION,1,,
Hard_CollectProduction_Pickles,1149,Hard,CollectProduction,Pickles,200,15;35;75;102,5;5;5;5;5,TID_NEIGHBORHOOD_TASK_COLLECT_GOOD_DESCRIPTION,1,,
Hard_CollectProduction_Rich Fudge,1150,Hard,CollectProduction,Rich Fudge,200,15;35;75;102,5;5;5;10;10,TID_NEIGHBORHOOD_TASK_COLLECT_GOOD_DESCRIPTION,1,,
Hard_CollectProduction_Cookie Cupcake,1151,Hard,CollectProduction,Cookie Cupcake,200,15;35;75;102,5;5;5;5;5,TID_NEIGHBORHOOD_TASK_COLLECT_GOOD_DESCRIPTION,1,,
Hard_CollectProduction_Orange Sorbet,1152,Hard,CollectProduction,Orange Sorbet,200,15;35;75;102,5;5;5;10;10,TID_NEIGHBORHOOD_TASK_COLLECT_GOOD_DESCRIPTION,1,,
Hard_CollectProduction_Chickpea Stew,1153,Hard,CollectProduction,Chickpea Stew,200,15;35;75;102,10;10;10;15;15,TID_NEIGHBORHOOD_TASK_COLLECT_GOOD_DESCRIPTION,1,,
Hard_CollectProduction_Tropical Cupcake,1154,Hard,CollectProduction,Tropical Cupcake,200,15;35;75;102,5;5;5;10;10,TID_NEIGHBORHOOD_TASK_COLLECT_GOOD_DESCRIPTION,1,,
Hard_CollectProduction_Berry Juice,1155,Hard,CollectProduction,Berry Juice,200,15;35;75;102,5;5;5;10;10,TID_NEIGHBORHOOD_TASK_COLLECT_GOOD_DESCRIPTION,1,,
Hard_CollectProduction_Peanut Butter Milkshake,1156,Hard,CollectProduction,Peanut Butter Milkshake,200,15;35;75;102,5;5;5;5;5,TID_NEIGHBORHOOD_TASK_COLLECT_GOOD_DESCRIPTION,1,,
Hard_CollectProduction_Rich soap,1157,Hard,CollectProduction,Rich soap,200,15;35;75;102,10;10;10;15;15,TID_NEIGHBORHOOD_TASK_COLLECT_GOOD_DESCRIPTION,1,,
Hard_CollectProduction_Chocolate Roll,1158,Hard,CollectProduction,Chocolate Roll,200,15;35;75;102,10;10;10;15;15,TID_NEIGHBORHOOD_TASK_COLLECT_GOOD_DESCRIPTION,1,,
Hard_CollectProduction_Peanut Fudge,1159,Hard,CollectProduction,Peanut Fudge,200,15;35;75;102,5;5;5;5;5,TID_NEIGHBORHOOD_TASK_COLLECT_GOOD_DESCRIPTION,1,,
Hard_CollectProduction_Fruitcake,1160,Hard,CollectProduction,Fruitcake,200,15;35;75;102,5;5;5;10;10,TID_NEIGHBORHOOD_TASK_COLLECT_GOOD_DESCRIPTION,1,,
Hard_CollectProduction_Dried Fruit,1161,Hard,CollectProduction,Dried Fruit,200,15;35;75;102,5;5;5;10;10,TID_NEIGHBORHOOD_TASK_COLLECT_GOOD_DESCRIPTION,1,,
Hard_CollectProduction_Chocolate Pie,1162,Hard,CollectProduction,Chocolate Pie,200,15;35;75;102,5;5;5;5;5,TID_NEIGHBORHOOD_TASK_COLLECT_GOOD_DESCRIPTION,1,,
Hard_CollectProduction_TropicalSmoothie,1163,Hard,CollectProduction,TropicalSmoothie,200,15;35;75;102,10;10;15;15;20,TID_NEIGHBORHOOD_TASK_COLLECT_GOOD_DESCRIPTION,1,,
Hard_CollectProduction_Pineapple coconut bars,1164,Hard,CollectProduction,Pineapple coconut bars,200,15;35;75;102,5;5;5;10;10,TID_NEIGHBORHOOD_TASK_COLLECT_GOOD_DESCRIPTION,1,,
Hard_CollectProduction_Peach Ice Cream,1165,Hard,CollectProduction,Peach Ice Cream,200,15;35;75;102,5;5;5;10;10,TID_NEIGHBORHOOD_TASK_COLLECT_GOOD_DESCRIPTION,1,,
Hard_CollectProduction_Summer Salad,1166,Hard,CollectProduction,Summer Salad,200,15;35;75;102,5;5;5;5;5,TID_NEIGHBORHOOD_TASK_COLLECT_GOOD_DESCRIPTION,1,,
Hard_CollectProduction_Honey Soap,1167,Hard,CollectProduction,Honey Soap,200,15;35;75;102,5;5;5;5;5,TID_NEIGHBORHOOD_TASK_COLLECT_GOOD_DESCRIPTION,1,,
Hard_CollectProduction_Exfoliating Soap,1168,Hard,CollectProduction,Exfoliating Soap,200,15;35;75;102,10;10;10;15;15,TID_NEIGHBORHOOD_TASK_COLLECT_GOOD_DESCRIPTION,1,,
Hard_CollectProduction_PlumJam,1169,Hard,CollectProduction,PlumJam,200,15;35;75;102,5;5;5;5;5,TID_NEIGHBORHOOD_TASK_COLLECT_GOOD_DESCRIPTION,1,,
Hard_CollectProduction_Fresh porridge,1170,Hard,CollectProduction,Fresh porridge,200,15;35;75;102,10;10;15;15;20,TID_NEIGHBORHOOD_TASK_COLLECT_GOOD_DESCRIPTION,1,,
Hard_CollectProduction_Macaroon,1171,Hard,CollectProduction,Macaroon,200,15;35;75;102,10;10;10;15;15,TID_NEIGHBORHOOD_TASK_COLLECT_GOOD_DESCRIPTION,1,,
Hard_CollectProduction_Fruit Salad,1172,Hard,CollectProduction,Fruit Salad,200,15;35;75;102,5;5;5;10;10,TID_NEIGHBORHOOD_TASK_COLLECT_GOOD_DESCRIPTION,1,,
Hard_CollectProduction_Guava Cupcake,1173,Hard,CollectProduction,Guava Cupcake,200,15;35;75;102,10;10;10;15;15,TID_NEIGHBORHOOD_TASK_COLLECT_GOOD_DESCRIPTION,1,,
Hard_CollectProduction_Blueberry Muffin,1174,Hard,CollectProduction,Blueberry Muffin,200,15;35;75;102,10;10;10;15;15,TID_NEIGHBORHOOD_TASK_COLLECT_GOOD_DESCRIPTION,1,,
Hard_CollectProduction_BananaSplit,1175,Hard,CollectProduction,BananaSplit,200,15;35;75;102,5;5;5;10;10,TID_NEIGHBORHOOD_TASK_COLLECT_GOOD_DESCRIPTION,1,,
Hard_CollectProduction_White Chocolate Blueberry Waffle,1176,Hard,CollectProduction,White Chocolate Blueberry Waffle,200,15;35;75;102,10;10;10;15;15,TID_NEIGHBORHOOD_TASK_COLLECT_GOOD_DESCRIPTION,1,,
Hard_CollectProduction_Cocoa smoothie,1177,Hard,CollectProduction,Cocoa smoothie,200,15;35;75;102,10;10;10;15;15,TID_NEIGHBORHOOD_TASK_COLLECT_GOOD_DESCRIPTION,1,,
Hard_CollectProduction_Chocolate Waffles,1178,Hard,CollectProduction,Chocolate Waffles,200,15;35;75;102,10;10;10;15;15,TID_NEIGHBORHOOD_TASK_COLLECT_GOOD_DESCRIPTION,1,,
Hard_CollectProduction_Coconut Ice Cream,1179,Hard,CollectProduction,Coconut Ice Cream,200,15;35;75;102,10;10;10;15;15,TID_NEIGHBORHOOD_TASK_COLLECT_GOOD_DESCRIPTION,1,,
Hard_CollectProduction_Fruit Sorbet,1180,Hard,CollectProduction,Fruit Sorbet,200,15;35;75;102,5;5;5;10;10,TID_NEIGHBORHOOD_TASK_COLLECT_GOOD_DESCRIPTION,1,,
Hard_CollectProduction_Guava Juice,1181,Hard,CollectProduction,Guava Juice,200,15;35;75;102,10;10;15;15;20,TID_NEIGHBORHOOD_TASK_COLLECT_GOOD_DESCRIPTION,1,,
Hard_CollectProduction_Peach Tart,1182,Hard,CollectProduction,Peach Tart,200,15;35;75;102,5;5;5;10;10,TID_NEIGHBORHOOD_TASK_COLLECT_GOOD_DESCRIPTION,1,,
Hard_CollectProduction_Pasta Salad,1183,Hard,CollectProduction,Pasta Salad,200,15;35;75;102,5;5;5;10;10,TID_NEIGHBORHOOD_TASK_COLLECT_GOOD_DESCRIPTION,1,,
Hard_CollectProduction_Raspberry Mocha,1184,Hard,CollectProduction,Raspberry Mocha,200,15;35;75;102,10;10;15;15;20,TID_NEIGHBORHOOD_TASK_COLLECT_GOOD_DESCRIPTION,1,,
Hard_CollectProduction_Crunchy donut,1185,Hard,CollectProduction,Crunchy donut,200,15;35;75;102,5;5;5;5;5,TID_NEIGHBORHOOD_TASK_COLLECT_GOOD_DESCRIPTION,1,,
Hard_CollectProduction_Lobster Soup,1186,Hard,CollectProduction,Lobster Soup,200,15;35;75;102,5;5;5;5;5,TID_NEIGHBORHOOD_TASK_COLLECT_GOOD_DESCRIPTION,1,,
Hard_CollectProduction_Hot Chocolate,1187,Hard,CollectProduction,Hot Chocolate,200,15;35;75;102,10;10;10;15;15,TID_NEIGHBORHOOD_TASK_COLLECT_GOOD_DESCRIPTION,1,,
Hard_CollectProduction_Orange Juice,1188,Hard,CollectProduction,Orange Juice,200,15;35;75;102,5;5;5;10;10,TID_NEIGHBORHOOD_TASK_COLLECT_GOOD_DESCRIPTION,1,,
Hard_CollectProduction_Sprinkles donut,1189,Hard,CollectProduction,Sprinkles donut,200,15;35;75;102,10;10;15;15;20,TID_NEIGHBORHOOD_TASK_COLLECT_GOOD_DESCRIPTION,1,,
Hard_CollectProduction_Flower Shawl,1190,Hard,CollectProduction,Flower Shawl,200,15;35;75;102,5;5;5;5;5,TID_NEIGHBORHOOD_TASK_COLLECT_GOOD_DESCRIPTION,1,,
Hard_CollectProduction_Mocha,1191,Hard,CollectProduction,Mocha,200,15;35;75;102,10;10;15;15;20,TID_NEIGHBORHOOD_TASK_COLLECT_GOOD_DESCRIPTION,1,,
Hard_CollectProduction_Lemon Candle,1192,Hard,CollectProduction,Lemon Candle,200,15;35;75;102,5;5;5;10;10,TID_NEIGHBORHOOD_TASK_COLLECT_GOOD_DESCRIPTION,1,,
Hard_CollectProduction_Fried Candy,1193,Hard,CollectProduction,Fried Candy,200,15;35;75;102,5;5;5;5;5,TID_NEIGHBORHOOD_TASK_COLLECT_GOOD_DESCRIPTION,1,,
Hard_CollectProduction_Raspberry Jam,1194,Hard,CollectProduction,Raspberry Jam,200,15;35;75;102,5;5;5;5;5,TID_NEIGHBORHOOD_TASK_COLLECT_GOOD_DESCRIPTION,1,,
Hard_CollectProduction_BerrySmoothie,1195,Hard,CollectProduction,BerrySmoothie,200,15;35;75;102,10;10;10;15;15,TID_NEIGHBORHOOD_TASK_COLLECT_GOOD_DESCRIPTION,1,,
Hard_CollectProduction_Tea Pot,1196,Hard,CollectProduction,Tea Pot,200,15;35;75;102,5;5;5;5;5,TID_NEIGHBORHOOD_TASK_COLLECT_GOOD_DESCRIPTION,1,,
Hard_CollectProduction_Lemon Fudge,1197,Hard,CollectProduction,Lemon Fudge,200,15;35;75;102,5;5;5;10;10,TID_NEIGHBORHOOD_TASK_COLLECT_GOOD_DESCRIPTION,1,,
Hard_CollectProduction_BananaPancakes,1198,Hard,CollectProduction,BananaPancakes,200,15;35;75;102,10;10;10;15;15,TID_NEIGHBORHOOD_TASK_COLLECT_GOOD_DESCRIPTION,1,,
Hard_CollectProduction_Tropical Yoghurt,1199,Hard,CollectProduction,Tropical Yoghurt,200,15;35;75;102,5;5;5;10;10,TID_NEIGHBORHOOD_TASK_COLLECT_GOOD_DESCRIPTION,1,,
Hard_CollectProduction_Cherry Juice,1200,Hard,CollectProduction,Cherry Juice,200,15;35;75;102,5;5;5;10;10,TID_NEIGHBORHOOD_TASK_COLLECT_GOOD_DESCRIPTION,1,,
Hard_CollectProduction_Mango Juice,1201,Hard,CollectProduction,Mango Juice,200,15;35;75;102,10;10;15;15;20,TID_NEIGHBORHOOD_TASK_COLLECT_GOOD_DESCRIPTION,1,,
Hard_CollectProduction_Breakfast Bowl,1202,Hard,CollectProduction,Breakfast Bowl,200,15;35;75;102,5;5;5;10;10,TID_NEIGHBORHOOD_TASK_COLLECT_GOOD_DESCRIPTION,1,,
Hard_CollectProduction_Blackberry Muffin,1203,Hard,CollectProduction,Blackberry Muffin,200,15;35;75;102,10;10;10;15;15,TID_NEIGHBORHOOD_TASK_COLLECT_GOOD_DESCRIPTION,1,,
Hard_CollectProduction_Fish Taco,1204,Hard,CollectProduction,Fish Taco,200,15;35;75;102,5;5;5;10;10,TID_NEIGHBORHOOD_TASK_COLLECT_GOOD_DESCRIPTION,1,,
Hard_CollectProduction_Face Mask,1205,Hard,CollectProduction,Face Mask,200,15;35;75;102,10;10;10;15;15,TID_NEIGHBORHOOD_TASK_COLLECT_GOOD_DESCRIPTION,1,,
Hard_CollectProduction_Pomegranate Cake,1206,Hard,CollectProduction,Pomegranate Cake,200,15;35;75;102,5;5;5;10;10,TID_NEIGHBORHOOD_TASK_COLLECT_GOOD_DESCRIPTION,1,,
Hard_CollectProduction_Tropical fondue,1207,Hard,CollectProduction,Tropical fondue,200,15;35;75;102,10;10;10;15;15,TID_NEIGHBORHOOD_TASK_COLLECT_GOOD_DESCRIPTION,1,,
Hard_CollectProduction_Berry Waffles,1208,Hard,CollectProduction,Berry Waffles,200,15;35;75;102,5;5;5;10;10,TID_NEIGHBORHOOD_TASK_COLLECT_GOOD_DESCRIPTION,1,,
Hard_CollectProduction_Grilled Asparagus,1209,Hard,CollectProduction,Grilled Asparagus,200,15;35;75;102,5;5;5;5;5,TID_NEIGHBORHOOD_TASK_COLLECT_GOOD_DESCRIPTION,1,,
Hard_CollectProduction_Lemon Lotion,1210,Hard,CollectProduction,Lemon Lotion,200,15;35;75;102,5;5;5;10;10,TID_NEIGHBORHOOD_TASK_COLLECT_GOOD_DESCRIPTION,1,,
Hard_CollectProduction_Orange Salad,1211,Hard,CollectProduction,Orange Salad,200,15;35;75;102,10;10;10;15;15,TID_NEIGHBORHOOD_TASK_COLLECT_GOOD_DESCRIPTION,1,,
Hard_CollectProduction_Orange Tea,1212,Hard,CollectProduction,Orange Tea,200,15;35;75;102,10;10;15;15;20,TID_NEIGHBORHOOD_TASK_COLLECT_GOOD_DESCRIPTION,1,,
Hard_CollectProduction_Fruity Milkshake,1213,Hard,CollectProduction,Fruity Milkshake,200,15;35;75;102,5;5;5;10;10,TID_NEIGHBORHOOD_TASK_COLLECT_GOOD_DESCRIPTION,1,,
Hard_CollectProduction_MixedSmoothie,1214,Hard,CollectProduction,MixedSmoothie,200,15;35;75;102,10;10;15;15;20,TID_NEIGHBORHOOD_TASK_COLLECT_GOOD_DESCRIPTION,1,,
Hard_CollectProduction_GreenSmoothie,1215,Hard,CollectProduction,GreenSmoothie,200,15;35;75;102,10;10;15;15;20,TID_NEIGHBORHOOD_TASK_COLLECT_GOOD_DESCRIPTION,1,,
Hard_CollectProduction_Sweet porridge,1216,Hard,CollectProduction,Sweet porridge,200,15;35;75;102,10;10;10;15;15,TID_NEIGHBORHOOD_TASK_COLLECT_GOOD_DESCRIPTION,1,,
Hard_CollectProduction_Olive Dip,1217,Hard,CollectProduction,Olive Dip,200,15;35;75;102,10;10;15;15;20,TID_NEIGHBORHOOD_TASK_COLLECT_GOOD_DESCRIPTION,1,,
Hard_CollectProduction_Hummus,1218,Hard,CollectProduction,Hummus,200,15;35;75;102,10;10;15;15;20,TID_NEIGHBORHOOD_TASK_COLLECT_GOOD_DESCRIPTION,1,,
Hard_CollectProduction_Tomato Sauce,1219,Hard,CollectProduction,Tomato Sauce,200,15;35;75;102,10;10;15;15;20,TID_NEIGHBORHOOD_TASK_COLLECT_GOOD_DESCRIPTION,1,,
Hard_CollectProduction_Ice Tea,1220,Hard,CollectProduction,Ice Tea,200,15;35;75;102,10;10;15;15;20,TID_NEIGHBORHOOD_TASK_COLLECT_GOOD_DESCRIPTION,1,,
Hard_CollectProduction_Pineapple Cake,1221,Hard,CollectProduction,Pineapple Cake,200,15;35;75;102,10;10;10;15;15,TID_NEIGHBORHOOD_TASK_COLLECT_GOOD_DESCRIPTION,1,,
Hard_CollectProduction_Lemon Curd,1222,Hard,CollectProduction,Lemon Curd,200,15;35;75;102,10;10;10;15;15,TID_NEIGHBORHOOD_TASK_COLLECT_GOOD_DESCRIPTION,1,,
Hard_CollectProduction_Apple Jam,1223,Hard,CollectProduction,Apple Jam,200,15;35;75;102,5;5;5;5;5,TID_NEIGHBORHOOD_TASK_COLLECT_GOOD_DESCRIPTION,1,,
Hard_CollectProduction_Apple porridge,1224,Hard,CollectProduction,Apple porridge,200,15;35;75;102,5;5;5;5;5,TID_NEIGHBORHOOD_TASK_COLLECT_GOOD_DESCRIPTION,1,,
Hard_CollectProduction_Lemon Tea,1225,Hard,CollectProduction,Lemon Tea,200,15;35;75;102,15;15;20;20;25,TID_NEIGHBORHOOD_TASK_COLLECT_GOOD_DESCRIPTION,1,,
Hard_CollectProduction_YogurtSmoothie,1226,Hard,CollectProduction,YogurtSmoothie,200,15;35;75;102,10;10;10;15;15,TID_NEIGHBORHOOD_TASK_COLLECT_GOOD_DESCRIPTION,1,,
Hard_CollectProduction_Berry Cake,1227,Hard,CollectProduction,Berry Cake,200,15;35;75;102,10;10;10;15;15,TID_NEIGHBORHOOD_TASK_COLLECT_GOOD_DESCRIPTION,1,,
Hard_CollectProduction_Lemon essential oil,1228,Hard,CollectProduction,Lemon essential oil,200,15;35;75;102,15;15;20;20;25,TID_NEIGHBORHOOD_TASK_COLLECT_GOOD_DESCRIPTION,1,,
Hard_CollectProduction_GoldBar,1229,Hard,CollectProduction,GoldBar,200,15;35;75;102,5;5;5;5;5,TID_NEIGHBORHOOD_TASK_COLLECT_GOOD_DESCRIPTION,1,,
Hard_CollectProduction_Lobster Meat,1230,Hard,CollectProduction,Lobster Meat,200,15;35;75;102,5;5;5;5;5,TID_NEIGHBORHOOD_TASK_COLLECT_GOOD_DESCRIPTION,1,,
Hard_CollectProduction_Pillow,1231,Hard,CollectProduction,Pillow,200,15;35;75;102,5;5;5;5;5,TID_NEIGHBORHOOD_TASK_COLLECT_GOOD_DESCRIPTION,1,,
Hard_CollectProduction_SesameSmoothie,1232,Hard,CollectProduction,SesameSmoothie,200,15;35;75;102,5;5;5;5;5,TID_NEIGHBORHOOD_TASK_COLLECT_GOOD_DESCRIPTION,1,,
Hard_CollectProduction_BananaBread,1233,Hard,CollectProduction,BananaBread,200,15;35;75;102,10;10;15;15;20,TID_NEIGHBORHOOD_TASK_COLLECT_GOOD_DESCRIPTION,1,,
Hard_CollectProduction_BananaLatte,1234,Hard,CollectProduction,BananaLatte,200,15;35;75;102,10;10;10;15;15,TID_NEIGHBORHOOD_TASK_COLLECT_GOOD_DESCRIPTION,1,,
Hard_CollectProduction_Strawberry Jam,1235,Hard,CollectProduction,Strawberry Jam,200,15;35;75;102,5;5;5;5;5,TID_NEIGHBORHOOD_TASK_COLLECT_GOOD_DESCRIPTION,1,,
Hard_CollectProduction_Pomegranate Tea,1236,Hard,CollectProduction,Pomegranate Tea,200,15;35;75;102,10;10;15;15;20,TID_NEIGHBORHOOD_TASK_COLLECT_GOOD_DESCRIPTION,1,,
Hard_CollectProduction_GreekSalad,1237,Hard,CollectProduction,GreekSalad,200,15;35;75;102,5;5;5;5;5,TID_NEIGHBORHOOD_TASK_COLLECT_GOOD_DESCRIPTION,1,,
Hard_CollectProduction_Rice Ball,1238,Hard,CollectProduction,Rice Ball,200,15;35;75;102,10;10;15;15;20,TID_NEIGHBORHOOD_TASK_COLLECT_GOOD_DESCRIPTION,1,,
Hard_CollectProduction_Canned Fish,1239,Hard,CollectProduction,Canned Fish,200,15;35;75;102,5;5;5;5;5,TID_NEIGHBORHOOD_TASK_COLLECT_GOOD_DESCRIPTION,1,,
Hard_CollectProduction_PlumSmoothie,1240,Hard,CollectProduction,PlumSmoothie,200,15;35;75;102,10;10;15;15;20,TID_NEIGHBORHOOD_TASK_COLLECT_GOOD_DESCRIPTION,1,,
Hard_CollectProduction_OliveOil,1241,Hard,CollectProduction,OliveOil,200,15;35;75;102,10;10;15;15;20,TID_NEIGHBORHOOD_TASK_COLLECT_GOOD_DESCRIPTION,1,,
Hard_CollectProduction_Caramel latte,1242,Hard,CollectProduction,Caramel latte,200,15;35;75;102,10;10;10;15;15,TID_NEIGHBORHOOD_TASK_COLLECT_GOOD_DESCRIPTION,1,,
Hard_CollectProduction_Latte,1243,Hard,CollectProduction,Latte,200,15;35;75;102,10;10;15;15;20,TID_NEIGHBORHOOD_TASK_COLLECT_GOOD_DESCRIPTION,1,,
Hard_CollectProduction_Espreso,1244,Hard,CollectProduction,Espreso,200,15;35;75;102,10;10;15;15;20,TID_NEIGHBORHOOD_TASK_COLLECT_GOOD_DESCRIPTION,1,,
Hard_CollectProduction_Fish Soup,1245,Hard,CollectProduction,Fish Soup,200,15;35;75;102,5;5;5;10;10,TID_NEIGHBORHOOD_TASK_COLLECT_GOOD_DESCRIPTION,1,,
Hard_CollectProduction_Honey Apple Cake,1246,Hard,CollectProduction,Honey Apple Cake,200,15;35;75;102,5;5;5;5;5,TID_NEIGHBORHOOD_TASK_COLLECT_GOOD_DESCRIPTION,1,,
Hard_CollectProduction_SunHat,1247,Hard,CollectProduction,SunHat,200,15;35;75;102,5;5;5;5;5,TID_NEIGHBORHOOD_TASK_COLLECT_GOOD_DESCRIPTION,1,,
Hard_CollectProduction_TopHat,1248,Hard,CollectProduction,TopHat,200,15;35;75;102,5;5;5;5;5,TID_NEIGHBORHOOD_TASK_COLLECT_GOOD_DESCRIPTION,1,,
Hard_CollectProduction_Violet Dress,1249,Hard,CollectProduction,Violet Dress,200,15;35;75;102,5;5;5;10;10,TID_NEIGHBORHOOD_TASK_COLLECT_GOOD_DESCRIPTION,1,,
Hard_CollectProduction_Party Candle,1250,Hard,CollectProduction,Party Candle,200,15;35;75;102,5;5;5;10;10,TID_NEIGHBORHOOD_TASK_COLLECT_GOOD_DESCRIPTION,1,,
Hard_CollectProduction_Fishburger,1251,Hard,CollectProduction,Fishburger,200,15;35;75;102,5;5;5;10;10,TID_NEIGHBORHOOD_TASK_COLLECT_GOOD_DESCRIPTION,1,,
Hard_CollectProduction_Raspberry Candle,1252,Hard,CollectProduction,Raspberry Candle,200,15;35;75;102,5;5;5;10;10,TID_NEIGHBORHOOD_TASK_COLLECT_GOOD_DESCRIPTION,1,,
Hard_CollectProduction_Apple Pie,1253,Hard,CollectProduction,Apple Pie,200,15;35;75;102,5;5;5;5;5,TID_NEIGHBORHOOD_TASK_COLLECT_GOOD_DESCRIPTION,1,,
Hard_CollectProduction_Kimchi,1254,Hard,CollectProduction,Kimchi,200,15;35;75;102,5;5;5;5;5,TID_NEIGHBORHOOD_TASK_COLLECT_GOOD_DESCRIPTION,1,,
Hard_CollectProduction_SeafoodSalad,1255,Hard,CollectProduction,SeafoodSalad,200,15;35;75;102,5;5;5;5;5,TID_NEIGHBORHOOD_TASK_COLLECT_GOOD_DESCRIPTION,1,,
Hard_CollectProduction_Spicy fish,1256,Hard,CollectProduction,Spicy fish,200,15;35;75;102,5;5;5;10;10,TID_NEIGHBORHOOD_TASK_COLLECT_GOOD_DESCRIPTION,1,,
Hard_CollectProduction_Big sushi roll,1257,Hard,CollectProduction,Big sushi roll,200,15;35;75;102,10;10;10;15;15,TID_NEIGHBORHOOD_TASK_COLLECT_GOOD_DESCRIPTION,1,,
Hard_CollectProduction_Caramel Apple,1258,Hard,CollectProduction,Caramel Apple,200,15;35;75;102,5;5;5;5;5,TID_NEIGHBORHOOD_TASK_COLLECT_GOOD_DESCRIPTION,1,,
Hard_CollectProduction_Apple Juice,1259,Hard,CollectProduction,Apple Juice,200,15;35;75;102,5;5;5;10;10,TID_NEIGHBORHOOD_TASK_COLLECT_GOOD_DESCRIPTION,1,,
Hard_CollectProduction_Fish and Chips,1260,Hard,CollectProduction,Fish and Chips,200,15;35;75;102,10;10;10;15;15,TID_NEIGHBORHOOD_TASK_COLLECT_GOOD_DESCRIPTION,1,,
Hard_CollectProduction_Strawberry Yoghurt,1261,Hard,CollectProduction,Strawberry Yoghurt,200,15;35;75;102,5;5;5;5;5,TID_NEIGHBORHOOD_TASK_COLLECT_GOOD_DESCRIPTION,1,,
Hard_CollectProduction_SilverBar,1262,Hard,CollectProduction,SilverBar,200,15;35;75;102,5;5;5;5;5,TID_NEIGHBORHOOD_TASK_COLLECT_GOOD_DESCRIPTION,1,,
Hard_CollectProduction_Strawberry Ice Cream,1263,Hard,CollectProduction,Strawberry Ice Cream,200,15;35;75;102,5;5;5;5;5,TID_NEIGHBORHOOD_TASK_COLLECT_GOOD_DESCRIPTION,1,,
Hard_CollectProduction_Lobster Pasta,1264,Hard,CollectProduction,Lobster Pasta,200,15;35;75;102,5;5;5;5;5,TID_NEIGHBORHOOD_TASK_COLLECT_GOOD_DESCRIPTION,1,,
Hard_CollectProduction_Grape Jam,1265,Hard,CollectProduction,Grape Jam,200,15;35;75;102,5;5;5;5;5,TID_NEIGHBORHOOD_TASK_COLLECT_GOOD_DESCRIPTION,1,,
Hard_CollectProduction_Raspberry Muffin,1266,Hard,CollectProduction,Raspberry Muffin,200,15;35;75;102,10;10;10;15;15,TID_NEIGHBORHOOD_TASK_COLLECT_GOOD_DESCRIPTION,1,,
Hard_CollectProduction_MintTea,1267,Hard,CollectProduction,MintTea,200,15;35;75;102,10;10;15;15;20,TID_NEIGHBORHOOD_TASK_COLLECT_GOOD_DESCRIPTION,1,,
Hard_CollectProduction_Salsa,1268,Hard,CollectProduction,Salsa,200,15;35;75;102,15;15;20;20;25,TID_NEIGHBORHOOD_TASK_COLLECT_GOOD_DESCRIPTION,1,,
Hard_CollectProduction_Filled donut,1269,Hard,CollectProduction,Filled donut,200,15;35;75;102,5;5;5;5;5,TID_NEIGHBORHOOD_TASK_COLLECT_GOOD_DESCRIPTION,1,,
Hard_CollectProduction_Fancy Cake,1270,Hard,CollectProduction,Fancy Cake,200,15;35;75;102,5;5;5;10;10,TID_NEIGHBORHOOD_TASK_COLLECT_GOOD_DESCRIPTION,1,,
Hard_CollectProduction_PBJ Sandwich,1271,Hard,CollectProduction,PBJ Sandwich,200,15;35;75;102,5;5;5;5;5,TID_NEIGHBORHOOD_TASK_COLLECT_GOOD_DESCRIPTION,1,,
Hard_CollectProduction_FishSkewer,1272,Hard,CollectProduction,FishSkewer,200,15;35;75;102,10;10;15;15;20,TID_NEIGHBORHOOD_TASK_COLLECT_GOOD_DESCRIPTION,1,,
Hard_CollectProduction_VeggieDip,1273,Hard,CollectProduction,VeggieDip,200,15;35;75;102,5;5;5;10;10,TID_NEIGHBORHOOD_TASK_COLLECT_GOOD_DESCRIPTION,1,,
Hard_CollectProduction_Mug,1274,Hard,CollectProduction,Mug,200,15;35;75;102,5;5;5;10;10,TID_NEIGHBORHOOD_TASK_COLLECT_GOOD_DESCRIPTION,1,,
Hard_CollectProduction_Fish Pie,1275,Hard,CollectProduction,Fish Pie,200,15;35;75;102,5;5;5;10;10,TID_NEIGHBORHOOD_TASK_COLLECT_GOOD_DESCRIPTION,1,,
Hard_CollectProduction_Strawberry Cake,1276,Hard,CollectProduction,Strawberry Cake,200,15;35;75;102,5;5;5;10;10,TID_NEIGHBORHOOD_TASK_COLLECT_GOOD_DESCRIPTION,1,,
Hard_CollectProduction_IronBar,1277,Hard,CollectProduction,IronBar,200,15;35;75;102,5;5;5;5;5,TID_NEIGHBORHOOD_TASK_COLLECT_GOOD_DESCRIPTION,1,,
Hard_CollectProduction_Cheese omelet,1278,Hard,CollectProduction,Cheese omelet,200,15;35;75;102,5;5;5;10;10,TID_NEIGHBORHOOD_TASK_COLLECT_GOOD_DESCRIPTION,1,,
Hard_CollectProduction_LobsterSushi,1279,Hard,CollectProduction,LobsterSushi,200,15;35;75;102,5;5;5;5;5,TID_NEIGHBORHOOD_TASK_COLLECT_GOOD_DESCRIPTION,1,,
Hard_CollectProduction_GingerTea,1280,Hard,CollectProduction,GingerTea,200,15;35;75;102,10;10;15;15;20,TID_NEIGHBORHOOD_TASK_COLLECT_GOOD_DESCRIPTION,1,,
Hard_CollectProduction_PotatoSoup,1281,Hard,CollectProduction,PotatoSoup,200,15;35;75;102,5;5;5;10;10,TID_NEIGHBORHOOD_TASK_COLLECT_GOOD_DESCRIPTION,1,,
Hard_CollectProduction_Winter Stew,1282,Hard,CollectProduction,Winter Stew,200,15;35;75;102,5;5;5;5;5,TID_NEIGHBORHOOD_TASK_COLLECT_GOOD_DESCRIPTION,1,,
Hard_CollectProduction_Lobster Skewer,1283,Hard,CollectProduction,Lobster Skewer,200,15;35;75;102,5;5;5;5;5,TID_NEIGHBORHOOD_TASK_COLLECT_GOOD_DESCRIPTION,1,,
Hard_CollectProduction_Blue Sweater,1284,Hard,CollectProduction,Blue Sweater,200,15;35;75;102,5;5;5;5;5,TID_NEIGHBORHOOD_TASK_COLLECT_GOOD_DESCRIPTION,1,,
Hard_CollectProduction_Chili Stew,1285,Hard,CollectProduction,Chili Stew,200,15;35;75;102,5;5;5;5;5,TID_NEIGHBORHOOD_TASK_COLLECT_GOOD_DESCRIPTION,1,,
Hard_CollectProduction_Tomato Soup,1286,Hard,CollectProduction,Tomato Soup,200,15;35;75;102,5;5;5;10;10,TID_NEIGHBORHOOD_TASK_COLLECT_GOOD_DESCRIPTION,1,,
Hard_CollectProduction_Red Scarf,1287,Hard,CollectProduction,Red Scarf,200,15;35;75;102,5;5;5;5;5,TID_NEIGHBORHOOD_TASK_COLLECT_GOOD_DESCRIPTION,1,,
Hard_CollectProduction_SushiRoll,1288,Hard,CollectProduction,SushiRoll,200,15;35;75;102,5;5;5;5;5,TID_NEIGHBORHOOD_TASK_COLLECT_GOOD_DESCRIPTION,1,,
Hard_CollectProduction_Hand Pies,1289,Hard,CollectProduction,Hand Pies,200,15;35;75;102,5;5;5;5;5,TID_NEIGHBORHOOD_TASK_COLLECT_GOOD_DESCRIPTION,1,,
Hard_CollectProduction_Goat Cheese,1290,Hard,CollectProduction,Goat Cheese,200,15;35;75;102,5;5;5;5;5,TID_NEIGHBORHOOD_TASK_COLLECT_GOOD_DESCRIPTION,1,,
Hard_CollectProduction_Frutti di Mare Pizza,1291,Hard,CollectProduction,Frutti di Mare Pizza,200,15;35;75;102,5;5;5;5;5,TID_NEIGHBORHOOD_TASK_COLLECT_GOOD_DESCRIPTION,1,,
Hard_CollectProduction_Broccoli Soup,1292,Hard,CollectProduction,Broccoli Soup,200,15;35;75;102,10;10;10;15;15,TID_NEIGHBORHOOD_TASK_COLLECT_GOOD_DESCRIPTION,1,,
Hard_CollectProduction_Gnocchi,1293,Hard,CollectProduction,Gnocchi,200,15;35;75;102,5;5;5;10;10,TID_NEIGHBORHOOD_TASK_COLLECT_GOOD_DESCRIPTION,1,,
Hard_CollectProduction_Falafel,1294,Hard,CollectProduction,Falafel,200,15;35;75;102,10;10;15;15;20,TID_NEIGHBORHOOD_TASK_COLLECT_GOOD_DESCRIPTION,1,,
Hard_CollectProduction_MushroomPasta,1295,Hard,CollectProduction,MushroomPasta,200,15;35;75;102,5;5;5;5;5,TID_NEIGHBORHOOD_TASK_COLLECT_GOOD_DESCRIPTION,1,,
Hard_CollectProduction_CoalBar,1296,Hard,CollectProduction,CoalBar,200,15;35;75;102,5;5;5;5;5,TID_NEIGHBORHOOD_TASK_COLLECT_GOOD_DESCRIPTION,1,,
Hard_CollectProduction_Strawberry Candle,1297,Hard,CollectProduction,Strawberry Candle,200,15;35;75;102,5;5;5;10;10,TID_NEIGHBORHOOD_TASK_COLLECT_GOOD_DESCRIPTION,1,,
Hard_CollectProduction_ClocheHat,1298,Hard,CollectProduction,ClocheHat,200,15;35;75;102,5;5;5;5;5,TID_NEIGHBORHOOD_TASK_COLLECT_GOOD_DESCRIPTION,1,,
Hard_CollectProduction_Spicy spaghetti,1299,Hard,CollectProduction,Spicy spaghetti,200,15;35;75;102,5;5;5;10;10,TID_NEIGHBORHOOD_TASK_COLLECT_GOOD_DESCRIPTION,1,,
Hard_CollectProduction_Passion Fruit Jam,1300,Hard,CollectProduction,Passion Fruit Jam,200,15;35;75;102,5;5;5;5;5,TID_NEIGHBORHOOD_TASK_COLLECT_GOOD_DESCRIPTION,1,,
Hard_CollectProduction_Floral candle,1301,Hard,CollectProduction,Floral candle,200,15;35;75;102,5;5;5;10;10,TID_NEIGHBORHOOD_TASK_COLLECT_GOOD_DESCRIPTION,1,,
Hard_CollectProduction_Snack Mix,1302,Hard,CollectProduction,Snack Mix,200,15;35;75;102,5;5;5;5;5,TID_NEIGHBORHOOD_TASK_COLLECT_GOOD_DESCRIPTION,1,,
Hard_CollectProduction_Peanut noodles,1303,Hard,CollectProduction,Peanut noodles,200,15;35;75;102,5;5;5;5;5,TID_NEIGHBORHOOD_TASK_COLLECT_GOOD_DESCRIPTION,1,,
Hard_CollectProduction_Onion Dog,1304,Hard,CollectProduction,Onion Dog,200,15;35;75;102,5;5;5;5;5,TID_NEIGHBORHOOD_TASK_COLLECT_GOOD_DESCRIPTION,1,,
Hard_CollectProduction_CandiedPeanuts,1305,Hard,CollectProduction,CandiedPeanuts,200,15;35;75;102,5;5;5;5;5,TID_NEIGHBORHOOD_TASK_COLLECT_GOOD_DESCRIPTION,1,,
Hard_CollectProduction_Tofu Dog,1306,Hard,CollectProduction,Tofu Dog,200,15;35;75;102,10;10;15;15;20,TID_NEIGHBORHOOD_TASK_COLLECT_GOOD_DESCRIPTION,1,,
Hard_CollectProduction_Sweater,1307,Hard,CollectProduction,Sweater,200,15;35;75;102,5;5;5;5;5,TID_NEIGHBORHOOD_TASK_COLLECT_GOOD_DESCRIPTION,1,,
Hard_CollectProduction_Samosa,1308,Hard,CollectProduction,Samosa,200,15;35;75;102,10;10;10;15;15,TID_NEIGHBORHOOD_TASK_COLLECT_GOOD_DESCRIPTION,1,,
Hard_CollectProduction_Cherry Popsicle,1309,Hard,CollectProduction,Cherry Popsicle,200,15;35;75;102,5;5;5;5;5,TID_NEIGHBORHOOD_TASK_COLLECT_GOOD_DESCRIPTION,1,,
Hard_CollectProduction_VeggieBagel,1310,Hard,CollectProduction,VeggieBagel,200,15;35;75;102,10;10;10;15;15,TID_NEIGHBORHOOD_TASK_COLLECT_GOOD_DESCRIPTION,1,,
Hard_CollectProduction_Bacon Pie,1311,Hard,CollectProduction,Bacon Pie,200,15;35;75;102,5;5;5;5;5,TID_NEIGHBORHOOD_TASK_COLLECT_GOOD_DESCRIPTION,1,,
Hard_CollectProduction_Plant pot,1312,Hard,CollectProduction,Plant pot,200,15;35;75;102,5;5;5;10;10,TID_NEIGHBORHOOD_TASK_COLLECT_GOOD_DESCRIPTION,1,,
Hard_CollectProduction_Spicy Pizza,1313,Hard,CollectProduction,Spicy Pizza,200,15;35;75;102,10;10;10;15;15,TID_NEIGHBORHOOD_TASK_COLLECT_GOOD_DESCRIPTION,1,,
Hard_CollectProduction_FlowerCrown,1314,Hard,CollectProduction,FlowerCrown,200,15;35;75;102,5;5;5;10;10,TID_NEIGHBORHOOD_TASK_COLLECT_GOOD_DESCRIPTION,1,,
Hard_CollectProduction_PepperSoup,1315,Hard,CollectProduction,PepperSoup,200,15;35;75;102,10;10;10;15;15,TID_NEIGHBORHOOD_TASK_COLLECT_GOOD_DESCRIPTION,1,,
Hard_CollectProduction_Wooly Pants,1316,Hard,CollectProduction,Wooly Pants,200,15;35;75;102,5;5;5;5;5,TID_NEIGHBORHOOD_TASK_COLLECT_GOOD_DESCRIPTION,1,,
Hard_CollectProduction_Tofu stir fry,1317,Hard,CollectProduction,Tofu stir fry,200,15;35;75;102,10;10;10;15;15,TID_NEIGHBORHOOD_TASK_COLLECT_GOOD_DESCRIPTION,1,,
Hard_CollectProduction_Shepherds Pie,1318,Hard,CollectProduction,Shepherds Pie,200,15;35;75;102,5;5;5;5;5,TID_NEIGHBORHOOD_TASK_COLLECT_GOOD_DESCRIPTION,1,,
Hard_CollectProduction_Asparagus Quiche,1319,Hard,CollectProduction,Asparagus Quiche,200,15;35;75;102,5;5;5;10;10,TID_NEIGHBORHOOD_TASK_COLLECT_GOOD_DESCRIPTION,1,,
Hard_CollectProduction_EggRoll,1320,Hard,CollectProduction,EggRoll,200,15;35;75;102,5;5;5;5;5,TID_NEIGHBORHOOD_TASK_COLLECT_GOOD_DESCRIPTION,1,,
Hard_CollectProduction_Duck Down,1321,Hard,CollectProduction,Duck Down,200,15;35;75;102,5;5;5;5;5,TID_NEIGHBORHOOD_TASK_COLLECT_GOOD_DESCRIPTION,1,,
Hard_CollectProduction_Onion Soup,1322,Hard,CollectProduction,Onion Soup,200,15;35;75;102,5;5;5;10;10,TID_NEIGHBORHOOD_TASK_COLLECT_GOOD_DESCRIPTION,1,,
Hard_CollectProduction_Cheese Cake,1323,Hard,CollectProduction,Cheese Cake,200,15;35;75;102,5;5;5;5;5,TID_NEIGHBORHOOD_TASK_COLLECT_GOOD_DESCRIPTION,1,,
Hard_CollectProduction_Pasta Carbonara,1324,Hard,CollectProduction,Pasta Carbonara,200,15;35;75;102,5;5;5;5;5,TID_NEIGHBORHOOD_TASK_COLLECT_GOOD_DESCRIPTION,1,,
Hard_CollectProduction_Summer Rolls,1325,Hard,CollectProduction,Summer Rolls,200,15;35;75;102,10;10;10;15;15,TID_NEIGHBORHOOD_TASK_COLLECT_GOOD_DESCRIPTION,1,,
Hard_CollectProduction_MushroomSalad,1326,Hard,CollectProduction,MushroomSalad,200,15;35;75;102,5;5;5;5;5,TID_NEIGHBORHOOD_TASK_COLLECT_GOOD_DESCRIPTION,1,,
Hard_CollectProduction_Blue Woolly Hat,1327,Hard,CollectProduction,Blue Woolly Hat,200,15;35;75;102,5;5;5;5;5,TID_NEIGHBORHOOD_TASK_COLLECT_GOOD_DESCRIPTION,1,,
Hard_CollectProduction_Cotton Candy,1328,Hard,CollectProduction,Cotton Candy,200,15;35;75;102,5;5;5;10;10,TID_NEIGHBORHOOD_TASK_COLLECT_GOOD_DESCRIPTION,1,,
Hard_CollectProduction_Tomato Juice,1329,Hard,CollectProduction,Tomato Juice,200,15;35;75;102,10;10;10;15;15,TID_NEIGHBORHOOD_TASK_COLLECT_GOOD_DESCRIPTION,1,,
Hard_CollectProduction_Roasted Tomatoes,1330,Hard,CollectProduction,Roasted Tomatoes,200,15;35;75;102,10;10;10;15;15,TID_NEIGHBORHOOD_TASK_COLLECT_GOOD_DESCRIPTION,1,,
Hard_CollectProduction_Loaded Fries,1331,Hard,CollectProduction,Loaded Fries,200,15;35;75;102,5;5;5;10;10,TID_NEIGHBORHOOD_TASK_COLLECT_GOOD_DESCRIPTION,1,,
Hard_CollectProduction_Baked Potato,1332,Hard,CollectProduction,Baked Potato,200,15;35;75;102,10;10;10;15;15,TID_NEIGHBORHOOD_TASK_COLLECT_GOOD_DESCRIPTION,1,,
Hard_CollectProduction_Hamburger,1333,Hard,CollectProduction,Hamburger,200,15;35;75;102,5;5;5;5;5,TID_NEIGHBORHOOD_TASK_COLLECT_GOOD_DESCRIPTION,1,,
Hard_CollectProduction_Casserole,1334,Hard,CollectProduction,Casserole,200,15;35;75;102,5;5;5;5;5,TID_NEIGHBORHOOD_TASK_COLLECT_GOOD_DESCRIPTION,1,,
Hard_CollectProduction_Roast veggies,1335,Hard,CollectProduction,Roast veggies,200,15;35;75;102,15;15;20;20;25,TID_NEIGHBORHOOD_TASK_COLLECT_GOOD_DESCRIPTION,1,,
Hard_CollectProduction_BaconSalad,1336,Hard,CollectProduction,BaconSalad,200,15;35;75;102,5;5;5;5;5,TID_NEIGHBORHOOD_TASK_COLLECT_GOOD_DESCRIPTION,1,,
Hard_CollectProduction_Veggie Bouquet,1337,Hard,CollectProduction,Veggie Bouquet,200,15;35;75;102,10;10;15;15;20,TID_NEIGHBORHOOD_TASK_COLLECT_GOOD_DESCRIPTION,1,,
Hard_CollectProduction_Birthday Bouquet,1338,Hard,CollectProduction,Birthday Bouquet,200,15;35;75;102,5;5;5;10;10,TID_NEIGHBORHOOD_TASK_COLLECT_GOOD_DESCRIPTION,1,,
Hard_CollectProduction_Noodle Soup,1339,Hard,CollectProduction,Noodle Soup,200,15;35;75;102,5;5;5;10;10,TID_NEIGHBORHOOD_TASK_COLLECT_GOOD_DESCRIPTION,1,,
Hard_CollectProduction_BLTToast,1340,Hard,CollectProduction,BLTToast,200,15;35;75;102,5;5;5;5;5,TID_NEIGHBORHOOD_TASK_COLLECT_GOOD_DESCRIPTION,1,,
Hard_CollectProduction_Chili Popcorn,1341,Hard,CollectProduction,Chili Popcorn,200,15;35;75;102,5;5;5;10;10,TID_NEIGHBORHOOD_TASK_COLLECT_GOOD_DESCRIPTION,1,,
Hard_CollectProduction_Asparagus Soup,1342,Hard,CollectProduction,Asparagus Soup,200,15;35;75;102,10;10;10;15;15,TID_NEIGHBORHOOD_TASK_COLLECT_GOOD_DESCRIPTION,1,,
Hard_CollectProduction_Milk Tea,1343,Hard,CollectProduction,Milk Tea,200,15;35;75;102,10;10;10;15;15,TID_NEIGHBORHOOD_TASK_COLLECT_GOOD_DESCRIPTION,1,,
Hard_CollectProduction_Grape Juice,1344,Hard,CollectProduction,Grape Juice,200,15;35;75;102,5;5;5;10;10,TID_NEIGHBORHOOD_TASK_COLLECT_GOOD_DESCRIPTION,1,,
Hard_CollectProduction_Onion melt,1345,Hard,CollectProduction,Onion melt,200,15;35;75;102,5;5;5;10;10,TID_NEIGHBORHOOD_TASK_COLLECT_GOOD_DESCRIPTION,1,,
Hard_CollectProduction_MushroomSoup,1346,Hard,CollectProduction,MushroomSoup,200,15;35;75;102,5;5;5;10;10,TID_NEIGHBORHOOD_TASK_COLLECT_GOOD_DESCRIPTION,1,,
Hard_CollectProduction_Honey Tea,1347,Hard,CollectProduction,Honey Tea,200,15;35;75;102,10;10;10;15;15,TID_NEIGHBORHOOD_TASK_COLLECT_GOOD_DESCRIPTION,1,,
Hard_CollectProduction_Cabbage Soup,1348,Hard,CollectProduction,Cabbage Soup,200,15;35;75;102,5;5;5;5;5,TID_NEIGHBORHOOD_TASK_COLLECT_GOOD_DESCRIPTION,1,,
Hard_CollectProduction_Candy bouquet,1349,Hard,CollectProduction,Candy bouquet,200,15;35;75;102,5;5;5;10;10,TID_NEIGHBORHOOD_TASK_COLLECT_GOOD_DESCRIPTION,1,,
Hard_CollectProduction_Potato Feta Cake,1350,Hard,CollectProduction,Potato Feta Cake,200,15;35;75;102,5;5;5;10;10,TID_NEIGHBORHOOD_TASK_COLLECT_GOOD_DESCRIPTION,1,,
Hard_CollectProduction_Green Tea,1351,Hard,CollectProduction,Green Tea,200,15;35;75;102,10;10;15;15;20,TID_NEIGHBORHOOD_TASK_COLLECT_GOOD_DESCRIPTION,1,,
Hard_CollectProduction_Soft Bouquet,1352,Hard,CollectProduction,Soft Bouquet,200,15;35;75;102,10;10;10;15;15,TID_NEIGHBORHOOD_TASK_COLLECT_GOOD_DESCRIPTION,1,,
Hard_CollectProduction_Breakfast Waffles,1353,Hard,CollectProduction,Breakfast Waffles,200,15;35;75;102,5;5;5;10;10,TID_NEIGHBORHOOD_TASK_COLLECT_GOOD_DESCRIPTION,1,,
Hard_CollectProduction_Colorful omelet,1354,Hard,CollectProduction,Colorful omelet,200,15;35;75;102,10;10;10;15;15,TID_NEIGHBORHOOD_TASK_COLLECT_GOOD_DESCRIPTION,1,,
Hard_CollectProduction_Birthday Cake,1355,Hard,CollectProduction,Birthday Cake,200,15;35;75;102,5;5;5;10;10,TID_NEIGHBORHOOD_TASK_COLLECT_GOOD_DESCRIPTION,1,,
Hard_CollectProduction_Spring omelet,1356,Hard,CollectProduction,Spring omelet,200,15;35;75;102,10;10;10;15;15,TID_NEIGHBORHOOD_TASK_COLLECT_GOOD_DESCRIPTION,1,,
Hard_CollectProduction_Potato omelet,1357,Hard,CollectProduction,Potato omelet,200,15;35;75;102,5;5;5;5;5,TID_NEIGHBORHOOD_TASK_COLLECT_GOOD_DESCRIPTION,1,,
Hard_CollectProduction_Pumpkin Soup,1358,Hard,CollectProduction,Pumpkin Soup,200,15;35;75;102,5;5;5;10;10,TID_NEIGHBORHOOD_TASK_COLLECT_GOOD_DESCRIPTION,1,,
Hard_CollectProduction_Pumpkin Pie,1359,Hard,CollectProduction,Pumpkin Pie,200,15;35;75;102,5;5;5;10;10,TID_NEIGHBORHOOD_TASK_COLLECT_GOOD_DESCRIPTION,1,,
Hard_CollectProduction_WatermelonLemonade,1360,Hard,CollectProduction,WatermelonLemonade,200,15;35;75;102,10;10;10;15;15,TID_NEIGHBORHOOD_TASK_COLLECT_GOOD_DESCRIPTION,1,,
Hard_CollectProduction_Cheese fondue,1361,Hard,CollectProduction,Cheese fondue,200,15;35;75;102,10;10;10;15;15,TID_NEIGHBORHOOD_TASK_COLLECT_GOOD_DESCRIPTION,1,,
Hard_CollectProduction_Grilled Onion,1362,Hard,CollectProduction,Grilled Onion,200,15;35;75;102,10;10;10;15;15,TID_NEIGHBORHOOD_TASK_COLLECT_GOOD_DESCRIPTION,1,,
Hard_CollectProduction_Meat fondue,1363,Hard,CollectProduction,Meat fondue,200,15;35;75;102,5;5;5;10;10,TID_NEIGHBORHOOD_TASK_COLLECT_GOOD_DESCRIPTION,1,,
Hard_CollectProduction_Corn Dog,1364,Hard,CollectProduction,Corn Dog,200,15;35;75;102,5;5;5;5;5,TID_NEIGHBORHOOD_TASK_COLLECT_GOOD_DESCRIPTION,1,,
Hard_CollectProduction_Bacon and Eggs,1365,Hard,CollectProduction,Bacon and Eggs,200,15;35;75;102,5;5;5;5;5,TID_NEIGHBORHOOD_TASK_COLLECT_GOOD_DESCRIPTION,1,,
Hard_CollectProduction_Lemon Cake,1366,Hard,CollectProduction,Lemon Cake,200,15;35;75;102,5;5;5;10;10,TID_NEIGHBORHOOD_TASK_COLLECT_GOOD_DESCRIPTION,1,,
Hard_CollectProduction_Bright Bouquet,1367,Hard,CollectProduction,Bright Bouquet,200,15;35;75;102,15;15;20;20;25,TID_NEIGHBORHOOD_TASK_COLLECT_GOOD_DESCRIPTION,1,,
Hard_CollectProduction_Pizza,1368,Hard,CollectProduction,Pizza,200,15;35;75;102,10;10;10;15;15,TID_NEIGHBORHOOD_TASK_COLLECT_GOOD_DESCRIPTION,1,,
Hard_CollectProduction_SoySauce,1369,Hard,CollectProduction,SoySauce,200,15;35;75;102,5;5;5;10;10,TID_NEIGHBORHOOD_TASK_COLLECT_GOOD_DESCRIPTION,1,,
Hard_CollectProduction_Taco,1370,Hard,CollectProduction,Taco,200,15;35;75;102,5;5;5;10;10,TID_NEIGHBORHOOD_TASK_COLLECT_GOOD_DESCRIPTION,1,,
Hard_CollectProduction_EggSandwich,1371,Hard,CollectProduction,EggSandwich,200,15;35;75;102,10;10;10;15;15,TID_NEIGHBORHOOD_TASK_COLLECT_GOOD_DESCRIPTION,1,,
Hard_CollectProduction_Stuffed Peppers,1372,Hard,CollectProduction,Stuffed Peppers,200,15;35;75;102,5;5;5;10;10,TID_NEIGHBORHOOD_TASK_COLLECT_GOOD_DESCRIPTION,1,,
Hard_CollectProduction_Rustic Bouquet,1373,Hard,CollectProduction,Rustic Bouquet,200,15;35;75;102,10;10;15;15;20,TID_NEIGHBORHOOD_TASK_COLLECT_GOOD_DESCRIPTION,1,,
Hard_CollectProduction_Quesadilla,1374,Hard,CollectProduction,Quesadilla,200,15;35;75;102,5;5;5;10;10,TID_NEIGHBORHOOD_TASK_COLLECT_GOOD_DESCRIPTION,1,,
Hard_CollectProduction_Mocha Milkshake,1375,Hard,CollectProduction,Mocha Milkshake,200,15;35;75;102,5;5;5;10;10,TID_NEIGHBORHOOD_TASK_COLLECT_GOOD_DESCRIPTION,1,,
Hard_CollectProduction_Rice omelet,1376,Hard,CollectProduction,Rice omelet,200,15;35;75;102,5;5;5;10;10,TID_NEIGHBORHOOD_TASK_COLLECT_GOOD_DESCRIPTION,1,,
Hard_CollectProduction_Feta Pie,1377,Hard,CollectProduction,Feta Pie,200,15;35;75;102,5;5;5;10;10,TID_NEIGHBORHOOD_TASK_COLLECT_GOOD_DESCRIPTION,1,,
Hard_CollectProduction_Passion Fruit Sauce,1378,Hard,CollectProduction,Passion Fruit Sauce,200,15;35;75;102,10;10;15;15;20,TID_NEIGHBORHOOD_TASK_COLLECT_GOOD_DESCRIPTION,1,,
Hard_CollectProduction_Stuffed Bellpeppers,1379,Hard,CollectProduction,Stuffed Bellpeppers,200,15;35;75;102,5;5;5;10;10,TID_NEIGHBORHOOD_TASK_COLLECT_GOOD_DESCRIPTION,1,,
Hard_CollectProduction_Hot Dog,1380,Hard,CollectProduction,Hot Dog,200,15;35;75;102,5;5;5;10;10,TID_NEIGHBORHOOD_TASK_COLLECT_GOOD_DESCRIPTION,1,,
Hard_CollectProduction_Bacon donut,1381,Hard,CollectProduction,Bacon donut,200,15;35;75;102,5;5;5;10;10,TID_NEIGHBORHOOD_TASK_COLLECT_GOOD_DESCRIPTION,1,,
Hard_CollectProduction_SesameBrittle,1382,Hard,CollectProduction,SesameBrittle,200,15;35;75;102,10;10;10;15;15,TID_NEIGHBORHOOD_TASK_COLLECT_GOOD_DESCRIPTION,1,,
Hard_CollectProduction_Vanilla Milkshake,1383,Hard,CollectProduction,Vanilla Milkshake,200,15;35;75;102,5;5;5;10;10,TID_NEIGHBORHOOD_TASK_COLLECT_GOOD_DESCRIPTION,1,,
Hard_CollectProduction_Lasagna,1384,Hard,CollectProduction,Lasagna,200,15;35;75;102,5;5;5;10;10,TID_NEIGHBORHOOD_TASK_COLLECT_GOOD_DESCRIPTION,1,,
Hard_CollectProduction_Plain Yoghurt,1385,Hard,CollectProduction,Plain Yoghurt,200,15;35;75;102,5;5;5;10;10,TID_NEIGHBORHOOD_TASK_COLLECT_GOOD_DESCRIPTION,1,,
Hard_CollectProduction_Plain Cupcake,1386,Hard,CollectProduction,Plain Cupcake,200,15;35;75;102,5;5;5;10;10,TID_NEIGHBORHOOD_TASK_COLLECT_GOOD_DESCRIPTION,1,,
Hard_CollectProduction_Lemon Pie,1387,Hard,CollectProduction,Lemon Pie,200,15;35;75;102,5;5;5;10;10,TID_NEIGHBORHOOD_TASK_COLLECT_GOOD_DESCRIPTION,1,,
Hard_CollectProduction_Vanilla Ice Cream,1388,Hard,CollectProduction,Vanilla Ice Cream,200,15;35;75;102,5;5;5;10;10,TID_NEIGHBORHOOD_TASK_COLLECT_GOOD_DESCRIPTION,1,,
Hard_CollectProduction_Potato Bread,1389,Hard,CollectProduction,Potato Bread,200,15;35;75;102,10;10;10;15;15,TID_NEIGHBORHOOD_TASK_COLLECT_GOOD_DESCRIPTION,1,,
Hard_CollectProduction_SesameIceCream,1390,Hard,CollectProduction,SesameIceCream,200,15;35;75;102,5;5;5;10;10,TID_NEIGHBORHOOD_TASK_COLLECT_GOOD_DESCRIPTION,1,,
Hard_CollectProduction_Goat Cheese Toast,1391,Hard,CollectProduction,Goat Cheese Toast,200,15;35;75;102,5;5;5;10;10,TID_NEIGHBORHOOD_TASK_COLLECT_GOOD_DESCRIPTION,1,,
Hard_CollectProduction_Affogato,1392,Hard,CollectProduction,Affogato,200,15;35;75;102,5;5;5;10;10,TID_NEIGHBORHOOD_TASK_COLLECT_GOOD_DESCRIPTION,1,,
Hard_CollectProduction_Hummus Wrap,1393,Hard,CollectProduction,Hummus Wrap,200,15;35;75;102,10;10;10;15;15,TID_NEIGHBORHOOD_TASK_COLLECT_GOOD_DESCRIPTION,1,,
Hard_CollectProduction_Beetroot salad,1394,Hard,CollectProduction,Beetroot salad,200,15;35;75;102,5;5;5;10;10,TID_NEIGHBORHOOD_TASK_COLLECT_GOOD_DESCRIPTION,1,,
Hard_CollectProduction_Nachos,1395,Hard,CollectProduction,Nachos,200,15;35;75;102,5;5;5;10;10,TID_NEIGHBORHOOD_TASK_COLLECT_GOOD_DESCRIPTION,1,,
Hard_CollectProduction_Honey Popcorn,1396,Hard,CollectProduction,Honey Popcorn,200,15;35;75;102,5;5;5;10;10,TID_NEIGHBORHOOD_TASK_COLLECT_GOOD_DESCRIPTION,1,,
Hard_CollectProduction_Toffee,1397,Hard,CollectProduction,Toffee,200,15;35;75;102,5;5;5;10;10,TID_NEIGHBORHOOD_TASK_COLLECT_GOOD_DESCRIPTION,1,,
Hard_CollectProduction_Broccoli Mac,1398,Hard,CollectProduction,Broccoli Mac,200,15;35;75;102,5;5;5;10;10,TID_NEIGHBORHOOD_TASK_COLLECT_GOOD_DESCRIPTION,1,,
Hard_CollectProduction_Gingerbread Cookie,1399,Hard,CollectProduction,Gingerbread Cookie,200,15;35;75;102,5;5;5;10;10,TID_NEIGHBORHOOD_TASK_COLLECT_GOOD_DESCRIPTION,1,,
Hard_CollectProduction_Soothing Pad,1400,Hard,CollectProduction,Soothing Pad,200,15;35;75;102,5;5;5;10;10,TID_NEIGHBORHOOD_TASK_COLLECT_GOOD_DESCRIPTION,1,,
Hard_CollectProduction_Carrot Cake,1401,Hard,CollectProduction,Carrot Cake,200,15;35;75;102,5;5;5;10;10,TID_NEIGHBORHOOD_TASK_COLLECT_GOOD_DESCRIPTION,1,,
Hard_CollectProduction_Beeswax,1402,Hard,CollectProduction,Beeswax,200,15;35;75;102,5;5;5;5;5,TID_NEIGHBORHOOD_TASK_COLLECT_GOOD_DESCRIPTION,1,,
Hard_CollectProduction_Cotton Fabrics,1403,Hard,CollectProduction,Cotton Fabrics,200,15;35;75;102,10;10;15;15;20,TID_NEIGHBORHOOD_TASK_COLLECT_GOOD_DESCRIPTION,1,,
Hard_CollectProduction_Cotton Shirt,1404,Hard,CollectProduction,Cotton Shirt,200,15;35;75;102,10;10;10;15;15,TID_NEIGHBORHOOD_TASK_COLLECT_GOOD_DESCRIPTION,1,,
Hard_CollectProduction_Mint essential oil,1405,Hard,CollectProduction,Mint essential oil,200,15;35;75;102,15;15;20;20;25,TID_NEIGHBORHOOD_TASK_COLLECT_GOOD_DESCRIPTION,1,,
Hard_CollectProduction_Eggplant Parmesan,1406,Hard,CollectProduction,Eggplant Parmesan,200,15;35;75;102,10;10;10;15;15,TID_NEIGHBORHOOD_TASK_COLLECT_GOOD_DESCRIPTION,1,,
Hard_CollectProduction_Plain Waffles,1407,Hard,CollectProduction,Plain Waffles,200,15;35;75;102,10;10;10;15;15,TID_NEIGHBORHOOD_TASK_COLLECT_GOOD_DESCRIPTION,1,,
Hard_CollectProduction_Syrup,1408,Hard,CollectProduction,Syrup,200,15;35;75;102,10;10;10;15;15,TID_NEIGHBORHOOD_TASK_COLLECT_GOOD_DESCRIPTION,1,,
Hard_CollectProduction_Coleslaw,1409,Hard,CollectProduction,Coleslaw,200,15;35;75;102,10;10;10;15;15,TID_NEIGHBORHOOD_TASK_COLLECT_GOOD_DESCRIPTION,1,,
Hard_CollectProduction_Cheese,1410,Hard,CollectProduction,Cheese,200,15;35;75;102,10;10;10;15;15,TID_NEIGHBORHOOD_TASK_COLLECT_GOOD_DESCRIPTION,1,,
Hard_CollectProduction_Honey Toast,1411,Hard,CollectProduction,Honey Toast,200,15;35;75;102,10;10;10;15;15,TID_NEIGHBORHOOD_TASK_COLLECT_GOOD_DESCRIPTION,1,,
Hard_CollectProduction_Ginger essential oil,1412,Hard,CollectProduction,Ginger essential oil,200,15;35;75;102,15;15;20;20;25,TID_NEIGHBORHOOD_TASK_COLLECT_GOOD_DESCRIPTION,1,,
Hard_CollectProduction_Mushroom Pot Pie,1413,Hard,CollectProduction,Mushroom Pot Pie,200,15;35;75;102,10;10;10;15;15,TID_NEIGHBORHOOD_TASK_COLLECT_GOOD_DESCRIPTION,1,,
Hard_CollectProduction_Zesty Perfume,1414,Hard,CollectProduction,Zesty Perfume,200,15;35;75;102,15;15;20;20;25,TID_NEIGHBORHOOD_TASK_COLLECT_GOOD_DESCRIPTION,1,,
Hard_CollectProduction_Butter Popcorn,1415,Hard,CollectProduction,Butter Popcorn,200,15;35;75;102,10;10;10;15;15,TID_NEIGHBORHOOD_TASK_COLLECT_GOOD_DESCRIPTION,1,,
Hard_CollectProduction_Honey,1416,Hard,CollectProduction,Honey,200,15;35;75;102,5;5;5;5;5,TID_NEIGHBORHOOD_TASK_COLLECT_GOOD_DESCRIPTION,1,,
Hard_CollectProduction_Chamomile Tea,1417,Hard,CollectProduction,Chamomile Tea,200,15;35;75;102,5;5;5;5;5,TID_NEIGHBORHOOD_TASK_COLLECT_GOOD_DESCRIPTION,1,,
Hard_CollectProduction_Gracious bouquet,1418,Hard,CollectProduction,Gracious bouquet,200,15;35;75;102,10;10;10;15;15,TID_NEIGHBORHOOD_TASK_COLLECT_GOOD_DESCRIPTION,0,,
Hard_CollectProduction_Calming Diffuser,1419,Hard,CollectProduction,Calming Diffuser,200,15;35;75;102,10;10;15;15;20,TID_NEIGHBORHOOD_TASK_COLLECT_GOOD_DESCRIPTION,1,,
Hard_CollectProduction_Fried rice,1420,Hard,CollectProduction,Fried rice,200,15;35;75;102,10;10;10;15;15,TID_NEIGHBORHOOD_TASK_COLLECT_GOOD_DESCRIPTION,1,,
Hard_CollectProduction_Passion Fruit Pie,1421,Hard,CollectProduction,Passion Fruit Pie,200,15;35;75;102,10;10;10;15;15,TID_NEIGHBORHOOD_TASK_COLLECT_GOOD_DESCRIPTION,1,,
Hard_CollectProduction_Cookie,1422,Hard,CollectProduction,Cookie,200,15;35;75;102,10;10;10;15;15,TID_NEIGHBORHOOD_TASK_COLLECT_GOOD_DESCRIPTION,1,,
Hard_CollectProduction_Passion Fruit Juice,1423,Hard,CollectProduction,Passion Fruit Juice,200,15;35;75;102,10;10;15;15;20,TID_NEIGHBORHOOD_TASK_COLLECT_GOOD_DESCRIPTION,1,,
Hard_CollectProduction_Cucumber Smoothie,1424,Hard,CollectProduction,Cucumber Smoothie,200,15;35;75;102,10;10;10;15;15,TID_NEIGHBORHOOD_TASK_COLLECT_GOOD_DESCRIPTION,1,,
Hard_CollectProduction_Carrot Pie,1425,Hard,CollectProduction,Carrot Pie,200,15;35;75;102,10;10;10;15;15,TID_NEIGHBORHOOD_TASK_COLLECT_GOOD_DESCRIPTION,1,,
Hard_CollectProduction_Butter,1426,Hard,CollectProduction,Butter,200,15;35;75;102,10;10;10;15;15,TID_NEIGHBORHOOD_TASK_COLLECT_GOOD_DESCRIPTION,1,,
Hard_CollectProduction_Mayonaise,1427,Hard,CollectProduction,Mayonaise,200,15;35;75;102,10;10;10;15;15,TID_NEIGHBORHOOD_TASK_COLLECT_GOOD_DESCRIPTION,1,,
Hard_CollectProduction_Grilled Eggplant,1428,Hard,CollectProduction,Grilled Eggplant,200,15;35;75;102,10;10;10;15;15,TID_NEIGHBORHOOD_TASK_COLLECT_GOOD_DESCRIPTION,1,,
Hard_CollectProduction_Pineapple Juice,1429,Hard,CollectProduction,Pineapple Juice,200,15;35;75;102,10;10;15;15;20,TID_NEIGHBORHOOD_TASK_COLLECT_GOOD_DESCRIPTION,1,,
Hard_CollectProduction_Cream,1430,Hard,CollectProduction,Cream,200,15;35;75;102,10;10;10;15;15,TID_NEIGHBORHOOD_TASK_COLLECT_GOOD_DESCRIPTION,1,,
Hard_CollectProduction_Plain donut,1431,Hard,CollectProduction,Plain donut,200,15;35;75;102,10;10;10;15;15,TID_NEIGHBORHOOD_TASK_COLLECT_GOOD_DESCRIPTION,1,,
Hard_CollectProduction_White Sugar,1432,Hard,CollectProduction,White Sugar,200,15;35;75;102,10;10;15;15;20,TID_NEIGHBORHOOD_TASK_COLLECT_GOOD_DESCRIPTION,1,,
Hard_CollectProduction_Fresh Diffuser,1433,Hard,CollectProduction,Fresh Diffuser,200,15;35;75;102,10;10;15;15;20,TID_NEIGHBORHOOD_TASK_COLLECT_GOOD_DESCRIPTION,1,,
Hard_CollectProduction_Cucumber Sandwich,1434,Hard,CollectProduction,Cucumber Sandwich,200,15;35;75;102,10;10;15;15;20,TID_NEIGHBORHOOD_TASK_COLLECT_GOOD_DESCRIPTION,1,,
Hard_CollectProduction_Pancakes,1435,Hard,CollectProduction,Pancakes,200,15;35;75;102,10;10;15;15;20,TID_NEIGHBORHOOD_TASK_COLLECT_GOOD_DESCRIPTION,1,,
Hard_CollectProduction_Garlic bread,1436,Hard,CollectProduction,Garlic bread,200,15;35;75;102,10;10;15;15;20,TID_NEIGHBORHOOD_TASK_COLLECT_GOOD_DESCRIPTION,1,,
Hard_CollectProduction_Cream donut,1437,Hard,CollectProduction,Cream donut,200,15;35;75;102,10;10;15;15;20,TID_NEIGHBORHOOD_TASK_COLLECT_GOOD_DESCRIPTION,1,,
Hard_CollectProduction_Rice Noodles,1438,Hard,CollectProduction,Rice Noodles,200,15;35;75;102,15;15;20;20;25,TID_NEIGHBORHOOD_TASK_COLLECT_GOOD_DESCRIPTION,1,,
Hard_CollectProduction_Corn Bread,1439,Hard,CollectProduction,Corn Bread,200,15;35;75;102,10;10;15;15;20,TID_NEIGHBORHOOD_TASK_COLLECT_GOOD_DESCRIPTION,1,,
Hard_CollectProduction_Brown_Sugar,1440,Hard,CollectProduction,Brown_Sugar,200,15;35;75;102,15;15;20;20;25,TID_NEIGHBORHOOD_TASK_COLLECT_GOOD_DESCRIPTION,1,,
Hard_CollectProduction_Carrot Juice,1441,Hard,CollectProduction,Carrot Juice,200,15;35;75;102,10;10;15;15;20,TID_NEIGHBORHOOD_TASK_COLLECT_GOOD_DESCRIPTION,1,,
Hard_CollectProduction_Popcorn,1442,Hard,CollectProduction,Popcorn,200,15;35;75;102,10;10;15;15;20,TID_NEIGHBORHOOD_TASK_COLLECT_GOOD_DESCRIPTION,1,,
Hard_CollectProduction_Raw Pasta,1443,Hard,CollectProduction,Raw Pasta,200,15;35;75;102,10;10;15;15;20,TID_NEIGHBORHOOD_TASK_COLLECT_GOOD_DESCRIPTION,1,,
Hard_CollectProduction_Chamomile essential oil,1444,Hard,CollectProduction,Chamomile essential oil,200,15;35;75;102,15;15;20;20;25,TID_NEIGHBORHOOD_TASK_COLLECT_GOOD_DESCRIPTION,1,,
Hard_CollectProduction_Bread,1445,Hard,CollectProduction,Bread,200,15;35;75;102,15;15;20;20;25,TID_NEIGHBORHOOD_TASK_COLLECT_GOOD_DESCRIPTION,1,,
Buy_CollectProduction_Goat Milk,1446,Buy,CollectProduction,Goat Milk,200,15;35;75;102,2;2;4;4;8,TID_NEIGHBORHOOD_TASK_COLLECT_GOOD_DESCRIPTION,1,,
Buy_CollectProduction_Wool,1447,Buy,CollectProduction,Wool,200,15;35;75;102,2;2;5;5;10,TID_NEIGHBORHOOD_TASK_COLLECT_GOOD_DESCRIPTION,1,,
Buy_CollectProduction_Bacon,1448,Buy,CollectProduction,Bacon,200,15;35;75;102,3;5;10;15;15,TID_NEIGHBORHOOD_TASK_COLLECT_GOOD_DESCRIPTION,1,,
Buy_CollectProduction_Milk,1449,Buy,CollectProduction,Milk,200,15;35;75;102,3;5;10;15;15,TID_NEIGHBORHOOD_TASK_COLLECT_GOOD_DESCRIPTION,1,,
Buy_CollectProduction_Egg,1450,Buy,CollectProduction,Egg,200,15;35;75;102,3;6;9;12;18,TID_NEIGHBORHOOD_TASK_COLLECT_GOOD_DESCRIPTION,1,,
Buy_FeedAnimal_Chicken,1451,Buy,FeedAnimal,Chicken,200,15;35;75;102,3;6;9;12;10,TID_FARM_PASS_TASK_FEED_CHICKENS,1,,
Buy_FeedAnimal_Cow,1452,Buy,FeedAnimal,Cow,200,15;35;75;102,3;5;10;15;15,TID_FARM_PASS_TASK_FEED_COWS,1,,
Buy_FeedAnimal_Sheep,1453,Buy,FeedAnimal,Sheep,200,15;35;75;102,2;2;5;5;15,TID_FARM_PASS_TASK_FEED_SHEEP,1,,
Buy_FeedAnimal_Pig,1454,Buy,FeedAnimal,Pig,200,15;35;75;102,3;5;10;15;15,TID_FARM_PASS_TASK_FEED_PIGS,1,,
Buy_FeedAnimal_Goat,1455,Buy,FeedAnimal,Goat,200,15;35;75;102,2;2;4;4;15,TID_FARM_PASS_TASK_FEED_GOATS,1,,
Buy_CollectFruit_Coconut,1456,Buy,CollectFruit,Coconut,200,15;35;75;102,2;2;2;2;4,TID_TASK_COLLECT_FRUIT,1,,
Buy_CollectFruit_Blueberry,1457,Buy,CollectFruit,Blueberry,200,15;35;75;102,2;2;2;2;4,TID_TASK_COLLECT_FRUIT,1,,
Buy_CollectFruit_Cacao,1458,Buy,CollectFruit,Cacao,200,15;35;75;102,2;2;2;2;4,TID_TASK_COLLECT_FRUIT,1,,
Buy_CollectFruit_Guava,1459,Buy,CollectFruit,Guava,200,15;35;75;102,2;2;2;2;4,TID_TASK_COLLECT_FRUIT,1,,
Buy_CollectFruit_Blackberry,1460,Buy,CollectFruit,Blackberry,200,15;35;75;102,2;2;2;2;4,TID_TASK_COLLECT_FRUIT,1,,
Buy_CollectFruit_Mango,1461,Buy,CollectFruit,Mango,200,15;35;75;102,2;2;2;2;4,TID_TASK_COLLECT_FRUIT,1,,
Buy_CollectFruit_Orange,1462,Buy,CollectFruit,Orange,200,15;35;75;102,2;2;2;2;4,TID_TASK_COLLECT_FRUIT,1,,
Buy_CollectFruit_Lemon,1463,Buy,CollectFruit,Lemon,200,15;35;75;102,2;4;4;4;6,TID_TASK_COLLECT_FRUIT,1,,
Buy_CollectFruit_Peach,1464,Buy,CollectFruit,Peach,200,15;35;75;102,2;4;4;4;6,TID_TASK_COLLECT_FRUIT,1,,
Buy_CollectFruit_Cherry,1465,Buy,CollectFruit,Cherry,200,15;35;75;102,2;4;4;4;6,TID_TASK_COLLECT_FRUIT,1,,
Buy_CollectFruit_Banana,1466,Buy,CollectFruit,Banana,200,15;35;75;102,2;4;4;4;6,TID_TASK_COLLECT_FRUIT,1,,
Buy_CollectFruit_Pomegranate,1467,Buy,CollectFruit,Pomegranate,200,15;35;75;102,2;4;4;4;6,TID_TASK_COLLECT_FRUIT,1,,
Buy_CollectFruit_Coffee,1468,Buy,CollectFruit,Coffee,200,15;35;75;102,2;4;6;6;6,TID_TASK_COLLECT_FRUIT,1,,
Buy_CollectFruit_Plum,1469,Buy,CollectFruit,Plum,200,15;35;75;102,2;4;6;6;6,TID_TASK_COLLECT_FRUIT,1,,
Buy_CollectFruit_Olive,1470,Buy,CollectFruit,Olive,200,15;35;75;102,2;4;6;6;6,TID_TASK_COLLECT_FRUIT,1,,
Buy_CollectFruit_Raspberry,1471,Buy,CollectFruit,Raspberry,200,15;35;75;102,2;4;6;6;6,TID_TASK_COLLECT_FRUIT,1,,
Buy_CollectFruit_Apple,1472,Buy,CollectFruit,Apple,200,15;35;75;102,2;4;6;6;6,TID_TASK_COLLECT_FRUIT,1,,
Buy_UseNet_Fish Meat,1473,Buy,UseNet,Fish Meat,200,15;35;75;102,1;3;3;6;6,TID_FARM_PASS_TASK_CATCH_NET,1,,
Buy_CastNet_DuckTrap,1474,Buy,CastNet,DuckTrap,200,15;35;75;102,1;1;1;1;2,TID_FARM_PASS_TASK_CAST_DUCK,1,,
Buy_CastNet_LobsterBox,1475,Buy,CastNet,LobsterBox,200,15;35;75;102,1;1;1;1;2,TID_FARM_PASS_TASK_CAST_LOBSTER,1,,
Buy_CastNet_FishingNet,1476,Buy,CastNet,FishingNet,200,15;35;75;102,1;1;2;3;5,TID_TASK_CAST_NET,1,,
Buy_CastNet_MysteryNet,1477,Buy,CastNet,MysteryNet,200,15;35;75;102,1;1;1;1;1,TID_TASK_CAST_MYSTERY_NET,0,,
Buy_UseLure_BaitGreen,1478,Buy,UseLure,BaitGreen,200,15;35;75;102,1;1;1;2;2,TID_TASK_USELURE,0,,
Buy_UseLure_BaitBlue,1479,Buy,UseLure,BaitBlue,200,15;35;75;102,1;1;1;2;2,TID_TASK_USELURE,0,,
Buy_UseLure_BaitPurple,1480,Buy,UseLure,BaitPurple,200,15;35;75;102,1;1;1;1;1,TID_TASK_USELURE,0,,
Buy_UseLure_BaitGold,1481,Buy,UseLure,BaitGold,200,15;35;75;102,1;1;1;1;1,TID_TASK_USELURE,0,,
Buy_ActivateBooster,1482,Buy,ActivateBooster,,200,15;35;75;102,1;1;1;2;2,TID_FARM_PASS_TASK_ACTIVATE_BOOSTER,1,sc/icons.sc,booster_menu_icon
Buy_PutStuffToRss,1483,Buy,PutStuffToRss,,200,15;35;75;102,1;5;10;15;20,TID_FARM_PASS_TASK_SELL_RSS,1,sc/icons.sc,task_icon_roadside_shop
Buy_CompletePeopleOrder,1484,Buy,CompletePeopleOrder,,200,15;35;75;102,1;1;2;3;4,TID_FARM_PASS_TASK_SELL_FARM_VISITORS,1,sc/icons.sc,task_icon_complete_visitor_order
Buy_GiveHelp,1485,Buy,GiveHelp,,200,15;35;75;102,1;1;3;5;10,TID_FARM_PASS_TASK_HELP_OTHERS,1,sc/icons.sc,tool_request_help
Buy_WheelOfFortune,1486,Buy,WheelOfFortune,,200,15;35;75;102,1;1;1;1;1,TID_FARM_PASS_TASK_SPIN_WHEEL,1,sc/icons.sc,task_icon_free_wof_spin
Buy_FinishDerbyTask,1487,Buy,FinishDerbyTask,,200,15;35;75;102,1;1;1;1;1,TID_FARM_PASS_TASK_DERBY,1,sc/icons.sc,nh_derby_building_icon
Buy_VisitSanctuary,1488,Buy,VisitSanctuary,,200,15;35;75;102,1;1;1;1;1,TID_FARM_PASS_TASK_VISIT_SANCTUARY,0,sc/icons.sc,icon_sanctuary
Buy_FeedSanctuaryAnimal,1489,Buy,FeedSanctuaryAnimal,,200,15;35;75;102,1;1;1;1;2,TID_FARM_PASS_TASK_FEED_SANCTUARY,1,sc/icons.sc,tool_feed_herbivore
Buy_WakeupSanctuaryAnimal,1490,Buy,WakeupSanctuaryAnimal,,200,15;35;75;102,1;1;1;1;2,TID_FARM_PASS_TASK_WAKE_SANCTUARY,1,sc/icons.sc,icon_sanctuary
Buy_PickupTownVisitor,1491,Buy,PickupTownVisitor,,200,15;35;75;102,1;1;1;2;3,TID_FARM_PASS_TASK_PICK_UP_VISITORS,0,sc/train_icons.sc,icon_personal_train_lvl1
Buy_CollectDerbyPoints,1492,Buy,CollectDerbyPoints,,200,15;35;75;102,50;50;50;50;50,TID_FARM_PASS_TASK_DERBYPOINTS,1,sc/icons.sc,nh_derby_building_icon
Buy_ServiceTownVisitor,1493,Buy,ServiceTownVisitor,,200,15;35;75;102,1;1;1;2;3,TID_FARM_PASS_TASK_SERVE_TOWNIES,1,sc/train_icons.sc,icon_personal_train_lvl1
Buy_ServiceTownBuilding_Grocery Store,1494,Buy,ServiceTownBuilding,Grocery Store,200,15;35;75;102,1;1;1;2;3,TID_FARM_PASS_TASK_SERVE_GROCERYSTORE,1,sc/train_icons.sc,shop_icon_store_lvl1
Buy_ServiceTownBuilding_Movietheater,1495,Buy,ServiceTownBuilding,Movietheater,200,15;35;75;102,1;1;1;2;3,TID_FARM_PASS_TASK_SERVE_MOVIETHEATER,1,sc/train_icons.sc,shop_icon_movietheater_lvl1
Buy_ServiceTownBuilding_Diner,1496,Buy,ServiceTownBuilding,Diner,200,15;35;75;102,1;1;1;2;3,TID_FARM_PASS_TASK_SERVE_DINER,1,sc/train_icons.sc,shop_icon_diner_lvl1
Buy_ServiceTownBuilding_Bed and Breakfast,1497,Buy,ServiceTownBuilding,Bed and Breakfast,200,15;35;75;102,1;1;1;1;2,TID_FARM_PASS_TASK_SERVE_BEDBREAKFAST,1,sc/train_icons.sc,shop_icon_bb_lvl1
Buy_ServiceTownBuilding_Spa,1498,Buy,ServiceTownBuilding,Spa,200,15;35;75;102,1;1;1;1;2,TID_FARM_PASS_TASK_SERVE_SPA,1,sc/train_icons.sc,shop_icon_spa_lvl1
Buy_ServiceTownBuilding_Gift shop,1499,Buy,ServiceTownBuilding,Gift shop,200,15;35;75;102,1;1;1;1;2,TID_FARM_PASS_TASK_SERVE_GIFTSHOP,1,sc/train_icons.sc,shop_icon_souvenier_lvl1
Buy_ServiceTownBuilding_Beach cafe,1500,Buy,ServiceTownBuilding,Beach cafe,200,15;35;75;102,1;1;1;1;2,TID_FARM_PASS_TASK_SERVE_BEACHCAFE,1,sc/train_icons.sc,shop_icon_beachbar_lvl1
Buy_CollectBuilding_Bakery,1501,Buy,CollectBuilding,Bakery,200,15;35;75;102,2;2;3;3;5,TID_FARM_PASS_TASK_COLLECT_BUILDING,1,,
Buy_CollectBuilding_Cafe_Kiosk,1502,Buy,CollectBuilding,Cafe_Kiosk,200,15;35;75;102,2;2;3;3;5,TID_FARM_PASS_TASK_COLLECT_BUILDING,1,,
Buy_CollectBuilding_Essentials_Oil_Lab,1503,Buy,CollectBuilding,Essentials_Oil_Lab,200,15;35;75;102,2;2;3;3;5,TID_FARM_PASS_TASK_COLLECT_BUILDING,1,,
Buy_CollectBuilding_Barbecue_Grill,1504,Buy,CollectBuilding,Barbecue_Grill,200,15;35;75;102,2;2;3;3;5,TID_FARM_PASS_TASK_COLLECT_BUILDING,1,,
Buy_CollectBuilding_Cake_Oven,1505,Buy,CollectBuilding,Cake_Oven,200,15;35;75;102,2;2;3;3;5,TID_FARM_PASS_TASK_COLLECT_BUILDING,1,,
Buy_CollectBuilding_Deep_Fryer,1506,Buy,CollectBuilding,Deep_Fryer,200,15;35;75;102,2;2;3;3;5,TID_FARM_PASS_TASK_COLLECT_BUILDING,1,,
Buy_CollectBuilding_Donut_Maker,1507,Buy,CollectBuilding,Donut_Maker,200,15;35;75;102,2;2;3;3;5,TID_FARM_PASS_TASK_COLLECT_BUILDING,1,,
Buy_CollectBuilding_Flowershop,1508,Buy,CollectBuilding,Flowershop,200,15;35;75;102,2;2;3;3;5,TID_FARM_PASS_TASK_COLLECT_BUILDING,1,,
Buy_CollectBuilding_Ice_Cream_Maker,1509,Buy,CollectBuilding,Ice_Cream_Maker,200,15;35;75;102,2;2;3;3;5,TID_FARM_PASS_TASK_COLLECT_BUILDING,1,,
Buy_CollectBuilding_Pasta_Maker,1510,Buy,CollectBuilding,Pasta_Maker,200,15;35;75;102,2;2;3;3;5,TID_FARM_PASS_TASK_COLLECT_BUILDING,1,,
Buy_CollectBuilding_Perfumerie,1511,Buy,CollectBuilding,Perfumerie,200,15;35;75;102,2;2;3;3;5,TID_FARM_PASS_TASK_COLLECT_BUILDING,1,,
Buy_CollectBuilding_Sauce_Mixer,1512,Buy,CollectBuilding,Sauce_Mixer,200,15;35;75;102,2;2;3;3;5,TID_FARM_PASS_TASK_COLLECT_BUILDING,1,,
Buy_CollectBuilding_Dairy,1513,Buy,CollectBuilding,Dairy,200,15;35;75;102,2;2;2;3;5,TID_FARM_PASS_TASK_COLLECT_BUILDING,1,,
Buy_CollectBuilding_Fondue_Maker,1514,Buy,CollectBuilding,Fondue_Maker,200,15;35;75;102,2;2;2;3;5,TID_FARM_PASS_TASK_COLLECT_BUILDING,1,,
Buy_CollectBuilding_Honey_Extractor,1515,Buy,CollectBuilding,Honey_Extractor,200,15;35;75;102,2;2;2;3;5,TID_FARM_PASS_TASK_COLLECT_BUILDING,1,,
Buy_CollectBuilding_Porridge_Bar,1516,Buy,CollectBuilding,Porridge_Bar,200,15;35;75;102,2;2;2;3;5,TID_FARM_PASS_TASK_COLLECT_BUILDING,1,,
Buy_CollectBuilding_Sugar_Mill,1517,Buy,CollectBuilding,Sugar_Mill,200,15;35;75;102,2;2;2;3;5,TID_FARM_PASS_TASK_COLLECT_BUILDING,1,,
Buy_CollectBuilding_Tea_Stand,1518,Buy,CollectBuilding,Tea_Stand,200,15;35;75;102,2;2;2;3;5,TID_FARM_PASS_TASK_COLLECT_BUILDING,1,,
Buy_CollectBuilding_Sandwich_Bar,1519,Buy,CollectBuilding,Sandwich_Bar,200,15;35;75;102,2;2;2;3;5,TID_FARM_PASS_TASK_COLLECT_BUILDING,1,,
Buy_CollectBuilding_Waffle_Maker,1520,Buy,CollectBuilding,Waffle_Maker,200,15;35;75;102,2;2;2;3;5,TID_FARM_PASS_TASK_COLLECT_BUILDING,1,,
Buy_CollectBuilding_Candy_Machine,1521,Buy,CollectBuilding,Candy_Machine,200,15;35;75;102,2;2;2;3;5,TID_FARM_PASS_TASK_COLLECT_BUILDING,1,,
Buy_CollectBuilding_Hotdog_Stand,1522,Buy,CollectBuilding,Hotdog_Stand,200,15;35;75;102,2;2;2;3;5,TID_FARM_PASS_TASK_COLLECT_BUILDING,1,,
Buy_CollectBuilding_Juice_Press,1523,Buy,CollectBuilding,Juice_Press,200,15;35;75;102,2;2;2;3;5,TID_FARM_PASS_TASK_COLLECT_BUILDING,1,,
Buy_CollectBuilding_Loom,1524,Buy,CollectBuilding,Loom,200,15;35;75;102,1;2;2;3;5,TID_FARM_PASS_TASK_COLLECT_BUILDING,1,,
Buy_CollectBuilding_Milkshake_Bar,1525,Buy,CollectBuilding,Milkshake_Bar,200,15;35;75;102,1;2;2;3;5,TID_FARM_PASS_TASK_COLLECT_BUILDING,1,,
Buy_CollectBuilding_Popcorn_Pot,1526,Buy,CollectBuilding,Popcorn_Pot,200,15;35;75;102,1;2;2;3;5,TID_FARM_PASS_TASK_COLLECT_BUILDING,1,,
Buy_CollectBuilding_Smoothie_Mixer,1527,Buy,CollectBuilding,Smoothie_Mixer,200,15;35;75;102,1;2;2;3;3,TID_FARM_PASS_TASK_COLLECT_BUILDING,1,,
Buy_CollectBuilding_Cupcake_Maker,1528,Buy,CollectBuilding,Cupcake_Maker,200,15;35;75;102,1;2;2;3;3,TID_FARM_PASS_TASK_COLLECT_BUILDING,1,,
Buy_CollectBuilding_Omelet_Maker,1529,Buy,CollectBuilding,Omelet_Maker,200,15;35;75;102,1;2;2;3;3,TID_FARM_PASS_TASK_COLLECT_BUILDING,1,,
Buy_CollectBuilding_Yoghurt_Maker,1530,Buy,CollectBuilding,Yoghurt_Maker,200,15;35;75;102,1;2;2;3;3,TID_FARM_PASS_TASK_COLLECT_BUILDING,1,,
Buy_CollectBuilding_Pie_Oven,1531,Buy,CollectBuilding,Pie_Oven,200,15;35;75;102,1;2;2;3;3,TID_FARM_PASS_TASK_COLLECT_BUILDING,1,,
Buy_CollectBuilding_Salad_Bar,1532,Buy,CollectBuilding,Salad_Bar,200,15;35;75;102,1;2;2;3;3,TID_FARM_PASS_TASK_COLLECT_BUILDING,1,,
Buy_CollectBuilding_Sewing_Machine,1533,Buy,CollectBuilding,Sewing_Machine,200,15;35;75;102,1;2;2;3;3,TID_FARM_PASS_TASK_COLLECT_BUILDING,1,,
Buy_CollectBuilding_Sushi_Bar,1534,Buy,CollectBuilding,Sushi_Bar,200,15;35;75;102,1;2;2;3;3,TID_FARM_PASS_TASK_COLLECT_BUILDING,1,,
Buy_CollectBuilding_Taco_Kitchen,1535,Buy,CollectBuilding,Taco_Kitchen,200,15;35;75;102,1;2;2;3;3,TID_FARM_PASS_TASK_COLLECT_BUILDING,1,,
Buy_CollectBuilding_Wok_Kitchen,1536,Buy,CollectBuilding,Wok_Kitchen,200,15;35;75;102,1;2;2;3;3,TID_FARM_PASS_TASK_COLLECT_BUILDING,1,,
Buy_CollectBuilding_Bath_Kiosk,1537,Buy,CollectBuilding,Bath_Kiosk,200,15;35;75;102,1;2;2;3;3,TID_FARM_PASS_TASK_COLLECT_BUILDING,1,,
Buy_CollectBuilding_Jeweler,1538,Buy,CollectBuilding,Jeweler,200,15;35;75;102,1;2;2;3;3,TID_FARM_PASS_TASK_COLLECT_BUILDING,1,,
Buy_CollectBuilding_Pasta_Kitchen,1539,Buy,CollectBuilding,Pasta_Kitchen,200,15;35;75;102,1;2;2;3;3,TID_FARM_PASS_TASK_COLLECT_BUILDING,1,,
Buy_CollectBuilding_Soup_Kitchen,1540,Buy,CollectBuilding,Soup_Kitchen,200,15;35;75;102,1;2;2;3;3,TID_FARM_PASS_TASK_COLLECT_BUILDING,1,,
Buy_CollectBuilding_Fudge_Shop,1541,Buy,CollectBuilding,Fudge_Shop,200,15;35;75;102,1;2;2;3;3,TID_FARM_PASS_TASK_COLLECT_BUILDING,1,,
Buy_CollectBuilding_Stew_Pot,1542,Buy,CollectBuilding,Stew_Pot,200,15;35;75;102,1;2;2;3;3,TID_FARM_PASS_TASK_COLLECT_BUILDING,1,,
Buy_CollectBuilding_Candle_Maker,1543,Buy,CollectBuilding,Candle_Maker,200,15;35;75;102,1;2;2;3;3,TID_FARM_PASS_TASK_COLLECT_BUILDING,1,,
Buy_CollectBuilding_Hat_Maker,1544,Buy,CollectBuilding,Hat_Maker,200,15;35;75;102,1;2;2;3;3,TID_FARM_PASS_TASK_COLLECT_BUILDING,1,,
Buy_CollectBuilding_Preservation_Station,1545,Buy,CollectBuilding,Preservation_Station,200,15;35;75;102,1;2;2;3;3,TID_FARM_PASS_TASK_COLLECT_BUILDING,1,,
Buy_CollectBuilding_Pottery_Studio,1546,Buy,CollectBuilding,Pottery_Studio,200,15;35;75;102,1;2;2;3;3,TID_FARM_PASS_TASK_COLLECT_BUILDING,1,,
Buy_CollectBuilding_Jam_Maker,1547,Buy,CollectBuilding,Jam_Maker,200,15;35;75;102,1;2;2;3;3,TID_FARM_PASS_TASK_COLLECT_BUILDING,1,,
Buy_CollectBuilding_Smelter,1548,Buy,CollectBuilding,Smelter,200,15;35;75;102,1;2;2;3;3,TID_FARM_PASS_TASK_COLLECT_BUILDING,1,,
Buy_HarvestField_Strawberry,1549,Buy,HarvestField,Strawberry,200,15;35;75;102,5;5;5;5;10,TID_FARM_PASS_TASK_HARVEST_CROP,1,,
Buy_HarvestField_TeaLeaves,1550,Buy,HarvestField,TeaLeaves,200,15;35;75;102,5;5;5;5;10,TID_FARM_PASS_TASK_HARVEST_CROP,1,,
Buy_HarvestField_Tomato,1551,Buy,HarvestField,Tomato,200,15;35;75;102,5;5;5;5;10,TID_FARM_PASS_TASK_HARVEST_CROP,1,,
Buy_HarvestField_Asparagus,1552,Buy,HarvestField,Asparagus,200,15;35;75;102,5;5;5;5;10,TID_FARM_PASS_TASK_HARVEST_CROP,1,,
Buy_HarvestField_Onion,1553,Buy,HarvestField,Onion,200,15;35;75;102,5;5;5;5;10,TID_FARM_PASS_TASK_HARVEST_CROP,1,,
Buy_HarvestField_Watermelon,1554,Buy,HarvestField,Watermelon,200,15;35;75;102,5;5;5;5;10,TID_FARM_PASS_TASK_HARVEST_CROP,1,,
Buy_HarvestField_Bellpepper,1555,Buy,HarvestField,Bellpepper,200,15;35;75;102,6;6;6;12;12,TID_FARM_PASS_TASK_HARVEST_CROP,1,,
Buy_HarvestField_Peony,1556,Buy,HarvestField,Peony,200,15;35;75;102,6;6;6;12;12,TID_FARM_PASS_TASK_HARVEST_CROP,1,,
Buy_HarvestField_Chili,1557,Buy,HarvestField,Chili,200,15;35;75;102,6;6;6;12;12,TID_FARM_PASS_TASK_HARVEST_CROP,1,,
Buy_HarvestField_Potato,1558,Buy,HarvestField,Potato,200,15;35;75;102,6;6;6;12;12,TID_FARM_PASS_TASK_HARVEST_CROP,1,,
Buy_HarvestField_Lettuce,1559,Buy,HarvestField,Lettuce,200,15;35;75;102,6;6;6;12;12,TID_FARM_PASS_TASK_HARVEST_CROP,1,,
Buy_HarvestField_Grapes,1560,Buy,HarvestField,Grapes,200,15;35;75;102,6;6;6;12;12,TID_FARM_PASS_TASK_HARVEST_CROP,1,,
Buy_HarvestField_Mint,1561,Buy,HarvestField,Mint,200,15;35;75;102,6;6;6;12;12,TID_FARM_PASS_TASK_HARVEST_CROP,1,,
Buy_HarvestField_Pumpkin,1562,Buy,HarvestField,Pumpkin,200,15;35;75;102,6;6;6;12;12,TID_FARM_PASS_TASK_HARVEST_CROP,1,,
Buy_HarvestField_Cotton,1563,Buy,HarvestField,Cotton,200,15;35;75;102,6;6;6;12;12,TID_FARM_PASS_TASK_HARVEST_CROP,1,,
Buy_HarvestField_Ginger,1564,Buy,HarvestField,Ginger,200,15;35;75;102,6;6;6;12;12,TID_FARM_PASS_TASK_HARVEST_CROP,1,,
Buy_HarvestField_Indigo,1565,Buy,HarvestField,Indigo,200,15;35;75;102,7;14;14;14;21,TID_FARM_PASS_TASK_HARVEST_CROP,1,,
Buy_HarvestField_Clay,1566,Buy,HarvestField,Clay,200,15;35;75;102,7;14;14;14;21,TID_FARM_PASS_TASK_HARVEST_CROP,1,,
Buy_HarvestField_Lily,1567,Buy,HarvestField,Lily,200,15;35;75;102,7;14;14;14;21,TID_FARM_PASS_TASK_HARVEST_CROP,1,,
Buy_HarvestField_Sunflower,1568,Buy,HarvestField,Sunflower,200,15;35;75;102,7;14;14;14;21,TID_FARM_PASS_TASK_HARVEST_CROP,1,,
Buy_HarvestField_Broccoli,1569,Buy,HarvestField,Broccoli,200,15;35;75;102,7;14;14;14;21,TID_FARM_PASS_TASK_HARVEST_CROP,1,,
Buy_HarvestField_Sesame,1570,Buy,HarvestField,Sesame,200,15;35;75;102,7;14;14;14;21,TID_FARM_PASS_TASK_HARVEST_CROP,1,,
Buy_HarvestField_PassionFruit,1571,Buy,HarvestField,PassionFruit,200,15;35;75;102,7;14;14;14;21,TID_FARM_PASS_TASK_HARVEST_CROP,1,,
Buy_HarvestField_Chickpea,1572,Buy,HarvestField,Chickpea,200,15;35;75;102,7;14;14;14;21,TID_FARM_PASS_TASK_HARVEST_CROP,1,,
Buy_HarvestField_Rice,1573,Buy,HarvestField,Rice,200,15;35;75;102,7;14;14;14;21,TID_FARM_PASS_TASK_HARVEST_CROP,1,,
Buy_HarvestField_Cabbage,1574,Buy,HarvestField,Cabbage,200,15;35;75;102,7;14;14;14;21,TID_FARM_PASS_TASK_HARVEST_CROP,1,,
Buy_HarvestField_Beetroot,1575,Buy,HarvestField,Beetroot,200,15;35;75;102,7;14;14;14;21,TID_FARM_PASS_TASK_HARVEST_CROP,1,,
Buy_HarvestField_Eggplant,1576,Buy,HarvestField,Eggplant,200,15;35;75;102,7;14;14;14;21,TID_FARM_PASS_TASK_HARVEST_CROP,1,,
Buy_HarvestField_Cucumber,1577,Buy,HarvestField,Cucumber,200,15;35;75;102,7;14;14;14;21,TID_FARM_PASS_TASK_HARVEST_CROP,1,,
Buy_HarvestField_Pineapple,1578,Buy,HarvestField,Pineapple,200,15;35;75;102,7;14;14;14;21,TID_FARM_PASS_TASK_HARVEST_CROP,1,,
Buy_HarvestField_Garlic,1579,Buy,HarvestField,Garlic,200,15;35;75;102,7;14;14;14;21,TID_FARM_PASS_TASK_HARVEST_CROP,1,,
Buy_HarvestField_Sugarcane,1580,Buy,HarvestField,Sugarcane,200,15;35;75;102,7;14;14;14;21,TID_FARM_PASS_TASK_HARVEST_CROP,1,,
Buy_HarvestField_Chamomile,1581,Buy,HarvestField,Chamomile,200,15;35;75;102,8;16;24;24;24,TID_FARM_PASS_TASK_HARVEST_CROP,1,,
Buy_HarvestField_Mushroom,1582,Buy,HarvestField,Mushroom,200,15;35;75;102,8;16;24;24;24,TID_FARM_PASS_TASK_HARVEST_CROP,1,,
Buy_HarvestField_Soybean,1583,Buy,HarvestField,Soybean,200,15;35;75;102,8;16;24;24;24,TID_FARM_PASS_TASK_HARVEST_CROP,1,,
Buy_HarvestField_Carrot,1584,Buy,HarvestField,Carrot,200,15;35;75;102,8;16;24;24;24,TID_FARM_PASS_TASK_HARVEST_CROP,1,,
Buy_HarvestField_Oats,1585,Buy,HarvestField,Oats,200,15;35;75;102,8;16;24;24;24,TID_FARM_PASS_TASK_HARVEST_CROP,1,,
Buy_HarvestField_Corn,1586,Buy,HarvestField,Corn,200,15;35;75;102,8;16;24;24;24,TID_FARM_PASS_TASK_HARVEST_CROP,1,,
Buy_HarvestField_Wheat,1587,Buy,HarvestField,Wheat,200,15;35;75;102,8;16;24;24;24,TID_FARM_PASS_TASK_HARVEST_CROP,1,,
Buy_BuyFruitTree_AppleTree,1588,Buy,BuyFruitTree,AppleTree,200,15;35;75;102,1;1;2;3;5,TID_TASK_PLANT_TREE,1,,
Buy_BuyFruitTree_CherryTree,1589,Buy,BuyFruitTree,CherryTree,200,15;35;75;102,1;1;2;3;5,TID_TASK_PLANT_TREE,1,,
Buy_BuyFruitTree_RaspberryBush,1590,Buy,BuyFruitTree,RaspberryBush,200,15;35;75;102,1;1;2;3;5,TID_TASK_PLANT_TREE,1,,
Buy_BuyFruitTree_BlackberryBush,1591,Buy,BuyFruitTree,BlackberryBush,200,15;35;75;102,1;1;2;3;5,TID_TASK_PLANT_TREE,1,,
Buy_BuyFruitTree_CacaoTree,1592,Buy,BuyFruitTree,CacaoTree,200,15;35;75;102,1;1;2;3;5,TID_TASK_PLANT_TREE,1,,
Buy_BuyFruitTree_CoffeeBush,1593,Buy,BuyFruitTree,CoffeeBush,200,15;35;75;102,1;1;2;3;5,TID_TASK_PLANT_TREE,1,,
Buy_BuyFruitTree_OliveTree,1594,Buy,BuyFruitTree,OliveTree,200,15;35;75;102,1;1;2;3;5,TID_TASK_PLANT_TREE,1,,
Buy_BuyFruitTree_LemonTree,1595,Buy,BuyFruitTree,LemonTree,200,15;35;75;102,1;1;2;3;5,TID_TASK_PLANT_TREE,1,,
Buy_BuyFruitTree_PeachTree,1596,Buy,BuyFruitTree,PeachTree,200,15;35;75;102,1;1;2;3;5,TID_TASK_PLANT_TREE,1,,
Buy_BuyFruitTree_OrangeTree,1597,Buy,BuyFruitTree,OrangeTree,200,15;35;75;102,1;1;2;3;5,TID_TASK_PLANT_TREE,1,,
Buy_BuyFruitTree_BananaTree,1598,Buy,BuyFruitTree,BananaTree,200,15;35;75;102,1;1;2;3;5,TID_TASK_PLANT_TREE,1,,
Buy_BuyFruitTree_PlumTree,1599,Buy,BuyFruitTree,PlumTree,200,15;35;75;102,1;1;2;3;5,TID_TASK_PLANT_TREE,1,,
Buy_BuyFruitTree_MangoTree,1600,Buy,BuyFruitTree,MangoTree,200,15;35;75;102,1;1;2;3;5,TID_TASK_PLANT_TREE,1,,
Buy_BuyFruitTree_CoconutTree,1601,Buy,BuyFruitTree,CoconutTree,200,15;35;75;102,1;1;2;3;5,TID_TASK_PLANT_TREE,1,,
Buy_BuyFruitTree_GuavaTree,1602,Buy,BuyFruitTree,GuavaTree,200,15;35;75;102,1;1;2;3;5,TID_TASK_PLANT_TREE,1,,
Buy_BuyFruitTree_PomegranateTree,1603,Buy,BuyFruitTree,PomegranateTree,200,15;35;75;102,1;1;2;3;5,TID_TASK_PLANT_TREE,1,,
Buy_BuyFruitTree_BlueberryBush,1604,Buy,BuyFruitTree,BlueberryBush,200,15;35;75;102,1;1;2;3;5,TID_TASK_PLANT_TREE,1,,
Buy_CompleteTruckOrder,1605,Buy,CompleteTruckOrder,,200,15;35;75;102,1;2;3;4;6,TID_NEIGHBORHOOD_TASK_CAR_ORDER_DESCRIPTION,1,sc/icons.sc,nh_derby_task_car_order
Buy_UseMine,1606,Buy,UseMine,,200,15;35;75;102,2;3;4;5;5,TID_STREAK_TASK_USE_MINE,1,sc/icons.sc,nh_derby_task_mine_order
Buy_CollectProduction_Diamond Ring,1607,Buy,CollectProduction,Diamond Ring,200,15;35;75;102,1;1;1;1;1,TID_NEIGHBORHOOD_TASK_COLLECT_GOOD_DESCRIPTION,0,,
Buy_CollectProduction_Necklace,1608,Buy,CollectProduction,Necklace,200,15;35;75;102,1;1;1;1;1,TID_NEIGHBORHOOD_TASK_COLLECT_GOOD_DESCRIPTION,1,,
Buy_CollectProduction_Flower Pendant,1609,Buy,CollectProduction,Flower Pendant,200,15;35;75;102,1;1;1;1;1,TID_NEIGHBORHOOD_TASK_COLLECT_GOOD_DESCRIPTION,1,,
Buy_CollectProduction_Jelly Beans,1610,Buy,CollectProduction,Jelly Beans,200,15;35;75;102,1;1;1;1;1,TID_NEIGHBORHOOD_TASK_COLLECT_GOOD_DESCRIPTION,1,,
Buy_CollectProduction_IronBracelet,1611,Buy,CollectProduction,IronBracelet,200,15;35;75;102,1;1;1;1;1,TID_NEIGHBORHOOD_TASK_COLLECT_GOOD_DESCRIPTION,1,,
Buy_CollectProduction_Chocolate,1612,Buy,CollectProduction,Chocolate,200,15;35;75;102,1;1;1;1;1,TID_NEIGHBORHOOD_TASK_COLLECT_GOOD_DESCRIPTION,1,,
Buy_CollectProduction_Bracelet,1613,Buy,CollectProduction,Bracelet,200,15;35;75;102,1;1;1;1;1,TID_NEIGHBORHOOD_TASK_COLLECT_GOOD_DESCRIPTION,1,,
Buy_CollectProduction_Lollipop,1614,Buy,CollectProduction,Lollipop,200,15;35;75;102,1;1;1;1;1,TID_NEIGHBORHOOD_TASK_COLLECT_GOOD_DESCRIPTION,1,,
Buy_CollectProduction_Marmelade,1615,Buy,CollectProduction,Marmelade,200,15;35;75;102,1;1;1;1;1,TID_NEIGHBORHOOD_TASK_COLLECT_GOOD_DESCRIPTION,1,,
Buy_CollectProduction_Blackberry Jam,1616,Buy,CollectProduction,Blackberry Jam,200,15;35;75;102,1;1;1;1;1,TID_NEIGHBORHOOD_TASK_COLLECT_GOOD_DESCRIPTION,1,,
Buy_CollectProduction_Chocolate fondue,1617,Buy,CollectProduction,Chocolate fondue,200,15;35;75;102,1;1;1;1;1,TID_NEIGHBORHOOD_TASK_COLLECT_GOOD_DESCRIPTION,1,,
Buy_CollectProduction_Peach Jam,1618,Buy,CollectProduction,Peach Jam,200,15;35;75;102,1;1;1;1;1,TID_NEIGHBORHOOD_TASK_COLLECT_GOOD_DESCRIPTION,1,,
Buy_CollectProduction_Blanket,1619,Buy,CollectProduction,Blanket,200,15;35;75;102,1;1;1;1;1,TID_NEIGHBORHOOD_TASK_COLLECT_GOOD_DESCRIPTION,1,,
Buy_CollectProduction_Cherry Jam,1620,Buy,CollectProduction,Cherry Jam,200,15;35;75;102,1;1;1;1;1,TID_NEIGHBORHOOD_TASK_COLLECT_GOOD_DESCRIPTION,1,,
Buy_CollectProduction_Blueberry Cheesecake,1621,Buy,CollectProduction,Blueberry Cheesecake,200,15;35;75;102,1;1;1;1;1,TID_NEIGHBORHOOD_TASK_COLLECT_GOOD_DESCRIPTION,1,,
Buy_CollectProduction_Blueberry Chutney,1622,Buy,CollectProduction,Blueberry Chutney,200,15;35;75;102,1;1;1;1;1,TID_NEIGHBORHOOD_TASK_COLLECT_GOOD_DESCRIPTION,1,,
Buy_CollectProduction_Guava Compote,1623,Buy,CollectProduction,Guava Compote,200,15;35;75;102,1;1;1;1;1,TID_NEIGHBORHOOD_TASK_COLLECT_GOOD_DESCRIPTION,1,,
Buy_CollectProduction_Chili Fudge,1624,Buy,CollectProduction,Chili Fudge,200,15;35;75;102,1;1;1;2;2,TID_NEIGHBORHOOD_TASK_COLLECT_GOOD_DESCRIPTION,1,,
Buy_CollectProduction_Chocolate Ice Cream,1625,Buy,CollectProduction,Chocolate Ice Cream,200,15;35;75;102,1;1;1;2;2,TID_NEIGHBORHOOD_TASK_COLLECT_GOOD_DESCRIPTION,1,,
Buy_CollectProduction_Mint Fudge,1626,Buy,CollectProduction,Mint Fudge,200,15;35;75;102,1;1;1;2;2,TID_NEIGHBORHOOD_TASK_COLLECT_GOOD_DESCRIPTION,1,,
Buy_CollectProduction_Chocolate Popcorn,1627,Buy,CollectProduction,Chocolate Popcorn,200,15;35;75;102,1;1;1;2;2,TID_NEIGHBORHOOD_TASK_COLLECT_GOOD_DESCRIPTION,1,,
Buy_CollectProduction_MintIcecream,1628,Buy,CollectProduction,MintIcecream,200,15;35;75;102,1;1;1;2;2,TID_NEIGHBORHOOD_TASK_COLLECT_GOOD_DESCRIPTION,1,,
Buy_CollectProduction_PlatinumBar,1629,Buy,CollectProduction,PlatinumBar,200,15;35;75;102,1;1;1;1;1,TID_NEIGHBORHOOD_TASK_COLLECT_GOOD_DESCRIPTION,1,,
Buy_CollectProduction_Chocolate Cake,1630,Buy,CollectProduction,Chocolate Cake,200,15;35;75;102,1;1;1;2;2,TID_NEIGHBORHOOD_TASK_COLLECT_GOOD_DESCRIPTION,1,,
Buy_CollectProduction_Pickles,1631,Buy,CollectProduction,Pickles,200,15;35;75;102,1;1;1;1;1,TID_NEIGHBORHOOD_TASK_COLLECT_GOOD_DESCRIPTION,1,,
Buy_CollectProduction_Rich Fudge,1632,Buy,CollectProduction,Rich Fudge,200,15;35;75;102,1;1;1;2;2,TID_NEIGHBORHOOD_TASK_COLLECT_GOOD_DESCRIPTION,1,,
Buy_CollectProduction_Cookie Cupcake,1633,Buy,CollectProduction,Cookie Cupcake,200,15;35;75;102,1;1;1;1;1,TID_NEIGHBORHOOD_TASK_COLLECT_GOOD_DESCRIPTION,1,,
Buy_CollectProduction_Orange Sorbet,1634,Buy,CollectProduction,Orange Sorbet,200,15;35;75;102,1;1;1;2;2,TID_NEIGHBORHOOD_TASK_COLLECT_GOOD_DESCRIPTION,1,,
Buy_CollectProduction_Chickpea Stew,1635,Buy,CollectProduction,Chickpea Stew,200,15;35;75;102,2;2;2;3;3,TID_NEIGHBORHOOD_TASK_COLLECT_GOOD_DESCRIPTION,1,,
Buy_CollectProduction_Tropical Cupcake,1636,Buy,CollectProduction,Tropical Cupcake,200,15;35;75;102,1;1;1;2;2,TID_NEIGHBORHOOD_TASK_COLLECT_GOOD_DESCRIPTION,1,,
Buy_CollectProduction_Berry Juice,1637,Buy,CollectProduction,Berry Juice,200,15;35;75;102,1;1;1;2;2,TID_NEIGHBORHOOD_TASK_COLLECT_GOOD_DESCRIPTION,1,,
Buy_CollectProduction_Peanut Butter Milkshake,1638,Buy,CollectProduction,Peanut Butter Milkshake,200,15;35;75;102,1;1;1;1;1,TID_NEIGHBORHOOD_TASK_COLLECT_GOOD_DESCRIPTION,1,,
Buy_CollectProduction_Rich soap,1639,Buy,CollectProduction,Rich soap,200,15;35;75;102,2;2;2;3;3,TID_NEIGHBORHOOD_TASK_COLLECT_GOOD_DESCRIPTION,1,,
Buy_CollectProduction_Chocolate Roll,1640,Buy,CollectProduction,Chocolate Roll,200,15;35;75;102,2;2;2;3;3,TID_NEIGHBORHOOD_TASK_COLLECT_GOOD_DESCRIPTION,1,,
Buy_CollectProduction_Peanut Fudge,1641,Buy,CollectProduction,Peanut Fudge,200,15;35;75;102,1;1;1;1;1,TID_NEIGHBORHOOD_TASK_COLLECT_GOOD_DESCRIPTION,1,,
Buy_CollectProduction_Fruitcake,1642,Buy,CollectProduction,Fruitcake,200,15;35;75;102,1;1;1;2;2,TID_NEIGHBORHOOD_TASK_COLLECT_GOOD_DESCRIPTION,1,,
Buy_CollectProduction_Dried Fruit,1643,Buy,CollectProduction,Dried Fruit,200,15;35;75;102,1;1;1;2;2,TID_NEIGHBORHOOD_TASK_COLLECT_GOOD_DESCRIPTION,1,,
Buy_CollectProduction_Chocolate Pie,1644,Buy,CollectProduction,Chocolate Pie,200,15;35;75;102,1;1;1;1;1,TID_NEIGHBORHOOD_TASK_COLLECT_GOOD_DESCRIPTION,1,,
Buy_CollectProduction_TropicalSmoothie,1645,Buy,CollectProduction,TropicalSmoothie,200,15;35;75;102,2;2;3;3;4,TID_NEIGHBORHOOD_TASK_COLLECT_GOOD_DESCRIPTION,1,,
Buy_CollectProduction_Pineapple coconut bars,1646,Buy,CollectProduction,Pineapple coconut bars,200,15;35;75;102,1;1;1;2;2,TID_NEIGHBORHOOD_TASK_COLLECT_GOOD_DESCRIPTION,1,,
Buy_CollectProduction_Peach Ice Cream,1647,Buy,CollectProduction,Peach Ice Cream,200,15;35;75;102,1;1;1;2;2,TID_NEIGHBORHOOD_TASK_COLLECT_GOOD_DESCRIPTION,1,,
Buy_CollectProduction_Summer Salad,1648,Buy,CollectProduction,Summer Salad,200,15;35;75;102,1;1;1;1;1,TID_NEIGHBORHOOD_TASK_COLLECT_GOOD_DESCRIPTION,1,,
Buy_CollectProduction_Honey Soap,1649,Buy,CollectProduction,Honey Soap,200,15;35;75;102,1;1;1;1;1,TID_NEIGHBORHOOD_TASK_COLLECT_GOOD_DESCRIPTION,1,,
Buy_CollectProduction_Exfoliating Soap,1650,Buy,CollectProduction,Exfoliating Soap,200,15;35;75;102,2;2;2;3;3,TID_NEIGHBORHOOD_TASK_COLLECT_GOOD_DESCRIPTION,1,,
Buy_CollectProduction_PlumJam,1651,Buy,CollectProduction,PlumJam,200,15;35;75;102,1;1;1;1;1,TID_NEIGHBORHOOD_TASK_COLLECT_GOOD_DESCRIPTION,1,,
Buy_CollectProduction_Fresh porridge,1652,Buy,CollectProduction,Fresh porridge,200,15;35;75;102,2;2;3;3;4,TID_NEIGHBORHOOD_TASK_COLLECT_GOOD_DESCRIPTION,1,,
Buy_CollectProduction_Macaroon,1653,Buy,CollectProduction,Macaroon,200,15;35;75;102,2;2;2;3;3,TID_NEIGHBORHOOD_TASK_COLLECT_GOOD_DESCRIPTION,1,,
Buy_CollectProduction_Fruit Salad,1654,Buy,CollectProduction,Fruit Salad,200,15;35;75;102,1;1;1;2;2,TID_NEIGHBORHOOD_TASK_COLLECT_GOOD_DESCRIPTION,1,,
Buy_CollectProduction_Guava Cupcake,1655,Buy,CollectProduction,Guava Cupcake,200,15;35;75;102,2;2;2;3;3,TID_NEIGHBORHOOD_TASK_COLLECT_GOOD_DESCRIPTION,1,,
Buy_CollectProduction_Blueberry Muffin,1656,Buy,CollectProduction,Blueberry Muffin,200,15;35;75;102,2;2;2;3;3,TID_NEIGHBORHOOD_TASK_COLLECT_GOOD_DESCRIPTION,1,,
Buy_CollectProduction_BananaSplit,1657,Buy,CollectProduction,BananaSplit,200,15;35;75;102,1;1;1;2;2,TID_NEIGHBORHOOD_TASK_COLLECT_GOOD_DESCRIPTION,1,,
Buy_CollectProduction_White Chocolate Blueberry Waffle,1658,Buy,CollectProduction,White Chocolate Blueberry Waffle,200,15;35;75;102,2;2;2;3;3,TID_NEIGHBORHOOD_TASK_COLLECT_GOOD_DESCRIPTION,1,,
Buy_CollectProduction_Cocoa smoothie,1659,Buy,CollectProduction,Cocoa smoothie,200,15;35;75;102,2;2;2;3;3,TID_NEIGHBORHOOD_TASK_COLLECT_GOOD_DESCRIPTION,1,,
Buy_CollectProduction_Chocolate Waffles,1660,Buy,CollectProduction,Chocolate Waffles,200,15;35;75;102,2;2;2;3;3,TID_NEIGHBORHOOD_TASK_COLLECT_GOOD_DESCRIPTION,1,,
Buy_CollectProduction_Coconut Ice Cream,1661,Buy,CollectProduction,Coconut Ice Cream,200,15;35;75;102,2;2;2;3;3,TID_NEIGHBORHOOD_TASK_COLLECT_GOOD_DESCRIPTION,1,,
Buy_CollectProduction_Fruit Sorbet,1662,Buy,CollectProduction,Fruit Sorbet,200,15;35;75;102,1;1;1;2;2,TID_NEIGHBORHOOD_TASK_COLLECT_GOOD_DESCRIPTION,1,,
Buy_CollectProduction_Guava Juice,1663,Buy,CollectProduction,Guava Juice,200,15;35;75;102,2;2;3;3;4,TID_NEIGHBORHOOD_TASK_COLLECT_GOOD_DESCRIPTION,1,,
Buy_CollectProduction_Peach Tart,1664,Buy,CollectProduction,Peach Tart,200,15;35;75;102,1;1;1;2;2,TID_NEIGHBORHOOD_TASK_COLLECT_GOOD_DESCRIPTION,1,,
Buy_CollectProduction_Pasta Salad,1665,Buy,CollectProduction,Pasta Salad,200,15;35;75;102,1;1;1;2;2,TID_NEIGHBORHOOD_TASK_COLLECT_GOOD_DESCRIPTION,1,,
Buy_CollectProduction_Raspberry Mocha,1666,Buy,CollectProduction,Raspberry Mocha,200,15;35;75;102,2;2;3;3;4,TID_NEIGHBORHOOD_TASK_COLLECT_GOOD_DESCRIPTION,1,,
Buy_CollectProduction_Crunchy donut,1667,Buy,CollectProduction,Crunchy donut,200,15;35;75;102,1;1;1;1;1,TID_NEIGHBORHOOD_TASK_COLLECT_GOOD_DESCRIPTION,1,,
Buy_CollectProduction_Lobster Soup,1668,Buy,CollectProduction,Lobster Soup,200,15;35;75;102,1;1;1;1;1,TID_NEIGHBORHOOD_TASK_COLLECT_GOOD_DESCRIPTION,1,,
Buy_CollectProduction_Hot Chocolate,1669,Buy,CollectProduction,Hot Chocolate,200,15;35;75;102,2;2;2;3;3,TID_NEIGHBORHOOD_TASK_COLLECT_GOOD_DESCRIPTION,1,,
Buy_CollectProduction_Orange Juice,1670,Buy,CollectProduction,Orange Juice,200,15;35;75;102,1;1;1;2;2,TID_NEIGHBORHOOD_TASK_COLLECT_GOOD_DESCRIPTION,1,,
Buy_CollectProduction_Sprinkles donut,1671,Buy,CollectProduction,Sprinkles donut,200,15;35;75;102,2;2;3;3;4,TID_NEIGHBORHOOD_TASK_COLLECT_GOOD_DESCRIPTION,1,,
Buy_CollectProduction_Flower Shawl,1672,Buy,CollectProduction,Flower Shawl,200,15;35;75;102,1;1;1;1;1,TID_NEIGHBORHOOD_TASK_COLLECT_GOOD_DESCRIPTION,1,,
Buy_CollectProduction_Mocha,1673,Buy,CollectProduction,Mocha,200,15;35;75;102,2;2;3;3;4,TID_NEIGHBORHOOD_TASK_COLLECT_GOOD_DESCRIPTION,1,,
Buy_CollectProduction_Lemon Candle,1674,Buy,CollectProduction,Lemon Candle,200,15;35;75;102,1;1;1;2;2,TID_NEIGHBORHOOD_TASK_COLLECT_GOOD_DESCRIPTION,1,,
Buy_CollectProduction_Fried Candy,1675,Buy,CollectProduction,Fried Candy,200,15;35;75;102,1;1;1;1;1,TID_NEIGHBORHOOD_TASK_COLLECT_GOOD_DESCRIPTION,1,,
Buy_CollectProduction_Raspberry Jam,1676,Buy,CollectProduction,Raspberry Jam,200,15;35;75;102,1;1;1;1;1,TID_NEIGHBORHOOD_TASK_COLLECT_GOOD_DESCRIPTION,1,,
Buy_CollectProduction_BerrySmoothie,1677,Buy,CollectProduction,BerrySmoothie,200,15;35;75;102,2;2;2;3;3,TID_NEIGHBORHOOD_TASK_COLLECT_GOOD_DESCRIPTION,1,,
Buy_CollectProduction_Tea Pot,1678,Buy,CollectProduction,Tea Pot,200,15;35;75;102,1;1;1;1;1,TID_NEIGHBORHOOD_TASK_COLLECT_GOOD_DESCRIPTION,1,,
Buy_CollectProduction_Lemon Fudge,1679,Buy,CollectProduction,Lemon Fudge,200,15;35;75;102,1;1;1;2;2,TID_NEIGHBORHOOD_TASK_COLLECT_GOOD_DESCRIPTION,1,,
Buy_CollectProduction_BananaPancakes,1680,Buy,CollectProduction,BananaPancakes,200,15;35;75;102,2;2;2;3;3,TID_NEIGHBORHOOD_TASK_COLLECT_GOOD_DESCRIPTION,1,,
Buy_CollectProduction_Tropical Yoghurt,1681,Buy,CollectProduction,Tropical Yoghurt,200,15;35;75;102,1;1;1;2;2,TID_NEIGHBORHOOD_TASK_COLLECT_GOOD_DESCRIPTION,1,,
Buy_CollectProduction_Cherry Juice,1682,Buy,CollectProduction,Cherry Juice,200,15;35;75;102,1;1;1;2;2,TID_NEIGHBORHOOD_TASK_COLLECT_GOOD_DESCRIPTION,1,,
Buy_CollectProduction_Mango Juice,1683,Buy,CollectProduction,Mango Juice,200,15;35;75;102,2;2;3;3;4,TID_NEIGHBORHOOD_TASK_COLLECT_GOOD_DESCRIPTION,1,,
Buy_CollectProduction_Breakfast Bowl,1684,Buy,CollectProduction,Breakfast Bowl,200,15;35;75;102,1;1;1;2;2,TID_NEIGHBORHOOD_TASK_COLLECT_GOOD_DESCRIPTION,1,,
Buy_CollectProduction_Blackberry Muffin,1685,Buy,CollectProduction,Blackberry Muffin,200,15;35;75;102,2;2;2;3;3,TID_NEIGHBORHOOD_TASK_COLLECT_GOOD_DESCRIPTION,1,,
Buy_CollectProduction_Fish Taco,1686,Buy,CollectProduction,Fish Taco,200,15;35;75;102,1;1;1;2;2,TID_NEIGHBORHOOD_TASK_COLLECT_GOOD_DESCRIPTION,1,,
Buy_CollectProduction_Face Mask,1687,Buy,CollectProduction,Face Mask,200,15;35;75;102,2;2;2;3;3,TID_NEIGHBORHOOD_TASK_COLLECT_GOOD_DESCRIPTION,1,,
Buy_CollectProduction_Pomegranate Cake,1688,Buy,CollectProduction,Pomegranate Cake,200,15;35;75;102,1;1;1;2;2,TID_NEIGHBORHOOD_TASK_COLLECT_GOOD_DESCRIPTION,1,,
Buy_CollectProduction_Tropical fondue,1689,Buy,CollectProduction,Tropical fondue,200,15;35;75;102,2;2;2;3;3,TID_NEIGHBORHOOD_TASK_COLLECT_GOOD_DESCRIPTION,1,,
Buy_CollectProduction_Berry Waffles,1690,Buy,CollectProduction,Berry Waffles,200,15;35;75;102,1;1;1;2;2,TID_NEIGHBORHOOD_TASK_COLLECT_GOOD_DESCRIPTION,1,,
Buy_CollectProduction_Grilled Asparagus,1691,Buy,CollectProduction,Grilled Asparagus,200,15;35;75;102,1;1;1;1;1,TID_NEIGHBORHOOD_TASK_COLLECT_GOOD_DESCRIPTION,1,,
Buy_CollectProduction_Lemon Lotion,1692,Buy,CollectProduction,Lemon Lotion,200,15;35;75;102,1;1;1;2;2,TID_NEIGHBORHOOD_TASK_COLLECT_GOOD_DESCRIPTION,1,,
Buy_CollectProduction_Orange Salad,1693,Buy,CollectProduction,Orange Salad,200,15;35;75;102,2;2;2;3;3,TID_NEIGHBORHOOD_TASK_COLLECT_GOOD_DESCRIPTION,1,,
Buy_CollectProduction_Orange Tea,1694,Buy,CollectProduction,Orange Tea,200,15;35;75;102,2;2;3;3;4,TID_NEIGHBORHOOD_TASK_COLLECT_GOOD_DESCRIPTION,1,,
Buy_CollectProduction_Fruity Milkshake,1695,Buy,CollectProduction,Fruity Milkshake,200,15;35;75;102,1;1;1;2;2,TID_NEIGHBORHOOD_TASK_COLLECT_GOOD_DESCRIPTION,1,,
Buy_CollectProduction_MixedSmoothie,1696,Buy,CollectProduction,MixedSmoothie,200,15;35;75;102,2;2;3;3;4,TID_NEIGHBORHOOD_TASK_COLLECT_GOOD_DESCRIPTION,1,,
Buy_CollectProduction_GreenSmoothie,1697,Buy,CollectProduction,GreenSmoothie,200,15;35;75;102,2;2;3;3;4,TID_NEIGHBORHOOD_TASK_COLLECT_GOOD_DESCRIPTION,1,,
Buy_CollectProduction_Sweet porridge,1698,Buy,CollectProduction,Sweet porridge,200,15;35;75;102,2;2;2;3;3,TID_NEIGHBORHOOD_TASK_COLLECT_GOOD_DESCRIPTION,1,,
Buy_CollectProduction_Olive Dip,1699,Buy,CollectProduction,Olive Dip,200,15;35;75;102,2;2;3;3;4,TID_NEIGHBORHOOD_TASK_COLLECT_GOOD_DESCRIPTION,1,,
Buy_CollectProduction_Hummus,1700,Buy,CollectProduction,Hummus,200,15;35;75;102,2;2;3;3;4,TID_NEIGHBORHOOD_TASK_COLLECT_GOOD_DESCRIPTION,1,,
Buy_CollectProduction_Tomato Sauce,1701,Buy,CollectProduction,Tomato Sauce,200,15;35;75;102,2;2;3;3;4,TID_NEIGHBORHOOD_TASK_COLLECT_GOOD_DESCRIPTION,1,,
Buy_CollectProduction_Ice Tea,1702,Buy,CollectProduction,Ice Tea,200,15;35;75;102,2;2;3;3;4,TID_NEIGHBORHOOD_TASK_COLLECT_GOOD_DESCRIPTION,1,,
Buy_CollectProduction_Pineapple Cake,1703,Buy,CollectProduction,Pineapple Cake,200,15;35;75;102,2;2;2;3;3,TID_NEIGHBORHOOD_TASK_COLLECT_GOOD_DESCRIPTION,1,,
Buy_CollectProduction_Lemon Curd,1704,Buy,CollectProduction,Lemon Curd,200,15;35;75;102,2;2;2;3;3,TID_NEIGHBORHOOD_TASK_COLLECT_GOOD_DESCRIPTION,1,,
Buy_CollectProduction_Apple Jam,1705,Buy,CollectProduction,Apple Jam,200,15;35;75;102,1;1;1;1;1,TID_NEIGHBORHOOD_TASK_COLLECT_GOOD_DESCRIPTION,1,,
Buy_CollectProduction_Apple porridge,1706,Buy,CollectProduction,Apple porridge,200,15;35;75;102,1;1;1;1;1,TID_NEIGHBORHOOD_TASK_COLLECT_GOOD_DESCRIPTION,1,,
Buy_CollectProduction_Lemon Tea,1707,Buy,CollectProduction,Lemon Tea,200,15;35;75;102,3;3;4;4;5,TID_NEIGHBORHOOD_TASK_COLLECT_GOOD_DESCRIPTION,1,,
Buy_CollectProduction_YogurtSmoothie,1708,Buy,CollectProduction,YogurtSmoothie,200,15;35;75;102,2;2;2;3;3,TID_NEIGHBORHOOD_TASK_COLLECT_GOOD_DESCRIPTION,1,,
Buy_CollectProduction_Berry Cake,1709,Buy,CollectProduction,Berry Cake,200,15;35;75;102,2;2;2;3;3,TID_NEIGHBORHOOD_TASK_COLLECT_GOOD_DESCRIPTION,1,,
Buy_CollectProduction_Lemon essential oil,1710,Buy,CollectProduction,Lemon essential oil,200,15;35;75;102,3;3;4;4;5,TID_NEIGHBORHOOD_TASK_COLLECT_GOOD_DESCRIPTION,1,,
Buy_CollectProduction_GoldBar,1711,Buy,CollectProduction,GoldBar,200,15;35;75;102,1;1;1;1;1,TID_NEIGHBORHOOD_TASK_COLLECT_GOOD_DESCRIPTION,1,,
Buy_CollectProduction_Lobster Meat,1712,Buy,CollectProduction,Lobster Meat,200,15;35;75;102,1;1;1;1;1,TID_NEIGHBORHOOD_TASK_COLLECT_GOOD_DESCRIPTION,1,,
Buy_CollectProduction_Pillow,1713,Buy,CollectProduction,Pillow,200,15;35;75;102,1;1;1;1;1,TID_NEIGHBORHOOD_TASK_COLLECT_GOOD_DESCRIPTION,1,,
Buy_CollectProduction_SesameSmoothie,1714,Buy,CollectProduction,SesameSmoothie,200,15;35;75;102,1;1;1;1;1,TID_NEIGHBORHOOD_TASK_COLLECT_GOOD_DESCRIPTION,1,,
Buy_CollectProduction_BananaBread,1715,Buy,CollectProduction,BananaBread,200,15;35;75;102,2;2;3;3;4,TID_NEIGHBORHOOD_TASK_COLLECT_GOOD_DESCRIPTION,1,,
Buy_CollectProduction_BananaLatte,1716,Buy,CollectProduction,BananaLatte,200,15;35;75;102,2;2;2;3;3,TID_NEIGHBORHOOD_TASK_COLLECT_GOOD_DESCRIPTION,1,,
Buy_CollectProduction_Strawberry Jam,1717,Buy,CollectProduction,Strawberry Jam,200,15;35;75;102,1;1;1;1;1,TID_NEIGHBORHOOD_TASK_COLLECT_GOOD_DESCRIPTION,1,,
Buy_CollectProduction_Pomegranate Tea,1718,Buy,CollectProduction,Pomegranate Tea,200,15;35;75;102,2;2;3;3;4,TID_NEIGHBORHOOD_TASK_COLLECT_GOOD_DESCRIPTION,1,,
Buy_CollectProduction_GreekSalad,1719,Buy,CollectProduction,GreekSalad,200,15;35;75;102,1;1;1;1;1,TID_NEIGHBORHOOD_TASK_COLLECT_GOOD_DESCRIPTION,1,,
Buy_CollectProduction_Rice Ball,1720,Buy,CollectProduction,Rice Ball,200,15;35;75;102,2;2;3;3;4,TID_NEIGHBORHOOD_TASK_COLLECT_GOOD_DESCRIPTION,1,,
Buy_CollectProduction_Canned Fish,1721,Buy,CollectProduction,Canned Fish,200,15;35;75;102,1;1;1;1;1,TID_NEIGHBORHOOD_TASK_COLLECT_GOOD_DESCRIPTION,1,,
Buy_CollectProduction_PlumSmoothie,1722,Buy,CollectProduction,PlumSmoothie,200,15;35;75;102,2;2;3;3;4,TID_NEIGHBORHOOD_TASK_COLLECT_GOOD_DESCRIPTION,1,,
Buy_CollectProduction_OliveOil,1723,Buy,CollectProduction,OliveOil,200,15;35;75;102,2;2;3;3;4,TID_NEIGHBORHOOD_TASK_COLLECT_GOOD_DESCRIPTION,1,,
Buy_CollectProduction_Caramel latte,1724,Buy,CollectProduction,Caramel latte,200,15;35;75;102,2;2;2;3;3,TID_NEIGHBORHOOD_TASK_COLLECT_GOOD_DESCRIPTION,1,,
Buy_CollectProduction_Latte,1725,Buy,CollectProduction,Latte,200,15;35;75;102,2;2;3;3;4,TID_NEIGHBORHOOD_TASK_COLLECT_GOOD_DESCRIPTION,1,,
Buy_CollectProduction_Espreso,1726,Buy,CollectProduction,Espreso,200,15;35;75;102,2;2;3;3;4,TID_NEIGHBORHOOD_TASK_COLLECT_GOOD_DESCRIPTION,1,,
Buy_CollectProduction_Fish Soup,1727,Buy,CollectProduction,Fish Soup,200,15;35;75;102,1;1;1;2;2,TID_NEIGHBORHOOD_TASK_COLLECT_GOOD_DESCRIPTION,1,,
Buy_CollectProduction_Honey Apple Cake,1728,Buy,CollectProduction,Honey Apple Cake,200,15;35;75;102,1;1;1;1;1,TID_NEIGHBORHOOD_TASK_COLLECT_GOOD_DESCRIPTION,1,,
Buy_CollectProduction_SunHat,1729,Buy,CollectProduction,SunHat,200,15;35;75;102,1;1;1;1;1,TID_NEIGHBORHOOD_TASK_COLLECT_GOOD_DESCRIPTION,1,,
Buy_CollectProduction_TopHat,1730,Buy,CollectProduction,TopHat,200,15;35;75;102,1;1;1;1;1,TID_NEIGHBORHOOD_TASK_COLLECT_GOOD_DESCRIPTION,1,,
Buy_CollectProduction_Violet Dress,1731,Buy,CollectProduction,Violet Dress,200,15;35;75;102,1;1;1;2;2,TID_NEIGHBORHOOD_TASK_COLLECT_GOOD_DESCRIPTION,1,,
Buy_CollectProduction_Party Candle,1732,Buy,CollectProduction,Party Candle,200,15;35;75;102,1;1;1;2;2,TID_NEIGHBORHOOD_TASK_COLLECT_GOOD_DESCRIPTION,1,,
Buy_CollectProduction_Fishburger,1733,Buy,CollectProduction,Fishburger,200,15;35;75;102,1;1;1;2;2,TID_NEIGHBORHOOD_TASK_COLLECT_GOOD_DESCRIPTION,1,,
Buy_CollectProduction_Raspberry Candle,1734,Buy,CollectProduction,Raspberry Candle,200,15;35;75;102,1;1;1;2;2,TID_NEIGHBORHOOD_TASK_COLLECT_GOOD_DESCRIPTION,1,,
Buy_CollectProduction_Apple Pie,1735,Buy,CollectProduction,Apple Pie,200,15;35;75;102,1;1;1;1;1,TID_NEIGHBORHOOD_TASK_COLLECT_GOOD_DESCRIPTION,1,,
Buy_CollectProduction_Kimchi,1736,Buy,CollectProduction,Kimchi,200,15;35;75;102,1;1;1;1;1,TID_NEIGHBORHOOD_TASK_COLLECT_GOOD_DESCRIPTION,1,,
Buy_CollectProduction_SeafoodSalad,1737,Buy,CollectProduction,SeafoodSalad,200,15;35;75;102,1;1;1;1;1,TID_NEIGHBORHOOD_TASK_COLLECT_GOOD_DESCRIPTION,1,,
Buy_CollectProduction_Spicy fish,1738,Buy,CollectProduction,Spicy fish,200,15;35;75;102,1;1;1;2;2,TID_NEIGHBORHOOD_TASK_COLLECT_GOOD_DESCRIPTION,1,,
Buy_CollectProduction_Big sushi roll,1739,Buy,CollectProduction,Big sushi roll,200,15;35;75;102,2;2;2;3;3,TID_NEIGHBORHOOD_TASK_COLLECT_GOOD_DESCRIPTION,1,,
Buy_CollectProduction_Caramel Apple,1740,Buy,CollectProduction,Caramel Apple,200,15;35;75;102,1;1;1;1;1,TID_NEIGHBORHOOD_TASK_COLLECT_GOOD_DESCRIPTION,1,,
Buy_CollectProduction_Apple Juice,1741,Buy,CollectProduction,Apple Juice,200,15;35;75;102,1;1;1;2;2,TID_NEIGHBORHOOD_TASK_COLLECT_GOOD_DESCRIPTION,1,,
Buy_CollectProduction_Fish and Chips,1742,Buy,CollectProduction,Fish and Chips,200,15;35;75;102,2;2;2;3;3,TID_NEIGHBORHOOD_TASK_COLLECT_GOOD_DESCRIPTION,1,,
Buy_CollectProduction_Strawberry Yoghurt,1743,Buy,CollectProduction,Strawberry Yoghurt,200,15;35;75;102,1;1;1;1;1,TID_NEIGHBORHOOD_TASK_COLLECT_GOOD_DESCRIPTION,1,,
Buy_CollectProduction_SilverBar,1744,Buy,CollectProduction,SilverBar,200,15;35;75;102,1;1;1;1;1,TID_NEIGHBORHOOD_TASK_COLLECT_GOOD_DESCRIPTION,1,,
Buy_CollectProduction_Strawberry Ice Cream,1745,Buy,CollectProduction,Strawberry Ice Cream,200,15;35;75;102,1;1;1;1;1,TID_NEIGHBORHOOD_TASK_COLLECT_GOOD_DESCRIPTION,1,,
Buy_CollectProduction_Lobster Pasta,1746,Buy,CollectProduction,Lobster Pasta,200,15;35;75;102,1;1;1;1;1,TID_NEIGHBORHOOD_TASK_COLLECT_GOOD_DESCRIPTION,1,,
Buy_CollectProduction_Grape Jam,1747,Buy,CollectProduction,Grape Jam,200,15;35;75;102,1;1;1;1;1,TID_NEIGHBORHOOD_TASK_COLLECT_GOOD_DESCRIPTION,1,,
Buy_CollectProduction_Raspberry Muffin,1748,Buy,CollectProduction,Raspberry Muffin,200,15;35;75;102,2;2;2;3;3,TID_NEIGHBORHOOD_TASK_COLLECT_GOOD_DESCRIPTION,1,,
Buy_CollectProduction_MintTea,1749,Buy,CollectProduction,MintTea,200,15;35;75;102,2;2;3;3;4,TID_NEIGHBORHOOD_TASK_COLLECT_GOOD_DESCRIPTION,1,,
Buy_CollectProduction_Salsa,1750,Buy,CollectProduction,Salsa,200,15;35;75;102,3;3;4;4;5,TID_NEIGHBORHOOD_TASK_COLLECT_GOOD_DESCRIPTION,1,,
Buy_CollectProduction_Filled donut,1751,Buy,CollectProduction,Filled donut,200,15;35;75;102,1;1;1;1;1,TID_NEIGHBORHOOD_TASK_COLLECT_GOOD_DESCRIPTION,1,,
Buy_CollectProduction_Fancy Cake,1752,Buy,CollectProduction,Fancy Cake,200,15;35;75;102,1;1;1;2;2,TID_NEIGHBORHOOD_TASK_COLLECT_GOOD_DESCRIPTION,1,,
Buy_CollectProduction_PBJ Sandwich,1753,Buy,CollectProduction,PBJ Sandwich,200,15;35;75;102,1;1;1;1;1,TID_NEIGHBORHOOD_TASK_COLLECT_GOOD_DESCRIPTION,1,,
Buy_CollectProduction_FishSkewer,1754,Buy,CollectProduction,FishSkewer,200,15;35;75;102,2;2;3;3;4,TID_NEIGHBORHOOD_TASK_COLLECT_GOOD_DESCRIPTION,1,,
Buy_CollectProduction_VeggieDip,1755,Buy,CollectProduction,VeggieDip,200,15;35;75;102,1;1;1;2;2,TID_NEIGHBORHOOD_TASK_COLLECT_GOOD_DESCRIPTION,1,,
Buy_CollectProduction_Mug,1756,Buy,CollectProduction,Mug,200,15;35;75;102,1;1;1;2;2,TID_NEIGHBORHOOD_TASK_COLLECT_GOOD_DESCRIPTION,1,,
Buy_CollectProduction_Fish Pie,1757,Buy,CollectProduction,Fish Pie,200,15;35;75;102,1;1;1;2;2,TID_NEIGHBORHOOD_TASK_COLLECT_GOOD_DESCRIPTION,1,,
Buy_CollectProduction_Strawberry Cake,1758,Buy,CollectProduction,Strawberry Cake,200,15;35;75;102,1;1;1;2;2,TID_NEIGHBORHOOD_TASK_COLLECT_GOOD_DESCRIPTION,1,,
Buy_CollectProduction_IronBar,1759,Buy,CollectProduction,IronBar,200,15;35;75;102,1;1;1;1;1,TID_NEIGHBORHOOD_TASK_COLLECT_GOOD_DESCRIPTION,1,,
Buy_CollectProduction_Cheese omelet,1760,Buy,CollectProduction,Cheese omelet,200,15;35;75;102,1;1;1;2;2,TID_NEIGHBORHOOD_TASK_COLLECT_GOOD_DESCRIPTION,1,,
Buy_CollectProduction_LobsterSushi,1761,Buy,CollectProduction,LobsterSushi,200,15;35;75;102,1;1;1;1;1,TID_NEIGHBORHOOD_TASK_COLLECT_GOOD_DESCRIPTION,1,,
Buy_CollectProduction_GingerTea,1762,Buy,CollectProduction,GingerTea,200,15;35;75;102,2;2;3;3;4,TID_NEIGHBORHOOD_TASK_COLLECT_GOOD_DESCRIPTION,1,,
Buy_CollectProduction_PotatoSoup,1763,Buy,CollectProduction,PotatoSoup,200,15;35;75;102,1;1;1;2;2,TID_NEIGHBORHOOD_TASK_COLLECT_GOOD_DESCRIPTION,1,,
Buy_CollectProduction_Winter Stew,1764,Buy,CollectProduction,Winter Stew,200,15;35;75;102,1;1;1;1;1,TID_NEIGHBORHOOD_TASK_COLLECT_GOOD_DESCRIPTION,1,,
Buy_CollectProduction_Lobster Skewer,1765,Buy,CollectProduction,Lobster Skewer,200,15;35;75;102,1;1;1;1;1,TID_NEIGHBORHOOD_TASK_COLLECT_GOOD_DESCRIPTION,1,,
Buy_CollectProduction_Blue Sweater,1766,Buy,CollectProduction,Blue Sweater,200,15;35;75;102,1;1;1;1;1,TID_NEIGHBORHOOD_TASK_COLLECT_GOOD_DESCRIPTION,1,,
Buy_CollectProduction_Chili Stew,1767,Buy,CollectProduction,Chili Stew,200,15;35;75;102,1;1;1;1;1,TID_NEIGHBORHOOD_TASK_COLLECT_GOOD_DESCRIPTION,1,,
Buy_CollectProduction_Tomato Soup,1768,Buy,CollectProduction,Tomato Soup,200,15;35;75;102,1;1;1;2;2,TID_NEIGHBORHOOD_TASK_COLLECT_GOOD_DESCRIPTION,1,,
Buy_CollectProduction_Red Scarf,1769,Buy,CollectProduction,Red Scarf,200,15;35;75;102,1;1;1;1;1,TID_NEIGHBORHOOD_TASK_COLLECT_GOOD_DESCRIPTION,1,,
Buy_CollectProduction_SushiRoll,1770,Buy,CollectProduction,SushiRoll,200,15;35;75;102,1;1;1;1;1,TID_NEIGHBORHOOD_TASK_COLLECT_GOOD_DESCRIPTION,1,,
Buy_CollectProduction_Hand Pies,1771,Buy,CollectProduction,Hand Pies,200,15;35;75;102,1;1;1;1;1,TID_NEIGHBORHOOD_TASK_COLLECT_GOOD_DESCRIPTION,1,,
Buy_CollectProduction_Goat Cheese,1772,Buy,CollectProduction,Goat Cheese,200,15;35;75;102,1;1;1;1;1,TID_NEIGHBORHOOD_TASK_COLLECT_GOOD_DESCRIPTION,1,,
Buy_CollectProduction_Frutti di Mare Pizza,1773,Buy,CollectProduction,Frutti di Mare Pizza,200,15;35;75;102,1;1;1;1;1,TID_NEIGHBORHOOD_TASK_COLLECT_GOOD_DESCRIPTION,1,,
Buy_CollectProduction_Broccoli Soup,1774,Buy,CollectProduction,Broccoli Soup,200,15;35;75;102,2;2;2;3;3,TID_NEIGHBORHOOD_TASK_COLLECT_GOOD_DESCRIPTION,1,,
Buy_CollectProduction_Gnocchi,1775,Buy,CollectProduction,Gnocchi,200,15;35;75;102,1;1;1;2;2,TID_NEIGHBORHOOD_TASK_COLLECT_GOOD_DESCRIPTION,1,,
Buy_CollectProduction_Falafel,1776,Buy,CollectProduction,Falafel,200,15;35;75;102,2;2;3;3;4,TID_NEIGHBORHOOD_TASK_COLLECT_GOOD_DESCRIPTION,1,,
Buy_CollectProduction_MushroomPasta,1777,Buy,CollectProduction,MushroomPasta,200,15;35;75;102,1;1;1;1;1,TID_NEIGHBORHOOD_TASK_COLLECT_GOOD_DESCRIPTION,1,,
Buy_CollectProduction_CoalBar,1778,Buy,CollectProduction,CoalBar,200,15;35;75;102,1;1;1;1;1,TID_NEIGHBORHOOD_TASK_COLLECT_GOOD_DESCRIPTION,1,,
Buy_CollectProduction_Strawberry Candle,1779,Buy,CollectProduction,Strawberry Candle,200,15;35;75;102,1;1;1;2;2,TID_NEIGHBORHOOD_TASK_COLLECT_GOOD_DESCRIPTION,1,,
Buy_CollectProduction_ClocheHat,1780,Buy,CollectProduction,ClocheHat,200,15;35;75;102,1;1;1;1;1,TID_NEIGHBORHOOD_TASK_COLLECT_GOOD_DESCRIPTION,1,,
Buy_CollectProduction_Spicy spaghetti,1781,Buy,CollectProduction,Spicy spaghetti,200,15;35;75;102,1;1;1;2;2,TID_NEIGHBORHOOD_TASK_COLLECT_GOOD_DESCRIPTION,1,,
Buy_CollectProduction_Passion Fruit Jam,1782,Buy,CollectProduction,Passion Fruit Jam,200,15;35;75;102,1;1;1;1;1,TID_NEIGHBORHOOD_TASK_COLLECT_GOOD_DESCRIPTION,1,,
Buy_CollectProduction_Floral candle,1783,Buy,CollectProduction,Floral candle,200,15;35;75;102,1;1;1;2;2,TID_NEIGHBORHOOD_TASK_COLLECT_GOOD_DESCRIPTION,1,,
Buy_CollectProduction_Snack Mix,1784,Buy,CollectProduction,Snack Mix,200,15;35;75;102,1;1;1;1;1,TID_NEIGHBORHOOD_TASK_COLLECT_GOOD_DESCRIPTION,1,,
Buy_CollectProduction_Peanut noodles,1785,Buy,CollectProduction,Peanut noodles,200,15;35;75;102,1;1;1;1;1,TID_NEIGHBORHOOD_TASK_COLLECT_GOOD_DESCRIPTION,1,,
Buy_CollectProduction_Onion Dog,1786,Buy,CollectProduction,Onion Dog,200,15;35;75;102,1;1;1;1;1,TID_NEIGHBORHOOD_TASK_COLLECT_GOOD_DESCRIPTION,1,,
Buy_CollectProduction_CandiedPeanuts,1787,Buy,CollectProduction,CandiedPeanuts,200,15;35;75;102,1;1;1;1;1,TID_NEIGHBORHOOD_TASK_COLLECT_GOOD_DESCRIPTION,1,,
Buy_CollectProduction_Tofu Dog,1788,Buy,CollectProduction,Tofu Dog,200,15;35;75;102,2;2;3;3;4,TID_NEIGHBORHOOD_TASK_COLLECT_GOOD_DESCRIPTION,1,,
Buy_CollectProduction_Sweater,1789,Buy,CollectProduction,Sweater,200,15;35;75;102,1;1;1;1;1,TID_NEIGHBORHOOD_TASK_COLLECT_GOOD_DESCRIPTION,1,,
Buy_CollectProduction_Samosa,1790,Buy,CollectProduction,Samosa,200,15;35;75;102,2;2;2;3;3,TID_NEIGHBORHOOD_TASK_COLLECT_GOOD_DESCRIPTION,1,,
Buy_CollectProduction_Cherry Popsicle,1791,Buy,CollectProduction,Cherry Popsicle,200,15;35;75;102,1;1;1;1;1,TID_NEIGHBORHOOD_TASK_COLLECT_GOOD_DESCRIPTION,1,,
Buy_CollectProduction_VeggieBagel,1792,Buy,CollectProduction,VeggieBagel,200,15;35;75;102,2;2;2;3;3,TID_NEIGHBORHOOD_TASK_COLLECT_GOOD_DESCRIPTION,1,,
Buy_CollectProduction_Bacon Pie,1793,Buy,CollectProduction,Bacon Pie,200,15;35;75;102,1;1;1;1;1,TID_NEIGHBORHOOD_TASK_COLLECT_GOOD_DESCRIPTION,1,,
Buy_CollectProduction_Plant pot,1794,Buy,CollectProduction,Plant pot,200,15;35;75;102,1;1;1;2;2,TID_NEIGHBORHOOD_TASK_COLLECT_GOOD_DESCRIPTION,1,,
Buy_CollectProduction_Spicy Pizza,1795,Buy,CollectProduction,Spicy Pizza,200,15;35;75;102,2;2;2;3;3,TID_NEIGHBORHOOD_TASK_COLLECT_GOOD_DESCRIPTION,1,,
Buy_CollectProduction_FlowerCrown,1796,Buy,CollectProduction,FlowerCrown,200,15;35;75;102,1;1;1;2;2,TID_NEIGHBORHOOD_TASK_COLLECT_GOOD_DESCRIPTION,1,,
Buy_CollectProduction_PepperSoup,1797,Buy,CollectProduction,PepperSoup,200,15;35;75;102,2;2;2;3;3,TID_NEIGHBORHOOD_TASK_COLLECT_GOOD_DESCRIPTION,1,,
Buy_CollectProduction_Wooly Pants,1798,Buy,CollectProduction,Wooly Pants,200,15;35;75;102,1;1;1;1;1,TID_NEIGHBORHOOD_TASK_COLLECT_GOOD_DESCRIPTION,1,,
Buy_CollectProduction_Tofu stir fry,1799,Buy,CollectProduction,Tofu stir fry,200,15;35;75;102,2;2;2;3;3,TID_NEIGHBORHOOD_TASK_COLLECT_GOOD_DESCRIPTION,1,,
Buy_CollectProduction_Shepherds Pie,1800,Buy,CollectProduction,Shepherds Pie,200,15;35;75;102,1;1;1;1;1,TID_NEIGHBORHOOD_TASK_COLLECT_GOOD_DESCRIPTION,1,,
Buy_CollectProduction_Asparagus Quiche,1801,Buy,CollectProduction,Asparagus Quiche,200,15;35;75;102,1;1;1;2;2,TID_NEIGHBORHOOD_TASK_COLLECT_GOOD_DESCRIPTION,1,,
Buy_CollectProduction_EggRoll,1802,Buy,CollectProduction,EggRoll,200,15;35;75;102,1;1;1;1;1,TID_NEIGHBORHOOD_TASK_COLLECT_GOOD_DESCRIPTION,1,,
Buy_CollectProduction_Duck Down,1803,Buy,CollectProduction,Duck Down,200,15;35;75;102,1;1;1;1;1,TID_NEIGHBORHOOD_TASK_COLLECT_GOOD_DESCRIPTION,1,,
Buy_CollectProduction_Onion Soup,1804,Buy,CollectProduction,Onion Soup,200,15;35;75;102,1;1;1;2;2,TID_NEIGHBORHOOD_TASK_COLLECT_GOOD_DESCRIPTION,1,,
Buy_CollectProduction_Cheese Cake,1805,Buy,CollectProduction,Cheese Cake,200,15;35;75;102,1;1;1;1;1,TID_NEIGHBORHOOD_TASK_COLLECT_GOOD_DESCRIPTION,1,,
Buy_CollectProduction_Pasta Carbonara,1806,Buy,CollectProduction,Pasta Carbonara,200,15;35;75;102,1;1;1;1;1,TID_NEIGHBORHOOD_TASK_COLLECT_GOOD_DESCRIPTION,1,,
Buy_CollectProduction_Summer Rolls,1807,Buy,CollectProduction,Summer Rolls,200,15;35;75;102,2;2;2;3;3,TID_NEIGHBORHOOD_TASK_COLLECT_GOOD_DESCRIPTION,1,,
Buy_CollectProduction_MushroomSalad,1808,Buy,CollectProduction,MushroomSalad,200,15;35;75;102,1;1;1;1;1,TID_NEIGHBORHOOD_TASK_COLLECT_GOOD_DESCRIPTION,1,,
Buy_CollectProduction_Blue Woolly Hat,1809,Buy,CollectProduction,Blue Woolly Hat,200,15;35;75;102,1;1;1;1;1,TID_NEIGHBORHOOD_TASK_COLLECT_GOOD_DESCRIPTION,1,,
Buy_CollectProduction_Cotton Candy,1810,Buy,CollectProduction,Cotton Candy,200,15;35;75;102,1;1;1;2;2,TID_NEIGHBORHOOD_TASK_COLLECT_GOOD_DESCRIPTION,1,,
Buy_CollectProduction_Tomato Juice,1811,Buy,CollectProduction,Tomato Juice,200,15;35;75;102,2;2;2;3;3,TID_NEIGHBORHOOD_TASK_COLLECT_GOOD_DESCRIPTION,1,,
Buy_CollectProduction_Roasted Tomatoes,1812,Buy,CollectProduction,Roasted Tomatoes,200,15;35;75;102,2;2;2;3;3,TID_NEIGHBORHOOD_TASK_COLLECT_GOOD_DESCRIPTION,1,,
Buy_CollectProduction_Loaded Fries,1813,Buy,CollectProduction,Loaded Fries,200,15;35;75;102,1;1;1;2;2,TID_NEIGHBORHOOD_TASK_COLLECT_GOOD_DESCRIPTION,1,,
Buy_CollectProduction_Baked Potato,1814,Buy,CollectProduction,Baked Potato,200,15;35;75;102,2;2;2;3;3,TID_NEIGHBORHOOD_TASK_COLLECT_GOOD_DESCRIPTION,1,,
Buy_CollectProduction_Hamburger,1815,Buy,CollectProduction,Hamburger,200,15;35;75;102,1;1;1;1;1,TID_NEIGHBORHOOD_TASK_COLLECT_GOOD_DESCRIPTION,1,,
Buy_CollectProduction_Casserole,1816,Buy,CollectProduction,Casserole,200,15;35;75;102,1;1;1;1;1,TID_NEIGHBORHOOD_TASK_COLLECT_GOOD_DESCRIPTION,1,,
Buy_CollectProduction_Roast veggies,1817,Buy,CollectProduction,Roast veggies,200,15;35;75;102,3;3;4;4;5,TID_NEIGHBORHOOD_TASK_COLLECT_GOOD_DESCRIPTION,1,,
Buy_CollectProduction_BaconSalad,1818,Buy,CollectProduction,BaconSalad,200,15;35;75;102,1;1;1;1;1,TID_NEIGHBORHOOD_TASK_COLLECT_GOOD_DESCRIPTION,1,,
Buy_CollectProduction_Veggie Bouquet,1819,Buy,CollectProduction,Veggie Bouquet,200,15;35;75;102,2;2;3;3;4,TID_NEIGHBORHOOD_TASK_COLLECT_GOOD_DESCRIPTION,1,,
Buy_CollectProduction_Birthday Bouquet,1820,Buy,CollectProduction,Birthday Bouquet,200,15;35;75;102,1;1;1;2;2,TID_NEIGHBORHOOD_TASK_COLLECT_GOOD_DESCRIPTION,1,,
Buy_CollectProduction_Noodle Soup,1821,Buy,CollectProduction,Noodle Soup,200,15;35;75;102,1;1;1;2;2,TID_NEIGHBORHOOD_TASK_COLLECT_GOOD_DESCRIPTION,1,,
Buy_CollectProduction_BLTToast,1822,Buy,CollectProduction,BLTToast,200,15;35;75;102,1;1;1;1;1,TID_NEIGHBORHOOD_TASK_COLLECT_GOOD_DESCRIPTION,1,,
Buy_CollectProduction_Chili Popcorn,1823,Buy,CollectProduction,Chili Popcorn,200,15;35;75;102,1;1;1;2;2,TID_NEIGHBORHOOD_TASK_COLLECT_GOOD_DESCRIPTION,1,,
Buy_CollectProduction_Asparagus Soup,1824,Buy,CollectProduction,Asparagus Soup,200,15;35;75;102,2;2;2;3;3,TID_NEIGHBORHOOD_TASK_COLLECT_GOOD_DESCRIPTION,1,,
Buy_CollectProduction_Milk Tea,1825,Buy,CollectProduction,Milk Tea,200,15;35;75;102,2;2;2;3;3,TID_NEIGHBORHOOD_TASK_COLLECT_GOOD_DESCRIPTION,1,,
Buy_CollectProduction_Grape Juice,1826,Buy,CollectProduction,Grape Juice,200,15;35;75;102,1;1;1;2;2,TID_NEIGHBORHOOD_TASK_COLLECT_GOOD_DESCRIPTION,1,,
Buy_CollectProduction_Onion melt,1827,Buy,CollectProduction,Onion melt,200,15;35;75;102,1;1;1;2;2,TID_NEIGHBORHOOD_TASK_COLLECT_GOOD_DESCRIPTION,1,,
Buy_CollectProduction_MushroomSoup,1828,Buy,CollectProduction,MushroomSoup,200,15;35;75;102,1;1;1;2;2,TID_NEIGHBORHOOD_TASK_COLLECT_GOOD_DESCRIPTION,1,,
Buy_CollectProduction_Honey Tea,1829,Buy,CollectProduction,Honey Tea,200,15;35;75;102,2;2;2;3;3,TID_NEIGHBORHOOD_TASK_COLLECT_GOOD_DESCRIPTION,1,,
Buy_CollectProduction_Cabbage Soup,1830,Buy,CollectProduction,Cabbage Soup,200,15;35;75;102,1;1;1;1;1,TID_NEIGHBORHOOD_TASK_COLLECT_GOOD_DESCRIPTION,1,,
Buy_CollectProduction_Candy bouquet,1831,Buy,CollectProduction,Candy bouquet,200,15;35;75;102,1;1;1;2;2,TID_NEIGHBORHOOD_TASK_COLLECT_GOOD_DESCRIPTION,1,,
Buy_CollectProduction_Potato Feta Cake,1832,Buy,CollectProduction,Potato Feta Cake,200,15;35;75;102,1;1;1;2;2,TID_NEIGHBORHOOD_TASK_COLLECT_GOOD_DESCRIPTION,1,,
Buy_CollectProduction_Green Tea,1833,Buy,CollectProduction,Green Tea,200,15;35;75;102,2;2;3;3;4,TID_NEIGHBORHOOD_TASK_COLLECT_GOOD_DESCRIPTION,1,,
Buy_CollectProduction_Soft Bouquet,1834,Buy,CollectProduction,Soft Bouquet,200,15;35;75;102,2;2;2;3;3,TID_NEIGHBORHOOD_TASK_COLLECT_GOOD_DESCRIPTION,1,,
Buy_CollectProduction_Breakfast Waffles,1835,Buy,CollectProduction,Breakfast Waffles,200,15;35;75;102,1;1;1;2;2,TID_NEIGHBORHOOD_TASK_COLLECT_GOOD_DESCRIPTION,1,,
Buy_CollectProduction_Colorful omelet,1836,Buy,CollectProduction,Colorful omelet,200,15;35;75;102,2;2;2;3;3,TID_NEIGHBORHOOD_TASK_COLLECT_GOOD_DESCRIPTION,1,,
Buy_CollectProduction_Birthday Cake,1837,Buy,CollectProduction,Birthday Cake,200,15;35;75;102,1;1;1;2;2,TID_NEIGHBORHOOD_TASK_COLLECT_GOOD_DESCRIPTION,1,,
Buy_CollectProduction_Spring omelet,1838,Buy,CollectProduction,Spring omelet,200,15;35;75;102,2;2;2;3;3,TID_NEIGHBORHOOD_TASK_COLLECT_GOOD_DESCRIPTION,1,,
Buy_CollectProduction_Potato omelet,1839,Buy,CollectProduction,Potato omelet,200,15;35;75;102,1;1;1;1;1,TID_NEIGHBORHOOD_TASK_COLLECT_GOOD_DESCRIPTION,1,,
Buy_CollectProduction_Pumpkin Soup,1840,Buy,CollectProduction,Pumpkin Soup,200,15;35;75;102,1;1;1;2;2,TID_NEIGHBORHOOD_TASK_COLLECT_GOOD_DESCRIPTION,1,,
Buy_CollectProduction_Pumpkin Pie,1841,Buy,CollectProduction,Pumpkin Pie,200,15;35;75;102,1;1;1;2;2,TID_NEIGHBORHOOD_TASK_COLLECT_GOOD_DESCRIPTION,1,,
Buy_CollectProduction_WatermelonLemonade,1842,Buy,CollectProduction,WatermelonLemonade,200,15;35;75;102,2;2;2;3;3,TID_NEIGHBORHOOD_TASK_COLLECT_GOOD_DESCRIPTION,1,,
Buy_CollectProduction_Cheese fondue,1843,Buy,CollectProduction,Cheese fondue,200,15;35;75;102,2;2;2;3;3,TID_NEIGHBORHOOD_TASK_COLLECT_GOOD_DESCRIPTION,1,,
Buy_CollectProduction_Grilled Onion,1844,Buy,CollectProduction,Grilled Onion,200,15;35;75;102,2;2;2;3;3,TID_NEIGHBORHOOD_TASK_COLLECT_GOOD_DESCRIPTION,1,,
Buy_CollectProduction_Meat fondue,1845,Buy,CollectProduction,Meat fondue,200,15;35;75;102,1;1;1;2;2,TID_NEIGHBORHOOD_TASK_COLLECT_GOOD_DESCRIPTION,1,,
Buy_CollectProduction_Corn Dog,1846,Buy,CollectProduction,Corn Dog,200,15;35;75;102,1;1;1;1;1,TID_NEIGHBORHOOD_TASK_COLLECT_GOOD_DESCRIPTION,1,,
Buy_CollectProduction_Bacon and Eggs,1847,Buy,CollectProduction,Bacon and Eggs,200,15;35;75;102,1;1;1;1;1,TID_NEIGHBORHOOD_TASK_COLLECT_GOOD_DESCRIPTION,1,,
Buy_CollectProduction_Lemon Cake,1848,Buy,CollectProduction,Lemon Cake,200,15;35;75;102,1;1;1;2;2,TID_NEIGHBORHOOD_TASK_COLLECT_GOOD_DESCRIPTION,1,,
Buy_CollectProduction_Bright Bouquet,1849,Buy,CollectProduction,Bright Bouquet,200,15;35;75;102,3;3;4;4;5,TID_NEIGHBORHOOD_TASK_COLLECT_GOOD_DESCRIPTION,1,,
Buy_CollectProduction_Pizza,1850,Buy,CollectProduction,Pizza,200,15;35;75;102,2;2;2;3;3,TID_NEIGHBORHOOD_TASK_COLLECT_GOOD_DESCRIPTION,1,,
Buy_CollectProduction_SoySauce,1851,Buy,CollectProduction,SoySauce,200,15;35;75;102,1;1;1;2;2,TID_NEIGHBORHOOD_TASK_COLLECT_GOOD_DESCRIPTION,1,,
Buy_CollectProduction_Taco,1852,Buy,CollectProduction,Taco,200,15;35;75;102,1;1;1;2;2,TID_NEIGHBORHOOD_TASK_COLLECT_GOOD_DESCRIPTION,1,,
Buy_CollectProduction_EggSandwich,1853,Buy,CollectProduction,EggSandwich,200,15;35;75;102,2;2;2;3;3,TID_NEIGHBORHOOD_TASK_COLLECT_GOOD_DESCRIPTION,1,,
Buy_CollectProduction_Stuffed Peppers,1854,Buy,CollectProduction,Stuffed Peppers,200,15;35;75;102,1;1;1;2;2,TID_NEIGHBORHOOD_TASK_COLLECT_GOOD_DESCRIPTION,1,,
Buy_CollectProduction_Rustic Bouquet,1855,Buy,CollectProduction,Rustic Bouquet,200,15;35;75;102,2;2;3;3;4,TID_NEIGHBORHOOD_TASK_COLLECT_GOOD_DESCRIPTION,1,,
Buy_CollectProduction_Quesadilla,1856,Buy,CollectProduction,Quesadilla,200,15;35;75;102,1;1;1;2;2,TID_NEIGHBORHOOD_TASK_COLLECT_GOOD_DESCRIPTION,1,,
Buy_CollectProduction_Mocha Milkshake,1857,Buy,CollectProduction,Mocha Milkshake,200,15;35;75;102,1;1;1;2;2,TID_NEIGHBORHOOD_TASK_COLLECT_GOOD_DESCRIPTION,1,,
Buy_CollectProduction_Rice omelet,1858,Buy,CollectProduction,Rice omelet,200,15;35;75;102,1;1;1;2;2,TID_NEIGHBORHOOD_TASK_COLLECT_GOOD_DESCRIPTION,1,,
Buy_CollectProduction_Feta Pie,1859,Buy,CollectProduction,Feta Pie,200,15;35;75;102,1;1;1;2;2,TID_NEIGHBORHOOD_TASK_COLLECT_GOOD_DESCRIPTION,1,,
Buy_CollectProduction_Passion Fruit Sauce,1860,Buy,CollectProduction,Passion Fruit Sauce,200,15;35;75;102,2;2;3;3;4,TID_NEIGHBORHOOD_TASK_COLLECT_GOOD_DESCRIPTION,1,,
Buy_CollectProduction_Stuffed Bellpeppers,1861,Buy,CollectProduction,Stuffed Bellpeppers,200,15;35;75;102,1;1;1;2;2,TID_NEIGHBORHOOD_TASK_COLLECT_GOOD_DESCRIPTION,1,,
Buy_CollectProduction_Hot Dog,1862,Buy,CollectProduction,Hot Dog,200,15;35;75;102,1;1;1;2;2,TID_NEIGHBORHOOD_TASK_COLLECT_GOOD_DESCRIPTION,1,,
Buy_CollectProduction_Bacon donut,1863,Buy,CollectProduction,Bacon donut,200,15;35;75;102,1;1;1;2;2,TID_NEIGHBORHOOD_TASK_COLLECT_GOOD_DESCRIPTION,1,,
Buy_CollectProduction_SesameBrittle,1864,Buy,CollectProduction,SesameBrittle,200,15;35;75;102,2;2;2;3;3,TID_NEIGHBORHOOD_TASK_COLLECT_GOOD_DESCRIPTION,1,,
Buy_CollectProduction_Vanilla Milkshake,1865,Buy,CollectProduction,Vanilla Milkshake,200,15;35;75;102,1;1;1;2;2,TID_NEIGHBORHOOD_TASK_COLLECT_GOOD_DESCRIPTION,1,,
Buy_CollectProduction_Lasagna,1866,Buy,CollectProduction,Lasagna,200,15;35;75;102,1;1;1;2;2,TID_NEIGHBORHOOD_TASK_COLLECT_GOOD_DESCRIPTION,1,,
Buy_CollectProduction_Plain Yoghurt,1867,Buy,CollectProduction,Plain Yoghurt,200,15;35;75;102,1;1;1;2;2,TID_NEIGHBORHOOD_TASK_COLLECT_GOOD_DESCRIPTION,1,,
Buy_CollectProduction_Plain Cupcake,1868,Buy,CollectProduction,Plain Cupcake,200,15;35;75;102,1;1;1;2;2,TID_NEIGHBORHOOD_TASK_COLLECT_GOOD_DESCRIPTION,1,,
Buy_CollectProduction_Lemon Pie,1869,Buy,CollectProduction,Lemon Pie,200,15;35;75;102,1;1;1;2;2,TID_NEIGHBORHOOD_TASK_COLLECT_GOOD_DESCRIPTION,1,,
Buy_CollectProduction_Vanilla Ice Cream,1870,Buy,CollectProduction,Vanilla Ice Cream,200,15;35;75;102,1;1;1;2;2,TID_NEIGHBORHOOD_TASK_COLLECT_GOOD_DESCRIPTION,1,,
Buy_CollectProduction_Potato Bread,1871,Buy,CollectProduction,Potato Bread,200,15;35;75;102,2;2;2;3;3,TID_NEIGHBORHOOD_TASK_COLLECT_GOOD_DESCRIPTION,1,,
Buy_CollectProduction_SesameIceCream,1872,Buy,CollectProduction,SesameIceCream,200,15;35;75;102,1;1;1;2;2,TID_NEIGHBORHOOD_TASK_COLLECT_GOOD_DESCRIPTION,1,,
Buy_CollectProduction_Goat Cheese Toast,1873,Buy,CollectProduction,Goat Cheese Toast,200,15;35;75;102,1;1;1;2;2,TID_NEIGHBORHOOD_TASK_COLLECT_GOOD_DESCRIPTION,1,,
Buy_CollectProduction_Affogato,1874,Buy,CollectProduction,Affogato,200,15;35;75;102,1;1;1;2;2,TID_NEIGHBORHOOD_TASK_COLLECT_GOOD_DESCRIPTION,1,,
Buy_CollectProduction_Hummus Wrap,1875,Buy,CollectProduction,Hummus Wrap,200,15;35;75;102,2;2;2;3;3,TID_NEIGHBORHOOD_TASK_COLLECT_GOOD_DESCRIPTION,1,,
Buy_CollectProduction_Beetroot salad,1876,Buy,CollectProduction,Beetroot salad,200,15;35;75;102,1;1;1;2;2,TID_NEIGHBORHOOD_TASK_COLLECT_GOOD_DESCRIPTION,1,,
Buy_CollectProduction_Nachos,1877,Buy,CollectProduction,Nachos,200,15;35;75;102,1;1;1;2;2,TID_NEIGHBORHOOD_TASK_COLLECT_GOOD_DESCRIPTION,1,,
Buy_CollectProduction_Honey Popcorn,1878,Buy,CollectProduction,Honey Popcorn,200,15;35;75;102,1;1;1;2;2,TID_NEIGHBORHOOD_TASK_COLLECT_GOOD_DESCRIPTION,1,,
Buy_CollectProduction_Toffee,1879,Buy,CollectProduction,Toffee,200,15;35;75;102,1;1;1;2;2,TID_NEIGHBORHOOD_TASK_COLLECT_GOOD_DESCRIPTION,1,,
Buy_CollectProduction_Broccoli Mac,1880,Buy,CollectProduction,Broccoli Mac,200,15;35;75;102,1;1;1;2;2,TID_NEIGHBORHOOD_TASK_COLLECT_GOOD_DESCRIPTION,1,,
Buy_CollectProduction_Gingerbread Cookie,1881,Buy,CollectProduction,Gingerbread Cookie,200,15;35;75;102,1;1;1;2;2,TID_NEIGHBORHOOD_TASK_COLLECT_GOOD_DESCRIPTION,1,,
Buy_CollectProduction_Soothing Pad,1882,Buy,CollectProduction,Soothing Pad,200,15;35;75;102,1;1;1;2;2,TID_NEIGHBORHOOD_TASK_COLLECT_GOOD_DESCRIPTION,1,,
Buy_CollectProduction_Carrot Cake,1883,Buy,CollectProduction,Carrot Cake,200,15;35;75;102,1;1;1;2;2,TID_NEIGHBORHOOD_TASK_COLLECT_GOOD_DESCRIPTION,1,,
Buy_CollectProduction_Beeswax,1884,Buy,CollectProduction,Beeswax,200,15;35;75;102,1;1;1;1;1,TID_NEIGHBORHOOD_TASK_COLLECT_GOOD_DESCRIPTION,1,,
Buy_CollectProduction_Cotton Fabrics,1885,Buy,CollectProduction,Cotton Fabrics,200,15;35;75;102,2;2;3;3;4,TID_NEIGHBORHOOD_TASK_COLLECT_GOOD_DESCRIPTION,1,,
Buy_CollectProduction_Cotton Shirt,1886,Buy,CollectProduction,Cotton Shirt,200,15;35;75;102,2;2;2;3;3,TID_NEIGHBORHOOD_TASK_COLLECT_GOOD_DESCRIPTION,1,,
Buy_CollectProduction_Mint essential oil,1887,Buy,CollectProduction,Mint essential oil,200,15;35;75;102,3;3;4;4;5,TID_NEIGHBORHOOD_TASK_COLLECT_GOOD_DESCRIPTION,1,,
Buy_CollectProduction_Eggplant Parmesan,1888,Buy,CollectProduction,Eggplant Parmesan,200,15;35;75;102,2;2;2;3;3,TID_NEIGHBORHOOD_TASK_COLLECT_GOOD_DESCRIPTION,1,,
Buy_CollectProduction_Plain Waffles,1889,Buy,CollectProduction,Plain Waffles,200,15;35;75;102,2;2;2;3;3,TID_NEIGHBORHOOD_TASK_COLLECT_GOOD_DESCRIPTION,1,,
Buy_CollectProduction_Syrup,1890,Buy,CollectProduction,Syrup,200,15;35;75;102,2;2;2;3;3,TID_NEIGHBORHOOD_TASK_COLLECT_GOOD_DESCRIPTION,1,,
Buy_CollectProduction_Coleslaw,1891,Buy,CollectProduction,Coleslaw,200,15;35;75;102,2;2;2;3;3,TID_NEIGHBORHOOD_TASK_COLLECT_GOOD_DESCRIPTION,1,,
Buy_CollectProduction_Cheese,1892,Buy,CollectProduction,Cheese,200,15;35;75;102,2;2;2;3;3,TID_NEIGHBORHOOD_TASK_COLLECT_GOOD_DESCRIPTION,1,,
Buy_CollectProduction_Honey Toast,1893,Buy,CollectProduction,Honey Toast,200,15;35;75;102,2;2;2;3;3,TID_NEIGHBORHOOD_TASK_COLLECT_GOOD_DESCRIPTION,1,,
Buy_CollectProduction_Ginger essential oil,1894,Buy,CollectProduction,Ginger essential oil,200,15;35;75;102,3;3;4;4;5,TID_NEIGHBORHOOD_TASK_COLLECT_GOOD_DESCRIPTION,1,,
Buy_CollectProduction_Mushroom Pot Pie,1895,Buy,CollectProduction,Mushroom Pot Pie,200,15;35;75;102,2;2;2;3;3,TID_NEIGHBORHOOD_TASK_COLLECT_GOOD_DESCRIPTION,1,,
Buy_CollectProduction_Zesty Perfume,1896,Buy,CollectProduction,Zesty Perfume,200,15;35;75;102,3;3;4;4;5,TID_NEIGHBORHOOD_TASK_COLLECT_GOOD_DESCRIPTION,1,,
Buy_CollectProduction_Butter Popcorn,1897,Buy,CollectProduction,Butter Popcorn,200,15;35;75;102,2;2;2;3;3,TID_NEIGHBORHOOD_TASK_COLLECT_GOOD_DESCRIPTION,1,,
Buy_CollectProduction_Honey,1898,Buy,CollectProduction,Honey,200,15;35;75;102,1;1;1;1;1,TID_NEIGHBORHOOD_TASK_COLLECT_GOOD_DESCRIPTION,1,,
Buy_CollectProduction_Chamomile Tea,1899,Buy,CollectProduction,Chamomile Tea,200,15;35;75;102,1;1;1;1;1,TID_NEIGHBORHOOD_TASK_COLLECT_GOOD_DESCRIPTION,1,,
Buy_CollectProduction_Gracious bouquet,1900,Buy,CollectProduction,Gracious bouquet,200,15;35;75;102,2;2;2;3;3,TID_NEIGHBORHOOD_TASK_COLLECT_GOOD_DESCRIPTION,0,,
Buy_CollectProduction_Calming Diffuser,1901,Buy,CollectProduction,Calming Diffuser,200,15;35;75;102,2;2;3;3;4,TID_NEIGHBORHOOD_TASK_COLLECT_GOOD_DESCRIPTION,1,,
Buy_CollectProduction_Fried rice,1902,Buy,CollectProduction,Fried rice,200,15;35;75;102,2;2;2;3;3,TID_NEIGHBORHOOD_TASK_COLLECT_GOOD_DESCRIPTION,1,,
Buy_CollectProduction_Passion Fruit Pie,1903,Buy,CollectProduction,Passion Fruit Pie,200,15;35;75;102,2;2;2;3;3,TID_NEIGHBORHOOD_TASK_COLLECT_GOOD_DESCRIPTION,1,,
Buy_CollectProduction_Cookie,1904,Buy,CollectProduction,Cookie,200,15;35;75;102,2;2;2;3;3,TID_NEIGHBORHOOD_TASK_COLLECT_GOOD_DESCRIPTION,1,,
Buy_CollectProduction_Passion Fruit Juice,1905,Buy,CollectProduction,Passion Fruit Juice,200,15;35;75;102,2;2;3;3;4,TID_NEIGHBORHOOD_TASK_COLLECT_GOOD_DESCRIPTION,1,,
Buy_CollectProduction_Cucumber Smoothie,1906,Buy,CollectProduction,Cucumber Smoothie,200,15;35;75;102,2;2;2;3;3,TID_NEIGHBORHOOD_TASK_COLLECT_GOOD_DESCRIPTION,1,,
Buy_CollectProduction_Carrot Pie,1907,Buy,CollectProduction,Carrot Pie,200,15;35;75;102,2;2;2;3;3,TID_NEIGHBORHOOD_TASK_COLLECT_GOOD_DESCRIPTION,1,,
Buy_CollectProduction_Butter,1908,Buy,CollectProduction,Butter,200,15;35;75;102,2;2;2;3;3,TID_NEIGHBORHOOD_TASK_COLLECT_GOOD_DESCRIPTION,1,,
Buy_CollectProduction_Mayonaise,1909,Buy,CollectProduction,Mayonaise,200,15;35;75;102,2;2;2;3;3,TID_NEIGHBORHOOD_TASK_COLLECT_GOOD_DESCRIPTION,1,,
Buy_CollectProduction_Grilled Eggplant,1910,Buy,CollectProduction,Grilled Eggplant,200,15;35;75;102,2;2;2;3;3,TID_NEIGHBORHOOD_TASK_COLLECT_GOOD_DESCRIPTION,1,,
Buy_CollectProduction_Pineapple Juice,1911,Buy,CollectProduction,Pineapple Juice,200,15;35;75;102,2;2;3;3;4,TID_NEIGHBORHOOD_TASK_COLLECT_GOOD_DESCRIPTION,1,,
Buy_CollectProduction_Cream,1912,Buy,CollectProduction,Cream,200,15;35;75;102,2;2;2;3;3,TID_NEIGHBORHOOD_TASK_COLLECT_GOOD_DESCRIPTION,1,,
Buy_CollectProduction_Plain donut,1913,Buy,CollectProduction,Plain donut,200,15;35;75;102,2;2;2;3;3,TID_NEIGHBORHOOD_TASK_COLLECT_GOOD_DESCRIPTION,1,,
Buy_CollectProduction_White Sugar,1914,Buy,CollectProduction,White Sugar,200,15;35;75;102,2;2;3;3;4,TID_NEIGHBORHOOD_TASK_COLLECT_GOOD_DESCRIPTION,1,,
Buy_CollectProduction_Fresh Diffuser,1915,Buy,CollectProduction,Fresh Diffuser,200,15;35;75;102,2;2;3;3;4,TID_NEIGHBORHOOD_TASK_COLLECT_GOOD_DESCRIPTION,1,,
Buy_CollectProduction_Cucumber Sandwich,1916,Buy,CollectProduction,Cucumber Sandwich,200,15;35;75;102,2;2;3;3;4,TID_NEIGHBORHOOD_TASK_COLLECT_GOOD_DESCRIPTION,1,,
Buy_CollectProduction_Pancakes,1917,Buy,CollectProduction,Pancakes,200,15;35;75;102,2;2;3;3;4,TID_NEIGHBORHOOD_TASK_COLLECT_GOOD_DESCRIPTION,1,,
Buy_CollectProduction_Garlic bread,1918,Buy,CollectProduction,Garlic bread,200,15;35;75;102,2;2;3;3;4,TID_NEIGHBORHOOD_TASK_COLLECT_GOOD_DESCRIPTION,1,,
Buy_CollectProduction_Cream donut,1919,Buy,CollectProduction,Cream donut,200,15;35;75;102,2;2;3;3;4,TID_NEIGHBORHOOD_TASK_COLLECT_GOOD_DESCRIPTION,1,,
Buy_CollectProduction_Rice Noodles,1920,Buy,CollectProduction,Rice Noodles,200,15;35;75;102,3;3;4;4;5,TID_NEIGHBORHOOD_TASK_COLLECT_GOOD_DESCRIPTION,1,,
Buy_CollectProduction_Corn Bread,1921,Buy,CollectProduction,Corn Bread,200,15;35;75;102,2;2;3;3;4,TID_NEIGHBORHOOD_TASK_COLLECT_GOOD_DESCRIPTION,1,,
Buy_CollectProduction_Brown_Sugar,1922,Buy,CollectProduction,Brown_Sugar,200,15;35;75;102,3;3;4;4;5,TID_NEIGHBORHOOD_TASK_COLLECT_GOOD_DESCRIPTION,1,,
Buy_CollectProduction_Carrot Juice,1923,Buy,CollectProduction,Carrot Juice,200,15;35;75;102,2;2;3;3;4,TID_NEIGHBORHOOD_TASK_COLLECT_GOOD_DESCRIPTION,1,,
Buy_CollectProduction_Popcorn,1924,Buy,CollectProduction,Popcorn,200,15;35;75;103,2;2;3;3;4,TID_NEIGHBORHOOD_TASK_COLLECT_GOOD_DESCRIPTION,1,,
Buy_CollectProduction_Raw Pasta,1925,Buy,CollectProduction,Raw Pasta,200,15;35;75;104,2;2;3;3;4,TID_NEIGHBORHOOD_TASK_COLLECT_GOOD_DESCRIPTION,1,,
Buy_CollectProduction_Chamomile essential oil,1926,Buy,CollectProduction,Chamomile essential oil,200,15;35;75;105,3;3;4;4;5,TID_NEIGHBORHOOD_TASK_COLLECT_GOOD_DESCRIPTION,1,,
Buy_CollectProduction_Bread,1927,Buy,CollectProduction,Bread,200,15;35;75;106,3;3;4;4;5,TID_NEIGHBORHOOD_TASK_COLLECT_GOOD_DESCRIPTION,1,,